image_name,Captions,Label,true_id,pred_id,pred_label
fb 554.jpg,ভালোই তো এতদিন চি লে ছিলি Mah di C Ea),0,0,0,NoAg
in 375.jpg,"বাংলা কলকাতা দুই বাসের রেষারেষিতে কুণাল ঘোষের গাড়িতে ধাক্কা! BY BANGLA DIGITAL DESK DECEMBER 9, 2022 AT 12:47 PM A Cay \\ ১৬. // // 7, ৬ MEMES =z i | | | আমি খোঁজ নিয়েছি রাস _ড্রাইভার,দুটো সিপেম করে:",2,2,2,PAg
in 137.jpg,"ন্যাম স্ব wy Sha wn নাবারা, Ry 7% আয ক লন লা আমি আসছি: LD) =u _ = oN - x a a ২. 7:8 or Rs F | Aa | ৯১ ও ১ 9 তত. el স্তন ob = : . ' প্ত্",2,2,2,PAg
in 351.jpg,| A ABP Ananda জাল বন. A 'ক্ষুদ্র শিল্পে দেশে তে ু 2 \ এক নম্বরে পশ্টিমবঙ্গ' F/ - ডা / পান 5 &s El টব wile Ven |) সী শা আআ / Ef | Bn = গত ঁ id NN ids a gy,2,2,2,PAg
Bangla Thug Life (350).jpg,"TRIG দিতি জাভা ERS পা "" \ | কা ৮৮০৪",0,0,1,GAg
KAM (19).jpg,| 75 7 ~ ; URADHURA TROLL ॥ ৪ 9 ws যাওয়া হইনি চলো কথাও যায় - ৷ - . * নারায়াঙ্গঞ্জ খুব সুন্দর.চলো যাই HE মা (1084 থাক তাহলে যাবো রণ,4,4,0,NoAg
nurani-memes (131).jpg,"কামায় আর তুই এখনো বাপের উপরে চলস, লজ্জা করেনা ? Vi VI MEME 34 As ৭ ৷ লজ্জা? হেইডাতেও পরিজ তে দেওয়া আছে",0,0,0,NoAg
KAM (65).png,"তোমরা কয় ভাই-বোন? তই ছেলে - N INES ভাই ftir আমার, a ভাই ভাই? কিকিরোতোমার বড় y AN onthe ~ জব - কথা জিঙ্ঞেস করছি, ফুট : টিম না!",0,0,0,NoAg
KAM (121).jpg,Vir) Dit Tass Off Joss Of Joss 071 i a x. SICA! না রগ Seen ! OF JAD LY তাই মাথা যুরায় .বমি বমি ভাব তেতুল খাইতে মন BI. SIA!,0,0,0,NoAg
bangla-troll (19).jpg,ch a vq / বরে 5 { Cm) Frae 4 w gu RU ঘরে পু রন প্রশংসা ISIS,4,4,4,Oth
fb 603.jpg,বি | Fn এ. = (4 ৮২০৩২) পপ গা ৰা - এর ২০২০৩ সালে ভালে নর as হবে আশায় আমি F Se en i,0,0,0,NoAg
ovodro_img (46).jpg,1131115 Jr [ রে অর? 4 = আমরা যাদের একা (AO চাই. noe -~ যারা পপ A কিন্তু'যাদের একসাথে দৈখতে,4,4,4,Oth
Halal Memes (346).jpg,"চিনছো ATIC? চিনরা GEE ! i ee Ya | | বর প্্৯ নতুন বন্ধু পাইলে,পুরাতনব FJ খোঁজ কে রাখে:",0,0,0,NoAg
fb 1150.jpg,শাহবাগী be like - 4. নং ৮. পি / \ bh পোশাকের স্বাধীনতা চাই। Yh ES RAGS GARG আমরা সবসময় (STI | $3 N11 TOPICS বিরোধী আন্দোলন করব। A ঠান্ডা লাগৌ,4,4,2,PAg
fb 709.jpg,আচ্ছা ভাই ' মোবাইলে তো এতদিন ক্লাসনিত C~ রম | [1 এখন PICT কেন'মোবাইল।নিতে দেয়না,0,0,0,NoAg
fb 1280.jpg,3 পড়বো. খেলবো. শিখবো 4 (4 [Sg,4,4,1,GAg
blog 190.jpg,"নিজেরে যখনই আবাল মনে হবে dhormockery.com (23: bit.ly/dhorm) Ta 7 { A | AT J ন্‌ | Ww LS elle? ১৬ 9 ঈঁ&া1!] তখন এই দুনিয়া গিজগিজ করতেসে আপনের চাইতে বহুত ত গুণ বেশি আবালে, যারা এই যুগেও বিচিত্র সব ভগবানেশ্বরাল্যায় বিশ্বাস করে",3,3,3,RAg
in 21.jpg,আম্মুর থিওরি Be like - A - \ দুধ খেলে মানুষ ফর্সা হয়,0,0,0,NoAg
fb 1556.jpg,"Fafa AE বিনোদন হন ক্রেন নাস্তিক বলে মি প্রমাণ ছাড়া কিছুই বিশ্বাস করি না! কিন্তু সে বিবর্তনবাদে বিশ্বাসী (x ৬ 'প্্ ee EA যা দা \ পো ""তত",3,3,3,RAg
fb 1871.jpg,"i Mm J 4 \ Sane ১. ত্যণ] 7 ০০০ al ALE TS ৬ y on, 4 Ne v no ১১, 1 1 4, il / বো!",1,1,0,NoAg
in 336.jpg,"J } ৫ i wal lL: J : w \ WN, 220] ES vy) RE 4. ON মামি দ্রিদির দূত. ৬, ali TOU < = ( গ্রামে sip os ST + or IA | রং | AN (SA pv",2,2,2,PAg
bamboo-vaiya (195).jpg,"যখন আপনি ঈদে দুই সেট জামা গিফট পান, এবং একটি পছন্দ হয় অপরটি হয় না ~~. po : 7 : L 25.4 he 4 ANGLADF ৮0071 Svehla",4,4,0,NoAg
fb 442.jpg,"কিব্যাপার অঞ্জন দা, এত টি - ey উদাস কেন ? pe. কতদিন দার্জিলিং an যাই না। এই গরমে aii থাকা যায়! -্ব পা চলো তোমায় মা দার্জিলিং াাাাাড নি ig আ রি সত্যি নিয়ে To যাবি আমাকে? r 1 আলবৎ। কিন্তু = A বানসোদ দার্তিলিং গাড়িটা গজ 4 যাওয়ার কথা বলেছি। আমি চালাবো। । কেওড়াতলা নয়! A PE Ral 4 1১)",4,4,2,PAg
blog 173.jpg,"আমরা, নাস্তিকেরা, আপনের বিশ্বাস নিয়া রঙ্গ করি বইলা আপনের মন পক ১ খারাপ হয়? কিন্তু কন তো, আপনের বিশ্বাস এমুন 2) বিনুদুনী টাইপ হইলে সেইটা আমগো দোষ? ১4 | অনুবাদ: dhormockery.com fb.com/withouthonor 2%: bit ly/dhorm A 1 :IOT TENeCARDSE ""/ y",3,3,3,RAg
chosha (126).jpg,চোষা এতো ভাব দেখায়.কি লাভ? দিনশেষে তো চোদা-ই খাওয়া লাগবে,1,1,1,GAg
fb 1411.jpg,"S109 আদ্ততনাট JA i 2 a ৬০০৯০ ০০ , উনি ওত) FoR [EAN a দ্র এ ছি? বিয়ের CIEP TSR অত দেবো ক ~~ 4) তালি এবি Rese wt MH এইররুম EISW SI Sl SRT ০ Hy \ SS i ২. ২১ QT CIID, GI মানি 1 i) s ASNT Gi SIRS) ary F374 # i x 4) Ne STAGIAT P| STC",2,2,1,GAg
pin 25.jpg,"Posted on ShareChat ১ ০ skbhaij : a | ৷ স্পা 0 রা ১, J [দু Ly Si 21 | 1 J a Roe ARTE কোর oj t Nh সে সুরক্ষিত ? 4 BR heh pv % Bg ট্ঠ ১১, ? পম ৮১. ছু A RP পেগ SE ov ৯৪০ Pa { gy HS 1. * os oh . * * ৯ স্থ পচ Al <Q | TEN HE i TICS ilk দা! A FS PS Cg I ESERIES প্িসি.ওটা দিয়েই য় ন্যায়! - Google Play",2,2,2,PAg
fb 290.jpg,বালিকা তোমার দুই পায়ের মাঝখানে আমাক্রে একটু ঘুমাতে দিবা সকালে উঠে গোসল করে চলে যাব,1,1,1,GAg
fb 1897.jpg,"নখ যখন তার বফ কে কাঁচকলা দেখিয়ে কোনো করে ফেলে! মধুর বফ মধুর বিয়েতে _ Re , _ AN 4 আমার REL GFL f",1,1,0,NoAg
direct-offense (81).jpg,"যেরকম ; + A XK আমরা 1. I চো ak Nd Wa a po & যয র্‌ | Ip ih il ii is li i I A ১ 4 5 E ১ hy / 1, fh Ts A ০ /' bi Ul i i i HL mt (০ LE ii i পর ঙী iH ; a ১4 | | i gi id ai fi i i 7 / il i",1,1,1,GAg
fb 1275.jpg,TTY dl J A 7 উনি কওমি মাদ্রাসার হুজুর তাড়াতাড়িসালামদিননাহলে,3,3,2,PAg
Bangla Thug Life (35).jpg,"য় 4 |] দা) পাকা % at TH tT Mow A] 44 6 যর: i A চা | চা oN I al ৮5) 4 3: 5% yt a.) bo sd | পা oy f চা ৷ ee bonds Cy io . * par O rt iE [be কী ৰ, টং wre আমি | পড়ালেখা ভালেোটুরেঞ্জাল্ট a, ir A Fa - গন ১ 3 না সর ty Ja -t EE) হর নি Alt res দা = f[FuncAsm: memes} + Ot) - a fh F 0 দ্য: ae a | ৮১ v f ++ vr 2 > gis ঢল ৫ ok pW od ARN wl 2 yt শো y Of লো।,রেজাল্ট লী তা x | BH tJ পড়ালেখা i rr এ ক আমি প্ 1 পচ 7 পাপা প্ল্্ | Fr fa 4 LA 3 # - i . X ন্‌ ke rid a",0,0,0,NoAg
blog 283.jpg,"অনুবাদ: dhormockery.com কী যে রহমতের =f%: bit.ly/dhorm y মাস রমজান! সারাটা মাস -r আমি দরিদ্র আর সক্ষুধার্তদের প্রতি প্রকৃত সহমর্মিতা 0 ww করি ৮ if wv \ A ২ - vy a5 v. a, ~~ a) Re) TINT ct NE",3,3,3,RAg
KAM (791).jpg,"GU o ৪৭১ S ed arg 2p | AA TRA ATD নাম ৯৭ ৪ যা AY পি দা! NS] BOISE, 118 EY > কি'ঙাইনে কারেন্টবিলেরকাগজ্নইয়া CIR",4,4,4,Oth
in 554.jpg,"ad Ton AE West Midnapur News খড়ার পুরসভায় বিজেপির NS 4 ig) সমর্থনে তৃণমূলের টেয়ারম্যান) ! অস্বস্তিতে শাসক দল wom, পশ্চিম মেদিনীপুর ১ BY ABP ANANDA 16 MARCH 202; J ~~ a স্পা: লা 2. fn Ss ৮. ঙ 9 চস -চ. J সব > 4 | স্‌ | ১. %/% ৰ 9 আমি তো কবেই বলেছি, ভারতীয় জনতা পার্টি মানেই তৃণমূল",2,2,2,PAg
fb 1044.jpg,পিতা পুত্রের SCF ভুলের ফসল $ স্পা ALCULUN BR A,4,4,0,NoAg
fb 106.jpg,"লে Kill SEN যখন তুমি ভিপিএন্স,এর ব্য ৭ [2/5 ১২ Qld \ i K 7. ৷ / ১ /| / ১৮ A % it XY) / 1 i ou ln ফেসবুক ও অন্য মেসেঞ্জার oT RK]",0,0,0,NoAg
bamboo-vaiya (406).jpg,। কিসে পড়েন? AT পড়ার সা 1800 ৪3 7 ~ Jo x \ sn Y },0,0,0,NoAg
KAM (245).png,"ql], AGH কাকে বনে? গুরু ভাই | ~ Te মনত রান উপ fd AT AIR & বায যনে",0,0,4,Oth
KAM (101).png,"fb.co m/sem ) finaly Be) \ ডু wi FHT ওয়ার্টকাগ Es কোথায় অনুষ্ঠিতুুবে? লে সে তো এক হতাযকার না (== 1) লগ, sf RISA PI তো ওয়ার্স্ডেইংহরে (আর কই হরে",0,0,4,Oth
in 509.jpg,"৯. | ষ্লঁ 3 Jif > ২ ৬৮০ 24 DIC এসেছি, 1 কিছু একটা করুন am J his _- e Fi 7 25 Ny যা তবে বারবার এভাবে এসো মা, : ্ লোকে বুঝে যাবে! _",2,2,0,NoAg
fb 1992.jpg,"ড় | MR ১. -্ত্ প্রেম, তেগেছে ZA ye LC বলাছি.আমি CPE RG LY) Bo [ /4 41 Bong hub) hub ow ') Ua URS A 2 CIR উরিচুরাব] রিল দারুণ",1,1,1,GAg
Halal Memes (252).jpg,"সিরিয়ালে নায়িকা যখন খ্বাগুড়ির সাথে বিদ্রোহ করে রগ wu, জা iD *বাঙালি শ্বাওুড়ি কিন্তু যখন নিজের রা ছেলের বউ কোনো একটা ভুল করে (4 ১ ৯১২.",4,4,0,NoAg
fb 299.jpg,না সোনা বাবু ব্যথা করছে নাতো? একদম না 2 কিন্তু প্রথমবার তো ওহ্যাতাই তো!! ব্যথা করা উচিত! ন্‌ আহ! আহ! ৬৯ ডি,1,1,0,NoAg
blog 285.jpg,"সব মুছলিম GARE নয়. তবে প্রায় সব টেররিস্টই মুছলিম। ও pis N (Z Se ও 8 A Zo 470 শিং পু EN 4 1৮ 5 OO ৫) | 2; 1% A AS ০ | ""| A -~ ৮৯ a dhormockery.com",3,3,3,RAg
KAM (35).jpg,"হাতের লে খাট একটু ভালো করো Al wivly [4 { - sy FB .COM/EtOKhushi { he B জীবনে কষ্ণ পাবে রি 8911996 kereeeeg, SSN |= == 9 জজ | আর kr STIS IN / 7 & pall I< SUik/ps; RS Ad লিভ",0,0,0,NoAg
blog 179.jpg,"তাহলে লোক-দেখানো যাতে অন্যেরা বুঝতে এ কথা খুবই সত্য যে, এই আলাদা ধরনের পারে, আমি অহংবোধ পোশাকের কী প্রয়োজন? আমি এখন অহংবোধ থেকে মুক্ত। থেকে মুক্ত। p= ry < Pe 1 ৬ \A \ JU Ji A h ১: রত স্পঁপ পা",3,3,3,RAg
in 505.jpg,"% 2 | # Wy! dA pe রদ লক্ষ লক্ষ টাকা আত্মসাতের অভিযোগ bengali.abplive.com 'সরকারি চাকরি দেওয়ার টোপ দিয়ে লক্ষ লক্ষ টাকা S157 | |. HEM ES ve | "" ॥-॥ 1 A Ce",2,2,2,PAg
chosha (24).jpg,"I rn চোষা! চো | | ll || |, 5 ২1 দি নাকি রগ | | i cn eA এ 1 মা REL রমা কি Ii ; I 1 Irian প্রতিদিন হাগি",0,0,0,NoAg
fb 1470.jpg,শয়তানঃ-. Lo wh Goo গোওও Rk. wi,3,3,0,NoAg
in 560.jpg,"্্স্্ ্ং Ry LL EMES উপনির্বাচনে, খেল হবে 59 বাংলা A TMC infights in \ Kolkata: বাবুলের প্রচারে WS REF গোষ্ঠীদ্বন্দ্ব! a পক তৃণমূলের কর্মিসভায় 7 - N N pL. 4 % Ne > 4",2,2,2,PAg
blog 341.jpg,বিজ্ঞানের মতে ধর্মগুলোর মতে এর বয়স ৮ বয়স সা | d= সে 2.2 দা oY ২ টে! 92 চর LP 5 - 5s : fa - ২৮ - 2 Sb fife agg ৬-১ তার বছর দুটোই সত্য হতে পারে না,3,3,3,RAg
fb 1859.jpg,"""আরেহ ভাইভাতে মুখ খুললেই পাশ""",1,1,0,NoAg
fb 1665.jpg,রচ৮যচনমদলেললে আজকের এই দিনে আঙ্গুলের ঈশারায় মতান্তরে তরবারি দিয়ে চাঁদকে দুই টুকরা করা হয়েছিল। বিশ্বাস না করলে তুই নাস্তিক। কিয়ামত আসন্ন এবং চন্দ্র দ্বিথপ্তিত হয়েছে তারা প্রত্যক্ষ এব হয়ে থাকে VE চির রত রা আজ ১৪ই যিলহজ্জ শরীফ a |<] চৈ,3,3,3,RAg
blog 446.jpg,"Ll M 1 9 ৭৫ =] fy Ee Ie dhormockery.com (2: bit.ly/dhorm) আল্লা যা করে, সব ভালোর জন্যই করে. অসুখও আল্লা ভালোর জন্যই দেয়, তাই ডাক্তার-বদ্যি দেখিযে সুস্থ হওযা স্পষ্ট কুফুরি! থাবা বাবা",3,3,3,RAg
KAM (132).jpg,"চি ৩৮51 lage Cree, p 3 ERE RISE Ql DIET FlRIcR eGR, দির",0,0,1,GAg
fb 1408.jpg,*চীনা আ্যাপ ভারতে ব্যবহার করা নিষিদ্ধ হলো চা C রন ad | no t stonks A >,2,2,2,PAg
fb 1152.jpg,"11 +১. OS Sl AY একমত ভাই ই 4 ৮৬ রঃ, তত না LO A প্‌ নন্দ vr J 4 Lh | পা | পা ci ৮৯. 8১ ০'০০৮০ স্পা (] LS ES ২ রণ iF v al শাহন্াগ ETH স্কুল এন্ড FEA - Poa | পাপা | Ww Sim {5 ২, rer 8 de মেয়েদের ছেলে হয়ে স্যার আমি দেখতে ছেলে হলেও মনে স্কুলে কি টপ মনে মেয়ে। ণ -y EE EE a a চিলির You -~ ar je EX Fs ge =x জং সহমত তাই 0. @ g",1,1,4,Oth
ovodro_img (470).jpg,েতেজেজেজেজেমেমচেচেমচেজচেমচেমচেমেমে জর যখন বৌদিরা দাদাদের কাছে কথায় হেরে যায় তখন বৌদিরা দাদাদেরকে যেভাবে আউট করে! টম | ছা ৪ ৮. ' ও i N ০৬০৮০ MEMES om ial] (RR শঢাবোদিদের'নৈ মামা রা জয়,1,1,1,GAg
fb 1525.jpg,এটা আবার কি? be এক বছর থেকে পড়ে থাকতে থাকতে জং পড়ে গেছে।গত পণ J কুরবানীর পর আর বাজানো হয় নি. জবাই অমানবিক 3 THINKTWICE OK.COMIT WICE.ONLINE WWW,3,3,3,RAg
KAM (449).jpg,"HAPPINESS IS Kl ql RETICAL TCR Toe oR fer \ 4 খেল I \ নি = o = Rg রো. পা চু NAY Ny & a ba KEU AMARE | ""PY সবাই ব্যাটিং পাবো!",4,4,4,Oth
fb 1649.jpg,"১ "" LS বিজ্ঞান 1 কোনও তত্ত্ব ভুল প্রমাণ হলে স্বীকার করে ধর্ম নিজেকে সত্য প্রমাণ করতে হত্যা করে T ৪ ৯",3,3,3,RAg
fb 1295.jpg,"fb/@nhbij ) ঘর ARR, রোকেয়ারেও সামলাই",4,4,0,NoAg
ovodro_img (713).jpg,"|! তে ওটা নির্ভর করে দর্ষকদের আপনি কী মহানায়ক উপর.. সবার মতামতের ভিত্তিতে! 33108010111 রা oD MEMES | 3 seen আমার ফ্যানদের কাছে -- বুদ্ধিমান,লোকেদের কাছে - আমি ঘাটালের ছাগল # yes. আমি তগবান",4,4,4,Oth
KAM (115).jpg,"A"" LAA ~ oN <=z ME তোমার রেস্ট (থে Gif ইংরেজীতেও: ge UE লিখো নে ফা ফাইনাল, টিতে AD ম্যাডাম:একটা 2 হারামিইংলিশ [522",0,0,0,NoAg
tangaila (314).jpg,"আবী "" নক | = | _ 3 hy J SEY প্ল্যান কি ভাবতাছোস' ORIG তিতা Tangaila RI1(7 TT] /niiladro:hr ny La ১৯৭ . 4 - 8 ta ila.sarcasmi 1 - তর মূ a JN } | Lh i a || ঘ॥ | উঠছে ld iff! fl | If ॥ | I i. CF হাওয়ার ভাবনা এ 007",0,0,0,NoAg
fb 1114.jpg,shawon Tac \ i. REAR EoD pa,4,4,2,PAg
fb 511.jpg,"*রুহ: আফজা, ট্যাং ও অন্যান্য *আব্বুর'রানানো স্পেশাল, বাঙির. শরবত; y & J শরবত. ক Ba I\ \ J drew ইক",0,0,0,NoAg
tangaila (124).jpg,"ay ৮ 1 i Da gin of =n 7a ১, ? ""পুলিশ 4 i fos Feil ay Tu RL | য়ে JW I'm Ra pt ৩5 A RY bo 7 নি ১৯ ন্ট দ্র 4 | = TAN A আমি দন Sorcosm 7p 6ম য়ে তু",1,1,0,NoAg
in 306.jpg,"কুন্তুলের টাকার গানমারা গেছে। মনে হয় আমার যদি এবার কথা ভাবছে! আমার টাকার যায়! ) 5 - এলে (N পদ, han",2,2,1,GAg
in 92.jpg,"সম CERI GR, 4 এলো 4 - 7 a SS 0) না // আমি চাহ সা আহাস তি রঙ ~~ ~~ লা ০ ~~ অরিরাহিত hh",0,0,1,GAg
KAM (164).jpg,"ঘুমাতে যাওয়ার সময় যা বলে AMERICAN: =, 9 গুডনাইট C05 ICRAF vr i \ BRITISH: as সুইট ড্রিমস ডার্লিং 0 RA HURA TROLL URADHURA TROLL BANGLADESHI: দরজা জানালা ঠিকমত লাগিয়েছ তো? FN",0,0,0,NoAg
in 352.jpg,কোথায় টাকা রাখবেন #astrology #horoscope $e a a ই হালে ANANDABAZAR ATRIKA কী ভাবে টাকা রাখলে ধনী হওয়া যায়? কী বলে জ্যোতিষশাস্ত্র? ee MEMES ২ 4 পিএম কেয়ার আছে তো! wd,2,2,2,PAg
fb 832.jpg,| 4 2) তি vz বেতন (x! CIES Ea বলে স্যারকে ভুল-বাল বুঝানো আমি আর আমার i সপ ৯-4 Safo's Memes << CEE] i gees re iS ea],0,0,0,NoAg
fb 676.jpg,"ঈদের অনেক শপিং করেছেন দেখি! হ্যা. ভাই চাকরির প্রথম বেতন পাইছি তো ই বাবা, মা, ভাই বোন সবার জন্য কাপড় Fei 'মাশআলাহ দহ ॥ ৬০ IN দামাল i \ i iyi",0,0,0,NoAg
fb 1974.jpg,3 Ta ia ও SRNR re TARE সাধারন মানুষ হর্ণি মানুষ,1,1,0,NoAg
bangla-gag (10).jpg,"নবি4মনেনে-করসিনু]|দুই ম্যাচ,ভাল খেললে বি a) Bangla one AY | um Cl / i 1 খেলবো ?!",4,4,4,Oth
bangla-troll (5).jpg,RTCA o শীত | ey a ad aaa Off Jaaa Off Jaaa Off Jaaa Off Jada @ff Jaaa Off Jaaa Off Jaaa,0,0,0,NoAg
KAM (145).png,"সবাই খন যা,.কুরতেসে কত্ত কে স্‌ % PR La CW 1.9, ; s PAK EB wy Ta e ' রা il Fg I",0,0,0,NoAg
blog 73.jpg,&@ Eee wy = ; সুন্দরশাহৎভরেও পো. )। ar দোয়ায় শকুনের চা কিন্তু হুজুরের দোয়ায়.,3,3,3,RAg
in 446.jpg,Meanwhile In A Parallel Universe (Bengali) এ = Ca মানিক ভট্টাচার্যর সাথে তৃণমূলের কোনো সম্পর্ক নেই।,2,2,2,PAg
blog 96.jpg,"অনুবাদ: dhormockery.com (2: bit ly/dhorm) আমি একজন মডারেট মুছলিম। আমি ঘৃণা, সহিংসতা ও বৈষম্যের বিরুদ্ধে। তবে আমার জীবনে আছে পথনির্দেশক এক কিতাব, যাতে ঘৃণা, সহিংসতা ও বৈষম্যের কথা আছে পদে পদে।",3,3,3,RAg
fb 1141.jpg,"ত্য [মন্ধ্যলারিতজ ইসলবেবদ্বয় ৭ নাজিজ্জবাদ দু. ar) wll fea ৩৭ J) -ট্রামযেন্ডার, fod HEH -. fous কপি @IPHG ডাই BE a d গু CEG wr I",4,4,3,RAg
ovodro_img (197).jpg,টুল Nr | ame নূন! W at B ~~ STIRS] fer all 8 CRI নগরের মান; GY মেয়েটার্দোখ: ACR Hl UR থেকেও বরে খত SFP |,1,1,1,GAg
tangaila (323).jpg,ASE Pl EOWA TC [A (LN LITT Sarcasm f ( /niiladro.hridoy দুনবাদ্দযাইয়রি' চরে আমার তা (FB নাই,0,0,0,NoAg
fb 685.jpg,| $ il a x) [69 = da আগা শয়তাণু! || প্রমজান মাসে XO কে নিয়ে মিমস বানিয়ে মজা নেওয়া আমি! ঢা = a লে,0,0,4,Oth
fb 1252.jpg,a dos Be টে _ - - BE \ A ঈদ উ অমুক - রমদ্বানে আতিত তাক্বওয়া বিশেষ দাস,3,3,3,RAg
blog 279.jpg,[REELS] [G2] Re] [Cel] 2 [MC 5 | MHS | | 4 T-_ <\ ~ Jes Sony a CRIEBE,3,3,3,RAg
fb 1149.jpg,ইয়াসিন আরাফাত ০০. =x oN 7 ঢ পরি ৬১ রা ছে ৪ YOUNARE বাইরে বাইরে এর NZX) ভিতরে RIGHT,1,1,0,NoAg
pin 30.jpg,"পোস্ট করেছে: Posted on: 0 ShareChat @sambhu7407792838 5; 7 { oF yA / PJ J (1/ <8 Al & ভাঙলি তো ভাঙলি আর ১ Bi বছর পর ভাঙতে পারলিনা?? ভোট টা হয়ে যেত,এখন লোকে ছিঃ ছিঃ করছে - cle Play",2,2,2,PAg
blog 37.jpg,"সন্ত্রাস ইছলামী দ্বীনের একটি অংশ। ৯ = - - তা "" অনুবাদ: dhormockery.com Abu Izzadeen প্রি: bitly/dhorm",3,3,3,RAg
fb 1093.jpg,"Copa Am rica - Yesterday Full-time Copa Am rica - Today Full-time AD) জমজ, O 1 & 3 0 |] EE ad win Brazil Chile Argentina Ecuador Quarter-final Quart 9 final | he wl Fos - | | সপ্ত va {A শা 4 1 See ~~ pt be যম ry nn i ১"") ht 1 পেট Vu LE 3 - ~ oo ৯ + A nm EL আমারে স্্যার,ডাকবা "" J পা",4,4,4,Oth
fb 1488.jpg,*ভারতীয় মুসলমানরা গরু দিয়ে কুরবানি পালন করবে উগ্র হিন্দু ডু ১৬৯ ৷ ৬ Brow Rh So you have chosen.d a,3,3,3,RAg
fb 2064.jpg,1. ET seorT চে রেফারি ও রেফারি তুই অপরাধী রে | PLN TS S03 Fi,4,4,4,Oth
ovodro_img (240).jpg,"\J ১১২৬ ~~ iy হাতে গোল্ডেন ড্রাগন ও সামুরাই ওয়ারিওর ,যেটা তাকে ভালো ভাগ্য এনে দিয়েছে |",0,0,4,Oth
KAM (220).png,"EY fom reas ""আমি TD বির লী",4,4,0,NoAg
KAM (98).png,"- - 4 .t ha 00 >= ""He | nA | 8 এ | Keu amare Beha Keu gro mr amare Baca roHacha va A mn -_- If \ =\ Fd 4 .= 4 = | ক 31 a id \N > EA amare IY ach লা YY Y <r ) ৬০: 1 b য়া ৮ ৯",0,0,4,Oth
fb 1824.jpg,"- মেয়ে : ছেলেরা কি চায় ? - আমি: ২ \ oo প্‌ মম 18 ""a La i, Fa ee Bs ক E <3 শু / ৯২ ল্ ' 43 a, .পরীর মতো চেহারা pA ৰং ভে NJ A ds 7, \ J ""Ct ay v > ১. 2d AN বড় দুধ ক টু LIE A",1,1,1,GAg
fb 203.jpg,"- প্৷।, A = ইজ কত? ~~ 14 -- a SIT",1,1,1,GAg
bamboo-vaiya (514).jpg,"wv _ দঃ at 9 + 4 > নিয়মিত পানি পান করে শরীর সুস্থ,রাখায় আমাকে ধন্যবাদ ] CRINGE GIR] vu EY নিয়মিতভাবে চে od i",0,0,0,NoAg
KAM (232).jpg,"Zi 6 Jd Gi CHIE বন্ধুর সাথে ঝগড়া মি করবি, না, রন বলতো ? = 7 Ne a চৈ +f =) SPICES PTS যায়না RII E60 Sak] GARE RAID G63 0",0,0,0,NoAg
KAM (123).jpg,"a | PS 4 - = ৷ চৈ ""হয় | i Re NT J. co BER ম্যাডাম মেরে নাড়া AE] GIG",2,2,2,PAg
fb 688.jpg,AL a 4 2 ১ es ow Ho ৯৬ ed oe AT; 07 on ও শা 6 ০ wren ow 2 রা চা [7 or <i 53 ET 28 RS ১০১ yo 3 ক ES YS ed eg SY 7 ৮২ 4 be Au tie 2] ৮ . [১ A a A) [4] Memes rr ey 2 ৬০৬ এ এ = = ye - নদ gh w i 7% সু ১০০ তত 3A i 7d Sl % | 7 EAS) 2,4,4,4,Oth
in 537.jpg,"আনন্দবাজার পত্রিকা অনলাইন Chancellor of Universities: রাজ্যপাল নন, এ বার মুখ্যমন্ত্রীই বিশ্ববিদ্যালয়ের আচার্য, প্রস্তাবে সিলমোহর মমতা মন্ত্রিসভার টব ৮ | 7 = ME J সাম্মানির ডিলিট) এরার পেয়েই যাবো",2,2,2,PAg
fb 846.jpg,"""AR STRAIT মুকু পড়া ৬ z ~ S| A A 4 ৮/ NUR HOSEN i 4 ফেসবুকে ওর নাম ডা সাদিয়া ছিলো",0,0,1,GAg
fb 1952.jpg,"মেয়েটার কোমরে ব্যাথা তাই ব্যাম করাচ্ছে OI ) 1 7 2 Ee চারা কপ.) 1 - Wy, NJ ef lai g",1,1,1,GAg
KAM (363).jpg,"SA ক্ষ. /5 7 7 ""0. ০% Z J 01, হিসি il {IN ith ih i ৮৫111310831 পড়া মুখস্ত করতে Jimi Soin ATi _ ee ye Q \ Re 0 il faki ba IN | Vi BE ii fall 0c ii faki ba সেটা Soo ৩সেকেন্ড 2 Same",0,0,0,NoAg
fb 410.jpg,"আছ জার জার জার জা অনুপম রায় ""এই স্টেশনের চত্বরে হারিয়ে গেছি শেষ ট্রেনে ঘরে ফিরবো না-না-না"" শেষ ট্রেন এর চালক- কর meme ]0008০0বাংলা চুদো |",0,0,0,NoAg
chosha (117).jpg,গাযো।তলুদের STE প্রা জরা \ a | a EB @NEPAL _ aR y SIE 2 [ECE শুব্রে্ন!সামনে ৭ | h) \ a \ | En 7 N \ ll GET SI) নে Ld dod,1,1,1,GAg
in 253.jpg,"তৃণমূলের সততা তৃণমূলের দুর্নীতি EE র্‌ ২১১, ৰ্য গাগা বকর LL] i bi আজ",2,2,2,PAg
blog 442.jpg,বর বাচ্চা আমাকে কোরবান তোর বাচ্চাকে কোরবানি করে দেখা তে তোর আল্লাহ প্রেম.তুই আর / ার খোদা জাহান্নামে য পরের ধনে পুদ্দারি.!! QQ 3 5% AJ (জু oly নিজামুল করিম 4m dhormockery.com (প্রক্সি: 1. ly/dhorm),3,3,3,RAg
blog 112.jpg,"1 ও by | id ddd ~TV গন rr LS) অনুবাদ: dhormockery.com (2f%: bit.ly/dhorm) আল্যার কসম, আমি নিজে সাক্ষী ক্যান্সার-আক্রান্ত হওয়ার কয়েকটি ঘটনার, যেগুলোর পেছনে প্রত্যক্ষ কারণ ছিলো - সোশ্যাল মিডিয়াতে ছবি পোস্ট করা। আল্যার কসম, আমি এসব নিজের চোখে দেখেছি, অনলাইনে ছবি প্রচার হবার কারণে শিশুরা ক্যান্সারে আক্রান্ত হয়েছে। - শেখ সা'দ আল-আতিক (চৌদি ইছলামবাজ)",3,3,3,RAg
fb 1100.jpg,or im 7৬০ sm) কে এব্সকে দয় দিলাম কারন নে আর্য 'তোগে নয় ত্যাগেই প্রকৃত সুখ' ) | eatin |\ 7 Ng NS m.ixaac ৯ thy REAL,1,1,2,PAg
fb 1243.jpg,"ol l cm nm ৩1 ৬ i) [ al 4, | Ne of fi Vv ui কিনতু আমার ধর্মত Tl i নিয়ে কিছু এল্লে তোর a ৩৬ ফেলবরো।",3,3,3,RAg
in 30.jpg,"ll নামাজররাজা না হ 7 a / | M, lb ML Sunami's.crazines: খালি ইফতার পার্টি আ্যারেঞ্জ করা",0,0,0,NoAg
ovodro_img (38).jpg,আমার বয়স আরো বোশ হলেও কে বিয়ে করতি? হ্যাঁ/কিন্তরিয়ের পর FRE To বোধ না করে মা বলে TIPO |,4,4,1,GAg
bamboo-vaiya (219).jpg,"পি আজকে চান রাইত ৫ ~ PN A, a কালকে থেকে গালি ০.২ ৪ । ৭ tae fa ১",4,4,0,NoAg
fb 525.jpg,"bangla.thedailystar.net https://bangla.thedailystar.net > node বর্তমানে বাংলাদেশ বিশ্বে ধান উৎপাদনে তৃতীয়: প্রধানমন্ত্রী কৃষিবিদ দিবস উপলক্ষে দেওয়া এক বাণীতে প্রধানমন্ত্রী শেখ হাসিনা বলেছেন, বর্তমানে . রর A wr = = 4 - - ২৭ Sf a% S De A A ক SUFFERING FROM SUCCES ৮1 ie.",2,2,2,PAg
in 22.jpg,"যখন আম্মু প্রথমবারের মতো স্কুলে রেখে চলে আসে Nl. I '$ J gal 48), ব্রা সায়, নিয়া চলো আমি এই বাসার সে খে কোনোদিন ও এ বরো",0,0,0,NoAg
bamboo-vaiya (167).jpg,যখন আপনার বন্ধুরা আপনার ক্রাশের সামনে আপনার নাম ধরে ডাকতে থাকে =e) a TUS a= m= oy a me miniscer J VS =k | দা (40895 CB Po - wp সময় By Yi ভাই ৭৩ 9জ্রাঙ্ন্াঞ্রেন আল্লাহর ওয়াস্তে,0,0,0,NoAg
KAM (230).png,"1], Iv) 2 | ৮তে তারা বিয়েংঞ্কুরতে সে রো J ৯০ ৯ | নর ৮ \ OAT IE ৩০888 ১১ ৮২ ০০০০০ জর স্তর ঢা 7) =",0,0,0,NoAg
bamboo-vaiya (166).jpg,রে ক i ) | oT [| | ৮ i ill Xa 7: চু URES PICS| Sale) ওত,4,4,4,Oth
pin 12.jpg,হঠাৎ করে আমার ঠান্ডা তটঢা বন্ধুর গায়ে দেয়ার বন্ধু Taree! \ @d p,1,1,0,NoAg
fb 1471.jpg,বিরিয়ানির পা AS | 25 4 vs i) ১৮১] তা সাপ্তাহিক | সমুসল্লী*,3,3,0,NoAg
fb 1864.jpg,সে: শুভ জন্মদিন!! আমি : ধন্যবাদ। আমার গিপ্ট কোথায়? সে: H a ly ১ চ Ne JZ) 1) Wa i) |; G3 (te ~~ LNA - Me > A Gi a,1,1,1,GAg
in 481.jpg,"w x oo A = i. / zeenews.india.com CBI: বাড়িতে নগদ ৮০ লক্ষ টাকা! সিবিআইয়ের জালে হালিশহর পুরসভা তৃণমুল চেয়ারম্যান দা Y স্যার, এবার কী বলবেন? | = - - = অসম্ভব ধারাবাহিকতা ' বজায় রেখে খেলছে'দলটা"" Prey TA",2,2,2,PAg
fb 1050.jpg,হ্যা ভাই আমিই সেই ডিম o> r J. Ra যাকে পরীমনির me দা করা হয়েছিলো,4,4,4,Oth
fb 621.jpg,"2k : = _ লগা FRC A সু পনি পা পা a ৬: ৭১১ ১ wy 1 a ৮. PM BLOW TE FF Oda CIR | তাপ, পাদ পা পা Pon | Ch | Cog ne 5 in জে 3 g - Yo 2 শে নে চা Pg -_ y a RT ry 7 ahr J Cre TS ও a Ra rr Ph ~ = | স্প্ঁ । 0 -২ A r > pcr . a ঢা ডট &J + নানা তা সামার হেসে | এ | / == J চু",1,1,4,Oth
KAM (52).jpg,"মামা ভাল্লাগছে! ny OF | 1 AR | Ln | oA A '"" 3 | ৬ ১১১ AK rr oy লি 3 Ri Sie het ছবি A I voy al Lif জনাব Ey হক olor স্তর 9 Lo দা ৯১ এটা রিঃআমাো। ভাবি, নাকি চাচী, নাকি নানী হই _ 111",2,2,4,Oth
in 611.jpg,iM ) একটা ওয়ার্ডে নির্দল প্রা ছিলেন ফলে সেখানে খোঁজ পাওয়া যাচ্ছে না এমের! চর মন্ত্রী ঘনিষ্ঠ এক মহিলা প্রা Jas ওয়ার্ডে ৩৮ হাজার ভোটে তিতছেন! 12. এসব কী চলছে! | পন অলি তত Til 0 i [চু er Ll ৩ নর,2,2,2,PAg
fb 2027.jpg,SPORTS ZONE 24 পৌনে এক ঘণ্টা ধরে শুধুমাত্র ক্যাচই প্র্যাক্টিস করলেন লিটন | প্‌ \! @ AR না হইলে | দুনিয়াতে টেকা খুব কঠিন,4,4,4,Oth
blog 468.jpg,mm 1. 4 পা he Tg চু,3,3,3,RAg
in 123.jpg,"শিক্ষক - স্যার আপনি এটা ভুল বলেছেন হয়তো 4 আসোলেই, থ্যাংকস ভু ল ধরিয়ে দেওয়ার জন্য পি A GS EANELA MESES হুজুর আপনার এই ফতুয়া ভুল 4 ভন্ড, আমার চেয়ে ধ্ী বেশি ফতুয়া জানো? ih A",3,3,3,RAg
fb 1557.jpg,= ro - 3,3,3,2,PAg
bamboo-vaiya (385).jpg,"লক ডাউনের পরে আমার কলিজাটা কত্ত বন্ধুদের সাথে ট্যরে বড় ভাবতে থাকা যাবার জন্য আমার মা আবদার করা আ Sa 5 LY . Word, wv he - #4) সো",0,0,0,NoAg
fb 278.jpg,"তেমন কিছু না সৎ ভাবে অনলাইনে হাফ ইয়ালি পরিক্ষা দাওয়ার পর এ > | % OU, w টে pd """,0,0,0,NoAg
fb 1799.jpg,"SRL, h আপা ইফতারে নতুন কি রেসিপি IEICE 0. Kiree Bhai eA ZN = | ক্াঠানের,আমসন্তা Slat ml a ye A ra cnt তাডাতাডি an | SIAC |",4,4,0,NoAg
in 586.jpg,"? 7 ৮007 0) এন v 9% tv ১ a <3 be i i a AN, করোনা তাড়াতে হরিনাম সংকীর্তনে মাতলেন তৃণমূল প্রার্থী PRO MEMES ৮11 ~ ভালোই কাজ করছে. % ৰা pv",2,2,2,PAg
fb 206.jpg,"Tawhid uddin Afridi @ 7h ও অর্থ থাকলে গর্তের অভাব হয় না চ়্চ্ | ৮/ নন ""৯ হা 1710 - ৯২ Gl a ) চর গ চা > < ঢা comment o> share Os 229k 60K comments * 1K shares Prarthana Fardin Dighi o গর্ত থাকলে অর্থের অভাব হয় না 5h Reply 69K = Pori Moni @ e হেডা থাকলে বেডার অভাব হয় না :3 4h 9K @ Reply",1,1,1,GAg
fb 1303.jpg,"IFO! ভালোই ছিল. - La * x. Fs @ oreo Boy The Stupid Guy pi Yo - / কী Re a জজ জা কিন্তু ১ র্‌ , SID রতে, যাওয়ার প্ল্যান করছিল",4,4,0,NoAg
fb 1235.jpg,"চা নিরীহ প্রাণীদের চা অবৈধভাবে হত্যা.করার চু (7 সময় পশু. এ HEARHANAHMED_MEMES, | | কুরবানির সূময় = TY Li ACY",4,4,3,RAg
fb 1208.jpg,তিজ্ঞাসা করা মালালা। JAMUNA. TV তার আদর্শ মেনে বিয়ে না করে বুড়ি হয়ে যাওয়া নারীবাদী এটা দেখার পর - J AN rB/Alvoid Hara Vv নম তা,1,1,1,GAg
blog 298.jpg,যন এইখানে পা পষ্ট কইরা লেখা আছে: v A আল্যার ছাড়পত্র ছাড়া মহাশূন্যে ভ্রমণ করা Bk অসম্ভব। (সুরা ৫৫:৩৩) Br _ 7 ১ ho Fe) 2 EE aaanad & 8g = ১ &,3,3,3,RAg
bamboo-vaiya (7).jpg,একজন ভালো বয়ফ্রেন্ড সবসময় যী Horley rs গার্লফ্রেন্ডের শত a ফুটিয়ে রাখার চেষ্টা করে,1,1,1,GAg
in 48.jpg,নচতাছে ৷ দালাল CARR IRIE 4K তার রং টি 16,0,0,4,Oth
blog 93.jpg,"টা গে A 5, / veo \ J B Meet I পাটা অনুবাদ: dhormockery.com (23: bit.ly/dhorm) ঈশ্বর না থাকলে আমরা তার নামে এমন মেগা-ব্যবসা এতো সফলতার সঙ্গে যুগ যুগ ধরে চালিয়ে যাচ্ছি কীভাবে?",3,3,3,RAg
blog 439.jpg,| = = রানের ৮6 ds ics % oi | ug iE Se pA ori dhormockery. ০০৮ প্রক্সি: চাও) দ্বিতীয়বারেও মানবজাতির বংশবৃদ্ধি ভরসা প্রথমে শুরু হয়েছিল একটি পরিবারে ইনসেস্ট ছিলো চর্চার মাধ্যমে ইনসেস্টই,3,3,3,RAg
direct-offense (48).jpg,"উপরে সৌদি আর জপ P | টু H on Ammen w ok a0) fu nit দেল: Ei 3, টে _ SX স্পা তজ্ pe ৫4১, A সেলস",1,1,1,GAg
fb 1078.jpg,al oad - > - > - আআ আগা! w RaTal - PS Lm = 4 তু. TEF A LAr,4,4,4,Oth
fb 1113.jpg,্ধব \ hh a } EAD নির্বাচনী প্রচারণ | & নির্বাচনে অংশগ্রহন করা প্রার্থী॥ এলাক্যাবাসী,2,2,2,PAg
in 487.jpg,জেলে বসে খাসির মাংস খেলেন wl a = ৮০৯০ Yo রো = | EW - nes fm,2,2,2,PAg
fb 728.jpg,"বার কই ১ [৮ জল অই 4. di = উপ Ae i পা @ 9৬ hik Ey 9 ASI ত ইফতার করে৷ নিও, Cig তোমার কট হবে!",0,0,0,NoAg
fb 955.jpg,"৬ ষইনরিকাল রাত্রি রেনু! CAREY NAT AS CRE - Ay ৮৮ + ৫ wa x ১ ন্ঞ্ ভি +./ FS) 9 Tajrian Momin 1) n ১১ (Rd RM og Cp কত ৮ 3 5 | a oY tr br ke ""পা res লং Vd ৮ Te, & 4 a 5a ৯১ 7) ৯৯ ৯২ মক. ) 4 ( 15",1,1,1,GAg
fb 868.jpg,. y | রে a inf31stiNight ip Ng A . a মা অনেকের ওলী গর 4 দায়ও mH : 7 pF AA i ee iu ভৈলে গেলাম এখানে এসে যা % | ঘা নী - Melinf31sNight] 24. ad Ss or ht aad,0,0,4,Oth
pin 13.jpg,বাবা খায় ধার করে বিড়ি মেয়ে বলে. আমি ডানা (2এ EAT কাটা পরি (2 এ কেমন মেয়ে,1,1,1,GAg
in 640.jpg,"eee A ABP Ananda @ আনন্দ abp 29m ও ""ত্রিপুরায় গণতন্ত্রের হত্যা হয়েছে। বিপ্লব দেব (Biplab Deb) সরকার মানুষের অধিকার সুরক্ষা দিতে ব্যর্থ।"" তোপ ফিরহাদ হাকিমের. #tripura #firhadhakim ils esd 4 oh ১.৩ 3০ an ৮. _ 0 et Ge aL NC EX 2, Re ayy li FT পশ্চিমবঙ্গে পথ্চায়েত ভোটে তো 3 গণতন্ত্র পাগলু ডাঙ্গ করছিল!",2,2,2,PAg
fb 1170.jpg,"ছিঃ! আমি তো পা*্খানায় পা দিয়ে ফেললাম ০, SA 8 S N & Ni QV <& ood Ne",4,4,0,NoAg
fb 1253.jpg,৬ 7. IR টা: Shi বেশি ঘা যেয়ে কারণ মি Fa od Ee My 4 oy > = } f y ১৮ Tals 5%; ) Re | fi 11 ০৬৭ FAN 0 4) ৪ i /. N fo 4 IH SIR নারি AN Be কু ঙঁ সেটা ত্র ত্ঙ ৮২ Pex oi &,3,3,0,NoAg
bangla-troll (10).jpg,"Wn ৯7) = পা গন | 1 নর কিরে মামুর Gon 2 প্রেমে পড়লি? নম ৷ ৷ম্ব।।, = Nome 2 NRach, - NF GRIER] PG আসি তা জান Ee পাতি]",0,0,0,NoAg
fb 266.jpg,7 of. < > Sal x a খননা লব্মান্উল তুই তুই বাইরে কি? 4 স্যার বইমেলায় যাই | ol,2,2,0,NoAg
nurani-memes (203).jpg,Ll ৮.৮ শা Fw pr রিক্সা চালক Bat Vk al fa 5 ru te *্যাটারি ওয়ালা রিক্সাচালক নি পে টু 1 od fr tad fe Be ~~ wl চন LILIES SESE],0,0,0,NoAg
fb 648.jpg,২০ টাকায় এক হাজার ফলোয়ার & ~~ ArbYn - ইজ % oA J Tam ML [= - Fo gpet pr} পা যা 7 1617,4,4,0,NoAg
fb 1505.jpg,"dl Pili), A) 260 OF জে (০ 25) Ty d wu 2) (Ks ও 2) HA (7 pre AA 7 ও হাটা fe) RX TVIBANGLA.COM মঙ্গলবার হাজিরার নির্দেশ নে Y et) } / {\ AB \",4,4,0,NoAg
in 346.jpg,"পিসি- সবাই মিলেমিশে ভাগ করে খাও, একা খাবো সেটা হবে না। আমি খেতে তো মানা করছি না। fog Aor wil, TE <4.",2,2,0,NoAg
tangaila (280).jpg,"আরজ কাজা গাঁড় লিজা Tangaila 1, প্রি সপন গল্প লজ পা / পা -) uy HF + পা - asl দাম, আমি ও একটা QR SHIRE",4,4,0,NoAg
KAM (306).jpg,"ay po ENR সাকিরবলদ!দেখবি? টু ) কই?/দেখা! FB.com/ETOKHUSHI y wv 4 mr সামনে ""নু দেখতে পারি",4,4,2,PAg
fb 726.jpg,| F দি | ৭ বছর বয়সী আমি: _ ণ i _ : x DRAG জালাল আমিও তোমাদের SELES] Sand,0,0,0,NoAg
in 335.jpg,No. যখন দিদি বলে গ্রামে গ্রামে দূত হিসাবে যেতে হবে. ১: MEMES গ্রামে তাড়া খাওয়ার পর,2,2,2,PAg
fb 1975.jpg,যখন আপনার এটা তার ভুল গর্তে ডুকে যায় 11411 Biplob Sen,1,1,1,GAg
in 433.jpg,বিশ্বের সেরা অভিনেতা ক্র ro অমিতাভ বচ্চনকে জন্মদিনের শুভেচ্ছা জানাচ্ছেন,2,2,2,PAg
in 45.jpg,"Fifty Shades of কবিতা ৫ ৫ ৫ #gg_marlboro আম পাতা জোড়া জোড়া,, মারবো i io! LA) WY",1,1,1,GAg
fb 219.jpg,Ce] SRI আনি a> 1 IC 7 লেয়াদ উলকি ৫,0,0,4,Oth
in 540.jpg,"RISK] 'আর,ললিত মোদী ~ দের মধ্যে মিল কোথায় বলুন তো? ক এদের মধ্যে আরার মিলু! 'মিত্তির l v \ ma er মেয়েকেই A",2,2,2,PAg
fb 332.jpg,"= = - iy ৮) সু সা পাদ Sp. fA ৮4) Rg) ""A oe শি ৮ i RS ল৯ কে কে bs he v ৯০ We Naty 2 "" LI fs es Ye yr > hr vil N ds wl ৮ প্র ঠা Fo 3 Ys রগ 7 fC hosa ; Official",1,1,3,RAg
KAM (149).png,"এক ছাত্র ৪টা সাবজেক্ট ফেল করার পর.. শিক্ষক: কিরে 851102 হ্যার ১মটার জন্য সুরীক্লবু আগের দিন পড়তে বসছি কিভাবে ফেল ক পা 5 %) | ০ তা oT Ria বন্ধে য় টার পারতি, এতো জন্য পড়সিলাম fb.com/sem.fi nal পড়সি যে স্যার ২য়টার Ky এতো রসি আর গড়াই Ss TF ORI ভারে তাই পরীক্ষার আগের দিন উলালা Gl FE হলে সব ১ গেসি S80 os <, / 2 = 2 OOF Bd 0! খারাগ।হইসে এই দুঃখে স্যার ফেল কুরেছো মারা? 2 A Fore কি i শেষ পরীক্ষার খুশিতে > RGF: CARA CRA পড়তেইমন চায়না!",0,0,0,NoAg
Halal Memes (202).jpg,CE es ৯ দি ৪ LL y KM AS,0,0,1,GAg
Halal Memes (21).jpg,আমি - আওয়ামীলীগ করি জানতে পারে 1 (0 on i,2,2,0,NoAg
in 485.jpg,"2.9) Ei কলকাতা Mamata Banerjee On Firhad Hakim: 4a যদি দেখেন ববির অত সম্পত্তি পাওয়া গিয়েছে, বিশ্বাস করবেন না , আগেই বঙ্গবাসীকে সতর্ক করে রাখলেন নেত্রী = a ! 1 y বলছিলাম, কার কার সম্পত্তির হদিশ পাওয়া একটা নামের লিস্ট পেতাম তাহলে নিশ্চিন্তে থাকা যেত।",2,2,2,PAg
fb 272.jpg,এক্টিভ স্যাস্টাস বন্ধ ০ ০ 7 v ভাই দেখ তো আমারে এক্টিভ দেখায় নাকি,0,0,0,NoAg
in 573.jpg,"a দেশ 'নেতাজির স্বপ্নের স্বাধীন ভারত তে এখনও গড়ে ওঠেনি, আমরাই I = 12551 57 গড়ব', মূর্তি উন্মোচনে শপথ মোদির নী যা নি 20. J a SR TA. গেছে এবার কি বেচে স্বপ্নের ভারত গড়া হবে!?",2,2,2,PAg
fb 1368.jpg,ঙঙজ' ~<a সস ১ eal. ১৭ ৬১ Nee CIE নেওয়ার 1c N N রং . Te কমে UE থা EIR NJ] 21a] FESS] GO থাক্ারচসরভারনা #4 A \,2,2,3,RAg
tangaila (307).jpg,"পে :। দা 4৫ Sl Ko TT. | \ Jd aN, /niiladro.hri P 69) এরুই তই আর আমি",0,0,0,NoAg
fb 1159.jpg,"dbcnews.tv ও 23া77-ও আমেরিকা যাচ্ছে রোহিঙ্গারা পশাহবাগী1০11106.. A A - 2X জেড, ১৫ দিনে ভাষা",4,4,4,Oth
chosha (90).jpg,"১১১, \ 1৬ \ LH YAR \} I \ i | | \ \ T = চে eat ৮ SE Sik: BIE B=] চো: |} ১ he AQ) \ N ১৯ ২ চোষা ২ +3 WAS 3 | Lh : ""আয় বু ATA J N ধোন দিবো মেঠো Vy টু / CM 7, কল",1,1,1,GAg
ovodro_img (162).jpg,"১৮১ ৮ জানিস le SAS PRAIRIE CIEE MIS TG করাতে পান i ee 54] x RE ৷ > ৬ \ 7 1. Sie oul id mi Corb) কই অবস্থা "" i",1,1,1,GAg
blog 479.jpg,একটি দারুণ মিল ভগবান ও ভক্তে এক্সিবিশনিজম উভয়েরই রক্তে Li ] fa প্র লে . A A AS = & wt TH: অনুরাদ: ৭৮ ry.com (2: 4 dhorm) ৪ facebooki om/bharatiyayuktivadisangham,3,3,3,RAg
blog 342.jpg,"ছদ্ম OF C ভা পদ বল্ল. 3 ৭৯ alll dh kery.com (2%: bit.ly/dhorm) যে-আসনেই প্রার্থনা করা হোক না কেন, ফলাফল - লবড়ঙ্কা",3,3,3,RAg
tangaila (152).jpg,যখন বলে আমি সিংগেল -ঞু Sarcasm 4 প্রমাণ দাও!,1,1,0,NoAg
fb 1788.jpg,hha k wo hh ঢা দু i Il মি 1,1,1,1,GAg
tangaila (335).jpg,f /niiladro.hridoy % /Tangaila.sarcasmbd প্র আড্ডাবাজ পোলাপান উদ্যানের চা If,1,1,1,GAg
Halal Memes (73).jpg,"মাস পড়াশুনা না করে টা বোনের্‌ আদর্শ ২ করার কানন LR চাওয়া যাওয়ায় ২লা অক্ষর ভুলে প Halal memes Via i a | _ \ ৰা. নল, তা ৷ রা i",0,0,0,NoAg
ovodro_img (548).jpg,"অনেক মেয়ে মিলে একজন পুরুষের পর নির্জাতন করাকে বলে | | wee wr | A ্ট দা, পুরুষ নির্জাতন রা",1,1,1,GAg
Bangla Thug Life (401).jpg,হা আম্মা = (ONFOFS Comal Wo) 74 Jf k ly : ২২ ২ 1 চুদসে!! ee *Bangla Soreenshot an একটা দূঘটিনা ছিলো মানে ভুই বলতে চাস! রাস্তা দিয়া হাটতে গিয়া খাইয়া সোনার উপর Ne Ad পইড়া গেপিলি? 7?,1,1,1,GAg
fb 1210.jpg,চা চু Nya Fa HalaljM | | hi | ne | H 18 | a i] Lili | | পিরিয়ড কবিতা i,2,2,4,Oth
blog 101.jpg,"দোয়া করে স তার কাছে, যে কিনা ঘটনাটি ঘটিয়েছে বলে তারাই মনে করে। কেউ কেউ আবার তাকে শুকরিয়াও জানায়!",3,3,3,RAg
Bangla Thug Life (397).jpg,"ছেলে:আই লাভ ইউ মেয়ে:.কি করতে পারবে আমার জন্য? WW লুইচ্চা ছেলে মনে, সনে - A ) ৮. চ ৪ দিনে TO 4 ৩০, না 2 i (O)",1,1,0,NoAg
KAM (270).jpg,"= = 7 vi wh 7 Sl ~ lo Th ol = ) (NS (74 ৮ 11 ls = alls a I . LS) TERS এক গবেষণায় প্রমাণিত,/ হয়েছে, য়ে, ow JUSS rf 1 7 ic > চারার 1 চুপ ভু নু (61829) চে্য়েগডার: ET QPP 1:",0,0,0,NoAg
blog 488.jpg,"IEE LE ষ্ঠ 4% / hdl | gn = WE 5 ol - ণ লা লা ca রা i | | | i | | Hl | | I 1 2 ৷ তত) XJ le | yl I | জা Same - - চে আমি কবে হবো? পারবো, মালাউন তাড়াতে পারবো দেশ থেকে।",3,3,0,NoAg
Halal Memes (32).jpg,"আশি যখন ক্লাসে কথা বলি, কিন্তু স্যার এসে সাথে বসা আমার বন্ধুকে মারে। লেঃ আমি : = ESSE 17 ৮ /",0,0,0,NoAg
fb 704.jpg,রমজান মাসে যখন লাবাং [01100 জিজ্ঞেস করে 5): | Vell Wo FAH AV Yer! i I ) li I 1 / I Il [ (ih ৯১ ডু / / | A A | | | J POTS 10] SBI সে LAB Fe] | * 20 রিখ। | GIS রাখরো কোনসনয়,0,0,0,NoAg
bangla-troll (49).jpg,ডিপ - ফ্রেজে আইস্ট্রিমের বক্স দেকাসলাম কিন্ত & দেখি বক্সটা চস ? Ta (we 0 আদা রশুন Sm,0,0,0,NoAg
fb 1083.jpg,"fk সে 4 Wi । As যা ভু, ৪৪14০৮২০৮৪5) Li i IiLLION যায == . | Ty @BAPPY-BHUIYAN ই বালের গ গে এতো বাং দেশে কামলা সংখ্যা AOS? 'দিন দিন ACCS | ih",4,4,4,Oth
in 645.jpg,GE f - ৮ গত = 4 গার পণ & এগিয়ে আসছে ST = AT) স্‌ এজ ।' f Ee MEM Ay দুয়া রে ৰা ol,2,2,2,PAg
fb 1215.jpg,"নমল EAL al aN Te ne IW, i ক ud 9S He পা HB . Wig! Nd a= = i ১.১ WR এ ৯২১ ধম যারযার. ০ Nie ey .*৬উতৎসব ও \O|",3,3,3,RAg
ovodro_img (257).jpg,সেই মূহুর্ত যখন তোমার বর চা বানিয়ে চা বানিয়ে খাওয়ায় আর চায়ে দুধ নয় নিজের ঘী সেটা তুমি বুঝতে পে পেরে যাও 1 -_ 1 oy A E S > as,1,1,1,GAg
bangla-gag (11).jpg,"সহেরি ৩:৩০! ৯4 ila Meme! STL, fora DX BT পুরা ইন্ডিয়া টিমরে } খাইয়াশেষ IEEE",4,4,4,Oth
in 606.jpg,। পেন এস ২০১ লা | রন I পিসি Kiclste Memes Award 2021,2,2,2,PAg
ovodro_img (45).jpg,"চু 1 1 / Vi . 11 vi 5 চু {8 yr IF ""7 A ওটি রর o = a WE টা. NEN W% |, TLL: W A oe 1 ' "" CATO ae JISC rR লা wy রত = 2\7) | Re"" LEE AZ 8 8 AT) (119০1) 1 | 4 - \ 7M cl বাল; পাগল হলেও সম্মান।আছে। মত তোদের পাগলুড্যান্স করিনা LS",4,4,4,Oth
fb 895.jpg,"জমিতে ক্রিকেট খেলার সময় বল যখন কোন ঝোপ-ঝাড়ে গিয়ে পড়ে or xe HERRHAN AN FE AF Ya) py A be gi Fi wy El) og fod fs ৮ i) Fo 000 পথ কা সা = i RL is ke ১1 চস ১ -ঠ 76 rR ity or ""You tiSe hak a \ = a ah",0,0,4,Oth
fb 126.jpg,"@ a Sele) o qd .৫০%৯ ৭ ৫০ ঢাকা আছে & Sed 3) 9 - তাই নাকি? AR XX A 5000-93 2. % Bp! ASS ছে WN পারের দিল টা fe) tA ০০ Sg] 5 ৭৫০০৬, ৬)",2,2,2,PAg
fb 87.jpg,GETS COTE ERT 9HAG স্টুডিও ইন্সটল করা অন্যের আইডিয়া চুরি করা ody অন্য এপের কোড ও নিজের আইডিয়া দিয়ে ইন্টারফেস কপি করা নতুন কিছু বানানো J উপস! BANGLA TReLL,4,4,3,RAg
KAM (367).jpg,"পা "" DD EE ""১: ""we. 5 ' ray জলা = 5 11 oor [oT ২ Era / ty কু চাটা ST Serie] কি ভগ্রচলাগতো না! TS pg দেখা! Ral h পা \) Q LR DE Sri Da এলো i GARI কিছু করতে ভালো লাগে!",0,0,0,NoAg
fb 1167.jpg,"তত spite iE Jigiasa Ei of . Ie - wy ffs ৫ ছি wr PCR ais 47, LOW A ১ wy i Lae in [1 lie vy! x A Ma // চর, re চু ২৯১৭ দা re 2% wa it 1 IW \ F $4) ১ (৮৭ / i Ie tar "" ্ 4 4 art 2, লং গর) 74 od Lr ০:১1 \ (৮:৯২ ১২ ud 5 ক, % oF Ih NZ h) ATS ঙঙ Crs Zi go) i fe SE fi ক্র PAR Se 35 ar x ১ ( \// 0 A LE i - 4৫ পদে না {eT wi x to 7 1p 17 \/ etl > lv i Sa I 4) ol BV few wh 2 aE: 1 tt = AL 0 গে - সদ ডং ৭ * . J - ae Tog Le) ratte এ oe = i ts Fo a wale? 3 Ta Fo A NL / পাপী 23 LE পা. na ois { # holy, a Ly re) ~~ ar Hate ~~ a wy So CIE LES rh - Aa A% তে শক্ত AF 7 * 9 45 5 Tek. ner ""i ory Te nag B AES ta eT Ae ry hy বু ৯, ০ ZF. PT fT স্রাল।দাল [0a a",1,1,3,RAg
blog 317.jpg,"অনুবাদ: dhormockery.net আঠা 17: SS (=, a ইয়া মাবুদ, তোমার গলা না শোনা পর্যন্ত = আমি এই TAT ছেড়ে উঠবো AT n3kBdpasta",3,3,3,RAg
bangla-gag (43).jpg,৷ অ গে মা রা OS wy | নু য্রে AD) 203 অয়'কর = 4 Ea -_ - আর এখন % yl = i == ১ ট্রে Jn Ne oN Ey,0,0,4,Oth
blog 77.jpg,"আপনার সঙ্গে যুদ্ধ করছে / যে-কাফের, তাকে হত্যা রানে /? ) করা যায়েজ। আপনার কাছে যদি অন্য কোনও কারণ 22 থাকে, তখনও তাকে হত্যা করা যায়েজ। ""| এমনকি কোনও কারণ না থাকলেও তাকে লু হত্যা করা যায়েজ। অনুবাদ: dhormockery.com amza al-Masri প্রক্সি: bit.ly/dhorm",3,3,3,RAg
blog 34.jpg,"২২২ Fy বর্তমান পৃথিবীতে 30 সর্বমোট ধর্মের সংখ্যা 8001 HT শুধুমাত্র একটি ধর্মই সঠিক। আপনার ধর্মই সত্য ধর্ম - এমন হবার সম্ভাবনা ১/৪২০০ = ০,.০০০২৩ = ০.০২৩ % অপরপক্ষে ল ধর্মে বিশ্বাসের কারণে দোযখে যাবার সম্ভাবনা ১০০ - ০.০২ = ৯৯.৯৭ % pe Lek ঘাবড়ে গেলেন? বড়ানোর কিছু নেই | সকল ধমের মধ্যে শুধুমাত্র আপনার ধর্মটিই সঠিক। এবার ঘুমান। লিখেছেন '$&- dhormockery.com ধর্মব্যবসায়ী 2%: bit ly/dhorm",3,3,3,RAg
fb 1084.jpg,Full-time Copa Am rica Today RRA @ 1 pS Brazil Argentina Final A. Di Maria 22' di ri ৪০ hy - | = | | 1 ৷ I grt 3 | ৮১ ot | aad || rast | Ww কাশ i 7 3 -le (0) wy Tso bX Hai 4 - i (0 ly ্ 4 - x রণ in 3 kk নানা Jie Pa - re | - ৯৯ Al 2 আমারে! ৯ of if,4,4,4,Oth
blog 306.jpg,"(0 b i : ( 78 yi. of i) | & sis % a AP নলের ০৬3 an অনুবাদ: dhormockery.com (2%: bit.ly, dhorm) যখনই আপনার মনে হবে, আপনি নিরর্থক কোনও কাজ করছেন, তখন এই ছবিটায় চোখ বুলিয়ে নেবেন",3,3,3,RAg
fb 1189.jpg,আরে AEA * | /4 aN Na po. 8A ee FF আর ওবেপ্যান্ট ) ol নাব লোন গস বন্দ,3,3,4,Oth
direct-offense (47).jpg,"০. / _ কি করছো জানু ? মাকে খুব মিস করছি a আমিবান্ধবীরবাড়িতেআসছিবাবু,নোট 7% লিখছিপরেকথাবলবো ৯ hm"" 8 Up -",1,1,1,GAg
Halal Memes (270).jpg,ছাত্রলীগ নিয়ে কোন মিম বানানো বিদ্যমান* ছাত্রলীগ নেতা ০০4৮৫ । oT : Ie ho 37.3 hs Bee i | । Pu e EASE 22 SEIS খেলত সস JCA IN,2,2,2,PAg
in 284.jpg,"ot | A/ <i a Che Sek মোরাল অফ দ্য স্টোরি. পা -_ 2 দিয়ে ey, x যায়না। _",2,2,0,NoAg
blog 111.jpg,"আম্মু, আম্মু, নিনজা! অনুবাদ: dhormockery.com অথচ তুমি বলসিলা, নিনজা 2%: bit ly/dhorm নাকি কল্পকাহিনী! রি FS So 9 জে",3,3,3,RAg
fb 1755.jpg,"Mushfiqur Rahim @ H Jul 23,2020 - ও Doesn't matter how hard you work,it's very important to recover yourself properly. == == a ভর -MR15 ৪ Fa ER Lo T .y was a ৮৭ x - let LL রর টা তা দা ie ae ঢা ""a"" hil Pay hl 1: Be fa - Li) ee * air YW 4 0, +/1| (LM দি i শিকেজ - bY - . A Tanzir Ahmed Shuddho & বিচি ঠান্ডা না করে মাথা ঠান্ডা করে ক্রিকেট খেলুন 1h Like Reply 158F%",4,4,4,Oth
direct-offense (32).jpg,"60110118165 ( \ তাননিয়ে প্রবলেম নেই। JCS) RUSE যা 4 প্রবলেমটা!হচ্ছে,.ও হ্যান্ডেল মারার,পর =m Ey বাথরুমে।জল \/ a i \ >",0,0,1,GAg
ovodro_img (173).jpg,"এই TRL তামার প বজায় ATCO, যু তে গে) কা) ARR ভিত(র ONODLORVEVES] a 2a",1,1,1,GAg
in 288.jpg,"er Ek স্ব Ly (4 ঙ ee A | = - 4: Rg bengali.abplive.com ২৫ বছরের বাম আমলের থেকেও বড় ক্ষতি করেছে BJP র সরকার, ত্রিপুরা যাওয়ার আগে টাচাছোলা অভিষেক চেল _ = = oy ES হাফ সিটে ক্যান্ডতিডেট খুঁজে পায়না গড়ার প্রতিশ্রুতি দিচ্ছে",2,2,2,PAg
fb 782.jpg,"বক oy ক | \ [4 ৫"" i Wr ' 3 প্রমিজ, করলাম 2k ST Bes Ft al | শালা গত রা ছু এব fe. and Faysal নিজের সর্বোচ্চ দিয়ে হলেও বাবা মায়ের মুখে সি ফুটানোর চেষ্টা করবো",0,0,0,NoAg
fb 444.jpg,Amurshidahadmemes = BIE Pd ৯ তুই মাওবাদী,2,2,2,PAg
in 414.jpg,"Br Sn ld . 2a 2 J) si NE RR EY ক, i ho 1 এরা এদের মৃত্যুর জন্য/নিজেরাই দায়ী, দা ৯ Bb _ |] SST Ba Poon ছু ১৩৬ অনিল্পিকের মেডেল থেকে { স্ব Fou a ""hee",2,2,2,PAg
fb 2022.jpg,10/0 a (1) Yet to bat = BAN ENG GIP থেকে আয়নাতে খেলা 2 Na ) 1,4,4,4,Oth
fb 1535.jpg,"(ইশশ! অসহায় পাখি! [পাখিটাকে ছেড়ে দে! নির্দয় বিড়াল 2 / =, [YC JU N > (JY G7 A Ile WA \ 4 ol D QoS = \ 2% 22 কিছুক্ষণ পর. (আহ! কী সুগন্ধ! | Jide a \l i) =) A ঢা? পি ১) alee",4,4,4,Oth
bamboo-vaiya (335).jpg,যখন আপনি বাসা থেকে টাকা নিয়ে বাজার করে আনেন কিন্তু আপনাকে টিভি চ্যানেলে করোনা ত্রান সহায়তার লাইনে দাঁড়ানো দেখায় IN ৬. i i চাট তত /,0,0,0,NoAg
fb 418.jpg,or Wi Old [unc tiond[<cT] | we বেশি মেয়ে 1 1,4,4,0,NoAg
blog 133.jpg,"ভাবসিলাম, ত. তুমি সাথে ভায়াগ্রা লং নিয়া তাস | ৪ | 9: NX ny (AR টু রে ৯ = 7 7% < ore - - = ul wp L [] ষ্ত ""নন অনুবাদ: dhormockery.com প্রস্সি: bit ly/dhorm) LYNCH",3,3,3,RAg
in 334.jpg,গ্রামবাসীরা ক্ষেপে আগুন হয়ে আছে তাই গ্রামে গ্রামে দিদির দূত হিসাবে যাওয়া থেকে ১ - শা EO ha - o 1 - = ৬ a uy p রে re \\ = wo সালা SE এ টা mn কদম রিস্কের কাজ,2,2,2,PAg
bangla-gag (87).jpg,[PLA r~3 \ Bangla Memeld] খরচ A অ্ত দা সাত লাজাও পাস Cla / oy [| Fr i | IV | Add S ন্তয়ান apnea [HOY ৮৮৮৮ wd,4,4,4,Oth
bangla-troll (29).jpg,"Ke: 3 ec! । / / মেয়ে/পে il 'একটা' সুন্দরি Haney RCP রিকুয়েস্ট ~ Ou) a am. h, V4 3 ) \ ১. \ স্ীর- ও ইট রি ছিলি Al",0,0,4,Oth
fb 1469.jpg,SC LT. সে ৷ কে NS i 1 . TN,3,3,0,NoAg
ovodro_img (73).jpg,যখন কোন বাচ্চার মা বাবা দুজনেই ট্রেনে পারেনা উঠে যায় কিন্তু বাচ্চা টা উঠতে 7 রী. \ % Ns s 1 দ্ধ |,0,0,0,NoAg
tangaila (57).jpg,"ক [3 = i rN দত্ত ""ho i ৭ Ly AEN 5 = চাহ. এ তে wf J জা পা না Fa কে wet কো পা ৯ স্পা মা ০ রগ =A ed ZL হুর দন পল eG ~AATCAR চাকরি. ২: পাড়: La A ~ J লেপ ৮১ - we 4 4 VEER টা po, A La) - NY A বেতন ১২হাজার টাকা - AM TS",0,0,0,NoAg
blog 162.jpg,"অনুবাদ: ET (=f: bit.ly/dhorm) দোয়া হচ্ছে হস্তমৈথুনের মতো: যে করে, সে তৃপ্তি পায়, কিন্তু যার কথা ভেবে করা হয়, তার কোনও কাজেই লাগে না",3,3,3,RAg
Halal Memes (206).jpg,নির্দিষ্ট জায়গায় থুথু ফেলবো। ii Nae B= le dll] ] | বায E =,0,0,0,NoAg
fb 760.jpg,"Yo কুলের 5300"" 'টাকা বেতন যে/কিভাবরোেদিবো Crificism (আর তো বেতন বপায় Ff fea ST (RIE আল্লাহ তুমি ১২০ ০)টাকার ব্যাবস্থা করাই দাও প্লিজ = প্র - <S 7 | vl mn Tt না ছেলেটা।আধিক সমস্যায়, আহ Any i কাল IR BI! দিয়ে.সাহায্য,কুরবো 'বাবা' এই ১০০০,টাকা রাখো তোমার বেতন দিতে Site লাগবে টে আমি, তো আল্লাহর, লী ১২০০:টাকা(চাই তারমানে লে আপনি বাকি:২০০ ঢাকা: Previa (0 ক] \ র্‌ CL | | To ie 1S ॥ NGGE-CRITIEIS! 79 ৮ \: র্‌",4,4,3,RAg
fb 1976.jpg,ডিসেম্বর ৩১ ১১:৫৯ ২:৩০ 4 বগি NET LJ,1,1,1,GAg
fb 1385.jpg,০৬৯৯ দে 4 লী f a. এদিকে আয়মোদী। OI) আমাদের অনুমতি ছাড়া জঙ্গল কাটার অধিকার দিচ্ছি,2,2,4,Oth
fb 1858.jpg,ORK] lier id ছ্যাদা খুজে পাইতেঁছি না,1,1,1,GAg
fb 295.jpg,"ছেলেটির নাম জনি সিন্স। গরিব, তাই পড়াশোনার পাশাপাশি পিজ্জা ডেলিভারি বয় হিসেবে কাজ করে। একদিন মিরপুরের রাস্তায় মেট্রোরেল এর জ্যাম থাকায় ২০ মিনিট এর জায়গায় ৩০ মিনিট লেট হয়ে যাওয়ায় এই মেয়ে টি জনি সিন্স কে কলার ধরে মারল। মানবতা আজ কোথায় ? [ / | iL | ll ara 7 TERE i] &t স্পা.",1,1,1,GAg
blog 447.jpg,"ওরা বেশরিয়তী কাম করে! ইছলামে যৌনদাসী এইসব হারাম! ~~ > নম লগ এ তে , SSS = 102 নী 4 (4 SEN ' গ্ীল্িও x TU SS = = অনুবাদ: en (if: bit ly/dhorm)",3,3,3,RAg
fb 303.jpg,"""দু কিছু মাগ OTR) ASOT TORT পা S ATR BERT (মানা নার নিউ নাউ হয OS & 0 0 QO ঢাঠা-দো০54",1,1,1,GAg
fb 1380.jpg,যখন মাছ খাওয়ার জন্য বাঙালিদের ঘৃণা করা গুজ্জু মহিলা পস্টিকে মাছের আঁশ আছে। ভাতে পারে তার লি দ্ব ১১ ~~ |) j df ok ্্জ/ 4 a ্জতী যা ৭৮ La LB | Li > LA | bly Hd rw od,4,4,1,GAg
in 436.jpg,"হাসপাতালে নিয়ে Y যাওয়া মানিককে Ro A ৮. 7 ক I= a i! pe Be B | al He ওসব করে ICH লাভ RCIA! মানকে, Be আমি নিজের অভিজ্ঞতা ডি থেকে রলছি |",2,2,0,NoAg
fb 1622.jpg,/ $77 dh = ৬ | Sy d pA wh 4 ৷: J) | | 1 A 13 15% 3,3,3,3,RAg
Halal Memes (240).jpg,"ISIS SH Ad a3 কম একুটা,সে্য়ে,য়দি HN সার বেটার বঙ তো em MeMes A আমাম,সা রে নাউযুবিল্লাহ Fl, ও",1,1,1,GAg
fb 1244.jpg,আমার শরীর আমার যদি নগ্নতাকে সভ্য ধরা হয়। অধিকার। আমি যেটা ইচ্ছে তবে বন্য পশুরা সবচেয়ে সেটা পরবো ্ বেশা সভ্য ২ { 2. $y / - OT J | rf ০১১২৭ ০) (1195৮ ভা,1,1,0,NoAg
KAM (326).jpg,ঙ | দো vi ্স ৬ ঢা = BAT IBD Ls ap vg NS & - 3 - ঃ - GO! FOIA নাকি বগল্‌-গ্রাফি LJ | \ ফহিনন্র ঘরে RIEIG] \,4,4,4,Oth
in 169.jpg,"! =r ৬০০৯ ঙ রর ষ্ঠ যাক পঞ্চায়েত আসছে. i iL gE পারছেন, তো!) p> EN নর 2 2 চু টে LF ১ MEMES টি কেন চিনতেপাররোনা! চ হাত,পেত্টাকানিয়ে থ্য ক ইউ'বলতে কতবার রী",2,2,2,PAg
ovodro_img (10).jpg,ih OA wa oe A pf] a পাও a = (WN N wt = চা IT? sv Ls - Fo বণ Hi i = I JA? par,4,4,4,Oth
nurani-memes (222).jpg,i PE aN AE লা | A Ald (HA Az | ওয়া << উ্র্ঙ মানুষ কু ০ 4 ঢ বাহান NR (PHAN AFL শাস্তি চাওয়া মানুষজন 3 ৯,2,2,4,Oth
bamboo-vaiya (486).jpg,কোরবানির ঈদ আসলে কোরবানির ঈদ আসলে তোমার যা মনে পড়েঃ মা J gh আমার যা Bye - i - - $ a ৰা 1 ২২ i 4 - ' (| <7 _ py - with Ny 5 = TY ee মী নে,4,4,0,NoAg
blog 458.jpg,মম অনুবাদ: dhormockery.com হুরের ইষ্টক শ্যাষ। তয় ৭২টা মুমিনার লগে ওয়েবক্যামে চ্যাটের ব্যবস্থা কইরা দিতারি। 4 A 4 aR a Y ২ r~ Ne ya td রগ / 2 Ls,3,3,3,RAg
blog 164.jpg,"ভালো মানুষেরা করে ভালো কাজ, খারাপেরা খারাপ কাজ। কিন্তু | ভালো মানুষকে দিয়ে খারাপ কাজ করিয়ে ক Tq ' নিতে প্রয়োজন ধর্মের। - Steven Weinberg",3,3,3,RAg
blog 38.jpg,4 2: Fy 3 Mohammed | add! J guy ; Messenger-of Pea OD রা dhormockery.com (23: bit.ly/dhorm) এবং তার উম্মতেরা শান্তি প্রতিষ্ঠায় নিরলস,3,3,3,RAg
fb 1584.jpg,চিন্তার মুক্তির আন্দোলন [চা 8 > (১ ce Ake কানিজ আমার যৌনসাধী। সে যখন ডাকে মার মাছ ছা যার সাথে চাবে তার সাথেই সম্মতিতে যৌনকর্ম যৌনকর্ম ) করতে পারবে। এমনকি য় নিজের ছেলের সাথেও। কারণ আমাদের ধর্মে এসব বৈধ,3,3,3,RAg
in 308.jpg,"চাড়িড পরিবারে যখন কোনো নতুন সদস্য আসে. LLL] ৯১১৬০ ০ FF ত্র v | wl = iiEwts মেরা বেটা 'বয়কট ST মেম্বার AT,",2,2,2,PAg
ovodro_img (388).jpg,". তুল 7 বাবা ফেব্রুয়ারি মাস স্পেশাল ক্যানো Epes 2 জানিনা, তোর মাকেবিয়ে করার আগে,আমিও সিঙ্গেল ছিলাম | রা মী ক"" কা টিসি না বাবু বুকে) আয়; একদিন | = তোকেও বিয়ে দিয়ে লয়ে মিঙ্গেল Fd দেব।-",0,0,0,NoAg
fb 993.jpg,*ইন্ডি য়া সাপোর্ট ১ +পাকিস্তান Hag SACRE 5 কর রুট 2 পা ৬ বদলি EJECT জণগন,4,4,4,Oth
bangla-memes (154).jpg,১. v/ yy তো-আমি!কী ক্ররো?,0,0,0,NoAg
fb 727.jpg,ব্যবসায় উদ্যোগ বউ. | TONMOY - & IC,0,0,1,GAg
KAM (307).jpg,OF AD a. a TE জাতীয় বিশ্ববিদ্যালয় হতে 'পড়াশুনা FE BE ANA! 18104 A 4 ol X কিন্তু ও পড়াশুনা শেষ কারে আমি এখনও অপেক্ষায় আছি!,0,0,0,NoAg
blog 240.jpg,"i ""২1 A You তং i ak ও | fil | ৬ wa ১) দা PA ~~ ail ; dhormockery. 7 (of: bit yd rm) } | বোকা জঙ্গি 7 ES 4 চালাক জঙ্গি E বুদ্ধিমান হোন, ঢা সঠিক কাজটি করুন",3,3,3,RAg
blog 485.jpg,ক মেয়েদের কাছে সবচেয়ে প্রধান হচ্ছে তাদের স্বকীয়তা। রে amen ak ৫ nH pla 2) (fl পু an as wad SY 7 ipo J ol et Sit B,3,3,3,RAg
ovodro_img (270).jpg,"তোমার মা কী!তোমাকে খুব বকাবকি করছে? আর সহ্য হচ্ছে না?ঝগড়া করতেই।হবে? 4 ONO EWES মা,এর.সাথে.ঝগড়া ক্র না। __ বাড়িথেকে, বড়িয়ে যাও আয়া নম 4 - দেখবে মা নিজেই তোমাকে রন নন. করে. করে বাড়ি ফেরানোর,জন্য,পিছনে লেগে গ্রড়বে।।",0,0,0,NoAg
in 267.jpg,"no. of iN | ( RO NANDABAZAR PATRIKA 'গোমাংস খাই, বিজেপিও করি, অসুবিধা FoR! ভোটের মুখে মেঘালয়ের পদ্মসভাপতি এ wow বক Lo Jf a ow নে Pra MEMES ইনি বিজেপি নন, ইনি দেশদ্রোহী",2,2,2,PAg
fb 1881.jpg,alt \ I ডু 4 (| সঙ ~~ Biplob S হি. 3 No yd J বিডালটাও শুরু বঁসিররাতে বিণ মদ ইতিকথা জানতে চেয়েছিল] বাকিটা 'হতিহাস!,1,1,1,GAg
bamboo-vaiya (169).jpg,"[ 16111(6]14]16116120 ঠ li, LF Vax rm |< 4 hE A তিন wh A)",0,0,1,GAg
pin 11.jpg,"AL এটা Lu রুচি উচ্দ, ll . i pot নাকি রী ইদুর দ্বারা ধর্ষিত স্পা ঠ বুঝাই যাচ্ছে না Ti ot Ne)",1,1,1,GAg
chosha (114).jpg,চোষা \ E be ce Thana Lae যারা রাতে আযান সপে দেখে।,1,1,1,GAg
bamboo-vaiya (364).jpg,তর কি ঘরে বসে ৫-৬ মিনিটে 208 ০ টাকা লাগবো?,0,0,0,NoAg
blog 106.jpg,"তোমার থেকে একটু টুকতে আচ্ছা, টোকো। দিবা? তবে একেবারে হুবহু কপি কইরো না। / অনুবাদ: dhormockery.com fF: bit.ly/dhorm",3,3,3,RAg
fb 1866.jpg,পাবলিক বিশ্ববিদ্যালয় ১ম বর্ষ ৪ বর্ষ 7 J \| \ MH. RAB fi ৷ o টু y {,1,1,1,GAg
fb 1068.jpg,"4. 74 Led (= 1 41"" = REE FIRE Ly) 2] | | 1 | [|| IN 23 Fy | Lo ol | RAE eS oh eR AT ক eA, ee) ""একটা ভালো যুবকের জীবন শেষ করে দিবো""",4,4,0,NoAg
fb 937.jpg,কার দেখার পর সার্জেন্ট LN Tajrian Momin নাস্তার টাকা দিলেন না পয,2,2,0,NoAg
fb 549.jpg,"পানি খেয়ে নিন, নেন ভাই | GE iE \ aj hossain 1 8 AA ~ ২1) প্রত্যয় হিরনের রোস্ট ভিডিও বানিয়ে পোস্ট করতে করতে হাপিয়ে গেছেন",4,4,2,PAg
fb 1112.jpg,"প্যান পড়ে JAF রাতে, লুঙ্গি পড়ে শুয়ার রাতে, রুমে থাকা Rd রুমে থাকা ki A QD | | eat Th | el . A 7 At | nn wo Sat",4,4,0,NoAg
in 85.jpg,CR TES IRSA TRG COR] দারা! আপানার! SURE] SD we gio 4 A,0,0,0,NoAg
in 248.jpg,"- i | / ৪১৭ ' ০০০ % টে] গা দাদা একটা ফুটেজ মী লী | মদ MEMES চা, | 1 1 [1] RRR নেহা Co 5%",2,2,1,GAg
Halal Memes (60).jpg,লকডাউন ্ রণ | el প্র -ই্ক্ে Adored শেষে পট পা |,0,0,0,NoAg
blog 157.jpg,pd | 4 অনুবাদ: dhormockery.com প্রেস্সি: bit ly/dhorm) ইহুদি ও খ্রিষ্টানেরা নোংরা। জিহাদের সময় তাদের জীবন ও ধনসম্পদ মুছলিমরা কেড়ে নেয়ার অধিকার রাখে। - Abu Ammaar Yasir Qadhi (আমেরিকাবাসী ইছলামবাজ),3,3,3,RAg
Halal Memes (43).jpg,শান্তিপূর্ণভাবে পড়াশোনায় মনোযোগ বসানো বিদ্যমান মাই বৃক্ধ টুমি | no MN CORT =n] বাথরুমে যাওন TIGR,0,0,0,NoAg
fb 1197.jpg,এপি fy GRR y 4 ~~ তারা করানো REINER ual সা কিস্তি গেরোআরারছলে ওারেচ্ডালোরথিকরেনস্যার*৷,3,3,3,RAg
chosha (42).jpg,"3 পাশে 4 ও কী > [a 2 > IS. এসেছো JETS হবার কিছু নিই রিল করো Ta | Ts md 0,0 RS ar Ca -bsfp' aman yam % il I স্যার একট",0,0,0,NoAg
fb 1305.jpg,"- গোল্ডেল'প্লাভস ফেরত তে যাচ্ছি wi | eg 2 \ - IRA ময়মনসিং ংহের,তরলেস মিন্টু বলেছে CRS) UGE",4,4,4,Oth
KAM (2).jpg,"একজন পড়ুয়ার জীবনের লক্ষ্যের ক্রমপরিবর্তন SID ভতির আটো SIH J fb.com/semifinal তয় ব্যাপার না) SFR রং করা; -এই. লী Sy এমন কঠিনষ্াড়া) GIRS 'বাংলাদেশের ধুর এগুণা।আর কি (TACO সেরা হমুই হমু GEREN CHIR ৩য় বর্ষ ২য় বর্ষ যে লাইনে পড়া 'পড়তেসি এ পড়া তো দেখি মোটামুটি কঠিন আছে? লাইনের একটা তেসি এ লাইনে (বাংলাদেশের এতো 3g ৷ ক্যারেঃ মোটামুটি ভাল জর ম্পানীতে জব 'পাইতেই হ RAL: fh. RoR চলবো SEH ye SAIS AD L [a ঠা | I খোদা, ভালো re খ্যাতা পুড়ি, শুধু J 7, পাস করাই দিও। আর RA বেলাইন বুঝি ভাই ভালো লেভেলের জর,লাগরোনা চদা না, কোনরকম একটা জর পাইলেই চলবো, | নাইলে ঝাড়ুদারের চাকরি হইলেও দেন! দন",0,0,0,NoAg
in 84.jpg,নয় ক্ষার ddl fe মাঠ feb / ফুটবল (খলাত গিয়ছিল? a & (EN Aditya Roy Chowdhuri (soum - | 2 yy | (Sr \ CYGRIP ট্রিন আঃ IEP AT,0,0,4,Oth
bangla-troll (38).jpg,"আমাদের প্রত্যেকের জীবনে এমন কিছু কিছু বন্ধু আছে, যারা আমাদের,থেকে ্ waste A আমাদের ফেইসবুক পাসওয়ার্ড এর উপর বেশী নজর রাখে",0,0,0,NoAg
nurani-memes (88).jpg,তে ও ৮ কই? গান a ET TE | iy ' তর নানির Age সই চস ~ * ৬ রে Rw 2 od = এইজ মম,4,4,4,Oth
fb 805.jpg,"ভয়ানক কিছু অনুভব করার সময়* ঠা! +॥ Y 4 I, *আয়াতৃল Fe পড়ার পর আমার সাহস ২ য়তল কুরসি পড়ার আগে আমার সাহস",0,0,0,NoAg
Halal Memes (207).jpg,"নিৰ্বিঃ ভাবছি বিয়ের পর চিনি খাওয়া ছেড়ে দিব! নিব্ববিঃ ক্যান? নির্বাঃ ঘরে মিষ্টি বউ আর চায়ে চিনি যদি ডায়বেটিস হয়ে যায়! byjid hasan [3 লেঃ লে ০ Gl টু লী ৮4 4 ZA 11 Pani ow. ay ৬ A 1 ং ইশ,",0,0,1,GAg
blog 413.jpg,নম্র: hy 23 TS ০) Ix উিমাউখা পাঁড়। ১ or Wa Vou 5x ans Fi 1 Ir 7 4 Ww 47 1 টকা i et sh ৫ ০! SB oN re DEAR Se,3,3,3,RAg
bangla-troll (52).jpg,"আব্রাহাম লিংকন বেচে থাকলে তা হতো- তের বর্তমান স রখ 1 La টা yi MARALA ডেমোক্রেসি ইজ এ গভর্নমেন্ট অফ দ্যা বালুর ট্রাক, বাই দ্যা বালুর ট্রাক, ফর দ্যা বালুর ট্রাক!",2,2,2,PAg
fb 1793.jpg,"বাবান্মা: আমার মেয়ে ডাক্তার হবে, আমার মেয়ে ইঞ্জিনিয়ার RW বাঁড়া ৮৮৩, g লী | EV | 111 1 Ll I 3 "" Lda amen (55 eo | 41০০ a 4 A! \ SR t A",1,1,1,GAg
bamboo-vaiya (20).jpg,গিটার বাজানোর পরে ~ x * es wi A = i 1 rh 3 J এ আমি fe aera! 4 Lo | তার wit হম না 1. রা] আজ থে নন ry Ro কভ্ালো ্ হয়ে যামু,0,0,0,NoAg
fb 1160.jpg,৯১০ O দোস্ত কোথায় আছিস - স্‌ ই রং 1১/&্ | ক্স হা i To fs fo গালন করা হ্য় V4 @Masud Rana y PE AT Fhe ৯. Welcome To Bangladesh,4,4,4,Oth
in 205.jpg,"WRC পারিকা অনলাইন তৃণমূলের আশিস বেরোতেই জল দিয়ে উঠোন ধুয়ে দিল বগটুইয়ে নিহতের পরিবার, জানাল, অপবিত্র হয়েছিল বিকেলে বগটুইয়ে সেই বাড়ির উঠোন জল দিয়ে ধুয়ে 'পবিত্র' করেন মিহিলালের দিদি ঘেরিনা বিবি। তার দাবি বাড়ির উঠোন অপবিত্র হয়ে গিয়েছিল। তাই জল ঢেলে ধুয়ে দেওয়া হল। 7) 0 | গাচাচ5*'",2,2,2,PAg
fb 1635.jpg,হ্যরত মোহাম্মদ সঃ এর ব্যবহার করা তলোয়ার। আপনার ইচ্ছা হলে সবাই কে দিতে পাড়েন। Share: AHI FGA করে উ' HI RU 3 oo প্রশ্নঃ ইসলাম ধর্ম প্রতিস্টায় কি তলোয়ার লাগে 2222222 IEE EEE যিশু অথবা বুদ্ধ তলোয়ার ছাড়াই ধর্ম প্রচার করেনি ?,3,3,3,RAg
KAM (118).png,"তা-ই ৩%' &; 2 h Ee 14 eS a] | জান, তুমি রোদে, দাড়িয়ে আছো!কেন? Ee =F / আরে (TIRE: gp 1 aad",4,4,1,GAg
KAM (357).jpg,৯ = FAK] Zo ANN EBA ji taki ৭] faki Wal baiji faki Jo faki baiji faki আপনি যতই বড় হয়ে যান না কেন মায়ের চোখে সবসময়য় ছোটই থাকবেন! = Ex EN \ faki,0,0,0,NoAg
direct-offense (72).jpg,"ব্যাকরন না বুঝলে মুড়ি খা, = মাতা মুটারে কে REE জে খত ৫ A কাজল - ১১১৭ দ্য ৫) 37 |",4,4,1,GAg
blog 43.jpg,"আল্লাহর একদিন ৬ মানুষের এক হাজার বছরের সমান। (সূরা হাজ্জ্ব, ২২:৪৭) | লা dhermockery.c m (2: bit.ly/dhorm) আল্লাহর একদিন 5 ৭ ৮ মানুষের পঞ্চাশ হাজার বছরের সমান। (সুরা আল মা'আরিজ, ৭০:৪)",3,3,3,RAg
Halal Memes (228).jpg,"গ্রাম থেকে শহরে ঘুরতে আসা চাচা ধানমন্ডি,বসুন্ধরা দেখার পর কেয়ামতের আলামত শুরু হয়ে গেসে",1,1,0,NoAg
ovodro_img (260).jpg,-_ দেবের মত RABE] করতে হলে ০৬০৮০ MEMES গে A wi বন খানকে আরও 500. 3 [GRAY নতে হবে,4,4,4,Oth
fb 269.jpg,"নানাঃ নাতি আমার ডাক্তার হবে। মাঃ না! ছেলে আমার ইঞ্জিনিয়ার হবে। 18 AC I! CREE AIS. এদিকে ছেলে. i | = / MR A শা ৮ 3 ৬ A রহ ৷ oy 2 9 oo a ada ""২ 1) AE 37 Pe. @7 এল oo ৷. ১ ( as i fog IRE OT ERE Seal a CRS fil | |< পোলার CRE = 7 a",4,4,0,NoAg
in 633.jpg,3 - = যা IX tr is er Vy 74 4 fr prt,2,2,2,PAg
in 187.jpg,টু | ak BC IWR AIC 4A ১১২ ০০ 0 ৮৮২ a R. ৩১০ i 3 [ fi YA o \ \ 1 \ \ A ৬৯৬ 1 কেও I,2,2,2,PAg
bangla-memes (26).jpg,যখন তোমার ছেলেরা আর্তোন্টিনা সাপোর্ট করা ছেড়ে দেয় @ [= aad] EL A A. 5 ROTHOMALO.COM তিনি একজন যুদ্ধজয়ী বাবা। হক দুই ছেলেকে সুস্থ জীবনে ফিরিয়ে 'আমার ছেলেরা এখন মাদকমুক্ত,4,4,0,NoAg
chosha (129).jpg,"পাপ 3 ১ যেতে,.হবে।এ এসেছিলাম।/একা লে শি] {| 1 i : Tie টু ol",1,1,1,GAg
in 60.jpg,পঙ্গপাল- @SAAD \ এ কি:বরিপদে GIES,0,0,0,NoAg
fb 1549.jpg,"ও ন্স্তিকতা মানেই বিনোদন চুপচাপ গিলে মা! HIM, { AE AAT AA না! নির্নর্তল্রনাদ (তা = Ph এনা গিওরি! - 27 ) [7 ) /| | \ \ Ww NN ৭ S27 AL |",4,4,3,RAg
Bangla Thug Life (190).jpg,"বউমা একটু সকালে ঘুম থেকে উঠতে পারোনা Bengali thug life V aly কথাটা আমাকে না বলে APE -- ) আপনার ছেলেকে বলুন রা 1,5 - Ny La fF Baw a % ' , কেন? ২৮৯ Sd তত \ গোটাবছর আমি জোর করতাম এজন্যই ot লকডাউন পেয়ে আপনার ছেলে আমার * 9 . Ms ; কোমরটা শেষ করে দিচ্ছে ৷ A রর ,e Mrwwyy +$7 ত্র ন্ ঢা ্্ 4 a ++%14%) চেক tea 4",1,1,1,GAg
fb 286.jpg,ঠাস মাইচালত্ ওুজেন হান dl 02 Te did 915 Uk ০০০০ টা: SA,1,1,1,GAg
fb 81.jpg,রাতে না ঘুমানো বন্ধুমহলে পার্ট নেওয়া এড কোড কপি পেস্ট করা প্রোপ্রামিং চর্চা করা উপস! BANGLA TReLL,4,4,0,NoAg
tangaila (95).jpg,TAN Sarcasm LN হাসানের১ছেণে {= RITE 3 ji 9 9d কুমুদিনার,1,1,1,GAg
blog 410.jpg,"তে ৯৯ = ১ NN | 5 ty = PN. 4 & অনুবাদ: dhormockery.com (2%: bit.ly/dhorm) নিজেরে যখনই আবাল মনে হবে তখন মনে কইরেন, আপনের চাইতে বহুত গুণ বেশি আবাল এই দুনিয়ায় অগুন্তি, যারা বিশ্বাস করে, ইউনুস নবী মাছের পেটের ভিত্রে জীবন্ত আছিলো চল্লিশ দিন",3,3,3,RAg
fb 159.jpg,(১) আমি বিএনপি। (২) আর আমি আওয়ামিলীগ। fet 51 Oy [2 [ (৩| যে বিরিয়ানি আর কোক দিবে আমি তার |,2,2,2,PAg
in 340.jpg,কা / 4 ৷ Ty কয়লা কয়লা কয়] নী রব = Oo ১ bs N 6 4 আমি একদম পছন্দ করিনা কয়লা eg ভাইপো ট্ী -w . 4 . o 8 কিন্তু কয়লা আমাকে ছাড়া থাকতে প্লারেনা ল্য,2,2,2,PAg
KAM (364).jpg,সে ্ প্‌ / জি. 4 রী ৮ / ১৯৮ বট মানুষাশিক্সিত হয় FB/FAKIBAJIBD আর[(এরকুটা (মেয়ে ৪০টা্চঘছেলের ali al কে কইরো?,1,1,1,GAg
fb 1057.jpg,৫ম ম্যাচে সুযোগ পাওয়ার আশা করার পরও যখন মিথুনকে না নিয়ে বাজে ফর্মে থাকা সেই সৌম্যকেই আবার নেওয়া হয়* মিথুন: = W RaTal ২ ৬ ফাইট্টা যায় বুক ইহা যায় লা,4,4,4,Oth
fb 1890.jpg,"3 i ভালো GPIG SB SY CRA SE SUGRD Ei AUS 23] ING ~ Me | oN Vy 7 x তা wa 3 J wd [1 | J i e SAEED |AZMAL aR ""৩৫ 353 ERP SR ৬৪ ২ / টি AT ) Ne a f & L | yy ~ \ be Ne [LAN - r পপ a I bi] 4 ) $5 pr",1,1,0,NoAg
fb 557.jpg,"সুন্নতে খৎনা শুনে সারাদিন চিল করার পর পিচ্চি যখন বুঝতে পারে একটু পর তার সম্পদ কেটে দেয়া হবে.9 ALOFT o o ad 7% /, t # A i (i 7 = ৬ \ . ৫ x ENG Wy 4 & ২ PAT 7 4 y ni 7 Si NG / A SON সী ১ | ol তু \ H ডা ঞ্্ী ai ৯২ টা Sow & 423 Ak ন্ট. ১২৮ AR ond wi Peis) =",4,4,0,NoAg
ovodro_img (385).jpg,সরস্বতা পুজোর সময় মেয়েরা মেকাপ এর মেকাপ এর আগে পরে || | Vy - ) ৬ | Res / নে OVODROIMEMES,1,1,1,GAg
KAM (175).png,"্ ছেরে আনুশকা এখন বিরাট > তং টং akib s ple c) Soro ১১1৫৫, [en ৯ ol = AE) PEA এর সঙ্গে!",4,4,4,Oth
pin 56.jpg,"মুম্বইয়ে চাকরির দাবিতে পড়ুয়াদের রেল অবরোধ nm 0 mia IN in 5 x ৬ দা না চু হস টো - ""E73 wo ~ a > _ | + রর wd =) এরা দেশদ্রোহী ME MES মোদী বিরোধী, এদের পাকিস্থানে পাঠানো হোক ঠা 8.4",2,2,2,PAg
fb 1328.jpg,"a a A M = বম EL আমাকে ডেকে আমাকে অপমান করা হয়েছে। আমি এর প্রতিবাদে কোনো ALAR দেবোনা। A { | রা BS ""আমরা সবাই অযোধ্যায়'রাম গড়তে দেবো Th 4 Sn 3 ॥ 7 x | Cals ২ চে A",2,2,2,PAg
fb 1834.jpg,ক TT. rr জে pa TEL TSH টাও. SITIES ik ষ্ঠ W ~~ i= is A = =,1,1,1,GAg
in 636.jpg,Kolkata Civic Polls: টাকা ক পুরভোটের প্রচারে বিজেপি যেন ঢু | : ৮৬ {: i (1 | জজ ১ ৭) (8 MES,2,2,2,PAg
KAM (251).png,কাঁপলদের oJ ts দিন। Bam ক্যারে.? ar [1 fb.com/chillas kere TA FAT Or) কাগড ধায়ারটিন।,0,0,4,Oth
fb 1573.jpg,"সবর দদার্থেরই ধর্ম আছে। ক্রিন্ত, নাস্তিকদের ক্রোন ধর্ম নেই।॥ ্ = ou সুতরাং rt 5 4 ও নাস্তিকতা ১ ৭৫ ৫ পা মানেই বিনোদন",3,3,3,RAg
fb 812.jpg,ভাত খাওয়ার সময় কোন তরকারি পছন্দ না হওয়ায় যখন ডিম ভেজে খাই । ৬ পর্ব: ৭ / i Jamunalty এইটা বলতে গেরীইসসামাদের জমিদারি,4,4,0,NoAg
fb 1467.jpg,"কাবা শরিফের ছবি, রহমান আল-আজহারী এর ওয়াজের তোমাদের মিম বন্ধু ঘারা তোমাদের ression মুত্ত' রাখতে চাই LA) চি 1 সাওয়াব a | =",3,3,3,RAg
in 279.jpg,"Meanwhile In A Parallel Universe (Bengali) ~ RS /%/ ৩% বাড়িয়েছি এটাই অনেক, বেশি ঘেউ ঘেউ করবেন না!",2,2,2,PAg
fb 1299.jpg,পাবলিক বিশ্ববিদ্যালয়+* ১ম বর্ষ 8্থ বর্ষ 9) রর | | \ H.R // ক \ সা,1,1,1,GAg
KAM (14).png,"দা ee 0 ৯১ Us 7 Z I nm, ৬ \ | / 1161৩ সি //॥ rs আছে যা | যাতে কেউ 5 aed ie না cn জন্য টি SR দিয়া ঢাইকা Ff",0,0,0,NoAg
fb 1874.jpg,"GOT জামা হত পারতাম চি RS (এ) যাস] দা আমাল GRC কও | (RID,",1,1,1,GAg
fb 865.jpg,"Sl % 7 SR CATA ETS ZR r Cad 7 7 4 % : 7/7 3 EH 7 IN PL পা bo. Nabin's m, এ লী 5 1 pk il. Fer HE ফরোয়ার্ড. PEA wr",4,4,4,Oth
tangaila (143).jpg,যখন হঠাৎ করে হাসানিয়ান বড় ভাই কল দেয় #SAGOR AAA,0,0,0,NoAg
fb 196.jpg,আমেরিকার ড্রাইভিং লাইসেন্স YORK STATE EL en 06102016 কাটেনা TRIO ঢা টা বাংলাদেশের ড্রাইভিং লাইসেন্স,2,2,4,Oth
in 116.jpg,১৬ বেগম রোকেয়া বেশি পণ্ডিতগিরি না করলে প্রতিটা মেয়ের আজ একটা করে সুখের সংসার থাকতো ্রী He,1,1,1,GAg
ovodro_img (432).jpg,"DC a | ce | of এ নখ | 1 - Tang Fon * 2 Za) [ জা od =, আরোও Yon বলছে, Sy Nd সাপ ফনা TRING] GSE",1,1,4,Oth
fb 448.jpg,"কিছুদিন পরপর একেকজন মা হয়, আর বাবা খুঁজে দিতে হয় সাংবাদিকদের 9 পযচাান 50081. 6 লা == 4 স্পা পূ lhe | ym 7 যয Ws Br",1,1,2,PAg
ovodro_img (109).jpg,"গে ই a 2 ad Qn), ১) দা, wx = il Jl p. it = a Af Ale বাং TICE Toes কাপ জেতার আশা ছে ছেড়ে! রদ ও adh af -~ pe Lr rr Ws WN} : GT cS থে AT হওাযে , তোমরা তি রতের সা থে ফা Ele i [Gay",4,4,4,Oth
fb 667.jpg,"১ম-৫ম শ্রেণী পর্যন্ত পরীক্ষার প্রস্তুতি )) ৬ষ্ঠ-১০ম শ্রেণী পর্যন্ত পরীক্ষার প্রস্তুতি g ঢা -, জা! কলেজ ও ভার্সিটি পরীক্ষার প্রস্তুতি 1",0,0,0,NoAg
fb 1012.jpg,"SIE RUISEE] [6 ""9. তেন লী # a N=, ১ ডু টম if / v \ ur Li safo@1 4 2, & od আবার প্রতি = জুম্মা মোবারক মারান",3,3,3,RAg
fb 1279.jpg,A) = 7 Z po 5 Ay) LL SRY পারে PA} যায] তলা] আই এখান! gel (RICO | 2) r,2,2,2,PAg
blog 411.jpg,LE 5 = 17% এইখানে পষ্ট কইরা লেখা আছে v A পাহাড়গুলা শক্ত কইরা বসানো আছে বইলা পৃথিবী বে 4 - হেইলা-দুইলা পড়ে না। সরা ১৬:১৫) Br _ 7 এ ১ ho EE aaanad & 2 8g = ১ &,3,3,3,RAg
fb 494.jpg,"+আমার, ছেলেকে আমি'রেশি না তার থেকে ভালো তে আহ আমা! তু GC J; মা; পা *সারাবছর, হোস্টেলে একসাথে থাকা রুমমেট ১. ও বয় a অস্কুণ ওরিও বয় এ",0,0,0,NoAg
ovodro_img (785).jpg,"Re pe -_ & 3) > = পূত্যোর শ্রিং করতে কীরে এত I w Sk | রা -_ & Hm: Ii এটা তো,সুখের রিষয়! ১০,০০০-টাকার জিনিষ কান্না।কেন. A -_ এ জামা'প্যান্ট' কেনা (হয়নি তাহলে।তোর AIT) শুধু পর সব কিছু তুই BIRT A DARA? ৩২১,০,০০০ লেগেছে",0,0,1,GAg
blog 166.jpg,"নল অনুবাদ: dhormockery.com (প্রক্সি: ০10.1%/0100117) an, N yy. Se me. 00 প্রার্থনাবদ্ধ দুটো হাতের re কর্মরত দুটো হাত সব সময়ই AZAR শ্রেয়।",3,3,3,RAg
in 423.jpg,ঢাষ্ রে 3 TRE) লি রত / ha a a রেজিমা Wa L Nd {ie il a MES ~~ ec 7 & = লো A q > oR |) ১৯৬৯. ) Pa,2,2,4,Oth
ovodro_img (665).jpg,aaa ছ ৬ নি 4 oR SI AAA mi রো না| RICHI lk SI আসরে Sl,0,0,0,NoAg
blog 509.jpg,"পায়ের গোড়ালি ঢাকো, নাইলে আমার ঈমানদণ্ড খাড়ায়া যাইতেসে। || ৯ J L dq % AS g = . ; মাল i=l অনুবাদ: না মমিন মুসলিম",3,3,3,RAg
fb 780.jpg,নানান 7 গোস য়ে পানি ঢালার পর. গোষহয়ে যায় de রং আভল হী সামার লাইফটাই লস,0,0,0,NoAg
in 20.jpg,ঠিকই ধরেছেন আব্বু আম্মুর বিয়ের একটি ছবি খুঁজে পেলাম নত (ভাবছি নিলামে তুলবো.. ছবিটি কিনতে হলে যোগাযোগ করুন আমার সাথে),4,4,1,GAg
fb 890.jpg,শীতের ভয়ে সাত Is SERGE] GIRS] SOURED \ * Am আআ বারে গোসল করলো কি করলো না GER] RIE] GRID য়ঃমারামারি করোস কেন!,0,0,0,NoAg
bamboo-vaiya (234).jpg,"যখন তুমি টাইম মেশিন দিয়ে ভবিষ্যতে যাও আর গিয়ে দ্যাখো তোমার ছেলে সব মিম এ লাইক দেয় আর নাইচ অল কমেন্ট করে তুমি, Cele Ja LY, ; 0 ast 4 ation Va a Vig Eat aS ATS remem SN Fay পরী a.",4,4,0,NoAg
in 618.jpg,বমি) ০০০৮ KMC Election 2021: | জা লী Vy 1: - 5 ) 4 1 অভিষেক এটা একদম ঠিক বলেছে.,2,2,2,PAg
Halal Memes (99).jpg,না গিয়ে স্কুলের যে eer থাও বেরাতে ESP ne যা জামে.,0,0,0,NoAg
chosha (73).jpg,1ণ্ণ। 1|/ 25:1] দা চোস্দা EL চৈ = 4. চোষা \ = \ A 4 2 = রী ০০ | || থাকে বাড়ীতে জোর ~ A,1,1,1,GAg
bamboo-vaiya (23).jpg,জী ছাড়া দেও আগে সী হ্যা | সবাই এই কথাই বলে GO,1,1,1,GAg
blog 74.jpg,"আঁমি তোমার জন্য দোয়া BRET | J | 2 ৬$ চু ইয়া মাবুদ, IE অময় আমার (RAAT অব দুয়েন্টই যে আহি), তাঁমি RATT নাঁস্টিব্টারে (V2 REE ত্রত্তাঈত দান BRT | আমিন |",3,3,3,RAg
ovodro_img (626).jpg,না El \ A | ভু পদ পদ 3 জায়গার ois দেবকে ৫ UH যেভাবে Ti] = i no =X পপ রর Tan সকল নে লে - & i HO - ra a iy Blea c বছর Ex ভারে| দেখেছে! 1 জী! ~ a,4,4,4,Oth
fb 1508.jpg,"মহাদেশের মর্নোচ্চ কালীমন্দির (ভেঙে যারা করে দিলো মাফ ""i টি ue ai A : ba i pi সাফ করে সিন (তামার aa ২",3,3,3,RAg
fb 1607.jpg,"নাস্তিকরা যখন ফ্যামিলিতে ge oS 1h ) 11] নাস্তিক যখন মার্কেটিং এ - চল he J Co pe CA [) ৬, LE E Ni io WT রবড় বাপ a 2 নাস্তিক যখন ফেসবুকে ও পার্টতে স্ত্্ SN Es - টি v/ নাস্তিকদের বড় বাপ",3,3,3,RAg
blog 29.jpg,পাপা a কোরান না পড়ে ইছলামের সমালোচনা কারুর নেই। অনুবাদ: dhormockery.com =f: bit. ly/dhon a ~ = বিষ্ঠা না খেয়ে বিষ্ঠার সমালোচনা করার si nC কারুর নে 7.,3,3,3,RAg
ovodro_img (64).jpg,"ও নিশ্চয় কথা ভাবছে! সি বাদেই দুর্গা পুজো IB সোপিং রুরতৈ হবে F wr ২, bY 4 Pras",0,0,1,GAg
in 13.jpg,মানুষ কোলবালিশ নিয়ে ঘুমায় ve = WA - ~~ ৮ আমি বই নিয়ে ঘুমাই,0,0,0,NoAg
fb 874.jpg,শীতকালে দিন শীতকালে আরো ছোট হয় অনেক কিছু ছোট হয় A oin s Meme | YY,0,0,0,NoAg
in 247.jpg,১ম 0 '॥ \ দেখতে পাচ্ছো বিনো দা. 2 + MEMES | ভোটের আগে দলীয় a কিভাবে কনস্টেবল করার ছক করা হচ্ছে,2,2,2,PAg
fb 1266.jpg,তাই! ওরা পুরুষকে গালি দিছে। ্চঃ Adam ব্যবসা তাই! ওরা নারীকে { / গালি দিছে।,1,1,1,GAg
in 387.jpg,"৮ ? Vl th Po ৮৮ A 10000000000 000200 AND &. ১ ক নী Suvendu Adhikari: বিধানসভায় বিজেপি বিধায়কদের নিয়ে মুখ্যমন্ত্রীর ঘরে শুভেন্দু. বসুর নির্দেশে"", দাবি শিক্ষাসচিবের v2 MEMES ৬১ (4 পু ক্রিয়ার সাথে সাথেই প্রতিক্রিয়া ঘটে _ 4",2,2,2,PAg
fb 342.jpg,টুথ AT PAR হওয়া If [ ১) (4 Aor 6) AA,1,1,1,GAg
ovodro_img (511).jpg,(G1) এক্রার হবে নাকি? নাজ F is (<0) দি ছাল 210] তে আগ না কীচো টা খেতে GIR ?,1,1,1,GAg
fb 656.jpg,"ft ha A টং > ডা Fes আমার পৃথিবী অনেক বড় kishoralo.com পায়ে দাড়ানোটাই জরুরি, বিয়ে করা জরুরি ar! শারমিন আক্তার পুরুষ জাতি ভন fl | | } / - রে",1,1,1,GAg
fb 1792.jpg,"অন্য কিছু নাহ পিল্টার থেকে কি ভাবে পিওর পানি বের করতে হয় এটাই দেখানো হচ্ছে এখানে, তাও কিছু লিজেন্ড << 7 Pl (Le 1৮",1,1,1,GAg
fb 776.jpg,ছোটবেলায় মেলা থেকে আমার জন্য আব্বু কোনো খেলনা কিনে আনার পর চা Hot * Cel h 4 Re Yi al Th ge | আমি - ৬ | Pat 20% LX ১) { EN (1 SI ৪ m a [4 *) G atulasions Chellss~ হোটভা ভা ২ উন ৯০ x4 / EF,4,4,0,NoAg
bangla-troll (59).jpg,১০% po a ৷ an ০৪৭ জীবন নিয়ে আর বাকি 50% মেয়ে ছেলেদের AF খেলতে খা পছন্দ করে!,1,1,0,NoAg
fb 1680.jpg,হালার নাস্টেক! চুবানাল্লাহ্‌ ! আজ ধ্‌ড় অবশ্যই ঠিক হুজুর! ইসলাম কইসেন.. নামাইয়া দিমু .. থিকা তুর কল্লা অর্থ শান্তি! আর মুসলমান মানেই শাস্তিকামি. নয় KE) vv |S fob 3 Y t 414 2 \ র্‌ 7 তো হুজুর ! Pat -- সমকামি' ও মতো' মানে 'শান্তি'রে ধরি বলাৎকার করা বুঝাবেনা কেনু?,3,3,3,RAg
fb 1846.jpg,"\ | -"" রঙা বলল AINTOS A গা L J { 3 ] - A না / 1 M F Aq ha The BainTost| 4 ২৬ 8 ফেব্রুয়ারি ১৪২! >. G2 Loe |.",1,1,1,GAg
fb 921.jpg,"্ - 1 \E| . WA 1. W Ny চল we. Q@ 7 fw গা 1 a | ৯.৮ Aut "" af 4 AN = [৮ we oy ৯৬০ we. fl - ot a ft - - vs <a pon % শু | 220 [ed hf */ de Fk ১. 1+""-১ তা. "" CORE ~% a Fo 5 J m=. od রা পাগলা পারদ ary",4,4,4,Oth
fb 100.jpg,হইলেই বাঙালী! HE P&L == ( p= = & 9 & ( \ << = Nf GED XE RJ,3,3,0,NoAg
Halal Memes (24).jpg,যখন আপনার বাসার বাথরুমে টাইলস না আছে সেটা গুনে এফবিতে স্ট্যাটাস দিতে পারেন না- মা SE তল ক পাপা | ২ টা. ৭,0,0,0,NoAg
Bangla Thug Life (48).jpg,Han] 12 Ld ae wet এ SUR Sl মি = আয vr i Yi =2 1 ou | : ৷ কনডমের ) / & ia Nd os _ st [= Des St 7 =,0,0,1,GAg
tangaila (235).jpg,যধম ELPA সেয়ে জানতে পারে চার এরা এধম DHE Bla মান্দিরণ্- Tangaila a a তন I RBI (| Bra,1,1,4,Oth
Bangla Thug Life (274).jpg,"বাজে দ্র 7 শিট 3 করা [০ aT) iw ) a hi J d LoS,",1,1,1,GAg
fb 158.jpg,নারীকে শাড়ি দিবেন wi > - a. শা A \ pear NS,1,1,1,GAg
Bangla Thug Life (99).jpg,ম্যাথ ক্লাস শেষ হওয়ার পর - 1 চা ৯৮ আমার মাথায় আসমান ভাহইঙ্গা পরসে M,0,0,0,NoAg
blog 2.jpg,"জাপানি পর্ন মুভিগুলোয় পুরুষ ও নারীর যৌনাঙ্গ যেভাবে blur বা অস্পষ্ট করে দেয়া হয়ে থাকে, জার্মানির চ্যান্সেলর মেরকেলের চুলের ওপরে সেই একই পদ্ধতি প্রয়োগ করেছে চৌদি সরকারী টিভি-চ্যানেল iy ! r \ \ pages be dhormockery.com (2: bit.ly/dhorm) একমাত্র ইছলামই নারীর চুলকে দিয়েছে যৌনাঙ্গের মর্যাদা",3,3,3,RAg
fb 1250.jpg,fb.com/mohammad. shariful.islam. 11 RE 4 Pony | 7 Mec) -তারত তাই তাই 1.4 5 EJ Eg Ly রে el f as,2,2,2,PAg
blog 237.jpg,"নে al Refs - ১২০ Cod , wi dt A > ty 4 { C5 Bi + পা C/ ET of 5 hel Q <4f SL A 5555 4 ১৫ গো লস গা"" লং হা আল্লাহ, পর হ ্ সের IC",3,3,3,RAg
in 178.jpg,চকে pom [১ vd (= > 2) Ny b \ Z ! এ ১ উট কিন্তু দুর্নীতিমুক্ত তৃণমূল কোনোদিনই সম্ভব নয়,2,2,2,PAg
fb 382.jpg,(i বিয়েবাড়িতে মেয়েরা YA a 4 বেশি খাওয়া যাবে ৰা ডায়েট এ আসি;যাদের বিয়ে তাদের সাথে হ্যা এত সেজেগুজে আর মেকাপ ছবি তুলতে হবে করে এসেছি ছবি তুলতে হবে খাওয়া দাওয়া বাদ ছেলেরা নট NSN meme junctionJ$Hl চট 8. ৰা ঙ hs: al ভাই প্রথমেই বসে যেতে হবে হ্যা ভাই তারপর দাড়িয়ে খেতে কোনো কথা নাই মেয়ে দেখা যাবে,0,0,1,GAg
fb 1850.jpg,"TY (IGT জাগা TA TP La ! Jas AR /| /| Y i i $4 ১১, কটু । ITE 4 | \ Shag চালে \ \ \ চা হে eet I \W (im WW i thal wel |",1,1,1,GAg
direct-offense (10).jpg,স্তহজেে পা a তিতলি কী: পারবে! ? TN SI একটা তা - সং এনে দিতেও oe ৯ Ex ইজ TE Y a aexisbarovatari487 y-,4,4,1,GAg
in 213.jpg,পিসি। ESO iat ০০,2,2,2,PAg
fb 1712.jpg,মঙ্গল শোভাযাত্রা করছো? মঙ্গল তুমি রাখো! শোভা'রে পাঠায় দাও আমার কাছে.. off a],3,3,0,NoAg
fb 2078.jpg,GT GIB গাক্রুদা be test r zd =) মি শর \ B=,4,4,4,Oth
bamboo-vaiya (11).jpg,"wre Th 4X + a A Wo আরে,ভাই শকটাচ্গ ছিল যারা eat এরারের লিগ জেতার স্বপ্ন,:এ: নও দেখে ১ aia শী ay A} সু - Rl ROE -y Ts ?' | নাম, বললে মানু ST, থাকরে না 1] [) = x - IG Sea Sa 2-2 ll দা Al ~~ / FREE Rh | Ee nr তুমি আবরার রিয়াল AMF সুদাও কেন? নন on. -~ ~",4,4,2,PAg
Halal Memes (14).jpg,AN Aha yy .- { Y fo YY Qi UR] রন ১ *রিটেক \ R I \ eh i A = | ~~ % রা CE SS,4,4,1,GAg
fb 1609.jpg,= 13 ৪] + wi iF AR না | 3 মানবধ রমানুষ গুলো দেখতে এমন,3,3,4,Oth
Halal Memes (227).jpg,"প্রিন্সিপাল ম্যাডাম যখন আমাকে উনার অফিসে ডাকেন jead লে আমার বন্ধুরা LL Bal 1: 1 dd 1 4 ॥ ud 11 ""4 গো ৫ (1 '? 64 পু Ly YE * Peet yg 7",0,0,0,NoAg
tangaila (182).jpg,"$4 he = Plog না ডা iN vf a > + em J nT E #4 J NANO. a 2 Ny i i) fed FR ls Pa, 2% > ab 11 ট্যুরে, যাওয়ার প্লান.করার,সময়,বন্ধুরা,সহ ৪১01, Sarcasm | - [০4 লা y / | ven এ কা",0,0,0,NoAg
in 595.jpg,চপ ছু শা বলছি বিধিনিষেধ বড়দিনের আগেই চালু করতে হতো el weal | কোথা থেকে = সতো ? wr a,2,2,2,PAg
fb 1377.jpg,"কোনোরকম,রাজনৈতিক্জ্ঞ ত্ঞান(না থাকা মাথামোটা টা ARIA on বামপন্থী আন্দোলনের ভিতরে,থাকা ret ক্মী। দক্ষিণপন্থী মনোভাবাপন্ন লোকদের V/ সমালোচনা করা বামপন্থীরা | ih A y ৮১১ সস: LA J 1 Y wnt",2,2,2,PAg
fb 1446.jpg,"নে কোরআন পুড়িয়ে পহ্থিদের বিক্ষোভ অনলাইন ডেস্ক | ২২ জানুয়ারি, ২০২৩ ১২:৩৯ A : | The ও n t",3,3,3,RAg
fb 1262.jpg,০] নন 5 | I ৯ at a 4 ৭ ir a ০১:০১ 19 A দমন ho কি! TN ঘমাচেছ কও UU,3,3,3,RAg
in 605.jpg,৪ বর্ষসেরা ব্যবসায়ী 3 ০১ ৫ 4 ৮ ১১০০৬ | a 1 il} সেন এস ২০১ লক্ষ ১০ আক set JNJ Kuchute Memes Award 2021,2,2,2,PAg
bamboo-vaiya (16).jpg,Wo et রব iy ) L 1 না GK SIENA EEE CRG SIGIR GE Kiki nn ৬ OE (Kn মাদারচোদ,4,4,4,Oth
Halal Memes (317).jpg,"কিন্তু যদি গাজা পায় সেটা আপনার - MEME পদ বি @aslvaful.or b, . . - - Thug life \",0,0,0,NoAg
in 152.jpg,| Ea - | Wl 4 ll = MEMES ৭৪ > fos S r fw সামনে SETS. a মাসিমা আমাকে চিনতে পারছেন তো!?- % &F চিন্তে CUR ary টিভিতে কতবার দেরি ই টাকার বান্ডিল নিতে,2,2,2,PAg
fb 1771.jpg,লা খেলার SE এত্ত ২ ১২৬০০ 51) ও 1,1,1,1,GAg
Bangla Thug Life (378).jpg,গার্লফ্রেন্ড পেয়ে ফ্রেন্ডদের ভুলে ভুলে যাওয়া ফ্রেন্ডের যখন ব্রেকাপ হয় A i Ly চা এটা ও আঁক CRIA নিয়া,0,0,0,NoAg
bangla-troll (33).jpg,"দেখে চোখ ra 7 NC AM oJ. a mare Sach, - 70 নিশ্চয়ই তার চোখে 7 ce ্‌ EEN",0,0,0,NoAg
fb 1961.jpg,"কৃষি শিক্ষা ক্লাস করাচ্ছে স্যারে ৬ { ZN 7 Wy J A Via 1 ol | ৬ Pa an th i ro 0 Sep J a ৮৮১, 7) 1 (4 Y 4 ve / | i I f "" \\ MH.",1,1,0,NoAg
bamboo-vaiya (180).jpg,পার্ট (0 // ৮২০৮৮ Ye dal = মাদারচোদ ৬৩ যা 2% 3 ৯ =,4,4,4,Oth
in 488.jpg,Wh r লিজ |. 7 \ a be borin তো! M \ - FY MEMES 7 an I | 4 ন্‌ al fd *) সম্ভার দেখান,2,2,4,Oth
blog 161.jpg,- বেহেশতে গিয়ে পুণ্যবতী মুছলিম জেনানার প্রধান কাজ কী হবে? র স্বামীর ৭২ হুরের <= কাপড়চোপড় ধোওয়া ও ইস্ত্রি করার জন্য বুয়া লাগবে না! অনুবাদ: dhormockery.com প্র্নি: bit ly/dhorm pr rn ry. a ar = | (GA amt,3,3,3,RAg
KAM (72).jpg,বাবা আমি সত্যি বলছি বাথরুমে Bie! পড়ে আছে Vr হইছে আর মিথ্যা বলা ANE oF ্ হতে মার ওই বয়সে থাকতে 3 a Va ২২৯৯২ QT GRIER ছিঃ,0,0,0,NoAg
bamboo-vaiya (110).jpg,"a | | ) / মী 3 58 Ww বিশ 5] CIES) রাস ্ SRE রায়' ট্ষউ - : ""a",4,4,1,GAg
tangaila (288).jpg,/ / চৃতপি মিউ ইয়ার 14 os ET জুমা (Aad ad p,3,3,4,Oth
fb 460.jpg,re মর] 9 জি 2 8 ah en 1৮111 ১ 1৫ al gi | কাপড় 4 GY) Ir AN ৩ নদ ৷ যায়! = Smart phuto editor art 2022 | [পা,0,0,1,GAg
ovodro_img (436).jpg,7 পাদ পদ গা all wis RISES Si CI * সা USSR পানা ALE aM) _ Gh আগে বাংলা টা Bap করে IA তারপর না হয় বাংলায় গান করিস ১,4,4,4,Oth
fb 1330.jpg,"1 r 3 A i. ২১ বাবা বলেছেন আপনি নাকি আমাদের পার্সোনাল ডাটা চুরি করেন? E, \ ow ৯ উনি তোমার আসল _ বাবা নন। IAN",4,4,2,PAg
in 145.jpg,"লোকটা কালীঘাটে শুধু জানতে গিয়েছিলো দা or N A ১) A ৯২ 4 . তৃণমূলের দলীয় প্রার্থীর নাম ঠিক করার ভোটও অবাধ, শান্তিপূর্ণ করার জন্য কেন্দ্রীয় বাহিনী মোতায়েন করতে হবে!?",2,2,2,PAg
blog 102.jpg,"পা NB - MOR 26 Ed hy মিলল J ga a এন as lal অনুবাদ: dhormockery.com (2: bit.ly/dhorm) অমুছলিম যুদ্ধবন্দী নারীদের লজ্জা দিতে ও অবমানিত করতে তাদেরকে ধর্ষণ করার অধিকার আল্যা মুছলিম পুরুষদের দিয়েছেন। -সুয়াদ সালেহ্‌ (ইছলামী অধ্যাপক, আল-আজহার বিশ্ববিদ্যালয়)",3,3,3,RAg
fb 66.jpg,"সেই খুশির মূহুর্ত যখন gy 2 4 ie ৯ এমি ইট Vale, দুই বন্ধু একসাথে ফেইল করি",0,0,0,NoAg
in 596.jpg,"4 ১ 1 i আবার বিধিনিষেধ চালু হলো! খেটে খাওয়া মা মানুষ গুলো কোথায় যারে!? ৯, লগা FA A fp ৯ : er আরোপ মানেই, (8 SF 9 ~h বাবুদের সাইড ইনকাম br \ | 2 TE পথেঘাটে পেটিকেস, - ৮ by কালীঘাটে স্যুটক্সে! ! h L WF 1) br \ |",2,2,2,PAg
pin 24.jpg,শিক্ষা মন্ত্রী টুকে পাশ a o/ শিল্প মন্ত্রী টাইম পাস স্‌ নল (3 ১ অর্থ মন্ত্রী দিচ্ছে বাঁশ E 4 7) ক্রীড়ামন্ত্রী কারাবাস নগর মন্ত্রী ঘুষ খাস = A B\ Ad কৃষি মন্ত্রী ফোর পাস St বাকি গুলো দলদাস মুখ্য মন্ত্রী সর্বনাশ রগ বঙ্গবাসীর লন্ডন বাস Viewiton dailyhunt & App Store ট Google Play,2,2,2,PAg
fb 1766.jpg,৷ বন্ধুর শালীর! পালা পপ 5 [x - ul,1,1,4,Oth
KAM (105).jpg,J ৪৪ Py - a 3: র5-9 W আমিনা GIS,0,0,1,GAg
blog 390.jpg,"নিজেরে যখনই আবাল নে হবে (a6) dhot corn (47: bit.l; ly dhormn) og চু ত্র তখন মনে কহে ল I < লে যা < Fa kh | BE) যন আপনের বা চেয়ে বহুত গুণ বৈশি আবাল আঃ (2 = Wb চাটি FIG, ৮1৮1 বি "" স করে, একদিন সূর্য উঠবে পচ্চিম দিকে",3,3,3,RAg
fb 1677.jpg,মানলাম আমি হারাম। কিন্তু ষ্টিকর্তা কতবড় হারামি হলে আমার মত হারাম প্রাণীর সৃষ্টি করতে পারে?,3,3,3,RAg
Bangla Thug Life (66).jpg,ডাটা প্যাক না কিনেই যখন আপনি ব্রাউজিং শুরু করেন সিম কোম্পানি আপনি Cp rm ১ a wi Facebook. corn MyFuckingMermes,0,0,0,NoAg
in 182.jpg,re Monkey Testicles হুহুকরে নাকি কমে যেত বয়স! dae অণ্ডকোষ মানবদেহে প্রতিস্থাপন করে চমকে দেন চিকিৎসক - 4 {Cres,2,2,1,GAg
fb 539.jpg,কী ন'টির পোলাকে 200),4,4,0,NoAg
fb 1838.jpg,আরেকটু খাও বাবু। ্. পদ পা ah fs Pi or le রন খে নক নদি ন ওকিয়ে যাচ্ছো al,4,4,1,GAg
in 377.jpg,"ABP Ananda ও eee Just now - Q আডবাণীর নেতৃত্বে বিজেপি এসে উদ্ধার করে! দাবি শুভেন্দুর। #SuvenduAdhikari #SingurMovement e LIVE West Bengal News Live: সিঙ্গুর আন্দোলন কোনও আন্দোলনই ছিল না, দাবি শুভেন্দুর এইভাবে সব বলে দিলে >",2,2,2,PAg
fb 142.jpg,সেই প্যারাময় মুহূর্ত ঃ & Ng ) র্ঞ ২. তর কু ঁ p 100 ০১ যে BANGS AT EL ~~ যখন পিজ্জা (Jo fei FS পিজ্জাতে না লেগে. নিজের হাতেই লাগে 4,0,0,0,NoAg
fb 1088.jpg,চা Colombia VS Argentina Semi-final 81371] 1039175- চু | SAT JI dT!,4,4,0,NoAg
in 28.jpg,"ঘরের সব কাজ করার পর যখন বুঝতে পারি যে ঘরের সব কাজ আমি একাই করে ফেলেছি me to আম্মু VA আমাকে,কি তোমার বুয়া,মনে হয়? আমিকোরিয়া আমার GEE কাছে য়ামোগ্রা | Cade ae",0,0,0,NoAg
tangaila (108).jpg,৬ be GAILA vo Bin go a a ৮১৭ - . a | a LEE 74 a = i re লু ছ ne on Bes ) না oN i পান এর ৯ ক \ ) A ৯ সে সিনীর মেয়ে ফু তে ] নব ed %,1,1,1,GAg
bamboo-vaiya (334).jpg,*৯ বছরের আমি ~ a লী *বিস্কুটের ক্রিম,1,1,0,NoAg
fb 1128.jpg,"L I / $ \ মাদখালী, সরকারপন্থী দেওবন্দী তাদের.জিহাদোফোব +হসসামি- মিলিটারি টা অগানাইহজেশন, a i "" সম পে পেল রে = a a",3,3,3,RAg
in 471.jpg,"আনন্দবাজার পত্রিকা অনলাইন a 7 = ES জামিন দিন, আমাকে বাঁচতে দিন! শুনানিতে কেঁদে 1 ফেললেন পার্থ, ফের জেল হেফাজত চাইল ইডি নী ্‌ 2 আপনি একদম চাপ CIE না df ৮১ ৫৫ পিসি ঠিক ভিতরে ভিতরে আপনার জামিন করে দেরেন ~~ Pe",2,2,2,PAg
fb 1434.jpg,"স ঞ মা a 14 & 4 his টন হে! তো Oy of, জজ না দন CN) J ডি লা Ny o oO Bi i a পা a গল্প টা Ny i SILA BR 1 IK ১০, X ie",2,2,2,PAg
fb 1482.jpg,গড়া লজ a A AK 1000 3 - টি \ | - LL ; ১ ন্‌ আইলো রে ভাই! হুজররাও নাকি UPN. IP kis ইত্যাদি তেলেসমাতি জিনিসের নাম জানে!,3,3,0,NoAg
pin 19.jpg,"| @Raj Sarkar Helo ভদ্রমহিলা ছাতা সারাতে RR তা ক আপনার উপরের Il z FoI, খুলতে হবে, | আর নিচে ডান্ডাও * = & লাগাতে হবে। পা, Li 2০০ Gi Ho যা করার করো, fi মনে রেখো রর চু. Reg জল না পড়ে!",1,1,1,GAg
bangla-memes (50).jpg,"f! Al ৯ ৬. | =% a a wa 8, ip ৮,১৮৯ সস AJ on রাজারেরসূরচেয়ে 1. ৬৯ কমদামী)গরু | ছু [MRP od প্রজাপতি",0,0,1,GAg
Halal Memes (245).jpg,নতুন শার্ট নিছে আসা বিদ্যমান! আম্মু: কত নিছে? আমি: ফ্রী'তে পাইছি আম্মু। আম্মু: তাও ঠকছোস। আমি হইলে PI'S দুইটা নিতাম ০৮ ্ ge AS তু py ig,0,0,0,NoAg
blog 494.jpg,যদ তু A 04 AN AS \G ee 14 মর চুঁ {Ri RN a 1) we VAY \ ঢু mn 1 ২ al ge fa ১১. ৯ J! td = ad = 1 N রিজিকের মালি আল্লাহ্‌,3,3,3,RAg
KAM (415).jpg,"ee জা MAZE - mand! A টি oo N D 5 বাথরুমে,এ লা ক্ষণ কি করছ? BISA] A 3 ৯২৬৪ a বিয়ে-শাদী দাও না বাথ সময় লাগবে রুমে তো",0,0,0,NoAg
blog 297.jpg,"সজাগ হোন ইছলামের আল্লাহু (৫ সমালোচনা আকবর! তা করা ইীন oT | %, = RQ) { \ যয",3,3,3,RAg
blog 32.jpg,"কুরান - ৬:১১৫/১৮:২৭ কেউ আল্লার কথা বিকৃত করতে পারে না। -r, SRT ras PA) kat mi 8 Ma ne as 4] টু an ২ ৮৯ ws? el Her"" x Wt 6১ EX শে Xs &, Th be ANN AL সাঈদুর রহমান (fA 2 Ol",3,3,3,RAg
fb 1973.jpg,*একটা হট ছবি পাঠাও* ক বয়ফ্রেন্ডের জন্য Ec জন্য জাস্টফ্রেন্ডের জন্য,1,1,1,GAg
KAM (795).jpg,4 = : \ yal 4 -- oi 4 | [৮ 1 ] IGANG Py FF 3 S73 A WW FEA ৮৯ বিটি পার্নোণ থেকে (dd হওয়ার,4,4,4,Oth
KAM (92).png,BW dv 1৫ ১ ঢা Io NET R) ঠ [/ [RRC পা ঙ-- i) Ry i ha Vw | i Al দা গদি ৭ পা [/ | aa RRR,4,4,2,PAg
fb 601.jpg,"""Hello আন্টি, আপনার মেয়ের নাম ছোট করে রাখা উচিত ছিল। আমার বন্ধুর হাত কেটে লিখতে কষ্ট হয়"" HANNE 41 wu.",4,4,0,NoAg
in 314.jpg,"ug | টা ১ id দরজা ""লন ৷ 4) | by hi TR Ni. a ২১ LA] দস্তা দা Dane 3 JZ সৎ লোকেদের জন্য i HL I {| 1 দুৰনীতিগ্রস্তদের জন্য | Ey | | a a",2,2,2,PAg
in 82.jpg,"ঠে তত IPA এজ এ RES IIS ১ তস্মাখা এ *বাঙালি মেয়ে উফফ আমি:এরকম ঘেমে, যাচ্ছি কেন ? আমার মনটা এরকম দুর্বল'হয়ে পড়ছে কেন",1,1,1,GAg
KAM (117).png,"NN A FOR সব চেয়ে ব্রিলিয়ান্ট সট্রডেন্টির পাসে পরীঙ্কার হলে সিটি পরছিল! ক্ষ, 001 | A A কিন্তু শালা তার হাতের লেখা এত সুন্দর যে বুঝতেই পারি না!",0,0,0,NoAg
bamboo-vaiya (240).jpg,পলা মাল রন না - ই N KLEIN প্রেমটা ২৬ J \ ov fl,1,1,1,GAg
bangla-gag (80).jpg,"পে গদি লী লা A 7% GAIA হই SFT =, ৯৫ [SP AT ams? Bangla Memeld] vy রি wy 7",2,2,2,PAg
ovodro_img (272).jpg,"- EE . দ্রিন ঝাল লাগলো r CHIE আমার SAA? _ ৭০ a R [সা আমার ভ, তআানেও FT Jo] CI I ঝাল|তো Gil NR 4",1,1,1,GAg
in 552.jpg,গত ৭০ বছরে কংগ্রেস দেশের জন্য কি করেছে? at Mn SS বলবো না। DE ভগ জাল; আট কেন? NN vi Jw জজ - বললেই আপনি সেগুলো fafer করে দেবেন! ই. তা J,2,2,2,PAg
fb 334.jpg,"দোস্ত!ভিতরে পরে গেছে! ! @ 4 না ১ সমস্যা নাই! তুই চালিয়ে যা, বয়ফ্রেন্ডের উপর দোষ চাপিয়ে দিবো!",1,1,1,GAg
Bangla Thug Life (246).jpg,কচি দেবর দেখা বিদ্যমান সাবিতা বি বি লাইক @bengalithuglife69 . Fa,1,1,1,GAg
in 102.jpg,zee Q8 ঘণ্টা 1h FEE আক্রান্ত 'টুম্পাসোনা',4,4,1,GAg
fb 1721.jpg,রঃ ম কামের ফাঁদে পড়েচু 1 he b vy 9) ৬ 8 ত মি রামের ফাঁদে পড়েছু Jc Aa পে) OT a EL gy X08 La A fs,3,3,2,PAg
blog 299.jpg,"পলিনেশিয়ান ঈশ্বর Wie Sas i OG লোনোর কথা i ১৯২১২ শুনলে আপনার - হাসি পায়, ঠিক না? জানেন, আপনার ঈশ্বরের কথা শুনলে আমারও ঠিক একই অবস্থা হয়। অনুবাদ: dhormockery.net",3,3,3,RAg
ovodro_img (541).jpg,"না Y ৰস ৷ কোম্পানিতে জয়েন করলে ১০,০০০ আর ছয়মাস এরপরের থে. 20,000 হবে HI! ORE SH, ACEC করবে? ONODROAMEVES] - ন ""ছয়মাস পরে Ie করব জয়ে স্‌ fF h",0,0,0,NoAg
Halal Memes (56).jpg,"- 3 বাসার | 7 ব্রেগুলি ঢ্রোেকান্ের ৮ iy | ৬ 3 =e a হল পম ১, \ জ Eo SV Re",0,0,0,NoAg
fb 1661.jpg,"কৃষ্ণ এখন Te নিয়ে ফষ্টিনষ্টিতে TS, আবাল ভক্ত ক্তদের দিকে তাকানোর সময় নেই ee ABP Ananda 49 mins * Q জন্মাষ্টমীর SAW দুর্ঘটনা, কচুয়ায় পদপিষ্ট হয়ে মৃত ৬, খবর an ০৪৪ _ ais i. = =. 2B Stasi মাক পচন * ad ~~ a marl x [= Gres FITS ছড়োচ্ছাড়ে, মৃত্য",3,3,3,RAg
fb 108.jpg,"PIII 2 HRA This device complies with | Part 15 of the FCC Rules. MADE IRTHINA FC fe (a 2) TReLL ১১:৬০ তোমার শৈশর,অনেক তো াছিনে।",0,0,0,NoAg
fb 1124.jpg,PHS ভাই THE DaiLy Campus gS Agreebro হোম / বেসরকারি বিশ্ববিদ্যালয় / একমত ভাই | ইংরেজি ভাষায় বাংলা ভাষা শহীদদের স্মরণ B ব্র্যাক ইউনিভার্সিটির ও ore রিপোর্ট প্রকাশ: ২১ যেক্রয়ার ২০২ 2৩:০৭ AM ১৫ AM . আপডেট: ২১ ফেব্রুয়ারি ২০১৩ সা Language Mayr STE SG Io AN Vs *ব্র্যাক ইউনিভারমমিটি = Love and Appreciation N for All Via. 93 শহার আমার মত [দা পিক আর wots oh,4,4,2,PAg
fb 740.jpg,গাঁজাখোর দের গার্লফ্রেন্ডঃ ৪ Ne abd - HE সী নল vi,4,4,0,NoAg
bangla-gag (6).png,hae ৯ = - Bangla Some & বড লও p a a 3 3 % =X IAT SCT NCE ছালাও য্যাব্রের Bangla Mer al 47. E Fon 1114 (Q tenth? IF fcsboot com/Banglkeme,0,0,2,PAg
in 105.jpg,ফেসবুকঃ আমি সব কিছু জানি) গুগল ৪8 আমার bg কিছু BRIA BS আমি ছাড়া তোরা কিছুই নাও চার্জারঃ আওয়াজ নিচে * লে DIT la id} 1,0,0,0,NoAg
ovodro_img (662).jpg,"]ী VA Ww ১"" চ ১ | A পাররো'না,হতে আমি, রোমিও",0,0,0,NoAg
chosha (118).jpg,"4 - r N, / LE ha a, ia চোষা চোসা রা চোষ্রা চোষা দে Ne আমরা গার্লফ্রেন্ডের মুখে ললিপপ চুষতে দেই",1,1,1,GAg
in 460.jpg,ASS Pa \/ -_ e 2 Acs Ne +) ~ । লস কলি i) we pica gn করবে? |! সা নত; ny ১ NEG Il SER রা .. ম্ cond ge | by ২ Af Ye: 4 a i ক we & \ \,2,2,2,PAg
in 519.jpg,কট 74 হযে তার & কী মনেহয় পরিবর্তন কিছু 2) el] কু > a4 = প্রথম ব্যাচের খাওয়া শেষ রঃ পা oN এবার দ্বিতীয় ব্যাচ খাবে,2,2,0,NoAg
fb 404.jpg,"চা লা তং po \ N \ 3 2 meme junction বাংলা LE a ৯, ""4 | I | |",2,2,2,PAg
direct-offense (49).jpg,"1 বারোবাতারী ঁ' 4 ১৪ Las n খোড় RT dats aa গাব =, : CIITA",1,1,1,GAg
in 161.jpg,Je oo . ৯৯০০০ আমি সোম বুধ শুক্র তৃণমূলে থাকি আর মঙ্গল বৃহ শনি বিজেপিতে থাকি রবিবার ছুটিতে থাকি,2,2,2,PAg
blog 236.jpg,LE 5 = 17% এইখানে পষ্ট কইরা লেখা আছে: v A এই দুনিয়ায় চতুষ্পদ জন্ত আছে সর্বমোট br বে 4 - প্রকার। সুরা ৩৯:৬) Br _ 7 এ ১ ho EE aaanad & 2 8g = ১ &,3,3,3,RAg
ovodro_img (794).jpg,একজন ডাক্তার তার রোগীর সেবা PCO কোন ত্রুটি রাখে না \ ag \ DE BRAZZERS com,1,1,1,GAg
ovodro_img (656).jpg,গরমে সিদ্ধ হচ্ছিল বলে জামা খুলে ফেললেন একজন বং ক্রাশ SS,1,1,1,GAg
fb 191.jpg,রা ৮ কষ i ud I= Tra pt DIXCY SC o TY খত [Lo রা বু [7 ক hi EE De vd i,1,1,0,NoAg
in 216.jpg,"১৮ স্ব? w # | বিদ্যুৎ দফতরের সাসপেন্ড শান্তনু বন্দ্যোপাধ্যায় pl Pr ~~ A A By ৪ 9 hae) AJ. নীতিদূর.করলেন মমতাব্যানাজী .. এরার৷বিদ্যুৎ-এর৷দাম কমবে.,",2,2,2,PAg
fb 595.jpg,"e Fr Bor (9) 8 Al হয়ে যায়,তাই ফ্রিতে চিপস,ও দিয়ে দিছে দেখছি a ০) i ৫ Aly Po MEME @mel pa",4,4,0,NoAg
in 257.jpg,"jv LA সজল তুমিআমাকে, কয়লা কষ্ট হয় পিসি আমাকে ig; বললো বলে,ডাক্লেআমার খুব আমারও কষ্ট টি] | সা TE foe dl HN 4 EE p চাপ'নিস/না? mg পঞ্চায়েত ভোট \ i Sie এটাও AEE, 'দেরো। ক PE dl ol SY 4. Lr T T #4 ial চা রাজা অয মারা",2,2,2,PAg
Bangla Thug Life (220).jpg,ao) A OF] ৬ A Jb,1,1,1,GAg
fb 1435.jpg,"(3) ১২ চা 2 টু a A Bi SPE | *এসর BEE চক্তান্ত* L/ 4 | | _ 48 a >, TG TIER SRR ভা তোতা BIR |",2,2,2,PAg
ovodro_img (373).jpg,পা 3 <i এহেন য় মার লেখ ARIEL OVODRO MEMES Ra & ; ; EH হবে ক্‌ত দিনে?,2,2,2,PAg
pin 39.jpg,"দুরে সেতুর ওপর ভারী যানবাহন চলাচল নিষেধ করা হোক. ~~ ~~ ~ ~~ ~ ~ &) & = & & \ = a a 7 pia o A 4 পা AN Wa ২৯, [১৮ ঢা চ লিগ ৮৭) LX)",4,4,2,PAg
ovodro_img (707).jpg,'তোদ্ের?ারাবা কোথায়গিয়ে না en ~~ rs = Ei None,1,1,1,GAg
fb 1406.jpg,"TEN HA HA ৪ == - তত ৪/ a HA HA J] AN TN HA \ 4 of = ora rie, fee আ্যা পা ব্যান করে দিলে ভবিষ্যতে""ভারতবরর্ষ সম্ভা এবং hx সহজলভ্য/দেশীয়,পণ্য তৈরি করতে পারবে p",2,2,3,RAg
Halal Memes (93).jpg,গং সীমিত আকারের না'সর খান 7 = 3,4,4,4,Oth
tangaila (112).jpg,যখন ঈদে কেউ সেলামী না দেয় তখন আমিঃ-,0,0,0,NoAg
Halal Memes (197).jpg,"| Ln ) I< নে সু er a y | | য় পেয়েওমা চা LN দত বা 5 BY i এলে এল কাস ct cy Mi, SR Se Lr wy ATE eu \ A নি রত লন - [an চেরা মা Le Co",0,0,0,NoAg
blog 328.jpg,"A AM | ডট এ 4 \ 3) dhormockery.com (2%: bit ly/dhorm) | ইছলামের নবী সবাইরে সতর্ক কইরা দিয়া বলসে, পিচ্চি ইন্দুরও কিন্তু বাড়িতে আগুন মেট, ণ ধরায়ে দিতে পারে। জেরির এমন ক্ষমতার কথা পইড়া টম. (সহি মুসলিম, বই ২৩, হাদিস ৪৯৯৪) মলা oo |",3,3,3,RAg
fb 1916.jpg,"টু ডে \ i Pas ১ ১ Le নু. vad | XA % ১ nt 0) 7:31 tp 8 x তে A ma EEN) | | hs dd ~~ | rr 4, i a ES EES BZ. a #uvf #rimpi vf #rimpi #alooposto Begun Vorta Recipe | Rimpi | Bengali | Vv পোস্ত | Aloo Posto Recipe | Rimpi | Benga tdoor Kitchen | UVF | 2021 B months ago ER বন্দ হন] ~ CUS CHR নেন গেতেঞঙহলে শিখতে এমা S| 3 EIR",1,1,4,Oth
blog 331.jpg,"প্রার্থনার চূড়ান্ত মুহূর্তে আপনের চেহারা দেখলে চু প্‌ মনে হয়, 2 = কোষ্ঠকাঠিন্য E আক্রান্ত অবস্থায় 1 আপনে টয়লেটে বইসা a N",3,3,0,NoAg
ovodro_img (749).jpg,না রব oS ৬ ৬ ৯১. মোদিজি কাশ্মীরে আমাকে বাডি বানানোর জন্য ১০ কাঠা জায়গা দিয়ে দিন প্লিজ! hs 4 গম জ্যা নর রা লী সদ 1) LE 2 a = ট o = J r J Price তুই ভারতে পা ik তোকে জুতোর মালা চু পোদে পাঠিয়ে দা,2,2,2,PAg
Bangla Thug Life (124).jpg,"TT QI RICO Ti তাত পাও CC তার 5\ Ren | EP EI SS = ১৬০ ~~ y x0 2 8 J > v WN ভবে %9 Liked by chocko_bomb and 11,093 others 124 likes eing_awishy You're going to go through tough mes - that's life. But | say, ""Nothing happens to you, happens for you.' See the positive in negative",1,1,1,GAg
fb 1291.jpg,রৈস্টুরেন্ট ! ছাগলের 4 তাকাও a CM Tw A \),4,4,0,NoAg
fb 1621.jpg,নাস্তিকদের যুক্তি কোরআন মিথ্যা 6 in কেনোনা কোরআনে আমার নাম নেই 7 এবং আমার বাপ ১৪গোষ্ঠীর নাম নেই তাই কোরআন SFL মিথ্যা অসম্পূর্ণ -0-0- FBP IC AI,3,3,3,RAg
fb 1008.jpg,"সা মা, gol % oie >N Y %) bi RY SI PI NX SA Kt sf : S.C ate m 2A fo Cid: / a SY) a) a Al oO LW HT SY]",1,1,3,RAg
in 333.jpg,| # +' সী দেখতে পাচ্ছো বিনোদ. 4 ) ww oo EMES 8 1 প্র ১. থা দিদির ডুতেরা কেমন পাড়ায় পাড়ায় বাটা (59. e iim,2,2,2,PAg
ovodro_img (539).jpg,"Io -_ = ক রে ol (RSC, আমার এ বার fo য়ে করা হরে টু Sal নীতা পালা গণ hd 4 ee fA এরম॥রা র্‌ ত্য বিয়ে না a বলাতে তে RABI BEBO] ছেলে পাঠিয়ে,দিতাম",4,4,4,Oth
bamboo-vaiya (275).jpg,ক > ma Fe 2000 ঢাকা দ্রাম Jel *৩০০ টাকা Tid ্রোকানদার বলা Bong Fe e 0- oe Toy শ ir ge > A\90 0 ak ee 1 iy FNS করতে গিয়ে স্স্্্নী য়াওয়া :/ দোকানদার পরা আমি) | =,0,0,0,NoAg
blog 156.jpg,"অদৃশ্য ও কাল্পনিক কিছু সত্তার উপাসনা করতে গির্জা, মসজিদ, মন্দির, প্যাগোডা, সিনাগগ ও অন্যান্য উপাসনালয় নির্মাণের পেছনে ব্যয় করা হয়েছে iE ট্রিলিয়ন ডলার 07700 17] ত্র @ T i] 198 ooo AR ooo [কাকা] 0 fund ৪ |! iE SI = 1] অনুবাদ: dhormockery.c pm লতি bit ly/dhorm) কল্পনা করে দেখুন, এই পরিমাণ অর্থ fey ব্যয় করা হতো স্কুল, হাসগাতাল ও",3,3,3,RAg
KAM (194).png,"সব ই জান্নাতে যেতে চায় কিন্তু কেউ মরতে চায় না Il 1, ই না তা WV, | স্ব =>) t তেমন সবাই ভাল রেডালঃ করতে চায় কিন্তু কেউ পড়তে চায় না !!",0,0,0,NoAg
tangaila (171).jpg,পোলা গেছিলো সখিপুর বিয়া করতে 5$পর তার wi a,0,0,0,NoAg
Halal Memes (293).jpg,"কও ক্লা সে/প্রেজে'্টদিয়ে তাওয়া al ir - i ali, LJ ৪ সংগিছন।/থেকে কলম hath খাঁড়া'ক্রে রাখা আমি",4,4,1,GAg
in 220.jpg,"ABP Ananda @ 9 2m Q এবার নিয়োগ দুর্নীতিতে ধৃত কুন্তল ঘোষের স্ত্রীকে তলব ইডির #ED #TMC #KuntalGhosh #Wife % Ww 5 | A Al rs 3 ৯১"" se @ ""or 4% | ক MEMES A কুত্তলেরও কি আমার মতো ফ্যামিলি প্যাকেজ! 2)",2,2,2,PAg
blog 47.jpg,"অনুবাদ: dhormockery.com (প্রস্লি: bit.ly/dhorm) fey a NS 2 NAS al | ww ERY) PY) v গাধা নারী কুকুর ইছলামে এরা এক কাতারে নবীজি বলেছে, নামাজরত মানুষের সামনে দিয়ে কুকুর, গাধা বা নারী হেঁটে গেলে সেই নামাজ আল্যা গ্রহণ করে না। বুখারি খণ্ড ১, বই ৯, হাদিস ৪৯০)",3,3,3,RAg
ovodro_img (284).jpg,"রব A A জা শুণলাম লাকি C2 BH [RZ চক. nad নি Rh i 1"" = SOI DS) Ey Sl eR CRETE ERE জ,চ)লার৷। ha",1,1,1,GAg
blog 136.jpg,"Ci আল্যা যদি মানুষকে স্বাধীন ইচ্ছাশক্তি দিয়েই থাকে, তাহলে সবকিছুই আল্যার পরিকল্পনার অংশ হয় কীভাবে? Ql N= আর সবকিছু যদি আল্যার পরিকল্পনার অংশই হয়ে থাকে, তাহলে মানুষের স্বাধীন ইচ্ছাশক্তি থাকে কীভাবে? /ং অনুবাদ: dhormockery.com (2%: bit.ly/dhorm)",3,3,3,RAg
Halal Memes (45).jpg,ক্রাশকে চার পাচটা ম্যাসেজ দেওয়ার পর ক্রাশ যখন বিরক্ত হয়ে যায় বিটিভি এতো কম সহ্য শক্তি নিয়ে রেচে আছো কি করে,0,0,0,NoAg
pin 53.jpg,কেবলমাত্র আর Km ab ~~ একটা 'সেস' কেবলমাত্র আর একটা 'কড়ি নিন্দা' eh কেবলমাত্র আর a বিদেশ ভ্রমণ কেবলমাত্র আর একটা 'ডিচক্যাও',2,2,2,PAg
fb 1660.jpg,"হুজুর! জীত্রিল! উপ্রের Bue তো পরিচিত! এরা হলু নিরপেক্ষতার দক নীচের গুলান \ আড়ালে থাকা কারা ..? সুবিধাবাদিরা .. pt, rN চি না ০ poy) Di ( Es NE এজিদ বাহিনী হোসেন বাহিনী 77 1/-] NN =e Tn 24S % % ~ So nd, Tg v0: NW | RE maa a a ES 0 7 ""> ৬ $ ৮9) ২ To ড় (2 on a 0 |] \ নন এক হও বালার শোহদায়ে কার স্মরনে উজ্জীবিত হয়ে দি] আমরাও শহীদ হইতে চাই ! "" FMS llih",3,3,3,RAg
fb 1401.jpg,"Also মৌলানা, যখন সে মাদ্রাসার কোনো ছাত্রের সাথে ণ একা থাকার সুযোগ পায়:- = wu",3,3,3,RAg
fb 25.jpg,১২২ কু ৮44] | 3 a ১১৪ লে ভতগ পপ | DN N vr | 9 lie | ৮ ছু _ যখন তুমি পাশের বাসার আন্টির হারমোনিয়াম সংগিতের জ্বালায় ঘুমাতে পারো না,0,0,0,NoAg
fb 2012.jpg,"KNOW(THEIDIEFERENCE BR 2 নোতোদ্যার জিত্তওআদুলা ওখান STIG, TS RIG CR STA ]1<] 3"") ep @BANGLADESH FOOTBALL",4,4,4,Oth
Halal Memes (10).jpg,| যৌতুক নেওয়া নিষেধ বৌকে পাওয়া বলতে থাকা হেডস্যার bi WW - 2 HALAL ও,0,0,1,GAg
in 393.jpg,@ & MEMES Tp abp ~~ tl (|x ABP Ananda ও @ 1h ও চপ ভেজে ও ঝালমুড়ি বিক্রি করে বিক্ষোভ প্রদর্শন গ্রুপ ডি চাকরিপ্রার্থীদের. a fo A 3 বে Zz. _ pee এরা চাকরি: নয়;,2,2,2,PAg
fb 2003.jpg,আাবিত্ারাকিদ তত RSIS নিস = rr Bow a ++i i i le a wre BD x RO C @BANGLADESH FOOTBALL'MEME,4,4,0,NoAg
Halal Memes (276).jpg,৭৯০০ Rl Bi aa চা a ব্যবহাারবর খাতা না নিজ আমি. ক্র থা খাবো? রী,0,0,1,GAg
fb 1135.jpg,সাধারণ মানুষের আদি পিতা মাতা 1A IPR EER শাহবাগীদের আদি পিতা মাতা,4,4,3,RAg
fb 1087.jpg,"= পপ শুনলাম প্রতিভার ৬ Ww TY মে নাকি এ ক পোলা রে NP) বিসর্তানে দিছে,, - a হুকাকা এই Tey",4,4,4,Oth
fb 641.jpg,ET re NY পা একদম ৯.,0,0,0,NoAg
Bangla Thug Life (199).jpg,এসে স্ত্রীর সাথে প্রথম রাত্রিযাপনের পর - নক ) @Bengali_thug_li fe \ A রণ oN = g পাছাড়া TET ডিন,1,1,0,NoAg
fb 1795.jpg,"এ টু wr - pe | SURES TE] BN রং খাওয়ায়) Tot | ell র ণামাকেরে | N তত নং খাওয়ায় gal 7) ৯১৩ (SN ~f ""উট ৷",4,4,0,NoAg
fb 718.jpg,হাত ভাঙলেন শিক্ষক! সিরাজগঞ্জ প্রতিনিধি প্রাইভেট না পড়া ছাত্রীগণঃ # Li GF [AT oe),0,0,0,NoAg
fb 110.jpg,oy EE স্কালে চে গার্ট-টাইম স্কালে উঠা গার্লিক সী 7:00 a 7:00 am উঠা গাবলিক 7:05 7:10 a be 715m 7:20,0,0,4,Oth
fb 1230.jpg,"সেকু নেতাদের মিলন কেন্দ্র - পা, = LT ng NGO re fy (C5 3 RE = A SO Come A f ঠক) oa NF GS Ic লস ( en I. _ *. -~ লা Rc) ডিলার জাম্প - aR পাত a আয _ -. 5 oy RCE | বায়ে চাপুায়া' যান সামনে কিছু অব্যবহৃত ত FEATS আছে! চাঞ্চা লাগলে SFR ত পালা]",3,3,3,RAg
blog 384.jpg,"A 9D এ 1; 4 dhormockery.com (= bit ly/dhorm) ১ জগদীস বসু নাকি আবিষ্কার করসে গাছের প্রাণ আছে! অথচ তার ১০০০ বছর আগে ইছলামের নবী বইলা চে ণ গেছে, গাছ কথা কইতে পারে। গাছ প্রাণহীন হইলে সেইটা সম্ভব হইতো? p (বুখারি, খণ্ড ৫, বই ৫৮, হাদিস ১৯৯) মলা oo |",3,3,3,RAg
in 632.jpg,নিন্দুকেরা বলবে উনি ক্যামেরার দিকে তাকিয়ে আছেন m1 wl & = \ 7 // Ey [| T নি লক্ষ্মীট্যারা,2,2,2,PAg
fb 1520.jpg,"wi ইসলাম শান্তির ধর্ম। =F i SS সব ধর্মই শান্তির ধর্ম ভাই। চুপ ল্যাওড়া, বলছি nol শান্তির ধর্ম মানে |.",3,3,3,RAg
fb 927.jpg,"গা hl ১১১১৫১১০১১৫ ৯০০০০০৬৬৬৯১ | | | WAG, = ঠ// ৫ 2 7 id ws of Sh ১২ LK In & | লা and ক > 1. AY, WE acl 14 ) QA TH == 5 wi i 5 h -_ i উট তশুধুচি চিল! নস SW",0,0,4,Oth
blog 169.jpg,"""কোরান থেকে তথ্য উদ্ধৃত করে আপনি আমার যুক্তিকে কুপোকাত করেছেন গোড়া নাস্তিকেরা এ কথাটা স্বীকারই করতে চায় না! ro \ val; অনুবাদ: dhormockery.com 2%: bit ly/dhorm PRS www.karcreat.com a Sey",3,3,3,RAg
fb 146.jpg,৯০০ ্ু | ই আপা | Fl - ddddid= ; & ৯ | 4 Jd 2d i) |,0,0,0,NoAg
ovodro_img (398).jpg,"i! দয়া পাতা লাগাও দিদির ধর্নায় মূল উদ্দেশ্য কী?? T= = ০ Sic] Gil) টো,মাগা a = uss GTN রোরক্াসোডা..",2,2,2,PAg
fb 2070.jpg,"TEI ভাবছি ভাই,তাই একটু ওই MBA Pls \\ Q i, =e ওভাবে নাটক্ত ক্তরলি ক্রেন?",4,4,4,Oth
blog 292.jpg,"এটা গঙ্গার জল, তা বুঝলাম। কিন্তু এতে তো পয়ঃনিষ্কাশন আর নর্দমার ময়লাই দেখছি শুধু! পাপ কই? ০৩ ০ ২০% ০০ a) 77 র্‌ ্ CC) & aN 3 রূপান্তর: dhormockery.com (27: bit.ly/dhorm) R@NNAPPA-.",3,3,3,RAg
fb 2013.jpg,AE IRE ND QE] PNR? > a - VIKA! | : | LJ @BANGLADES HFOOTBALL MEME,4,4,4,Oth
fb 1719.jpg,"না বাবা, ado! দুটো একসাথে Tom যায় না মা ow we = জ্যানী এবং ধার্মিক & ) 3 yr ~, তু",3,3,1,GAg
in 432.jpg,HE A pr GARD oid h ol Lo Ne. ৬ টা জা ৭ ছু 7 memes ৮0. রব Lx & || ও Va ECR,2,2,2,PAg
bangla-troll (8).jpg,"বাচা | 9g FTP ১: apd) No nee, a",0,0,0,NoAg
fb 1938.jpg,"""পা 17. try pe) 4 H নদ. NN 4 [> ৬৬ ~. sn g/ র্‌ Wr Sy // দা ২০ | সারাদ্িন।পমপম বরে PE Vy A) i 55 ॥ oe on ov, I বার! আমি রাজি বশ ০)",1,1,2,PAg
in 327.jpg,পাস ho চ আপনারা কারা?/ * < in 2 i রং শা > আমরা দিদির A ডং - NV We 2 ww A x ত!? A #2 0 ১4৫ কী! fie তু ha Xx. ed স্তর 4 ত্য) ১৭ তনয় 7৮ ৫ hin yo - TUES,2,2,2,PAg
Halal Memes (29).jpg,"শিক্ষক:-সবাই সবার হোমওয়ার্ক বের করো, আমি উত্তর বলতেছি সবাই মিলাইয়া নেও। 1 জো Uy a",0,0,0,NoAg
direct-offense (17).jpg,ক. x Ex ইজ বারোভাতারি %' Ll = একটা বাইধথ্টোদের ছেলে 22 Ex ইজ বারোভাতারি '/' 22 একটা খানকির ছেলে লট Ex ইজ বারোভাতারি '/' 22 একটা বারোভাতারির ছেলে তুহ শ্রাবন্তির ছেলে x 40 Ex a EUS vy,4,4,1,GAg
fb 745.jpg,বাথরুমে ঢুকে লাইট বন্ধ কুরে দিয়েছি 2গমোবারক কারণ আগেরবার আফিক্কার জঙ্গল পরিষ্কার রুরার সময় বন্ধু ভিডিও করে আমাকে রাকমেইল করছিলো,0,0,0,NoAg
ovodro_img (108).jpg,"ডল d= ny | | IN 1 1 3 7a 5 77 | gd, I] (N\ lox NEY (2 JA তোমরা যাও. rr Ep ABTS Toe] mes তোমার দান? ) ? = 7 সাসুযোগ দ্বেনে \ id 9 5 3 SABINA ofl 4 JI A of",4,4,4,Oth
in 97.jpg,"2030: কাকলি ফার্নিচারের মালিকের ছেলে : GRR GASIERIERIT CRED we @bokachandra 4 ""আমার বাবার কোম্পানিকে প্রমোট করেনি",4,4,4,Oth
fb 202.jpg,4 as B IAI ০০০০১. ~~ = / i i ট্রেন মোহাম্মদপুর,4,4,0,NoAg
tangaila (91).jpg,যখন আপনি মেহেদী লাগাতে চান কিন্তু মেছেদী আপনাকে উল্টো লাগিয়ে দেয় J) Ls rr GE নহে রত ৮৮৬ F or = bo,1,1,1,GAg
blog 376.jpg,"মুছলিম জঙ্গি CA আমার দোষ না ই। 2 AIS সে প্রথমে লিখসে। if = Za { R ANY HE = DN _, NE bs i > অনুবাদ: dhormockery.com =i ies #f%: bit.ly/dhorm",3,3,3,RAg
ovodro_img (79).jpg,এশিয়া কাপে অ করব। পে রক সা ay g r gan . X,4,4,4,Oth
tangaila (325).jpg,বিন্দুরামিনী গার্ল ছুটি দেওয়া বিদ্যমান লে ফাকবয়ঃ- eA Tangaila RIFT LOVEL 10 + [I OVELO { টে ed তে id ND TG ২২০২৩৩৬২ ২ f /niiladro.hridoy A Z 7,1,1,0,NoAg
fb 1706.jpg,"9 ১: SM 1) বে), ধপ দুই A. এক মশা মারার জন্য দুই ভগবান ডাকার জন্য পার্থক্য একটাই. মশা যায়না আর ভগবান আসেনা.",3,3,3,RAg
in 621.jpg,"hy dn । - \ lin KMC Election 2021 4 | অচেনা 'এ'ক্য' বড়তলায় 20 4: রর ৪ / থানার সামনে একসঙ্গে ed <4 অবরোধে বিজেপি \ 4. সিপিএম, কংগ্রেস নট By নিজস্ব সংবাদদাতা ব্রকা অনলাইন 19 December 2021 at 13.19 Fa @ pe MEMES \ অবাধ ও যতি Jol ef) 1 করছে. আর সিপেম, কংগ্রেস, বল Eres RPG] ওরে রোকাদাদা, ওটা অরাধ সন্ত্রাসপূর্ণ.হবে",2,2,2,PAg
KAM (152).png,"STRSTR oe ar চাক না শুধু দিয়ে: Grits চালা | 1 Majunder,Shaheb B/FAKIBAJIBD গ্রামিন ফোনে ফসবুক [RD |!",0,0,0,NoAg
Bangla Thug Life (234).jpg,সেই পা কাধে তুলে দেয় যে রাগে 8617831-0748 lif ie,1,1,1,GAg
ovodro_img (461).jpg,"formic. কিস % v ih ne হা Chere লিপ (| সর A ১ fl করে/এ ।সেছি! | অতঃ পর FINI BAI > | পাটা পা 4৭ ৷ টং _ ~~ ,",4,4,0,NoAg
fb 1583.jpg,বছর খরে বিবতরন হয়ে আজকে মুক্তচিন্তা করে নাস্জ্রিক্যখমেরি অনুসারী হয়েছি। রত,3,3,3,RAg
fb 347.jpg,"৮৬টি সু | লং Lh fy re vy AX / / ৮11] 14 ha | ৷ তুমি কি আমার জন্য I / ) Ne এখনও কবিতা লিখো? নাহ, চটি লিখি শুনবা?",1,1,1,GAg
tangaila (274).jpg,> i ক +7 ৯০১ a ৬০০ \ \ J \ AS Ji ~ - he দ্র তুই আর আমি 60 CRE,4,4,0,NoAg
ovodro_img (139).jpg,ভর রব > \) = dm a ৯ যা লি ( 4 2 EMES গস পা রম ১ Nr মা* Alef কেন? আত CL . (G70 EA a,1,1,4,Oth
fb 1021.jpg,"মাম | সাম দে] আসাদ কর] AT INA) 5 হতইলা"" দা ডাঃ জম 1 | al বৈ লে মাং | EE কর আচ্ছা দশ টাকা বেশি দিয়েন ওস্তাদ GA fad",4,4,0,NoAg
chosha (67).jpg,GEG জান বিয়ে করবা তো? তা / = = It 7 2 Z 8 8 8 ST ভি তত রর রি EE,1,1,1,GAg
fb 1015.jpg,ভা হত হই এরা tg <Q 2 @ i % ই AS Q : ) 2 3 4 @,4,4,0,NoAg
KAM (389).jpg,"| KEU AMARE [717TH -*ছোটবেলায় i + ক্ধালে কালো ট্পি / দিয়ে দিত, 'যাতে কারো নজর না লা: গ EAN wes \! 5 (owl 'শালার টিপে. এত ool যে, বয়স এত ইয়ং or তাও কোন মেয়ের নজরে পড়লাম না",0,0,0,NoAg
fb 1628.jpg,\ : A | Ss যখন নাস্তিকদের কাছে ভালো আর খারাপের মানদন্ড কি জানতে চাওয়া হয় নাস্তিকদের বড় বাপ,3,3,3,RAg
ovodro_img (362).jpg,"rr ঢাযত ঢ তত ঢা যখন ক্যা TOT থাকেনা আর RT দিয়ে যায়, ত > তোমালদিয়েখ্া উড ত্ানিয় নেয়!! প্‌ a 1 4 Ev P",1,1,1,GAg
fb 1018.jpg,EP Ria m যর স্কুল/কলেজ গিয়ে -ট্িকটক করে,4,4,0,NoAg
fb 1360.jpg,"বিজেপি মুখপাত্র তাজিন্দর পাল বাগ্না:- যারা হিটলারের মতো আচরণ করবে, তাদের মৃত্যুও হিটলারের মতো হবে। হিটলারকে আদর্শ হিসেবে মেনে চলা আরএসএস:- = -..- - Bh 4 oid",2,2,2,PAg
fb 373.jpg,কে আবার রটাচ্ছে যে এবার মহালয়া মোদির জন্মদিনের দিন পড়েছে বলে meme junctionJ=T a ১৬. ১ ই a ৬৫ i মা দুর্গা মহালয়ার এক মাস পরে আসবে বলেছে,2,2,2,PAg
blog 269.jpg,"A ১১ i 0 এ & 4 \ নবীজি বলসে, পৃথিবী আর বেহেশতের দূরত্ব ৭১, dhormockery.com (2%: bit ly/dhorm) WW ৭২ অথবা ৭৩ বছর (সময় দিয়া দূরত্ব মাপা!)। ১ আর সাত আসমানের উপ্রে আছে সমুদ্র, যেইটার গভীরতা দুই বেহেশতের ভিত্রের দূরত্বের সমান। মেট, তারও উপ্রে আছে ৮ খান পাহাড়ি ছাগল, তাগো ণ খুর আর পাছার দূরত্বও দুই বেহেশতের ভিত্রের দূরত্বের সমান। এবং তার উপ্রে আল্যা। (আবু = দাউদ 80:890 ) মলা",3,3,3,RAg
fb 1239.jpg,"|, J i ক, % 0, গা = ih EN \ 3 রগ Fy ১১৮ SC = oe প্র কী EN ie * ৮১১১ { \ ২ ga ( 3 a \ . পেন লু শল যর EAs Foi PS Pe Sao a _ পলি, A পা শিশুরা 3) ~~ #* ~~ ON el % Nira ৭ sg ৭ EA All pr > A - = Ha wh 4 5 Say, পাচা ক 7 ov"" dy Lg wd a ৯ রং স্পা পে হ্যা ed at oh Bn Nl A 8 ডা #3 Wo TA - RY ক এ | জা - \l 17 [০ য়ের এ/৫দ্রাকানে",2,2,3,RAg
fb 1821.jpg,*R ২ 7 7 wil w | কি করছো ভ),1,1,1,GAg
in 473.jpg,"wa পত্রিকা অনলাইন ৮২) চালানি' মাছ খেলেই উঠছে লম্বা ঢেকুর, খাওয়ার পাতে দেশি মুরগি, টাটকা পোনার জেলের খাবার খাচ্ছে না জামাইফট খাচ্ছে রা ১ | a TS TE pi R",2,2,2,PAg
fb 1743.jpg,) ২ মিথিলার ব্লাউজর ক্ত লাগিয় দিচ্ছন স্বপন J itm Sarcasm C - তারপারই চাল (গালন AUF.,1,1,1,GAg
bamboo-vaiya (330).jpg,& ৮ # a উচ্চবিত্ত HERD A 4 ০ 2g Sie = sls ie J স্‌ | ক্র পল ha wa টস '(১01141013111111 ৷ এ ক 3 nem) = G Adi bs a SAE আলিম্ক 05S TURE ARAN ATIF MSH: ARR MARANOD ics) TEAM = i e | a i& = সমকামি:বিতত Ww 2 ঠা iH y Gh EZ,4,4,4,Oth
ovodro_img (759).jpg,"জটিল॥মাগি লক এর! আতা লজ | বারর,/হলে.দাদুর।নাম কেন? 1 won |",1,1,1,GAg
fb 1632.jpg,"ইসলামে নারীর অধিকার নারীবাদে নারীর অধিকার 14 f I It | দা || Aj = fre hi | | vw, An = y rs i} -_ সা Ny arg t BE + =|",1,1,3,RAg
blog 355.jpg,"নাতনি? না, আমার নয়া বিবি। =O DN WW | ANS \ es mn 9) 180 INS J ০ A) Vik |! ৬ রগ ul 0 Y JeAweP",3,3,3,RAg
bamboo-vaiya (421).jpg,7 // YH Rg a v যে 1 আমাদের সমাজকে এই শিক্ষা দিতে হবে যে আমি তোমার সাথে একমত নই তারমানে এই নয় আমি/তোমাকে ঘৃনা'ক্রি ্া পলি ছি,0,0,0,NoAg
blog 321.jpg,"@ 4 0 32, গুনাহ্‌। , / ; A) জা a 1 LB রা 8 / | A= ॥ | ) & OO ( \\ | | Sud অনুবাদ: dhormockery.com (#f: bit.ly/dhorm শা বা NAT",3,3,3,RAg
blog 113.jpg,"না ams কী NE _ - s lw. NA ""৷ নন Pe | rd oA mim প্রেক্সি: ট্যাগ একদিন গাছতলায় বিশ্রাম নেয়ার সময় ইছলামের নবীকে কামড়ে দিলো এক পিঁপড়ে। বাধা সৃষ্টিকারী ও অবাধ্য সমস্ত গোত্র-সম্প্রদায় নিশ্চিহ্ন করে দেয়ায় অভ্যস্ত ন্যায়বাদী, করুণার সাগর ও দয়াময় নবী তখন সেই পিঁপড়ের 'অপরাধের' শাস্তি হিসেবে সেই গাছতলার সমস্ত পিঁপড়ের বাসস্থানে আগুন জ্বালিয়ে দেয়ার আদেশ দিলো। বুখারি, খণ্ড ৪, বই ৫৪, হাদিস ৫৩৬)",3,3,3,RAg
ovodro_img (635).jpg,যখন কোন মেয়েকে জিঞ্জেস করা হয় পানু TWF পরে জল খসাস কাঁভাবে?? Ne i S বে Wa \ J /\ hl LS,1,1,1,GAg
chosha (18).jpg,- 1 স্বা চোস্বা চোস্বা চো চাষা চোষা চোষা চোষা চোষা চোষা চো i | | - = P আমি তোমাকে ভালোবাসি ভালোবাসা বলতে কিছুই নাই ২৩০১ সবই পুক্কি মারার ধান্দা !,1,1,1,GAg
blog 147.jpg,".. ডাক্তার সাহেব, আমার শরীরটা ( ঠিক করে দিন, আমি আপনার সুস্বাস্থ্য কামনা জন্যে প্রার্থনা করবো | জা Z| @ AA i 1 @ যা",3,3,3,RAg
tangaila (241).jpg,(ঘা \ hl it i i id 0 i if i ne TI pin [live Qi! i AS লী | বাল্তুণাসদাডিয়েবান্ধুধাচ্ছি বালু সাধে AI ভেতরে আসরে তই আশায় -মামাদ,0,0,4,Oth
tangaila (216).jpg,Sarcasm aan spa 181 7৪) RIT] ১ MH AE Ld SN,1,1,3,RAg
pin 23.jpg,"শুধু পিসি কবিতা লিখতে পারে | আমি কি লিখতে পারি না ? oO @ য়্যদিও_ লেখাটি_আমার_অনেক_দিনের_পুরোনো I an Bam WV পিসি গেছে IR de, উথ্যল গাথাল নদী! ছিপ RCN আমফানে, মাই নিয়ে যায় মোদী। রণ | rar A 7 lg - তল NS By \ viewiton 55 dlailyhunt",2,2,2,PAg
tangaila (278).jpg,Tangaila Sarcasm al || বর,0,0,2,PAg
fb 1379.jpg,"Le. J ৩২, তুই মাক; 4 লেনিনের নাম করে মেয়েদের ? ঠিকাছে, এবার CIS SIGIR দিকে মুখ করে",2,2,0,NoAg
nurani-memes (190).jpg,ফ্নিট ছু i \N 7 ২৪৮০০ og. El ec Wf,2,2,0,NoAg
ovodro_img (137).jpg,4 VE কোন মেয়ে দিনভোরে থাই খাই করে রোগা হওয়ার জন্য BAGH কুরবে বলে ঠিক করে একবারে যতটা খায় od of i,0,0,1,GAg
fb 1775.jpg,প্রতিটি ছেলের স্বপ্ন ওর i 4 ~~ BOO) INO!,1,1,1,GAg
fb 1693.jpg,টু কিস কর ঢুকতে সে i যাবি রে | টু | (> is 4 SN) স্বগে যেতে চাস! Lr = Yi টন I Oo 0 a খু LF,3,3,1,GAg
Bangla Thug Life (37).jpg,"যখন আমি কারো কল রিসিভ করে অন্য রুমের দিকে যাই, SFE ॥/ জা তা বা LAN Sa NF memes",0,0,0,NoAg
in 25.jpg,| পু A+ A+ io A+ A+ Tre A+ we A+ A+ A+ A+ A+ A+ A+ A+ আমার পরীক্ষারখাতা A+,0,0,0,NoAg
Halal Memes (75).jpg,"wee [eg পুরোনো RE] Sie U"" না?",0,0,1,GAg
tangaila (342).jpg,Yo ) ey ViferdoushtShant A t সানী % Ry ak i dls তামা / Ny 4 Vz | সপ ৩ সান NES IG) a 32 /tangailat mbd,0,0,4,Oth
fb 285.jpg,"ঠা _ ট্তকফ্র লোগছে ত্লেলেই দাদি ছা দিত, তাহালে দোশেম জনসংখ্যা এত dIGLOI dl 0000 ঢাগা-দো০54",1,1,1,GAg
Halal Memes (122).jpg,গমের মধ্যুয়াহক অন রর ধুর দেওয়া _ pion পাশের ঘরে থেকে AIK o ও,0,0,0,NoAg
fb 1601.jpg,"রেতোর তামত নিয়ে তোর , তোর মায়ের সেক্স করতে তামত নিয়ে তার A 3 সেক্স করিস টা ""ড় ছেড়ে দে? B boats # লালে - 0 i রে as oY Fa h a a bh ya 2 লগা sd ৬ ৬ ~~ ANG",3,3,3,RAg
fb 1489.jpg,"- আসসালাম ওয়ালাইকুম, একটু দ্বীনের কথা. - নমস্কার! | 1 Listen here, you little shit Mh ww",3,3,3,RAg
bangla-gag (14).jpg,রম জান মাসে. ৪ সক - A RRS এর দিন di a a A \ i | ld ae I B [S14 রন বব a . ~ Bangla Memely,1,1,1,GAg
blog 83.jpg,"আল্যা সব পয়গম্বরকে সমান চোখে দেখে। ১ (সুরা আন নিসা, ৪:১৫২) | dhormockery.com প্রক্সি: | ly/dhorm) আল্যা সব পয়গম্বরকে সমান চোখে দেখে না। ৭ ৮ (সুরা বনী ইসরাঈল, ১৭:৫৫) wr",3,3,3,RAg
Halal Memes (315).jpg,বেঁচে থাকা অবস্থায় নান্‌ বাড়িতে পর আমিঃ দিনগুলোর কথা মনে পড়ার (৫১3৭17017 3112 ij2300l!,0,0,0,NoAg
in 585.jpg,"eee Sangbad Pratidin 'নেতাজি সম্পর্কিত সমস্ত ফাইল প্রকাশ্যে আনা হবে, আশ্বাস প্রধানমন্ত্রীর। #NetajiSubha s handraBose #SangbadPratidin : 5 Q | কবে ফাইল প্রকাশ করবে 4 | i | Gli ! রা আগে থেকেই! ৮ EN Su MEM এই ঢপ দিয়ে p=! =r পাট RR | a রর",2,2,2,PAg
fb 212.jpg,১৮ dat t About this web ) 4 চা fT NG ৮ a wk 4 | [| il ET ডে / a - | JAMUNA.TV কাশিমপুর কারাগারে নেয়া হচ্ছে পরীমণিকে ১ ছার স্পা ST াতাইঃ তত স্‌ lio; V4 0287 / A a a 4 7h,1,1,1,GAg
tangaila (250).jpg,ঢটাংগাইলে আমার একটা প্রিয় জায়গা আছে AN কই কান্দি চিনস? [14 ll of 3 = =H i ) 4 সালা তুই আমারে for?,0,0,0,NoAg
in 272.jpg,"জি রা ৯ 4 de ও, "" a Ca wae P| একটা করিতা বলতো হা ম্যাম আদি IAD করিতার'নাম ভাস ye 3 N ue fe, গরু fer খোল নদার বাল নিজে খেলি; বউকে, দিলি বাদ/গেল না শালী। =o. 21 'দুস্টু",2,2,4,Oth
fb 1115.jpg,Be VS I< Mahmud] wi লা A 7 id ১ কি J Ww pe ye =) a | id k,4,4,4,Oth
fb 986.jpg,4. প্র 4 a hsan Ayo ১ ৬৮ 8 টু CTR oR] GT শি ey EES ISIE বোলিওফিস্ডি কিছুনা পারলেও বিডি দলে এচোন্সপাওয়াসূতব | A,4,4,4,Oth
fb 2007.jpg,সাম থক চোর। সাথ দানা [| ৮ Primera Division Al q 2:1 BR 1 ড় 5 Fh কা @BANGLADESH FOOTBALL MEME ৯,4,4,0,NoAg
Bangla Thug Life (299).jpg,আমি : আম্মু ঈদের সালামি দিবা না? ৩1৩ আম্মু: ভাত খা! M e ৮ WY I i hd AT! DESIRES 23 নল হলো কী:) কাকা কী,0,0,0,NoAg
fb 139.jpg,ভাই বহন IFA ! ডল RANGA TRE | pe & শট SEEGER ITNT ill খারার খান ডে ই GAARA usd Remeron লা,0,0,4,Oth
in 184.jpg,"ন্ট 3 আপনি এতদিন কলকাতায় Lr) থেকে বাংলা কিছু শিখেছেন? unacademy asm = Brameo 65020 Pinstament NEU TATA 4 ১৭ & NEU TATA TATA CRED [727177 DREP রা ৯৬৪ 1 ) CreED ( ~~ SiR 3502১ ১২) upstox \ বাং নাতে আমি শুধু দুটো, ওয়া 63 বলতে পারি. N= AL SICRED ১ তত Tea mn cred 5 - Bc eh RED AUp/ চোর ট্রিনোমূল | oe ps",2,2,4,Oth
bamboo-vaiya (3).jpg,= LAND 2 ৷ Dah (64,4,4,3,RAg
fb 1642.jpg,"দুইজনের মন্মতিতে ভালবামার্ন CGE 5! tw = মধুর NASH হারাম! হালাল হারাম ৬ ১) ZA 4 A | ৯ টা বউ,২টা দামি,পালিত পুত্রের ry pel, বিবাহ আরাম!",3,3,3,RAg
fb 978.jpg,2 i 2) a) টন = - = STIS CT চু py Te লা - লো : re 7 Ad ~ Zz 5 ১১১ কে / a Bn FIN Oe YS APS ly | A ৮১৮ == LA ow LL Sa LA) AJAIRA] রর w .o - Nad X | ঠ৮৮১১ BY i1 7 ie a so W টু পি 1 NE KER SEY Ss,4,4,4,Oth
ovodro_img (731).jpg,"কী,হলো? থেমে।/গেলে কেনো? hy T আসত গো! 8) Q\",1,1,1,GAg
fb 1735.jpg,"22169101190 একটা আঙ্গুল, ধু দুটা আগুল, f Se) ye, A (PAST (AP নাও! উঠ স্পন্সর: নতুন নতুন বাংলা চটি গল্প পড়তে ভিজিট করুন: BanglaChoti.2k69.xyz না রি",1,1,1,GAg
chosha (51).jpg,T= (BTS - TN ডায়েট কনডম way RA ১৬৯১০ ant Jue কনডম বা চোস্া চে না] Ly ড ডায়েট ক রে তাই বলছে কনউমে জেনো,1,1,0,NoAg
fb 1034.jpg,নাম হ্যা হ্যা আমিই সেই নহি | | > 3 ১৪ 1. ০5৮৭০ বি 3 i 4 v ) ad ॥ Ei rie fa,4,4,0,NoAg
fb 561.jpg,ক্লাসে বাংলা রিডিং পরতে না পারা বন্ধুকে যখন দেখি বই মেলায় গিয়ে বই কিনতে! আমি পদ্মার ০০ ! 92 [হলে শিক্ষিত,0,0,0,NoAg
Halal Memes (302).jpg,স্কুলের টিচারকে যখন মা বাসায় টিউশনের জন্য রাখে আর স্যার বাসায় এসে দেখে ৩ লে স্যারু* নানা টেবিলে ভাব । ) তোর is তাহলে টু 37?,0,0,0,NoAg
ovodro_img (182).jpg,SS 10 ls A i কে ব্য়ে করল ONO) io) MEMES - = ) (A রনবীর ও দীপিকী ERE Taek a নানি টাকা a নু তেও YR নে কথা al,0,0,4,Oth
fb 1117.jpg,"প্রধানমন্ত্রীর কুমড়ার বেগুনি নিয়ে পোস্ট করার 5.00 ১ সেকেন্ড পর- A 0, 4 ৯ ০, ১ টি \ | ২4 N\A dn A > @ |",2,2,0,NoAg
KAM (337).jpg,"FB/FAKIBAJIBD / (81) Rex iS, (CICILY URE AIR NHI ARE PRE GE! AL ed SAHEB F B/FA ssi D TN বাজারে সমস্থা'পণ্যের/চাহিদা বেশি!",1,1,1,GAg
fb 1312.jpg,১৮ // 2 Gy CRY UA AS FI CER RIS),2,2,2,PAg
fb 161.jpg,০] | 'সাস ফেইল করা নিবির hy 4 TE. a pT WL ৮৭ ডা ডা 004 He | 4 ৯০৯২৬,1,1,1,GAg
fb 1414.jpg,we ৭ ১৮ বু - ৫ hr 1 পে Fa মক Ee - - লক গদি ঙ্দ্রা তো SIE CISA CTO JJ EA চর ~~ JAS] আগেই'আগ্রানাদের। ঢের RIGS CURIE GIS CRI Sh BUY EY প্লাজা পপ শে রেখেছে। ক - . ঈছ I পো i Vd নম কে কু . পপ না ভু a JL,2,2,2,PAg
chosha (47).jpg,; = R 3 a,0,0,4,Oth
fb 305.jpg,56 পা আজকাল _ মানে চুদা (এ & \ মেয়েরা চুদা নেয়ছ%7 | TAN |,1,1,1,GAg
fb 1104.jpg,কা [|] ) for 3 ধীরে ধীারে/করি /,1,1,1,GAg
fb 4.jpg,"আমিঃ দোস্ত আমিতো আলিশার উপর চরম ক্রাশ খাইছি কাউকে বলিস না কিন্তু ! দোস্তঃ তি ও GFF ঢু Ea #4 4 == Fad / টি f= ঢা 3) Minded,",0,0,0,NoAg
in 328.jpg,কালকে গ্রামে ঘদি বলি আমি Cel oo 3 HAIN AHI] x L.. পো 1. PACE: 4,2,2,1,GAg
tangaila (84).jpg,"যারা একদিনে অনেক ১.২ কা আয় করে ধা), 1. | r \ , এ TE. k, কর্তা AW AAA যারা এই গরমে রাস্তার পাশে লেবুর শরবতের দোকান দিয়েছে",0,0,0,NoAg
bangla-memes (167).jpg,ঢাকা 16611-211,0,0,1,GAg
Halal Memes (239).jpg,যখন জনগণকে চা ঢেলে দেওয়ার পর তারা সেই চা না খেয়ে উল্টা ট্রল করে | ৪ Ashraf Rea : [০ 0. ah) \ % ৮: wl Bh) SUI = B A 5 ANCE) চা *চাঁলতাছি,4,4,0,NoAg
in 307.jpg,"anandabazar.com প্রথম পাতা কলকাতা পশ্চিমবঙ্গ দেশ বিদেশ সম্পাদ এখনও মনে করি অনুতব্রত - বীরভূমের IT, দলের জেলা 4 সভাপতির পাশে দাড়িয়ে ফের ফিরহাদ-মন্তব্য | 7S ক্লক র্‌? লব ৰ Dr গাগা MORPETH LATER ay 9) or পশ্চিমবঙ্গ MEMES Firhad on Anubrata: /॥ 'অনুব্রত প্রভাবশালী নন , দাবি ফিরহাদের; দিলেন কেষ্ট-হীন পোস্টারের ব্যাখ্যাও 1 BY TVS BANGLA DIGITAL JANUARY 30, 2023 \",2,2,2,PAg
direct-offense (69).jpg,স্যার : কিরে পরিক্ষার খাতায় তোর আর তোর বন্ধুর উত্তর এক ক্যান! আমি : স্যার প্রশ্নওুতো এক! = '* গ [চা,0,0,0,NoAg
blog 85.jpg,"দোয়া-মোণাজত বিএাসসূচক নম) এর সততায় SRD কারণ সর্বজ্ঞ আল্যাহর বিচক্ষণতা ও তার পুনর্বিবেচনাপূর্বক প্রতি আপনার পূ অহ আস্থা যদি থাকতো, Cy কি তার সেই পরিকল্পনা দোয়া-মোনাজাত করতেন?",3,3,3,RAg
fb 42.jpg,"এসএসসি রেজাল্টের ৩ বছর পর. চলাই ২. *পোলায় এসএসসি, (GUST) IRR! ) oi 7 Fh ol Py Ce ai -i fon, Reg | ) yy 3 Sc. aa লস $4 ol pe (1) i FRNA FEA 2 I ry CA] / N J Cy By A or Ch: Ti - /4, / 1 Boag go ""0 a A / নু ' 1 টং দেখছোস a এখন আর রে হল. দেয়না? a]",0,0,0,NoAg
fb 1274.jpg,"একতান বোর] সো লো এক নারির | ABI fiat, ৬য়েযারে। od Va py = পে AN 3s ale SE 0. (Ai || ৯1 Te. একটি, যা লোক ol ""্অ RIEL Sa অনেক গন্ধ। আপনার পুটকি মারতে তাই!",1,1,3,RAg
in 66.jpg,EN Aa Memes as সা রব সেহেদী আজকে রাতে মেহেদী 31]191065110114043011 ঙ্ু কত,1,1,0,NoAg
fb 1062.jpg,"পে! N ="" * | তুমি Ralls 1b মিনির MUSTAFISLL 12 is জানার! ica রর",4,4,0,NoAg
in 389.jpg,"এই সোনা জানো বাবা গত সপ্তাহে লটারি জিতেছিল আবার এই সপ্তাহেও জিতেছে. তোমার বাবা তৃণমূল করে? মুতে কে জে, MEMES ঠিক ধরেছো, আমি তো তোমাকে বলিনি ~h তুমি কী করে জানলে!",2,2,2,PAg
chosha (91).jpg,( ; যা চোষা চোষ! LX] (BINT 35) J | 1 চু (২) ha el AE Bo হ্যা wr জজ ড় ন্‌ পানা (J CS = ে (=> 2p],1,1,1,GAg
fb 1701.jpg,"অবিশ্বাসীদের যেখানেই পাবে সেখানেই হত্যা করবে = কুরান (285DD) NL পি, দম তামার ধর্ম আমার কাছে আল কুরান (১০৯১৬) | 2: A, | Tc",3,3,3,RAg
fb 1553.jpg,"212% TUR MBA, nN ৷ A 2 PIPING AES তথ্য A চিরতরে হারিয়ে মায় 2% TR ABA, অম্টা INCI FE নেই",3,3,2,PAg
bangla-gag (81).jpg,"(ং৬ ৬ 7 Bag মা Bangla Hemel] RAY % চে ২২ Ja Wi A স্রপ্রিয়তং মা পরা, or ডান |] ঢা 1 | চু যী টা fous i ৮ TAN 3 নামান - 1, N AR A ijl) oh | o 3 el 176] গল পাত 2 atl I",0,0,0,NoAg
fb 62.jpg,aR ল্যান ৯. ভা আমার ডিএসএলআর আছে Sa আমি বিরাট ফটোগ্রাফার le 1 | [ a a ys A \ oi তাইলে আমার কলম আছে 8 ০; 1 আমি হুমায়ূন আহমেদ ar 7 । We আরা,4,4,0,NoAg
blog 377.jpg,SETI PTR 0 yo তিনি ্ ফিরহত্যার 2৯. নির্দেশ দিয়েছেন,3,3,3,RAg
tangaila (173).jpg,কুমুদিনীর মেয়েরা কুমুদিনীর মেয়েরা বিয়ের পরে বিয়ের আগে হা ( a ABN 4 et) \ TR \ il _,1,1,1,GAg
blog 322.jpg,্ ২৯ PERSON ba cy /\ একখান i করসে 0 BE ic) ৩.7 ঢাইম ম্যাগাজিন। পোপের মাথায় চু ডেভিলের শিং বসাইয়া দিসে। = Ee} %,3,3,3,RAg
fb 277.jpg,tv A এইরকম এ কটা মেয়ে যদি আমার বেটার বউ হতো La =],1,1,1,GAg
in 532.jpg,হো. মশাই ইডির তদন্ত দেখে আপনার কি মনে হচ্ছে?! &ী ইডি নিজেও এখন কনফিউজড. নু তা ) আগে বেআইনি সম্পত্তি খুঁজে বের করবে? নাকি বান্ধবী খুঁজে বের করবে!?,2,2,2,PAg
tangaila (300).jpg,জানার পাকে CREF BIE = Tangaila R211 Lo TF % ৬ = f flangaila.Sarcasm y আজকে রেট কত কইরা?,0,0,0,NoAg
fb 1796.jpg,"Sultan's Dine * Follow Jun 22,2022 - ও সব মন খারাপের একটাই সমাধান, এক প্লেট সুলতানি কাচ্চি।. See more a a $i ols ০ ns Dine Dine in | Catering | Taks Out aol 1) Gil Ne ৬ 7 ad 5 yr - aN ? ob = 4 i = SF = a রর চান",4,4,4,Oth
blog 432.jpg,"দ: dhormockery com (2%: bit ly dhorm) we te pi 25 ids a হালা ন৷ NG Tr 3 ig a tenn SEH SE 12 আমগোর ধমরে ২৭ GAR RE 5 iE Sh SH i 2 ধ্বংস ধান্দা? wom = ox we Ra: DEEN i) B= ও 7 RAL v - SHES Be 5: ১১১ XY ১১ ডং Ne DEF rs ১২ চি যা 2% i = ih) AN ১৩ HE ১৭ 33 x i La ks Rh ত্য ig + PE NN We 71 ne EEN THE os ed ২২২২২ A, iit 7 Hi i 45 3 ২ i 70 1 = i Za (S Sic 2 ০০৫ = 7 ds 2: ৫ a 7 ZZ ZZ 5 = 2 2 a ZZ ZZ Zz Z 2 5 cs 7 = = 7 না: oe 2; ee ZZ 5 a GT Rea CH 50, ZZ ZZ 7 7% রে ZZ i 7 i ৩",3,3,3,RAg
fb 1580.jpg,নাস্তিকীয় লজিক EDC পুরুষ আফ্রিকান ফর্সা 3 23 গরীব প্রতিবন্ধি,3,3,3,RAg
bangla-memes (150).jpg,যখন পরীক্ষার রেসাল্ট ভালো হও পর মনে পড়ে যায় যে আসল এ দেওয়া হবে হাশরের ময়দানে : i144 i,0,0,0,NoAg
fb 16.jpg,Cholbe naki.party whole night in I >) J == p. ls & 44) [IR a | * ৯. - (১ ৷ Aa A N 2) RANCIEA th,0,0,4,Oth
blog 397.jpg,"তুমিও কি আমার তাতো জানি am আমার ক মতোই বসন্তকালের স্বামীকে জিজ্ঞেস করে অপেক্ষায় আছো? জেনে নিতে হবে। , ৮১ / # <T rx দ: dhormockery: com",3,3,0,NoAg
KAM (103).jpg,"য় Re ser . পাপা ১৬ { 3 ঠা 69) [&3 ০510 রা পা ১৬4 { রী আদ লী গায়ের নিচে CP RIRLSRIGT আমার একটা ফটো পরছিল একী | wy Al gi আফা শাড়ী আমি'শুধু কইছি mie উপরে, তুলেন ৮",4,4,4,Oth
fb 944.jpg,নি ॥॥ Fe ) / | 4 4 ৮ wil গল ny তোরা ওরে ( // [| a pe yh তাইলে প্রতি SB TS বেগুন কিনি কোথায়?,1,1,4,Oth
in 217.jpg,বলে কানাকাটি করা পিসি বিকাশরঞ্জন ভট্টাচার্য Vis i আর A MENES A > | লালে,2,2,2,PAg
fb 837.jpg,্,0,0,3,RAg
ovodro_img (54).jpg,রত Bib i ৮4. | i 64 তার ? | i i 8 <5 Da ০৬৮৮০ MEMES bh. RN এ [38 WARNS i = (rd হস্ত যার q নং Qf i | ২ তার নাম তর ২: i | hi ha + Na চ ্ঠ A: 5 I,4,4,0,NoAg
in 71.jpg,(4) Noble Man আর্ভেন্টিনার এবার কোপা 1 আমার বিচি কেটে কুত্তা fv 11 i যাস য় খাওয়াবো. - আর্জেন্টিনা জিতার পর কুত্তা: বিচি দুইটা দিলেন না স্যার?,4,4,4,Oth
Bangla Thug Life (201).jpg,পেইন বই সর RRs দেয়ার থর @Bengali_thug_life এ শহরে আমার মতো ক্রিমিনাল একটা ও নাই,1,1,0,NoAg
chosha (44).jpg,"টং চর চে! EE a aa] gi ( ৩1০ d আগে 4 বউয়ের সন করিনি, তুই করছিলি? ' A \/ ) \ | ৷ - মনে পড়ছেনা, তোর বউয়ের নাম বুল. দু ১৬৯ মনে পড়তৈ পারে | | টাল",0,0,1,GAg
fb 679.jpg,"Mhab, \ 1 Rill fo r . উচ্চ মাধ্যমিক Kd F মি 111351০0154] |",0,0,0,NoAg
fb 56.jpg,মেয়েরা যেভাবে ছবি তুলে \ Siow SAC a = a i BANGLA 1 ডা ||,1,1,1,GAg
tangaila (164).jpg,হাসানিয়ানদের বউ সৃষ্টিয়ানদের বউ TAN পল ॥ লে 78 Sarcasm; Gk 8,4,4,1,GAg
fb 470.jpg,খুবই ভাগ্যবান রুগী hy | oo 0 ae) pi?,1,1,1,GAg
ovodro_img (201).jpg,"বলপা গলু - ১৯ w, | ed p ০৬৮০ MEMES PE 3, পাদলু -ৰ্ঠ ' ১ ol, 3 রা 'উচ্চারন'তো্‌ম হানায়ক দেবের মত |",4,4,4,Oth
in 642.jpg,র্‌ মা. পে Jl ii) CRS 8) মস জা wr TC ভুল ক ff - \ & => পক / ঠা ois ve a MEMES << দু পা | SIERO a AH,2,2,2,PAg
blog 326.jpg,ঈশ্বর সত্য। আপনি আমার কথা বিশ্বাস এর অর্থ - সেই করছেন না? এই অতিলোকিক সতার ইউটিউব লিংকটা দেখুন। অস্তিত্বের প্রমাণ আছে / ইউটিউবে? a loll r অনুবাদ: dhormockery.com (27%: bit ly/dhorm),3,3,3,RAg
fb 829.jpg,"ক্স সামার ALT [TOR রা রণ: [56067514101] দি) সে ও আমার মতো "" এলিয়েন, আদুকর না "" এর ঢ্যাগ.পেতে চায়! না ৬ ও",4,4,4,Oth
ovodro_img (692).jpg,টানার = r = 4 Gu: = he mY SIGIR 'খুজেণ্প্য়েছে। ],0,0,4,Oth
KAM (256).jpg,পপ লস চু পু fo ২৭ 2 Zr - y= oe wo R 2 No Be i লা peta ওত,4,4,1,GAg
in 101.jpg,"দামে কম, 999 বেশি. টেপে ক্তম, ঠাপে বেশি. জনি ফার্নিচার. @ ) wy oD",4,4,1,GAg
Bangla Thug Life (17).jpg,"যখন দেখি ক্লাস নাইন এর ছেলে আর ক্লাস ৭ এর একসাথে হাত ধরে হাট "" ৮৪ | আমিঃ 3 4 X w এই SIC (র,করলাম?",0,0,0,NoAg
KAM (46).jpg,"লাস ৷ ক সেমিস্টার ফাইনাল টি চা] fb.com/sem.final lbs Lieb ae BEN পু | নী) Pe 2 Ak > y i =) nd Wa NK a 'রি-আ্যাকশন ক য়েটি। RA EUS সা ৮ ""য় iil J il iil র্যা 1 Ts ৯ || হন SERRA i",0,0,0,NoAg
Bangla Thug Life (162).jpg,"CERAIGCTGRR REIN QB PAT JIB, থাকা শাশুড়ী টং @Bengali_thug_life fli PC 4 8",0,0,0,NoAg
direct-offense (4).jpg,"wheats! ৬৭ ও, মাঠে Shea ""রা যেখানেই সব কনর But ut, খেলুক 0110 hy তাহলে আজ নাহয় TIER হয়ে যাক?",4,4,4,Oth
tangaila (96).jpg,-ঞ Sarcasm CH ve য় BEIGE) 4 শা দিন) য়া -,1,1,1,GAg
fb 1327.jpg,নি ৯ অসংখ্য টা ফাসিস্ত-কে করার চেয়ে oC a )) 4 ARTISWELL sr ro 74 } A পুঁজিবাদী!রাষ্ট্রকে A কেবারে উ. A) দেওয়া ভালো,2,2,3,RAg
blog 49.jpg,"মূর্তিপূজার অভিযোগে অভিযুক্ত মুসা নবীর ৬ অনুসারীদের আল্লাহ ক্ষমা করেছে। (সুরা আল বাক্বারাহ, ২:৫২) ৯ dhormeckery.com (23: bit.ly/dhorm) মূর্তিপূজার অভিযোগে অভিযুক্ত মুসা নবীর ৭ ৮ 5 অনুসারীদের আল্লাহ শাস্তি দিয়েছে। (সুরা আল আ'রাফ, ৭:১৫২)",3,3,3,RAg
fb 2069.jpg,sR পে 1T10M লাই ট্রি দে। বিনিময়ে জয়ী অবশেষে রিয়াল মা LR র্‌ অলাযাল rs বেত রম ক রেল Joye ot PR,4,4,4,Oth
ovodro_img (121).jpg,"রা *পাগলাচোদ্দা! গার্লফ্রেন্ড । 1 বাড়ার মাথা র্‌ টং Lath | বাড়া 7 J,",1,1,1,GAg
KAM (178).png,"~ - FAK] ol a 0 77 7 I // / Wl || । / | J n / || A 7) \ No! আছে Inns, টাটা খেলোয়াড় !! আমাদের El v= - // fi } ১ খনোয়াড়/!! আর!ইডিয়ান ১ ! Wile i i BL i 4 im মাঠে আর তিন জন সিধান্ত নিয়া খেলে!",4,4,4,Oth
in 339.jpg,"TT ঙ <Q 1 Dx Ww Cas wn, শত ল্ঃ \ ME পট আরে ও সাম্বা, এ তিনু বিধায়কের : ঘরে কতো টাকা পাওয়া গেছে ১ Ny AA ১ সর্দার: 57 EN AN ১১। ১১৯ be # R a yay ৮১১৯ ""৬ টু Ry? ৯৬.",2,2,2,PAg
blog 312.jpg,"১ ৮ ছু Tl Hae AT BY নু Ea ৰা হা ক iQ it <\ J (a ? ) oe SOE ARE ও PRE ০ ৩৫৩ 2 A A he, ha অনুবাদ: dhormockery.com (2%: bit.ly/dh orm বিশ্ব উষ্ণায়ণ হ্রাসে হিন্দুধর্মের উদ্যোগ",3,3,3,RAg
fb 1717.jpg,"wi v, A ৬ be এইডা ইহুদি চু সপ ঞ.ঞনাসারাগো কাজ wh a ১৮ all রক (i a 4 > re oF ho x 4 পা গল a GARI / { - ৬",3,3,3,RAg
fb 1281.jpg,১০০ টাকা ডোনেশন পেয়ে ২০ টাকা সাহায্য রা in -~ i n= ' 1! ৬ 5 | ih & = Noe বাকিড়া আমারে কইছে,4,4,0,NoAg
fb 438.jpg,SE Al X তা | ) জপ তে - 1! LG N ডু দা A |i oC &% em) ত্রাস CF. Che To,2,2,2,PAg
tangaila (134).jpg,gl we জাস্ট ০ by KY,0,0,0,NoAg
fb 807.jpg,*্গ EN রন i ad Ih 8% wv Pq [| ৮ 2 | ২ Fa মুগ - A a ) না ০৬৬৮০ > Eg - fron 0 N 0. কি \ A pr ve = তত পা ্্‌ পপ Sa মা গা টা নম,0,0,2,PAg
fb 1258.jpg,"পহেলা বৈশাখ পহেলা বৈশাখ বাঙালর মুসলমানদের ত,যারা সং জন্য নয়.জ্ঞান বৈশাখ বুদ্ধি হওয়ার পর পালন থেকে কখনো করেনা,তারা পহেলা বৈশাখ খাঁটি বাঙালি Bry লাফালাফি নাহ করি নাই ঢা 5 on fousels 5 i}",3,3,3,RAg
bamboo-vaiya (17).jpg,"আর চুপ থাকা যায় না দেশে নারী নির্যাতন বন্ধ করতেই হবে 0 দেখুন, যৌতুকের টাকা দেওয়ার পর ও বার বার বলে বাপের বাড়ি থেকে টাকা আনতে আর না দেওয়াতে প্রতিদিন ঠিক এইভাবে মারধর মনবতা আজ কোথায়?? (৪, & রণ খে oe \",1,1,1,GAg
tangaila (196).jpg,"০ 4 - > Ne by টু SoA a i ১) So // রন আমরা ge viet হতে ৬/ AIR Agora, : . Ra] ২৬৯২ পা He < J a = wr A: lL A ঢা ""3ম All | ৬ a VAIAR 44444 A i R যা এর; আগে পৃথিবী. দেখে,",0,0,4,Oth
chosha (107).jpg,"জমজ দমে ঢা Les ৮ ! ES | oN it LETS] Png চোষা J a UL \ N চা আচ Ef ZA 56] 43 পর্দাশীল? % চোষা Si a ad I oo চা J না চোস্বা (BI চোস্বা চো yi Y / x5, Al ( 2] <) aki Pup aia লক করা",1,1,1,GAg
fb 487.jpg,"কিরে খনিকের পুতেরা? 11005 পাচ এ পচ বল ""আমি রেশি'হট টক নোরা ফাতেহি বেশি হট?",4,4,4,Oth
Bangla Thug Life (4).jpg,"যখন SFP এসে পড়ে এবং আপনি এবং আপনার বেস্টফ্রেন্ড দুজনের কেউই জানেন না কিভাবে গাছে চড়তে হয় সর 7 পা 6৬০ [ ৬ ay VIE 0 , 0 7 4 (Ke, (i =a 9 By 2% =n Ne?",0,0,0,NoAg
fb 367.jpg,"$ Top fan P Mitro গুজরাটে শিল্প আছে, নতুন শিল্প হচ্ছে, এগিয়ে বাংলায় নেই | বরঞ্চ ওজরাটি ভাষাটা জানা থাকলে বাঙালীদেরও গুজরাটে চাকরি পেতে সুবিধা হবে। বাংলা ভাষাটা আপাতত সাহিত্য চর্চার জন্যই ঠিক আছে। meme ] 10 080যবাংলা MUSIC i STU \ )) = A 2A দেশী গরুর মূত্র রত",4,4,2,PAg
fb 1361.jpg,"4 / পিন i | | Nee Sa {Ea v4 তোর এদিকে,.আয়/ছ৮০ an, fof AI ia",4,4,0,NoAg
ovodro_img (289).jpg,"rs a / ' মি থ্যা বললি! ক্যানো।আমায়? না!! বাথরুমে।ওটা স্যাম্পু সী. Pr MEMES 1,4 | Ga আপনি'কী/করেবুঝলে RECS IESG 27? ED = | i Ny | w | ্ণ a 0A RL ch 4h eh Yi i Al ART (মেখেছিলাম ld A ফ্যান যানা হয়নি রে চ্যামনা' |",0,0,4,Oth
