image_name,Captions,Label,true_id,pred_id,pred_label,prob_NoAg,prob_GAg,prob_PAg,prob_RAg,prob_Oth
fb 554.jpg,ভালোই তো এতদিন ভুলে ছিলি,0,0,4,Oth,0.06909479,0.018864712,7.2092684e-05,0.026390398,0.88557804
in 375.jpg,দুই বাসের রেষারেষিতে কুণাল ঘোষের গাড়িতে ধাক্কা! আমি খোজ নিয়েছি বাস ড্রাইভার দুটো সিপেম করে...,2,2,2,PAg,0.001078444,0.00020472777,0.9965454,7.227781e-06,0.0021642502
in 137.jpg,চিন্তা করো না বাবা; আমি আসছি,2,2,0,NoAg,0.99094325,0.0020317112,6.5157925e-05,2.8994282e-05,0.0069308477
in 351.jpg,ক্ষুদ্র শিল্পে দেশে এক নম্বরে পশ্চিমবঙ্গ' সবই ওনার অনুপ্রেরণায়....,2,2,4,Oth,0.08105157,0.06268338,0.17467001,0.00049129996,0.6811037
Bangla Thug Life (350).jpg,সকালের মিষ্টি রোদে ছবি অন্যদের আমার,0,0,4,Oth,0.07540626,0.051072508,0.007557178,0.028854193,0.8371099
KAM (19).jpg,অনেকদিন ঘুরতে যাওয়া হইনি চলো কথাও যায় নারায়াঙ্গঞ্জ খুব সুন্দর ... চলো যাই থাক তাহলে যাবো না,4,4,1,GAg,0.002312859,0.7402144,0.15616198,0.0020926986,0.099217996
nurani-memes (131).jpg,"আম্মুঃ তোর বয়সের সবাই টিউশনি করায়া টাকা কামায় আর তুই এখনো বাপের উপরে চলস , লজ্জা করেনা ? আমিঃ লজ্জা ? হেইডাতেও প্রিজারভেটিভ দেওয়া আছে",0,0,2,PAg,0.14759408,0.0039039163,0.47049037,0.2689108,0.10910085
KAM (65).png,"এই ছেলে তোমরা কই ভাই-বোন? আমরা ২ ভাই, আমি আর আমার বড় ভাই কি করে তোমার বড় ভাই? জার্মানি করে! জব এর কথা জিজ্ঞেস করছি, ফুটবল টিম না!",0,0,0,NoAg,0.5050939,0.061307307,0.00051529345,5.065888e-05,0.43303287
KAM (121).jpg,"শরীরটা ভালো না... কেমন জানি লাগতেছে ! তাই মাথা ঘুরায়... বমি বমি ভাব, তেঁতুল খাইতে মন চায়.... তাইনা!",0,0,4,Oth,0.032441054,0.07490475,0.00079500076,3.376398e-05,0.89182544
bangla-troll (19).jpg,তুমার নাম কি ? অপূর্ব পইন্নির ঘরে পইন্নি রুপের প্রশংসা করস কেরে ?,4,4,4,Oth,0.02287207,0.0067187552,0.004507863,0.00018788897,0.96571344
fb 603.jpg,*২০২২ ২০২৩ সালে ভালো কিছু হবে আশায় আমি,0,0,1,GAg,0.024015112,0.91516834,0.0001880861,0.04553921,0.015089293
ovodro_img (46).jpg,আমরা যাদের একসাথে দেখতে চাই কিন্তু যাদের একসাথে দেখতে পাই,4,4,4,Oth,0.048119172,0.006990048,0.0042595286,0.007790317,0.932841
Halal Memes (346).jpg,চিনছো আমারে ? চিনবা কেমনে! নতুন বন্ধু পাইলে পুরাতন বন্ধুর খোজ কে রাখে-,0,0,1,GAg,0.36171207,0.4726786,0.07579877,0.001467189,0.08834333
fb 1150.jpg,শাহবাগী পোশাকের স্বাধীনতা চাই। আমরা সবসময় পোশাক বিরোধী আন্দোলন করব। কিন্তু শীতকালে আন্দোলন করব না শীতকালে খুব ঠান্ডা লাগে।,4,4,0,NoAg,0.7232384,0.10309481,0.017123174,0.072491705,0.08405192
fb 709.jpg,আচ্ছা ভাই মোবাইলে তো এতদিন ক্লাস নিত তাইলে এখন ক্লাসে কেন মোবাইল নিতে দেয় না,0,0,1,GAg,0.0023617381,0.97724926,0.00013873175,0.0001982478,0.020051928
fb 1280.jpg,"বিদ্যানন্দ পড়বো, খেলবো, শিখবো",4,4,1,GAg,0.016462367,0.94146883,0.02740775,0.012625125,0.002035935
blog 190.jpg,"নিজেরে যখনই আবাল মনে হবে তখন মনে কইরেন, এই দুনিয়া গিজগিজ করতেসে আপনের চাইতে বহুত গুণ বেশি আবালে, যারা এই যুগেও বিচিত্র সব ভগবানেশ্বরাল্যায় বিশ্বাস করে",3,3,3,RAg,1.9781918e-10,3.4725385e-09,5.500515e-06,0.9999945,2.145299e-08
in 21.jpg,আম্মুর থিওরি দুধ খেলে মানুষ ফর্সা হয়,0,0,4,Oth,0.019033141,0.46094775,0.0076463157,0.0011751726,0.5111976
fb 1556.jpg,"যখন একজন নাস্তিক বলে, আমি প্রমাণ ছাড়া কিছুই বিশ্বাস করি না! কিন্তু সে বিবর্তনবাদে বিশ্বাস...",3,3,3,RAg,0.0007223983,1.3517114e-05,2.1077976e-05,0.9936086,0.0056344685
fb 1871.jpg,জগ জাগি মগ মাগি,1,1,0,NoAg,0.70147496,0.13890311,0.065797456,0.006150799,0.08767371
in 336.jpg,আমি দিদির দূত... গ্রামে ঢোকার পর *গ্রামবাসী,2,2,0,NoAg,0.93011904,0.031316955,0.030375356,0.0003083809,0.007880241
bamboo-vaiya (195).jpg,"যখন আপনি ঈদে দুই সেট জামা গিফট পান, এবং একটি পছন্দ হয় অপরটি হয় না",4,4,0,NoAg,0.96268964,0.0013837415,0.003900044,0.00038522054,0.031641264
fb 442.jpg,কি ব্যাপার অঞ্জন দা এত উদাস কেন? কতদিন দার্জিলিং যাই না। এই গরমে কলকাতায় থাকা যায়! চলো তোমায় দার্জিলিং ঘুরিয়ে আনি সত্যি নিয়ে যাবি আমাকে? আলবৎ কিন্তু গাড়িটা আমি চালাবো | বানসোদ দার্জিলিং যাওয়ার কথা বলছি কেওড়াতলা নয়!,4,4,2,PAg,0.005960155,0.005789352,0.5475893,0.26934737,0.17131379
blog 173.jpg,"আমরা, নাস্তিকেরা, আপনের বিশ্বাস নিয়া রঙ্গ করি বইলা আপনের মন খারাপ হয়? কিন্তু কন তো, আপনের বিশ্বাস এমুন বিনুদুনী টাইপ হইলে সেইটা আমগো দোষ?",3,3,3,RAg,0.0011976465,0.016609285,0.0005947602,0.9677389,0.013859292
chosha (126).jpg,এতো ভাব দেখায় কি লাভ ? দিনশেষে তো চোদা-ই খাওয়া লাগবে,1,1,1,GAg,2.7048016e-05,0.9996107,0.00023640381,8.769326e-05,3.8148217e-05
fb 1411.jpg,তোর বয়ফ্রেন্ডের বাবা-মা তো আজ বিয়ের কথা বলতে আসবেন? হ্যাঁ। উনি তো আবার তৃণমূল করেন। আগেই বলে রাখছি; বিয়ের খরচ থেকে কাটমানি চাইলে কিন্তু আমি এই বিয়েতে মত দেবো না। এইরকম বোলো না মা। সব তৃণমূল নেতারা মোটেই কাটমানি চায় না। তুমি বরং বাড়ির চালের পাত্রটা লুকিয়ে রাখো।,2,2,1,GAg,0.009273428,0.77316236,0.024448123,4.0979714e-05,0.19307508
pin 25.jpg,"বলতো, পশ্চিমবঙ্গের কোন সেতুটা সবচেয় সুরক্ষিত? কি রে বল! বল! পারলি না তো! দ্বিতীয় হুগলী সেতু; পিসি ওটা দিয়েই নবান্নযায়!",2,2,0,NoAg,0.4069143,0.010362237,0.026091898,0.21179916,0.34483248
fb 290.jpg,লিকা তোমার দুই পায়ের মাঝখানে আমাকে একটু ঘুমাতে দিবা সকালে উঠে গোসল করে চলে যাব,1,1,1,GAg,4.616096e-05,0.99992216,2.6550601e-06,2.567636e-06,2.6499238e-05
fb 1897.jpg,মধু যখন তার বফ কে কাঁচকলা দেখিয়ে কোনো সরকারি চাকরিজীবীকে বিয়ে করে ফেলে! মধুর বফ মধুর বিয়েতে : আমার মধু বেশ্যা!,1,1,0,NoAg,0.9831625,0.007048197,8.4500636e-05,0.00037811662,0.009326705
direct-offense (81).jpg,যেরকম আমরা চোখে দেখি সেটা দেখার পর যেটা ভাবি,1,1,1,GAg,0.0846606,0.82769203,0.002085863,0.0052890154,0.08027254
fb 1275.jpg,উনি কওমি মাদ্রাসার হুজুর তাড়াতাড়ি সালাম দিন নাহলে,3,3,3,RAg,0.019124953,0.017998055,0.0091625005,0.95320237,0.0005121495
Bangla Thug Life (35).jpg,পড়ালেখা ভালো রেজাল্ট আমি আমি পড়ালেখা ভালো রেজাল্ট,0,0,4,Oth,0.26697055,0.014401589,3.5023735e-05,3.487724e-07,0.7185925
blog 283.jpg,কী যে রহমতের মাস রমজান! সারাটা মাস আমি দরিদ্র আর ক্ষধার্তদের প্রতি প্রকৃত সহমর্মিতা অনুভব করি।,3,3,3,RAg,6.3634247e-06,1.4924792e-05,1.6353212e-06,0.9999771,5.0876764e-08
KAM (791).jpg,আমি ফ্যান নিয়া আসছিলাম আমি টিউবলাইট লইয়া আইছি আমি কি তাহলে কারেন্টবিলের কাগজ লইয়া আমু?,4,4,4,Oth,0.011922003,0.03401305,0.00094808365,0.00035028363,0.9527666
in 554.jpg,"খড়ার পুরসভায় বিজেপির সমর্থনে তৃণমূলের চেয়ারম্যান! অস্বস্তিতে শাসক দল আমি তো কবেই বলেছি, ভারতীয় জনতা পার্টি মানেই তৃণমূল",2,2,2,PAg,2.3290384e-10,1.13960126e-10,0.99999964,2.132009e-07,1.3057816e-07
fb 1044.jpg,পিতা পুত্রের অঙ্কের ভুলের ফসল,4,4,0,NoAg,0.79249233,0.14476833,0.0060041184,0.023308698,0.033426512
fb 106.jpg,যখন তুমি ভিপিএন এর ব্যবসা করো আর সরকার ফেসবুক ও অন্য মেসেঞ্জারগুলা বন্ধ করে দেয়,0,0,4,Oth,0.4123088,0.0003509494,0.0005089183,0.00019636404,0.58663493
bamboo-vaiya (406).jpg,কিসে পড়েন ? ফার্মেসীতে কেন বাসায় পড়ার জায়গা নাই,0,0,0,NoAg,0.9953251,0.0031897044,8.8233144e-05,0.00016478621,0.0012321295
KAM (245).png,"বলোতো, বায়ুমণ্ডল কাকে বলে? মণ্ডল বাড়ির উপর দিয়ে যে বায়ু প্রবাহিত হয় তাকেই বায়ুমণ্ডল বলে।",0,0,1,GAg,0.0063092373,0.783663,0.010305565,0.014772857,0.18494943
KAM (101).png,"এইযে তুই বল, এবারের ফুটবল ওয়ার্ল্ডকাপ কোথায় অনুষ্ঠিত হবে? স্যার ওয়ার্ল্ডকাপ তো ওয়ার্ল্ডেই হবে, আর কই হবে?",0,0,0,NoAg,0.99773824,0.00017994724,2.1941449e-05,1.1874162e-05,0.0020480605
in 509.jpg,"চাপে পড়ে এসেছি, দাদা, কিছু একটা করুন... সবই বুঝি... তবে বারবার এভাবে এসো না লোকে বুঝে যাবে!",2,2,3,RAg,0.060998894,0.0006912614,0.100015804,0.8246042,0.013689777
fb 1992.jpg,প্রেম জেগেছে আমার মনে বলছি আমি তাই তোমায় আমি ভালবাসি তোমায় আমি চাই উঁরি উঁরি বাবা কি দারুণ,1,1,4,Oth,0.02337901,0.28587353,0.000109695044,1.3302178e-05,0.6906245
Halal Memes (252).jpg,সিরিয়ালে নায়িকা যখন শ্বাশুড়ির সাথে বিদ্রোহ করে * বাঙালি শ্বাশুড়ি কিন্তু যখন নিজের ছেলের বউ কোনো একটা ভুল করে,4,4,0,NoAg,0.7409398,0.033937052,0.0018462377,0.008492166,0.21478474
fb 299.jpg,বাবু ব্যথা করছে না তো ? না সোনা একদম না... কিন্তু প্রথমবার তো ব্যথা করা উচিত! ও হ্যাঁ তাই তো!! আহ! আহ! আহ!,1,1,3,RAg,0.0026005446,0.07018308,0.0004790134,0.9255641,0.0011731752
blog 285.jpg,সব মুছলিম টেররিষ্ট নয়... প্রায় সব টেররিষ্টই মুছলিম ।,3,3,3,RAg,4.8959137e-06,1.4508258e-05,9.751503e-07,0.9999411,3.8532962e-05
KAM (35).jpg,"হাতের লেখাটা একটু ভালো করো নইলে ভবিষ্যত জীবনে কষ্ট পাবে না, স্যার! আমি ঠিক করেছি ডাক্তার হব",0,0,0,NoAg,0.9999485,8.2811275e-06,3.1060048e-07,1.1664142e-08,4.2922795e-05
blog 179.jpg,"এ কথা খুবই সত্য যে, আমি এখন অহংবোধ থেকে মুক্ত। তাহলে লোক-দেখানো এই আলাদা ধরনের পোশাকের কি প্রয়োজন? যাতে অন্যেরা বুঝতে পারে, আমি অহংবোধ থেকে মুক্ত ।",3,3,3,RAg,0.00022303958,8.843012e-05,4.2819124e-06,0.9996604,2.3782493e-05
in 505.jpg,লক্ষ লক্ষ টাকা আত্মসাতের অভিযোগ 'সরকারি চাকরি দেওয়ার টোপ দিয়ে লক্ষ লক্ষ টাকা গ্রাস' ! মারের মুখে তৃণমূলের নেত্রী দুয়ারে ক্যা লা নি চলছে...,2,2,2,PAg,1.368356e-05,1.0799702e-06,0.99993575,6.5639506e-07,4.8734084e-05
chosha (24).jpg,আজকে নাকি হাগ ডে আমার কি আমি তো প্রতিদিন হাগি,0,0,0,NoAg,0.8961692,0.034358837,0.00839716,6.909134e-05,0.061005756
fb 1470.jpg,যখন আপনি শয়তানের প্ররোচনায় ফেজবুক চালান কিন্তু আয়াতুল কুর্সি শেয়ার দিয়ে টাইমলাইনে রেখে দেন শয়তান:-,3,3,0,NoAg,0.7689223,0.015098386,0.028707562,0.07326862,0.114003055
in 560.jpg,উপনির্বাচনে খেলা হবে... বাবুলের প্রচারে বেআব্রু গোষ্ঠীদ্বন্দ্ব! তৃণমূলের কর্মিসভায় রক্তারক্তি,2,2,1,GAg,0.06846584,0.5891368,0.10062715,0.033039305,0.208731
blog 341.jpg,বিজ্ঞানের মতে এর বয়স ১৮ মিলিয়ন বছর ধর্মগুলোর মতে এর বয়স ৬-১০ হাজার বছর দুটোই সত্য হতে পারে না,3,3,3,RAg,3.2409032e-05,0.08384115,0.0003021622,0.9152123,0.00061197334
fb 1859.jpg,"""আরেহ ভাইভাতে মুখ খুললেই পাশ""",1,1,4,Oth,0.20624676,0.09729873,0.0010314673,3.946766e-05,0.69538355
fb 1665.jpg,"আজকের এই দিনে আঙ্গুলের ঈশারায় মতান্তরে তরবারি দিয়ে চাঁদকে দুই টুকরা করা হয়েছিল। বিশ্বাস না করলে তুই নাস্তিক। কিয়ামত আসন্ন এবং চন্দ্র দিখন্ডিত হয়েছে, তারা কোন নিদর্শন প্রত্যক্ষ করলেও বিমুখ হয়ে থাকে এবং বলে এতো চিরাচরিত জাদু! আজ ১৪ই যিলহজ্জ শরীফ চন্দ্র দ্বিখন্ডিত হওয়ার দিবস",3,3,3,RAg,1.5042934e-05,1.4072481e-06,0.0014491456,0.9976031,0.00093125796
blog 446.jpg,"আল্লা যা করে, সব ভালোর জন্যই করে... অসুখও আল্লা ভালোর জন্যই দেয়, তাই ডাক্তার-বদ্যি দেখিয়ে সুস্থ হওয়া স্পষ্ট কুফুরি! - থাবা বাবা",3,3,3,RAg,3.7596743e-05,0.08482979,0.0003022137,0.9117457,0.0030845297
KAM (132).jpg,অনেকদিন পর বৃষ্টি হলো এতগুলো ভালো লাগছে কবে যে এই স্টেটাস দিবো?,0,0,1,GAg,6.245483e-05,0.9213332,5.061418e-05,1.7578768e-07,0.0785535
fb 1408.jpg,চীনা অ্যাপ ভারতে ব্যবহার করা নিষিদ্ধ হলো; চীনের অর্থনীতি:-,2,2,4,Oth,0.0072638183,0.0036255368,0.023461243,0.121486455,0.8441629
fb 1152.jpg,শাহবাগ গার্লস স্কুল এন্ড কলেজ ছেলে হয়ে মেয়েদের স্কুলে কি? স্যার আমি দেখতে ছেলে হলেও মনে মনে মেয়ে,1,1,4,Oth,0.1430772,0.41565174,0.0007629647,0.0032668558,0.4372412
ovodro_img (470).jpg,যখন বৌদিরা দাদাদের কাছে কথায় হেরে যায় তখন বৌদিরা দাদাদেরকে যেভাবে আউট করে ! এটা বৌদিদের নৈতিক জয়,1,1,1,GAg,0.0010561628,0.9982108,4.6845867e-05,1.06730255e-07,0.00068598817
fb 1525.jpg,এটা আবার কি? এক বছর থেকে পড়ে থাকতে থাকতে জং পড়ে গেছে। গত কুরবানীর পর আর বাজানো হয় নি... পশু ! জবাই অমানবিক,3,3,3,RAg,3.6427653e-07,0.008542196,5.5508208e-05,0.99138665,1.5327689e-05
KAM (449).jpg,আজকে বাংলাদেশের সাথে ক্রিকেট খেলা সবাই ব্যাটিং পাবো!,4,4,1,GAg,0.010706352,0.831217,0.00032853577,0.003445604,0.1543024
fb 1649.jpg,বিজ্ঞান কোনও তত্ত্ব ভুল প্রমাণ হলে স্বীকার করে ধর্ম নিজেকে সত্য প্রমাণ করতে হত্যা করে,3,3,3,RAg,5.60537e-05,9.4112605e-05,0.006949164,0.9924379,0.0004628161
fb 1295.jpg,"ঘর সামলাই, রোকেয়ারেও সামলাই",4,4,4,Oth,0.0052979356,0.00033388066,0.00014502526,0.00017116858,0.994052
ovodro_img (713).jpg,আপনি কী মহানায়ক হওয়ার যোগ্য ? এটা নির্ভর করে দর্ষকদের উপর... সবার মতামতের ভিত্তিতে ! আমার ফ্যানদের কাছে আমি ভগবান বুদ্ধিমান লোকেদের কাছে - আমি ঘাটালের ছাগল,4,4,1,GAg,0.19718663,0.3576062,0.2513997,0.020126153,0.17368133
KAM (115).jpg,"তোমার বেস্ট ফ্রেন্ড এর ওপর ইংরেজীতে একটি প্যারাগ্রাফ লিখো ম্যাডাম একটা প্রশ্ন, হারামি ইংলিশ কি??",0,0,0,NoAg,0.7476459,0.0020707836,0.00069077854,6.1084393e-06,0.24958634
tangaila (314).jpg,১৪-ই ফ্রেব্রুয়ারী প্ল্যান নিয়ে ভাবতেছি কি ভাবতাছোস হাওয়ার ভাবনা নিয়া গাড়িতে উঠছে,0,0,4,Oth,0.23109882,0.15679084,0.073966764,0.008689629,0.52945393
fb 1114.jpg,আমি জুড়ে সব ক্রিঞ্জ কন্টেন্ট,4,4,4,Oth,0.00050080364,0.010957345,1.5369113e-05,4.8242094e-07,0.988526
fb 511.jpg,"*আব্বুর বানানো স্পেশাল, বাঙির শরবত; *রুহ আফজা, ট্যাং ও অন্যান্য শরবত...",0,0,4,Oth,0.042731054,0.028654762,0.0906105,0.054530773,0.78347296
tangaila (124).jpg,আমি পুলিশ লাইনের মেয়ে আমি* পুলিশ লাইনের মেয়ে*,1,1,1,GAg,0.19861928,0.7319246,0.03417727,0.010336976,0.024941944
in 306.jpg,তিনু নেতাদের 'ঘর ঘর কী কাহানি' মনে হয় আমার কথা ভাবছে! কুন্তলের টাকার গানমারা গেছে। যদি এবার আমার টাকার যায়!,2,2,1,GAg,0.04192378,0.5287095,0.4249013,0.0019164261,0.0025489882
in 92.jpg,চাইনা বেস্টু তুমি অন্য কারো হও আমি চাই সারা জীবন তুমি অবিবাহিত রও,0,0,1,GAg,0.0902673,0.8948324,0.00015701844,1.8474917e-06,0.014741511
KAM (164).jpg,ঘুমাতে যাওয়ার সময় যা বলে গুডনাইট সুইট ড্রিমস ডার্লিং দরজা জানালা ঠিকমত লাগিয়েছ তো ?,0,0,4,Oth,0.24110413,0.13440964,0.021279939,0.04316968,0.56003666
in 352.jpg,কোথায় টাকা রাখবেন কী ভাবে টাকা রাখলে ধনী হওয়া যায়? কী বলে জ্যোতিষশাস্ত্র? পিএম কেয়ার আছে তো!,2,2,0,NoAg,0.8663246,0.0010111108,0.0600374,0.0035467853,0.06908018
fb 832.jpg,গার্জিয়ান বেতন দেয় নাই বলে স্যারকে ভুল-বাল বুঝানো আমি আর আমার বন্ধু এদিকে আমাদের গার্জিয়ানদের ফোন দিয়ে আগে থেকেই বেতন এর খবর জেনে রাখা স্যার,0,0,3,RAg,0.028499136,0.12844932,0.05650657,0.762089,0.024455987
fb 676.jpg,ঈদের অনেক শপিং করেছেন দেখি হ্যা ভাই চাকরির প্রথম বেতন পাইছি তো তাই বাবা; মা; ভাই বোন সবার জন্য কাপড় কিনছি মাশআল্লাই...,0,0,4,Oth,0.025061516,0.16398162,0.0015075956,0.0055856667,0.80386364
fb 1974.jpg,ওয়াশ রুম শিক্ষক ও ছাত্রীদের ব্যাবহারের জন্য সাধারন মানুষ হর্ণি মানুষ,1,1,0,NoAg,0.8476991,0.10158157,0.043963317,5.4288053e-06,0.006750584
bangla-gag (10).jpg,কি মনে করসিলা দুই একটা ম্যাচ ভাল খেললে সব ম্যাচে ভাল খেলবো ?!,4,4,4,Oth,0.027750228,0.02370645,0.0036568171,0.0005920466,0.9442945
bangla-troll (5).jpg,গরম কালে আমরা শীত কালে আমরা,0,0,0,NoAg,0.98480713,5.119481e-05,2.7703138e-06,0.010568083,0.0045708376
KAM (145).png,সবাই এখন যা করতেসে আর আমি এখন যা করতেসি,0,0,4,Oth,0.08313326,0.067358285,1.028197e-05,0.0011133185,0.84838486
blog 73.jpg,"সুন্দর শাহ হুজুরের দোয়া শকুনের দোয়ায় গরু মরে না, কিন্তু হুজুরের দোয়ায়...",3,3,3,RAg,0.0004116629,0.0007867912,0.01191484,0.98312855,0.0037581932
in 446.jpg,মানিক ভট্টাচার্যর সাথে তৃণমূলের কোনো সম্পর্ক নেই !,2,2,2,PAg,0.12736455,0.09095319,0.7291044,0.027716853,0.024860987
blog 96.jpg,"আমি একজন মডারেট মুছলিম । আমি ঘৃণা, সহিংসতা বৈষম্যের বিরুদ্ধে । তবে আমার জীবনে আছে পথনির্দেশক এক কিতাব, যাতে ঘৃণা, সহিংসতা ও বৈষম্যের কথা আছে পদে পদে ।",3,3,3,RAg,1.0272408e-09,7.887262e-08,8.6030805e-06,0.9999913,3.7764323e-08
fb 1141.jpg,সমকামীতা সেক্যুলারিজম ইসলাম বিদ্বেষ নারীবাদ নাস্তিক্যবাদ ইতিহাস বিকৃতি ট্রান্সজেন্ডার হিন্দুত্ববাদ প্রথম আলো তোমারা জেনে অবাক হবে যে সপ্তম শ্রেণীর বিজ্ঞান বই কপি করা হয়েছে প্রথম আলো একটু চালাক না হলে দুনিয়াতে টেকা মুশকিল।,4,4,2,PAg,0.0025977723,0.0010758629,0.7471595,0.20517059,0.04399627
ovodro_img (197).jpg,ঘরে বাবা ঢুকিয়ে দেব ! চন্দন নগরের মাল :- ওই যে মেয়েটা দেখতে পাচ্ছ ওরা আমার থেকেও বেশি ভয়ানক । ।,1,1,4,Oth,1.1413275e-05,0.11646295,3.1662483e-05,4.9810246e-06,0.883489
tangaila (323).jpg,যাই একটু এসপি পার্ক দিয়ে ঘুরে আসি দূর বাল যাইয়া কি হবে আমার তো কেউ নাই,0,0,0,NoAg,0.74028254,0.004714148,4.1085208e-05,0.21625704,0.038705125
fb 685.jpg,রমজানের পর দায়িত্বে আসা শয়তান! রমজান মাসে শয়তান কে নিয়ে মিমস বানিয়ে মজা নেওয়া আমি!,0,0,1,GAg,0.19143674,0.72846466,0.0077575864,4.3180848e-05,0.072297804
fb 1252.jpg,রমদ্বানে অর্জিত তাক্কওয়া ঈদ উপলক্ষে 'অমুক' টিভির ৭দিনের বিশেষ আয়োজন রমদ্বানে অর্জিত তাক্কওয়া,3,3,0,NoAg,0.9985852,3.2164386e-05,0.00015460358,0.00034126424,0.0008867369
blog 279.jpg,আহমেদের আছে তিনটি আপেল। দুটো সে দিলো মুহাম্মদ কে । এখন বিস্ফোরণের ব্যাসার্ধ নির্ণয় করো।,3,3,1,GAg,0.0005764772,0.71859515,6.2574545e-05,0.004463893,0.27630186
fb 1149.jpg,বাইরে বাইরে ছেলে ভিতরে ভিতরে মেয়ে,1,1,1,GAg,0.00027812456,0.9976019,4.624578e-07,2.4020085e-07,0.0021192306
pin 30.jpg,"ভাঙলি তো ভাঙলি আর ১ টা বছর পর ভাঙতে পারলিনা?? ভোট টা হয়ে যেত, এখন লোকে ছিঃ ছিঃ করছে",2,2,3,RAg,0.009410713,0.3410539,0.024425482,0.60555035,0.019559553
blog 37.jpg,সন্ত্রাস ইছলামী দ্বীনের একটি অংশ ।,3,3,3,RAg,0.00011046755,0.000114680784,0.0030556985,0.99128777,0.005431399
fb 1093.jpg,আমারে স্যার ডাকবা,4,4,4,Oth,0.36348727,0.17462063,0.0005715402,1.6675389e-05,0.46130398
fb 1488.jpg,*ভারতীয় মুসলমানরা গরু কুরবানি দিয়ে কুরবানি পালন করবে* উগ্রু হিন্দু:,3,3,0,NoAg,0.9951126,0.0031278476,0.00027469755,0.0009132332,0.00057169964
fb 2064.jpg,রেফারি ও রেফারি তুই অপরাধী রে,4,4,4,Oth,0.048759166,0.00995881,0.00041319788,0.015385626,0.9254832
ovodro_img (240).jpg,"তার শরীরে চারটে টাট্টু আছে , হাতে গোল্ডেন ড্রাগন ও সামুরাই ওয়ারিওর, যেটা তাকে ভালো ভাগ্য এনে দিয়েছে ।",0,0,0,NoAg,0.49830937,0.008502257,0.05133331,0.007870122,0.43398485
KAM (220).png,আমি এখন বিরাট কুলী,4,4,4,Oth,0.42902455,0.07154486,0.0022120543,0.0024115904,0.49480692
KAM (98).png,কলোম্বিয়া কলাম বিয়া,0,0,4,Oth,0.15562217,0.13344482,0.00090550695,0.037317522,0.67271006
fb 1824.jpg,-মেয়ে : ছেলেরা কি চায় ? -আমি : সুন্দর চরিত্র পরীর মতো চেহারা বড় দুধ আধুনিক মেয়ে,1,1,1,GAg,0.01116433,0.91863877,0.0016443181,1.2414952e-06,0.06855136
fb 203.jpg,সাইজ কত ? ৭ অমি রাজি,1,1,1,GAg,0.06577956,0.582439,0.00017396227,4.6566925e-06,0.35160273
bamboo-vaiya (514).jpg,রোজ নিয়মিত পানি পান করে শরীর সুস্থ রাখায় আমাকে ধন্যবাদ দেয়া আমার কিডনি* আইফোন ১২ কেনার উদ্দেশ্যে নিয়মিতভাবে কিডনির পরিচর্যা করা আমি*,0,0,0,NoAg,0.99952996,0.00014029245,0.000100102654,8.924908e-05,0.00014051955
KAM (232).jpg,"কোনোদিন কোনো বন্ধুর সাথে ঝগড়া মারামারি করবি না, কেন বলতো ? কারণ বলা তো যায় না... পরীক্ষার হলে কার পেছনে সিট পড়বে !",0,0,0,NoAg,0.99958605,0.0003174503,6.7542514e-06,1.524981e-07,8.961282e-05
KAM (123).jpg,বৃষ্টি হয়না কেন? কি করা যায়... ম্যাডাম মেঘকে নাড়া দিয়ে দেখেন,2,2,0,NoAg,0.7940529,0.082467034,0.025634797,0.00047092693,0.09737428
fb 688.jpg,মেয়েটা নিশ্চই অনেক সুন্দর হবে !! এটা তো রাফসান,4,4,3,RAg,0.1446449,0.017695295,0.19367811,0.5283076,0.11567405
in 537.jpg,"রাজ্যপাল নন, এ বার মুখ্যমন্ত্রীই বিশ্ববিদ্যালয়ের আচার্য, প্রস্তাবে সিলমোহর মমতা মন্ত্রিসভার সাম্মানিক ডিলিট এবার পেয়েই যাবো",2,2,2,PAg,0.0077973665,0.00087495585,0.96526015,0.0030467398,0.023020722
fb 846.jpg,আরে সাবধানে মুকুট পড়া ফেসবুকে ওর নাম 'এঞ্জেল' সাদিয়া ছিলো,0,0,1,GAg,7.152985e-07,0.9996007,4.6749583e-06,2.5397275e-09,0.00039391188
fb 1952.jpg,মেয়েটার কোমরে ব্যাথা তাই ব্যাম করাচ্ছে ডাক্তারে।,1,1,1,GAg,0.0007597717,0.9819241,6.2988096e-05,5.9389156e-05,0.017193822
KAM (363).jpg,পড়া মুখস্ত করতে ৩০মিনিট লাগলেও সেটা ভুলতে ৩ সেকেণ্ড ই যথেষ্ট!,0,0,0,NoAg,0.68917954,0.00097610295,0.00028597898,0.00012447193,0.30943388
fb 410.jpg,"অনুপম রায়---- ""এই স্টেশনের চত্বরে হারিয়ে গেছি শেষ ট্রেনে ঘরে ফিরবো না-না-না"" শেষ ট্রেন এর চালক--- চুদে চাটনি, বেকার খাটনি |",0,0,0,NoAg,0.5535095,0.029392293,0.00396259,0.17889734,0.23423836
chosha (117).jpg,গায়ে হলুদের সময় বিয়ের সময় শাশুড়ির সামনে শশুরের সামনে দেওরের সামনে ফুলশয্যার পর,1,1,1,GAg,6.5745817e-06,0.9856689,0.00013509509,2.4767044e-08,0.014189408
in 253.jpg,তৃণমূলের সততা তৃণমূলের দুর্নীতি,2,2,2,PAg,0.3165444,0.05603732,0.5562686,0.00933743,0.061812274
blog 442.jpg,হারামির বাচ্চা আমাকে কোরবানি না দিয়ে তোর বাচ্চাকে কোরবানি করে দেখা তো তোর আল্লাহ প্রেম... তুই আর তোর খোদা জাহান্নামে যা... পরের ধনে পুদ্দারি... !!,3,3,3,RAg,1.2992511e-05,0.001089804,1.3472286e-05,0.9984927,0.00039097972
blog 112.jpg,"আল্যার কসম, আমি নিজে সাক্ষী ক্যান্সার-আক্রান্ত হওয়ার কয়েকটি ঘটনার, যেগুলোর পেছনে প্রত্যক্ষ কারণ ছিলো - সোশ্যাল মিডিয়াতে ছবি পোষ্ট করা । আল্যার কসম, আমি এসব নিজের চোখে দেখেছি, অনলাইনে ছবি প্রচার হবার কারণে শিশুরা ক্যান্সারে আক্রান্ত হয়েছে । - শেখ সা'দ আল-আতিক (চৌদি ইছলামবাজ)",3,3,3,RAg,6.4122156e-07,1.1638278e-05,1.3138411e-05,0.99936384,0.00061077066
fb 1100.jpg,"নিজের গফ কে বন্ধুকে দিয়ে দিলাম কারন ""ভোগে নয় ত্যাগেই প্রকৃত সুখ""",1,1,4,Oth,0.25981194,0.13356337,0.001998139,0.0040030866,0.6006234
fb 1243.jpg,আমাকে কিছু বল্লে সমস্যা নেয় মাফ করে দিবো কিন্তু আমার ধর্ম আমার নবীকে নিয়ে কিছু বল্লে তোর অস্তিত্ব খতম করে ফেলবো,3,3,3,RAg,4.301367e-06,6.441774e-05,0.00020091103,0.9984041,0.0013263228
in 30.jpg,নামাজ-রোজা নাই খালি ইফতার পার্টি অ্যারেঞ্জ করা,0,0,0,NoAg,0.5379309,0.016064836,0.42883664,0.0011295027,0.016038122
ovodro_img (38).jpg,"আমার বয়স আরো বেশি হলেও কী আমাকে বিয়ে করতি ? হ্যাঁ, কিন্তু বিয়ের পর কোনরকম দ্বিধাবোধ না করে মা বলে ডাকতাম ।",4,4,1,GAg,0.08046935,0.64337033,0.0010988277,0.00035319218,0.27470827
bamboo-vaiya (219).jpg,আজকে চান রাইত কালকে থকে গালি দিমু,4,4,0,NoAg,0.80365294,0.12742034,0.023944441,0.0013547488,0.043627627
fb 525.jpg,বর্তমানে বাংলাদেশ বিশ্বে ধান উৎপাদনে তৃতীয়: প্রধানমন্ত্রী কৃষিবিদ দিবস উপলক্ষে দেওয়া এক বাণীতে প্রধানমন্ত্রী শেখ হাসিনা বলেছেন বর্তমানে... ৭৫ টাকা কেজি চাল কিনে খাওয়া সাধারণ জনগণ :-,2,2,3,RAg,0.083367676,0.005905474,0.037215196,0.48034385,0.39316782
in 22.jpg,যখন আম্মু প্রথমবারের মতো স্কুলে রেখে চলে আসে *আম্মু আমারে বাসায় নিয়া চলো* *আমি এই বালের স্কুলে কোনোদিনও ক্লাস করবোনা*,0,0,0,NoAg,0.8370243,0.16268842,3.5355395e-06,9.440966e-07,0.00028283466
bamboo-vaiya (167).jpg,যখন আপনার বন্ধুরা আপনার ক্রাশের সামনে আপনার নাম ধরে ডাকতে থাকে ভাই এগুলা বন্ধ করেন আল্লাহর ওয়াস্তে,0,0,0,NoAg,0.7957575,0.019038273,0.00040954247,0.00018562251,0.18460913
KAM (230).png,মানুষ প্রেম করতেসে... আর আমি... তারা বিয়ে করতেসে... আর আমি... তাদের বাচ্চা হচ্ছে... আর আমি...,0,0,4,Oth,0.3992799,0.0055048726,7.127497e-05,4.4474295e-05,0.5950995
bamboo-vaiya (166).jpg,আরে এই ছেলে তো অসম্ভব জ্ঞানী !,4,4,1,GAg,2.1246835e-07,0.988091,8.3220505e-07,5.9039394e-06,0.011901994
pin 12.jpg,হঠাৎ করে আমার ঠান্ডা হাতটা বন্ধুর গায়ে দেয়ার পর বন্ধু - বাবাগো!!,1,1,0,NoAg,0.99385697,0.00063986756,2.2208865e-06,0.0001880391,0.005312807
fb 1471.jpg,বিরিয়ানির প্যাকেট* সাপ্তাহিক মুসল্লী*,3,3,3,RAg,0.23985827,0.07364948,0.05246208,0.3243868,0.3096434
fb 1864.jpg,সে : শুভ জন্মদিন!! আমি : ধন্যবাদ। আমার গিপ্ট কোথায়? সে :,1,1,1,GAg,0.0003128582,0.9968053,1.1500188e-05,8.6533345e-07,0.0028694344
in 481.jpg,"বাড়িতে নগদ ৮০ লক্ষ টাকা! সিবিআইয়ের জালে হালিশহর পুরসভা তৃণমূল চেয়ারম্যান স্যার, এবার কী বলবেন? অসম্ভব ধারাবাহিকতা বজায় রেখে খেলছে দলটা",2,2,2,PAg,5.4132524e-06,0.001196164,0.9955647,0.00015213156,0.0030816766
fb 1050.jpg,হ্যাঁ ভাই আমিই সেই ডিম যাকে পরীমনির রিমান্ডে ব্যবহার করা হয়েছিলো,4,4,4,Oth,0.05181519,0.022809446,0.00549113,0.0013934101,0.9184908
fb 621.jpg,তোর জন্য একটা মেয়ে দেখছি না না ভাই আমার ছেলে পছন্দ,1,1,4,Oth,0.068947315,0.00044340888,0.0039891163,7.1613283e-07,0.92661947
KAM (52).jpg,"মামা ভাল্লাগসে এফবি থেকে পাওয়া ছবি মাননীয় রেল মন্ত্রী জনাব মুজিবুল হক ও তার স্ত্রী এইটা কি আমাগো ভাবি,নাকি চাচী,নাকি নানী হইবো",2,2,4,Oth,0.0020815951,0.099250875,0.014683381,0.00085633754,0.88312775
in 611.jpg,"একটা ওয়ার্ডে নির্দল প্রার্থী এগিয়ে ছিলেন... ফলে সেখানে দেড় ঘণ্টা ধরে বন্ধ গণনা, খোঁজ পাওয়া যাচ্ছে না ইভিএমের!!! মন্ত্রী ঘনিষ্ঠ এক মহিলা প্রার্থী একটি ওয়ার্ডে ৩৮ হাজার ভোটে জিতছেন!!! এসব কী চলছে মশাই!? গণতন্ত্রের অন্নপ্রাশন চলছে!",2,2,2,PAg,3.4294295e-05,0.001363077,0.99374676,0.004128709,0.0007271481
fb 2027.jpg,পৌনে এক ঘণ্টা ধরে শুধুমাত্র ক্যাচই প্র্যাক্টিস করলেন লিটন একটু চালাক না হইলে দুনিয়াতে টেকা খুব কঠিন,4,4,0,NoAg,0.4993142,0.09301286,0.035242934,0.00018472466,0.37224543
blog 468.jpg,"প্রমাণ তো নেই, তবু 'গড আছে' চিল্লাও গড যদি থেকে থাকে, আছে গডজিল্লাও",3,3,4,Oth,0.018661117,0.45782822,0.0015694773,0.029056476,0.49288473
in 123.jpg,"শিক্ষক স্যার আপনি এটা ভুল বলেছেন হয়তো আসোলেই, থ্যাংকস ভুল ধরিয়ে দেওয়ার জন্য হুজুর হুজুর আপনার এই ফতুয়া ভুল ভন্ড, আমার চেয়ে বেশি ফতুয়া জানো?",3,3,3,RAg,0.044477932,0.000310694,0.26274848,0.6923638,9.908047e-05
fb 1557.jpg,কিয়ামতের দিন নাস্তিকরা যেভাবে স্টিফেন হকিংয়ের দিকে তাকাবে...,3,3,2,PAg,0.0057542534,0.0009570198,0.5663119,0.4114709,0.015506017
bamboo-vaiya (385).jpg,লক ডাউনের পরে বন্ধুদের সাথে ট্যুরে যাবার জন্য আবদার করা আমি আমার কলিজাটা কত্ত বড় সেটা ভাবতে থাকা আমার মা,0,0,0,NoAg,0.98841524,0.0033076378,2.5672756e-05,0.00010697747,0.008144416
fb 278.jpg,তেমন কিছু না সৎ ভাবে অনলাইনে হাফ ইয়ার্লি পরিক্ষা দাওয়ার পর আমার ও আমার বন্ধুদের খাতা-,0,0,0,NoAg,0.5664526,0.3215991,0.025033478,0.0009070279,0.0860077
fb 1799.jpg,আপা ইফতারে নতুন কি রেসিপি খাওয়াবেন ? ইফতারে তোদের আমি খাওয়াবো কাঠালের আমসত্ত্বা ।তাড়াতাড়ি মটিদে আমারে ।,4,4,1,GAg,0.086255215,0.75017774,0.1410309,0.000116811294,0.022419387
in 586.jpg,"করোনা তাড়াতে হরিনাম সংকীর্তনে মাতলেন তৃণমূল প্রার্থী, দুর্গার দল ভালোই কাজ করছে ...",2,2,2,PAg,0.0009730909,0.00055846246,0.9737158,0.013591471,0.0111612845
fb 206.jpg,অর্থ থাকলে গর্তের অভাব হয় না গর্ত থাকলে অর্থের অভাব হয় না... হেডা থাকলে বেডার অভাব হয় না :3,1,1,3,RAg,0.06026241,0.19047913,0.028961303,0.7171646,0.0031325817
fb 1303.jpg,বন্ধুটা ভালোই ছিল কিন্তু ১৪ই ফেব্রুয়ারি গফ নিয়ে ঘুরতে যাওয়ার প্ল্যান করছিল,4,4,4,Oth,0.1110731,0.13245109,0.0011601098,0.0010744303,0.7542413
fb 1235.jpg,নিরীহ প্রাণীদের অবৈধভাবে হত্যা করার সময় পশুপ্রেমী কুরবানির সময় পশুপ্রেমী,4,4,3,RAg,0.026504088,0.24930884,0.040870562,0.6754181,0.007898459
fb 1208.jpg,বিয়ে করলেন 'লোকে কেন বিয়ে করে' জিজ্ঞাসা করা মালালা। তার আদর্শ মেনে বিয়ে না করে বুড়ি হয়ে যাওয়া নারীবাদী এটা দেখার পর,1,1,1,GAg,0.101064004,0.8571072,0.02992123,0.0017096316,0.010197881
blog 298.jpg,এইখানে পষ্ট কইরা লেখা আছে: আল্যার ছাড়পত্র ছাড়া মহাশূন্যে ভ্রমণ করা অসম্ভব। (সুরা ৫৫:৩৩),3,3,3,RAg,6.1994726e-08,1.2419086e-08,1.7318522e-05,0.9999825,9.3146255e-08
bamboo-vaiya (7).jpg,একজন ভালো বয়ফ্রেন্ড সবসময় গালফ্রেন্ডের মুখে হাসি ফুটিয়ে রাখার চেষ্টা করে,1,1,0,NoAg,0.96260303,0.033737533,0.0007615052,0.0015852933,0.0013125872
in 48.jpg,ছোট ভাই নাচতাছে কারন দুপুরের খাবার পর তার দুই রোজা হয়ে গেছে,0,0,1,GAg,0.08853868,0.8593469,0.007639888,0.043257844,0.0012166136
blog 93.jpg,ঈশ্বর না থাকলে আমরা তার নামে এমন মেগা-ব্যবসা এতো সফলতার সঙ্গে যুগ যুগ ধরে চালিয়ে যাচ্ছি কীভাবে?,3,3,3,RAg,2.0961641e-05,1.2215452e-07,0.11965521,0.8803226,1.1609811e-06
blog 439.jpg,কোরানের মতে মানবজাতির বংশবৃদ্ধি প্রথমে শুরু হয়েছিল একটি পরিবারে ইনসেষ্ট চর্চার মাধ্যমে দ্বিতীয়বারেও ভরসা ছিলো ইনসেষ্টই,3,3,3,RAg,2.2879233e-06,0.0017489417,2.6902968e-05,0.99818915,3.269122e-05
direct-offense (48).jpg,উপরে সৌদি আর নিচে জার্মানি,1,1,4,Oth,0.27056992,0.05650695,0.039259896,0.12002171,0.5136415
fb 1078.jpg,চেয়ারে কলম রাখার পর যখন বন্ধু সেখানে বসে পড়ে তখন বন্ধুর অবস্থা*,4,4,0,NoAg,0.5343247,0.091123044,0.0042672516,6.274747e-05,0.37022224
fb 1113.jpg,নির্বাচনী প্রচারণা* নির্বাচনে অংশগ্রহন করা প্রার্থী এলাকাবাসী,2,2,1,GAg,0.0014525079,0.5361896,0.06468755,5.8278696e-05,0.3976121
in 487.jpg,জেলে বসে খাসির মাংস খেলেন অনুব্রত!,2,2,2,PAg,0.0016446512,0.010776982,0.9338686,0.0013967108,0.052313063
fb 728.jpg,"হ্যলো বাবু, একটু তারাতাড়ি ইফতারি করে নিও নাইলে তোমার কষ্ট হবে",0,0,4,Oth,0.18398143,0.04292435,0.00061928324,0.00034423659,0.7721307
fb 955.jpg,সকাল বিকাল রাত্রি বেলা জেসমিন আপার দরজা খোলা,1,1,4,Oth,0.4145586,0.003943637,0.0026125964,0.00018816993,0.578697
fb 868.jpg,দোস্ত আজকের কনসার্ট কিন্তু অনেক জমজমাট হইছে হ্যা বন্ধু আতশবাজিগুলা অনেক সুন্দর সারাবছরের গ্লানি ভুলে গেলাম এখানে এসে,0,0,4,Oth,0.10364459,0.104589336,0.08682391,0.0007412783,0.7042009
pin 13.jpg,বাবা খায় ধার করে বিড়ি মেয়ে বলে আমি ডানা কাটা পরি এ কেমন মেয়ে,1,1,1,GAg,0.17462242,0.64660937,0.027096558,0.062015325,0.08965627
in 640.jpg,"""ত্রিপুরায় গণতন্ত্রের হত্যা হয়েছে। বিপ্লব দেব সরকার মানুষের অধিকার সুরক্ষা দিতে ব্যর্থ।"" তোপ ফিরহাদ হাকিমের... পশ্চিমবঙ্গে পঞ্চায়েত ভোটে তো গণতন্ত্র পাগলু ডান্স করছিল!",2,2,2,PAg,5.9088497e-06,2.6851556e-06,0.99208003,0.0076445895,0.00026684758
fb 1170.jpg,ছিঃ! আমি তো পা*খানায় পা দিয়ে ফেললাম,4,4,3,RAg,0.001539199,0.022754798,0.26245004,0.64003277,0.073223226
fb 1253.jpg,বেশি করে ঘাস খেয়ে নিচ্ছি কারণ; তারাবীর নামাজ ৮ রাকাত নাকি ২০ রাকাত সেটা নিয়ে তর্ক করতে হবে !,3,3,3,RAg,0.06846537,0.00034552344,0.00053080777,0.9027575,0.027900824
bangla-troll (10).jpg,"কিরে মামুর বেটা, তুই নাকি প্রেমে পড়লি ? ওরে ফইন্নি, প্রেমে পড়মু ক্যারে ? আমি তো মাত্র কলেজে পড়ি !",0,0,4,Oth,0.09635524,0.29176256,0.003803118,6.111012e-05,0.608018
fb 266.jpg,এখন না লকডাউন তুই বাইরে কি? স্যার বইমেলায় যাই,2,2,0,NoAg,0.42364427,0.11151899,0.21027705,0.20266277,0.05189696
nurani-memes (203).jpg,রিক্সা চালক *ব্যাটারি ওয়ালা রিক্সাচালক আমারে স্যার ডাকবা,0,0,1,GAg,0.0002434605,0.8000509,4.603601e-06,1.5447016e-05,0.19968562
fb 648.jpg,২০ টাকায় এক হাজার ফলোয়ার বিক্রি করার পর! ফলোয়ার ব্যবসায়ী:,4,4,0,NoAg,0.8057206,0.027404245,0.017129414,0.00024351428,0.14950219
fb 1505.jpg,"গরুপাচার কাণ্ডে এবার দেবকে নোটিস সিবিআইয়ের, মঙ্গলবার হাজিরার নির্দেশ",4,4,4,Oth,0.008108468,0.056888998,0.0022052727,0.015001674,0.91779566
in 346.jpg,পিসি- সবাই মিলেমিশে ভাগ করে খাও একা খাবো সেটা হবে না আমি খেতে তো মানা করছি না। *তিনু নেতা,2,2,2,PAg,0.014263377,0.0007599415,0.97465384,0.0010099757,0.009312796
tangaila (280).jpg,"সার্কাজম করে বিটিএসের পক্ষ নিয়ে পোষ্ট করে পচানোর পর যখন কোন বিটিএস ফ্যান ইমপ্রেস হয়ে প্রপোজ করে বসে তুই একটা বোদাই , আমি নিজেও একটা বোদাই",4,4,0,NoAg,0.84053504,0.015639702,0.00018405585,0.0010677656,0.14257342
KAM (306).jpg,সাকিব বলদ দেখবি? কই? দেখা! আয়নার সামনে দাঁড়া দেখতে পাবি,4,4,1,GAg,0.09613912,0.5427022,0.0071636103,0.00060971023,0.3533853
fb 726.jpg,"৭ বছর বয়সী আমি : ছারো আমাকে, আমিও তোমাদের সাথে রোজা রাখবো",0,0,1,GAg,0.24305862,0.7378621,0.01204382,0.0032993788,0.0037360804
in 335.jpg,যখন দিদি বলে গ্রামে গ্রামে দূত হিসাবে যেতে হবে... গ্রামে ঢুকে তাড়া খাওয়ার পর,2,2,3,RAg,0.03525477,0.043329753,0.11398343,0.7576558,0.049776282
fb 1975.jpg,যখন আপনার ঐটা তার ভুল গর্তে ডুকে যায় বাবা গো,1,1,0,NoAg,0.9470967,0.04132716,4.3819433e-05,0.0043202615,0.0072121643
in 433.jpg,বিশ্বের সেরা অভিনেতা অমিতাভ বচ্চনকে জন্মদিনের শুভেচ্ছা জানাচ্ছেন,2,2,3,RAg,0.0104632545,0.0026477652,0.0036068377,0.971833,0.011449194
in 45.jpg,আম পাতা জোড়া জোড়া মারবো চাবুক চড়বো ঘোড়া,1,1,4,Oth,0.28021085,0.03124674,0.13034616,0.00042521264,0.55777097
fb 219.jpg,ছেরা টাকা দিয়ে বিস্কুট কিনে আনা আমি মেয়াদ উত্তীর্ণ বিস্কুট দেয়া দোকানদার,0,0,4,Oth,0.029044805,0.254805,0.044875126,7.182553e-06,0.67126787
in 540.jpg,"নরেন্দ্র মোদী আর ললিত মোদী এদের মধ্যে মিল কোথায় বলুন তো? এদের মধ্যে আবার কিসের মিল! ও মিত্তির মশাই, আছে নাকি মিল! দুজনেই বাংলার মেয়েকেই চায়...",2,2,2,PAg,0.0002749638,0.014485637,0.9788479,0.0016692848,0.004722082
fb 332.jpg,বার্গার খাবে কেউ?,1,1,1,GAg,1.1662952e-07,0.99992037,9.1469465e-10,7.8180965e-05,1.3591471e-06
KAM (149).png,"এক ছাত্র ৪টা সাবজেক্টে ফেল করার পর... শিক্ষক: কিরে ৪টা তেই কিভাবে ফেল করলি? ১ম টাতে অন্তত পাশ করতে পারতি, এতোদিন বন্ধ ছিল! স্যার ১মটার জন্য পরীক্ষার আগের দিন পড়তে বসছি বন্ধে ২য় টায় কিভাবে ফেল করলি? ২য় টার জন্য পড়সিলাম স্যার ২য়টার জন্য এতো পড়সি যে ভাবসি আর পড়াই লাগবে না তাই পরীক্ষার আগের দিন উলালা করে হলে সব ভুলে গেসি ৩য় টায় কেন ফেল করেছো বাবা? ২য়টা খারাপ হইসে এই দুঃখে স্যার 8র্থ টাও কি ৩য়টা খারাপ হওয়ার দুঃখে খারাপ হয়েছে? না স্যার শেষ পরীক্ষার খুশিতে, পড়তেই মন চায় না!",0,0,4,Oth,0.09540929,0.32108697,0.004898064,0.0013002885,0.5773053
Halal Memes (202).jpg,"আমার পোস্টগুলি দেখার পরে, রিলেটিভ:-",0,0,0,NoAg,0.6470757,0.21589139,0.0009409541,0.0017122554,0.1343797
Halal Memes (21).jpg,আমি - আওয়ামীলীগ করি করোনাভাইরাস যখন জানতে পারে,2,2,4,Oth,0.07370761,0.10187893,0.055248324,0.15506087,0.6141042
in 485.jpg,"কখনও যদি দেখেন ববির অত সম্পত্তি পাওয়া গিয়েছে, বিশ্বাস করবেন না', আগেই বঙ্গবাসীকে সতর্ক করে রাখলেন নেত্রী বলছিলাম, কার কার সম্পত্তির হদিশ পাওয়া গেলে বিশ্বাস করবো না, যদি বলে দেন... একটা নামের লিস্ট পেতাম তাহলে নিশ্চিন্তে থাকা যেত|",2,2,2,PAg,1.4509269e-06,2.5197332e-06,0.9985238,0.0008269609,0.0006453551
fb 272.jpg,একটিভ স্যাস্টাস বন্ধ করার পর আমার বন্ধু : ভাই দেখ তো আমারে এক্টিভ দেখায় নাকি,0,0,0,NoAg,0.9638666,0.018498288,0.0007018533,0.006029793,0.010903487
in 573.jpg,"নেতাজির স্বপ্নের স্বাধীন ভারত এখনও গড়ে ওঠেনি, আমরাই গড়ব', মূর্তি উন্মোচনে শপথ মোদির রেল তেল বিমান খনি সবই তো বেচা হয়ে গেছে এবার কি বেচে স্বপ্নের ভারত গড়া হবে!?",2,2,2,PAg,0.0011260003,0.0036448885,0.82412755,0.09647425,0.07462721
fb 1368.jpg,দেশের জিডিপি কমে যাওয়া কোরোণা আবহে পরীক্ষা নেওয়ার কথা বলার পর ছাত্রছাত্রীদের সুস্থভাবে বেঁচে থাকার সম্ভাবনা,2,2,3,RAg,0.28047165,0.074129224,0.0066266553,0.38895682,0.24981572
tangaila (307).jpg,কানিজ ফাতেমা তুই আর আমি তো একই,0,0,4,Oth,0.001515165,0.001436098,2.5071706e-05,4.708763e-08,0.99702364
fb 1159.jpg,আমেরিকা যাচ্ছে রোহিঙ্গারা #শাহবাগী ১৫ দিনে রোয়াঈঙ্গা ভাষা শিক্ষা,4,4,1,GAg,0.010938365,0.5240625,0.013920543,0.38281125,0.06826722
chosha (90).jpg,আয় বৃষ্টি ঝেপে ধোন দিবো মেপে,1,1,1,GAg,1.5198954e-05,0.99993527,2.2021473e-05,5.945843e-07,2.6795646e-05
ovodro_img (162).jpg,জানিস বোন কাল সারারাত চোষার পরেও দাঁড় করাতে পারিনি কাঁদিস না দিদি আমার টারও একই অবস্থা,1,1,1,GAg,2.4988532e-07,0.96619064,3.6231071e-07,3.082751e-09,0.03380883
blog 479.jpg,একটি দারুণ মিল ভগবান ও ভক্তে এক্সিবিশনিজম উভয়েরই রক্তে,3,3,3,RAg,0.00010476904,0.0021778168,0.00063280604,0.96330917,0.033775333
blog 342.jpg,"যে-আসনেই প্রার্থনা করা হােক না কেন, ফলাফল - লবডঙ্কা",3,3,3,RAg,3.5062258e-05,6.9712005e-05,7.2127154e-06,0.9997563,0.00013166635
tangaila (152).jpg,বিন্দুবাসিনীর কোনো সুন্দরী মেয়ে যখন বলে আমি সিঙ্গেল লে আমি :- প্রমাণ দাও !,1,1,0,NoAg,0.9061738,0.053475626,0.0012611211,0.006595988,0.03249351
fb 1788.jpg,স্বামি বিদেশ,1,1,1,GAg,0.0014224914,0.99855584,1.3602372e-05,1.4049657e-06,6.709144e-06
tangaila (335).jpg,উদ্যানের চা আড্ডাবাজ পোলাপান,1,1,1,GAg,0.00026265444,0.99968207,9.946717e-06,7.7819706e-08,4.53083e-05
Halal Memes (73).jpg,হঠাত ছোট বোনের আদর্শ লিপি বই নিয়ে ঘাটাঘাটি করার কারন জানতে চাওয়া আমার আম্মু ২মাস পড়াশুনা না করে বাংলা অক্ষর ভুলে যাওয়ায় আদর্শ লিপি বই পড়া আমি,0,0,1,GAg,0.40256172,0.5950254,0.0008787064,1.39079275e-05,0.0015202607
ovodro_img (548).jpg,অনেক মেয়ে মিলে একজন পুরুষের উপর নির্যাতন করাকে বলে পুরুষ নির্জাতন,1,1,1,GAg,0.0013505322,0.7983772,5.698354e-05,6.517916e-05,0.20015003
Bangla Thug Life (401).jpg,আম্মা আমি প্রেগনেন্ট চুদসে এইটা একটা দুর্ঘটনা ছিলো মানে তুই বলতে চাস ! তুই রাস্তা দিয়া হাঁটতে গিয়া উষ্টা খাইয়া সোনার উপর পইড়া গেসিলি ???,1,1,1,GAg,0.0058826255,0.9876506,8.2588915e-05,0.003971361,0.0024128885
fb 1210.jpg,ন্যূড আর্ট বাবা সিম্পানন্দ* পিরিয়ড কবিতা*,2,2,0,NoAg,0.47708362,0.3496969,0.017645514,0.00600223,0.14957169
blog 101.jpg,"আস্তিকীয় যুক্তিবাহার কোনও প্রাকৃতিক বিপর্যয় বা দুর্ঘটনার পরে তারা দোয়া করে সাহায্য চায় তার কাছে, যে কিনা সেই ঘটনাটি ঘটিয়েছে বলে তারাই মনে করে ! কেউ কেউ আবার তাকে শুকরিয়াও জানায় !",3,3,3,RAg,0.028031379,0.026496705,0.004011287,0.8463033,0.09515729
Bangla Thug Life (397).jpg,ছেলে: আই লাভ ইউ মেয়ে: কি করতে পারবে আমার জন্য ? লুইচ্চা ছেলে মনে মনে ২১ দিনে দুদু ডবল,1,1,1,GAg,0.13832341,0.86006874,0.00034846453,1.0176043e-05,0.0012492312
KAM (270).jpg,সম্প্রতি এক গবেষণায় প্রমাণিত হয়েছে যে... ঘুমের ট্যাবলেট এর চেয়ে পড়ার টেবিল বেশি কার্যকরী!,0,0,0,NoAg,0.98641104,8.288481e-05,0.00017150858,0.0005549131,0.012779583
blog 488.jpg,"আমি কবে বড়ো হবো? মাদ্রাসায় বলেছে, বড়ো হলে আমি এইসব প্রতিমা ভাঙতে পারবো, মালাউন তাড়াতে পারবো দেশ থেকে।",3,3,3,RAg,0.004907238,9.517396e-06,0.017948536,0.9768669,0.0002677898
Halal Memes (32).jpg,"আমি যখন ক্লাসে কথা বলি, কিন্তু স্যার এসে সাথে বসা আমার বন্ধুকে মারে । লেঃ আমি",0,0,0,NoAg,0.99982446,2.5655632e-05,0.00014248706,2.6279346e-07,7.2817647e-06
fb 704.jpg,রমজান মাসে যখন কেউ বাংলা বা ইংরেজি তারিখ জিজ্ঞেস করেঃ কত রমজান চলে সেটা মনে রাইখাই কূল পাই না ইংরেজি বাংলা তারিখ মনে রাখবো কোন সময়,0,0,0,NoAg,0.9941766,0.0028015722,9.5198775e-05,0.00031289374,0.0026137219
bangla-troll (49).jpg,ডিপ ফ্রিজে আইস্ক্রিমের বক্স দেকসিলাম কিন্তু খুলে দেখি বক্সটা আদা-রশুন এ ভরা,0,0,0,NoAg,0.94915175,0.002014943,0.038288698,0.00078800414,0.009756618
fb 1083.jpg,এই বালের গানে এতো ভিউস কেমনে? বাংলাদেশে কামলাদের সংখ্যা দিন দিন বাড়তেসে,4,4,3,RAg,0.03191293,0.06144725,0.051183697,0.59748906,0.257967
in 645.jpg,"এগিয়ে আসছে জাওয়াদ দুয়ারে ঝড়, পকেট ভর",2,2,2,PAg,0.0019880175,0.0013959612,0.99561596,1.1525073e-06,0.0009988117
fb 1215.jpg,ধর্ম যার যার উৎসব সবার| ধর্ম যার যার উৎসব ও তার,3,3,3,RAg,0.00036765484,2.7015894e-06,0.003410628,0.9913707,0.0048483373
ovodro_img (257).jpg,সেই মুুহুর্ত যখন তোমার বর চা বানিয়ে আনে কিন্তু চায়ে দুধ নয় নিজের ঘী দিয়ে চা বানিয়ে খাওয়ায় আর সেটা তুমি বুঝতে পেরে যাও,1,1,1,GAg,0.0046028933,0.993382,5.239217e-06,5.8241167e-09,0.0020099147
bangla-gag (11).jpg,সেহেরি ৩:৩০ ! কিন্তু ১২ টায় পুরা ইন্ডিয়া টিমরে খাইয়া শেষ করে দিসি !,4,4,1,GAg,0.13050637,0.85276234,0.00013374252,0.004020484,0.0125770625
in 606.jpg,বর্ষসেরা অভিনয় পিসি,2,2,2,PAg,1.2860079e-06,8.073376e-07,0.9999045,8.897253e-05,4.456286e-06
ovodro_img (45).jpg,"পাগলউউউ... থোড়াসা কারলে রোমান্স ধুর বাল, পাগল হলেও সম্মান আছে । তোদের মত পাগলু ড্যান্স করি না ।",4,4,1,GAg,0.0015654644,0.8830349,0.0031701624,0.0036922982,0.10853712
fb 895.jpg,জমিতে ক্রিকেট খেলার সময় বল যখন কোন ঝোপ-ঝাড়ে গিয়ে পড়ে বল:-,0,0,0,NoAg,0.62156415,0.020629076,0.0008322989,0.00020899053,0.35676545
fb 126.jpg,"১০০০ এর ৭.৫% ৭৫০ টাকা বস, হিসাবে একটু গোলমাল আছে তাই নাকি? আচ্ছা তাইলে... ১০০০ এর ৭.৫% ৭৫ টাকা হ, এখন ঠিক আছে পরের দিন... ১০০০ এর ৭৫% ৭৫০০০ টাকা হালা মরতে চাস?",2,2,2,PAg,0.0038361095,0.021282047,0.93791074,0.0004361904,0.036534995
fb 87.jpg,এন্ড্রয়েড ডেভেলপার রেসিপি এন্ড্রয়েড স্টুডিও ইন্সটল করা অন্যর আইডিয়া চুরি করা অন্য এপের কোড ও ইন্টারফেস কপি করা নিজের আইডিয়া দিয়ে নতুন কিছু বানানো উপস!,4,4,4,Oth,0.004555805,0.041823857,0.0007439928,0.015931316,0.9369451
KAM (367).jpg,আগে আমার কিছুই ভালো লাগতো না! ঘুরতে যাওয়া/খেলাধুলা/টিভি দেখা! তারপর আমার জীবনে এলো পড়ালেখা! এখন আমার সব কিছু করতে ভালো লাগে!,0,0,0,NoAg,0.5297178,0.4226238,6.287759e-05,2.7278196e-05,0.047568247
fb 1167.jpg,নারীবাদীরা সারাবছর শীতকালে,1,1,4,Oth,0.19456287,0.0071685747,0.030625919,0.0008367196,0.7668059
blog 317.jpg,"-ইয়া মাবূদ, তোমার গলা না শোনা পর্যন্ত আমি এই জায়গা ছেড়ে উঠবো না ।",3,3,3,RAg,4.2900868e-07,5.8975814e-07,8.400058e-08,0.99999833,5.5353007e-07
bangla-gag (43).jpg,আগে শুধু আমরা মানুষের হৃদয় জয় করতাম ! আর এখন হৃদয় এর সাথে সাথে সিরিজও জয় করি !,0,0,4,Oth,0.01973461,0.10444395,0.0038991568,1.1324961e-05,0.8719109
blog 77.jpg,"আপনার সঙ্গে যুদ্ধ করছে যে-কাফের, তাকে হত্যা করা যায়েজ । আপনার কাছে যদি অন্য কোনও কারণ থাকে, তখনও তাকে হত্যা করা যায়েজ । এমনকি কোনও কারণ না থাকলেও তাকে হত্যা করা যায়েজ ।",3,3,3,RAg,0.0016300284,0.0019908552,0.03974882,0.9529027,0.0037275902
blog 34.jpg,"বর্তমান পৃথিবীতে সর্বমোট ধর্মের সংখ্যা ৪২০০ । তন্মধ্যে শুধুমাত্র একটি ধর্মই সঠিক । আপনার ধর্মই সত্য ধর্ম এমন হবার সম্ভাবনা: ১/৪২০০ = ০.০০০২৩ = ০.০২৩ % অপরপক্ষে, ভুল ধর্মে বিশ্বাসের কারণে দোযখে যাবার সম্ভাবনা: ১০০ - ০.০২ = ৯৯.৯৭ % ঘাবড়ে গেলেন? ঘাবড়ানোর কিছু নেই, সকল ধর্মের মধ্যে শুধুমাত্র আপনার ধর্মটিই সঠিক । এবার ঘুমান ।",3,3,3,RAg,3.5988474e-08,7.8018445e-08,4.3315504e-05,0.99995136,5.2667024e-06
fb 1084.jpg,আমারে স্যার ডাকবা,4,4,0,NoAg,0.9271864,0.0005301759,0.012899664,4.027189e-05,0.059343506
blog 306.jpg,"যখনই আপনার মনে হবে, আপনি নিরর্থক কোনও কাজ করছেন, তখন এই ছবিটায় চোখ বুলিয়ে নেবেন",3,3,3,RAg,2.929106e-10,1.4024403e-08,8.033808e-07,0.99999917,3.6097582e-08
fb 1189.jpg,আরে থাম ভাই! আর কতদিন এভাবে প্যান্ট ভালো না বলে নামজ বাদ দিবি!,3,3,4,Oth,0.051111296,0.066557154,0.00022353606,0.0031510056,0.878957
direct-offense (47).jpg,"কি করছো জানু ? তোমাকে খুব মিস করছি আমি বান্ধবীর বাড়িতে আসছি বাবু, নোট লিখছি পরে কথা বলবো",1,1,0,NoAg,0.81913203,0.11669404,0.060220014,0.00036274255,0.0035912148
Halal Memes (270).jpg,ছাত্রলীগ নিয়ে কোন মিম বানানো বিদ্যমান* ছাত্রলীগ নেতা: তুই কারে লইয়া ছিনিমিনি খেলতাসস বুঝোস নাই !,2,2,0,NoAg,0.762175,0.19588383,0.018801048,0.00040336323,0.022736728
in 284.jpg,মোরাল অফ দ্য স্টোরি 'দিদি' দিয়ে 'মোদি'-কে কাটা যায়না।,2,2,2,PAg,0.008146427,0.0017049201,0.9868587,6.7248766e-05,0.0032226364
blog 111.jpg,"আম্মু, আম্মু, নিনজা ! অথচ তুমি বলসিলা, নিনজা নাকি কল্পকাহিনী !",3,3,3,RAg,0.014815906,0.0013849237,0.00018104848,0.98226374,0.0013544699
fb 1755.jpg,বিচি ঠান্ডা না করে মাথা ঠান্ডা করে ক্রিকেট খেলুন,4,4,1,GAg,0.013693735,0.7689897,0.027272599,0.12962663,0.060417313
direct-offense (32).jpg,"ও হ্যান্ডেল মারে তা নিয়ে প্রবলেম নেই । প্রবলেমটা হচ্ছে, ও হ্যান্ডেল মারার পর বাথরুমে জল না দিয়ে চলে এসেছিলো",0,0,1,GAg,0.006127313,0.9884418,0.0009098916,0.00040432147,0.0041167326
ovodro_img (173).jpg,মধু তোমার এই সজ্জিত রূপ বজায় থাকার রহস্য কী ? কাউকেই ভিতরে ফেলতে দিই না ।।,1,1,1,GAg,3.5459652e-05,0.6995554,0.00010281787,3.140658e-05,0.3002749
in 288.jpg,ত্রিপুরার মানুষ পরিবর্তন চায় ২৫ বছরের বাম আমলের থেকেও বড় ক্ষতি করেছে সরকার ত্রিপুরা যাওয়ার আগে চাঁচাছোলা অভিষেক হাফ সিটে কান্ডিডেট খুঁজে পায়না আবার সরকার গড়ার প্রতিশ্রুতি দিচ্ছে!,2,2,2,PAg,8.8292103e-07,1.2758171e-07,0.99989414,9.29771e-05,1.1974636e-05
fb 782.jpg,প্রমিজ করলাম* প্রমিজ করলাম* নিজের সর্বোচ্চ দিয়ে হলেও বাবা মায়ের মুখে হাসি ফুটানোর চেষ্টা করবো,0,0,2,PAg,0.0068716314,0.06509623,0.8101457,0.11654314,0.0013434044
fb 444.jpg,টাচ করুন তুই মাওবাদী!,2,2,0,NoAg,0.69458157,0.025230257,0.016454352,0.0145935565,0.24914029
in 414.jpg,এরা এদের মৃত্যুর জন্য নিজেরাই দায়ী অলিম্পিকের মেডেল থেকে মঙ্গলযান সব কৃতিত্বই এনার,2,2,2,PAg,0.0023119543,0.00082400336,0.99565315,4.2900618e-05,0.00116798
fb 2022.jpg,আজকে থেকে আয়নাতে খেলা দেখা,4,4,1,GAg,0.265842,0.57702285,0.003933245,0.0056891157,0.14751275
fb 1535.jpg,ইশশ ! অসহায় পাখি ! পাখিটাকে ছেড়ে দে! নির্দয় বিড়াল ! কিছুক্ষণ পর... আহ ! কী সুগন্ধ !,4,4,3,RAg,0.029575596,0.38617718,0.0016643248,0.48291197,0.09967093
bamboo-vaiya (335).jpg,যখন আপনি বাসা থেকে টাকা নিয়ে বাজার করে আনেন কিন্তু আপনাকে টিভি চ্যানেলে করোনা ত্রান সহায়তার লাইনে দাঁড়ানো দেখায়,0,0,0,NoAg,0.95893246,0.03342794,0.0005169045,0.0012988021,0.005823837
fb 418.jpg,আমি বেশি মেয়ে পটিয়েছি না আমি বেশি মেয়ে পটিয়েছি,4,4,1,GAg,0.012792234,0.91914165,8.880954e-05,0.00014828303,0.06782906
blog 133.jpg,ভাবসিলাম সাথে ভায়াগ্রা নিয়া আসছো !,3,3,3,RAg,6.5709214e-06,0.00013611093,2.499367e-06,0.9998542,5.5158813e-07
in 334.jpg,গ্রামবাসীরা ক্ষেপে আগুন হয়ে আছে তাই গ্রামে গ্রামে দিদির দূত হিসাবে যাওয়া থেকে এটা অনেক কম রিস্কের কাজ,2,2,3,RAg,3.3149903e-05,2.8630836e-06,0.0001713499,0.9997917,9.716991e-07
bangla-gag (87).jpg,লাক্স কোটি টাকা খরচ করে দীপিকাকে বাংলাদেশে আনসে আর বিসিবি ইন্ডিয়ান টিমকে খেলতে ডাকসে সেখানে ইন্ডিয়ান টিম সাথে আনুসকা ফ্রি আসতেসে,4,4,4,Oth,0.0010304486,0.42225167,0.0027063435,0.000380685,0.57363087
bangla-troll (29).jpg,একটা সুন্দরি মেয়ে পেছবুকে রিকুয়েস্ট পাঠাইছিল... মাগার ... ওইটা ফেক আইডি ছিল,0,0,0,NoAg,0.9674384,0.00018078988,0.0012999063,5.3333853e-05,0.031027626
fb 1469.jpg,আজকে জুম্মার পরে বিরিয়ানি দিবে,3,3,1,GAg,0.0737355,0.81380486,0.02418837,0.085578635,0.0026925828
ovodro_img (73).jpg,যখন কোন বাচ্চার মা বাবা দুজনেই ট্রেনে উঠে যায় কিন্তু বাচ্চা টা উঠতে পারে না,0,0,0,NoAg,0.9405566,0.02218881,5.2250398e-05,3.1763282e-06,0.037199154
tangaila (57).jpg,বের হলেই চাকরি বেতন ১২ হাজার টাকা,0,0,0,NoAg,0.6620708,0.018782023,0.31381866,0.00024954043,0.005078992
blog 162.jpg,"দোয়া হচ্ছে হস্তমৈথুনের মতো: যে করে, সে তৃপ্তি পায়, কিন্তু যার কথা ভেবে করা হয়, তার কোনও কাজেই লাগে না",3,3,3,RAg,1.2504451e-11,2.6798044e-09,1.7849774e-06,0.9999982,2.0704793e-10
Halal Memes (206).jpg,নির্দিষ্ট জায়গায় থুথু ফেলবো ।,0,0,0,NoAg,0.4546713,0.12072875,0.02480983,0.024559906,0.37523022
fb 760.jpg,স্কুলের ১২০০ টাকা বেতন যে কিভাবে দিবো আব্বু তো বেতন পায় না তিন মাস থেকে আল্লাহ তুমি ১২০০ টাকার ব্যবস্থা করাই দাও প্লিজ না ছেলেটা আর্থিক সমস্যায় আছে কাল ওরে কিছু টাকা দিয়ে সাহায্য করবো বাবা এই ১০০০ টাকা রাখো তোমার বেতন দিতে কাজে লাগবে কিন্তু আমি তো আল্লাহর থেকে ১২০০ টাকা চাইছি তার মানে আপনি বাকি ২০০ টাকা মেরে দিয়েছেন,4,4,4,Oth,0.078384005,0.08673135,0.005715698,0.00031455545,0.8288544
fb 1976.jpg,ডিসেম্বর ৩১ ১১ : ৫৯ ২ : ৩০,1,1,0,NoAg,0.52598023,0.0082293935,0.0018134847,0.0041363244,0.45984063
fb 1385.jpg,এদিকে আয় মোদী। তোকে আমাদের অনুমতি ছাড়া জঙ্গল কাটার অধিকার দিচ্ছি।,2,2,4,Oth,0.00042390858,0.10513966,0.0024267563,0.0023618506,0.88964784
fb 1858.jpg,ছ্যাদা খুজে পাইতেছি না,1,1,0,NoAg,0.5314819,0.06634837,0.3920483,0.00046607084,0.009655315
fb 295.jpg,"ছেলেটির নাম জনি সিন্স| গরিব, তাই পড়াশোনার পাশাপাশি পিজ্জা ডেলিভারি বয় হিসেবে কাজ করে।একদিন মিরপুরের রাস্তায় মেট্রোরেল এর জ্যাম থাকায় ২০ মিনিট এর জায়গায় ৩০ মিনিট লেট হয়ে যাওয়ায় এই মেয়ে টি জনি সিপ্স কে কলার ধরে মারল| মানবতা আজ কোথায় ???",1,1,4,Oth,0.025045978,0.3566646,0.018826297,0.027455341,0.57200783
blog 447.jpg,ওরা বেশরিয়তী কাম করে! ইছলামে এইসব হারাম! যৌনদাসী,3,3,3,RAg,1.6937818e-12,9.214591e-09,2.7581968e-09,1.0,3.0514138e-10
fb 303.jpg,~কিছু কিছু মাগি আছে সাংগা হওয়ার পরেও বারো জনের দোচা না খাইলে নাভীর নিচে শান্তি হয় না,1,1,4,Oth,0.25637114,0.057303492,0.0027045906,0.03975548,0.6438653
fb 1380.jpg,যখন মাছ খাওয়ার জন্য বাঙালিদের ঘৃণা করা গুজ্জু মহিলা জানতে পারে তার লিপস্টিকে মাছের আঁশ আছে,4,4,1,GAg,0.002012521,0.99794286,1.1183439e-05,1.2633146e-07,3.3334447e-05
in 436.jpg,"হাসপাতালে নিয়ে যাওয়া হল মানিককে ওসব করে কোনো লাভ হবেনা মানকে, আমি নিজের অভিজ্ঞতা থেকে বলছি |",2,2,4,Oth,0.0008076005,0.008649115,0.3841172,2.7688424e-05,0.60639834
fb 1622.jpg,নাস্তিক্যধর্ম,3,3,0,NoAg,0.79960066,0.016018612,0.177952,0.0024436295,0.0039850967
Halal Memes (240).jpg,আমার মা: এরকম একটা মেয়ে যদি আমার বেটার বউ হতো আমার মা: নাউযুবিল্লাহ,1,1,1,GAg,3.6218473e-06,0.99882287,2.6684834e-09,3.4470042e-12,0.0011735408
fb 1244.jpg,আমার শরীর আমার অধিকার। আমি যেটা ইচ্ছে সেটা পরবো যদি নগ্নতাকে সভ্য ধরা হয় | তবে বন্য পশুরা সবচেয়ে বেশী সভ্য,1,1,4,Oth,0.27260098,0.2357157,0.022547388,0.10212736,0.36700854
KAM (326).jpg,এটা ফটোগ্রাফি নাকি বগল-গ্রাফি! ফহিন্নির ঘরে ফহিন্নি!,4,4,4,Oth,0.035310917,0.0394595,0.029418005,0.00992656,0.885885
in 169.jpg,"পঞ্চায়েত ভোট আসছে... মাসিমরা আমাকে চিনতে পারছেন তো? কেন চিনতে পারবোনা! কতবার টিভিতে হাত পেতে টাকা নিয়ে ""থ্যাংক ইউ"" বলতে দেখেছি",2,2,2,PAg,0.0008712685,0.0013778964,0.99735755,4.953818e-05,0.000343751
ovodro_img (10).jpg,একদিন আমিও অস্কার পাব এক্সপ্রেশন পাল্টাবে কী তোর দাদু ? কপি করা ছাড়বে কি তোর বাবা ?,4,4,4,Oth,0.004028416,0.081432596,0.004423556,8.4128305e-06,0.91010696
nurani-memes (222).jpg,গাাছ কোপানোর অন্যায়ের শাস্তি চাওয়া মানুষজন মানুষ কুপিয়ে পার পেয়ে যাওয়া হেলমেট বাহিনি,2,2,1,GAg,0.13553016,0.56618226,0.2008693,0.024055839,0.07336245
bamboo-vaiya (486).jpg,কোরবানির ঈদ আসলে তোমার যা মনে পড়ে: কোরবানির ঈদ আসলে আমার যা মনে পড়ে:,4,4,0,NoAg,0.9792205,0.0015199092,3.1475713e-05,0.0009091398,0.01831902
blog 458.jpg,হুরের ইষ্টক শ্যাষ। তয় ৭২টা মুমিনার লগে ওয়েবক্যামে চ্যাটের ব্যবস্থা কইরা দিতারি।,3,3,3,RAg,3.2132598e-06,8.031177e-08,6.851046e-06,0.99998784,2.0649054e-06
blog 164.jpg,"ভালো মানুষেরা করে ভালো কাজ, খারাপেরা খারাপ কাজ। কিন্তু ভালো মানুষকে দিয়ে খারাপ কাজ করিয়ে নিতে প্রয়োজন ধর্মের ।",3,3,3,RAg,9.7044736e-05,1.302352e-07,5.5035825e-06,0.9998683,2.9087667e-05
blog 38.jpg,এবং তার উম্মতেরা শান্তি প্রতিষ্ঠায় নিরলস,3,3,3,RAg,6.560522e-05,0.11544852,0.00035901176,0.8836732,0.00045370616
fb 1584.jpg,"চিন্তার মুক্তির আন্দোলন কানিজ আমার যৌনসাথী| সে যখন চাবে, যার সাথে চাবে তার সাথেই সম্মতিতে যৌনকর্ম করতে পারবে | এমনকি মুক্তচিন্তায় নিজের ছেলের সাথেও কারণ আমাদের নাস্তিক্যধর্মে এসব বৈধ |",3,3,3,RAg,0.0066982964,0.0023564347,0.27099144,0.6760432,0.04391064
in 308.jpg,চাড্ডি পরিবারে যখন কোনো নতুন সদস্য আসে.... মেরা বেটা 'ব্যয়কট গ্যাং' কা মেম্বার বোনেগা....,2,2,0,NoAg,0.8596623,0.0028792056,0.0048491103,0.0033252775,0.12928416
ovodro_img (388).jpg,"বাবা ফেব্রুয়ারি মাস স্পেশাল ক্যানো ?? জানি না, তোর মাকে বিয়ে করার আগে আমিও সিঙ্গেল ছিলাম ।। কাঁদিস না বাবু । বুকে আয় ; একদিন তোকেও বিয়ে দিয়ে মিঙ্গেল করে দেব ।",0,0,1,GAg,0.03233823,0.76164573,9.893833e-05,0.00027713377,0.20563987
fb 993.jpg,*ইন্ডিয়া সাপোর্ট করলে দালাল *পাকিস্তান সাপোর্ট করলে রাজাকার *বাংলাদেশের জনগন,4,4,0,NoAg,0.5587055,0.085607514,0.025471233,0.0009337582,0.32928202
bangla-memes (154).jpg,তো আমরা কী করবো ?,0,0,1,GAg,0.24191292,0.5955936,0.11393921,0.0011225065,0.047431827
fb 727.jpg,ব্যবসায় উদ্যোগ ব.উ.,0,0,0,NoAg,0.59867364,0.26099798,0.03580484,0.0029185493,0.101604976
KAM (307).jpg,ও বলেছিল জাতীয় বিশ্ববিদ্যালয় হতে পড়াশুনা করে চলে আসবে ! কিন্তু ও পড়াশুনা শেষ করতে পারেনি আমি এখনও অপেক্ষায় আছি!!!,0,0,2,PAg,0.032106977,0.21603166,0.6366923,0.023338636,0.09183053
blog 240.jpg,"বোকা জঙ্গি চালাক জঙ্গি বুদ্ধিমান হোন, সঠিক কাজটি করুন",3,3,4,Oth,0.14282088,0.13369791,0.022836082,0.3161891,0.384456
blog 485.jpg,মেয়েদের কাছে সবচেয়ে প্রধান হচ্ছে তাদের স্বকীয়তা।,3,3,3,RAg,6.840665e-05,0.0021886749,9.430382e-05,0.9975299,0.00011869334
ovodro_img (270).jpg,তোমার মা কী তোমাকে খুব বকাবকি করছে ? আর সহ্য হচ্ছে না ? ঝগড়া করতেই হবে ? মা এর সাথে ঝগড়া কর না । বাড়ি থেকে বেড়িয়ে যাও দেখবে মা নিজেই তোমাকে ফোন করে করে বাড়ি ফেরানোর জন্য পিছনে লেগে পড়বে ।।,0,0,2,PAg,0.14513595,0.12468516,0.63154763,0.003307779,0.09532343
in 267.jpg,"গোমাংস খাই বিজেপিও করি অসুবিধা কিসের!' , ভোটের মুখে স্পষ্টবক্তা মেঘালয়ের পদ্মসভাপতি ইনি বিজেপি নন ইনি দেশদ্রোহী",2,2,4,Oth,0.004202768,0.035831433,0.0897535,0.0017466901,0.8684656
fb 1881.jpg,বিড়ালটা শুধু বাসররাতে বিড়াল মারার ইতিকথা জানতে চেয়েছিল। বাকিটা ইতিহাস!,1,1,1,GAg,0.018537672,0.6679374,0.16546957,0.12638943,0.021665849
bamboo-vaiya (169).jpg,জান চলো পালিয়ে বিয়ে করি তিন বেলা বিড়ি খেয়ে থাকতে পারবি ?,0,0,1,GAg,0.033626165,0.9530727,0.00020295948,1.6658738e-05,0.013081457
pin 11.jpg,এটা কি রুচি না কি ইঁদুর দ্বারা ধর্ষিত বুঝাই যাচ্ছে না,1,1,1,GAg,0.00017990115,0.97526205,4.5240624e-05,0.010421865,0.014091035
chosha (114).jpg,ওরা কারা ? যারা রাতে আমাকে স্বপ্নে দেখে ।,1,1,1,GAg,0.0020336963,0.86953324,0.00064753904,0.0012656659,0.12651989
bamboo-vaiya (364).jpg,তর কি ঘরে বসে ৫-৬ মিনিটে ৫০০ টাকা লাগবো ?,0,0,1,GAg,0.0068869423,0.81322795,0.0013291929,0.16983072,0.008725182
blog 106.jpg,"তোমার থেকে একটু টুকতে দিবা? আচ্ছা, টোকো । তবে একেবারে হুবহু কপি কইরো না ।",3,3,3,RAg,5.929994e-05,0.0036380133,8.840233e-05,0.9954976,0.0007166878
fb 1866.jpg,পাবলিক বিশ্ববিদ্যালয়* ১ম বর্ষ 8র্থ বর্ষ,1,1,2,PAg,0.001028977,0.047485024,0.8493636,0.0006142257,0.10150819
fb 1068.jpg,"""একটা ভালো যুবকের জীবন শেষ করে দিবো """,4,4,2,PAg,0.47925237,0.022615457,0.48764864,0.0098460205,0.00063762214
fb 937.jpg,রাস্তায় বাইকার দেখার পর সার্জেন্ট নাস্তার টাকা দিলেন না স্যার?,2,2,0,NoAg,0.9931452,0.0028425008,0.00031471316,0.00012979578,0.003567863
fb 549.jpg,"নেন ভাই এক গ্লাস পানি খেয়ে নিন, প্রত্যয় হিরনের রোস্ট ভিডিও বানিয়ে পোস্ট করতে করতে হাপিয়ে গেছেন",4,4,1,GAg,0.015585159,0.6800456,0.00094769185,0.006419174,0.29700232
fb 1112.jpg,প্যান্ট পড়ে শুয়ার রাতে; রুমে থাকা জ্বিন লুঙ্গি পড়ে শুয়ার রাতে; রুমে থাকা জ্বিন,4,4,0,NoAg,0.8220755,0.0956325,0.0028199926,0.00094784895,0.078524165
in 85.jpg,সেই মুহূর্ত যখন আপনি জানতে পারেন দুর্গাপুজোয় আপনার অফিসে মাত্র দুইদিন ছুটি,0,0,4,Oth,0.12750222,0.042943507,0.03266247,0.0013741935,0.79551756
in 248.jpg,দাদা একটা ফুটেজপ্রেমী দেখান.... সস্তার কিছু নেই?,2,2,2,PAg,2.9400508e-07,2.2982375e-05,0.999821,1.6774885e-08,0.00015578003
Halal Memes (60).jpg,লকডাউন লকডাউন শেষে,0,0,4,Oth,0.14465882,0.25415435,0.011037048,0.0009551668,0.58919466
blog 157.jpg,ইহুদি ও খ্রিষ্টানেরা নোংরা । জিহাদের সময় তাদের জীবন ও ধনসম্পদ মুছলিমরা কেড়ে নেয়ার অধিকার রাখে। (আমেরিকাবাসী ইছলামবাজ),3,3,3,RAg,0.00065629417,3.1732816e-05,0.018144362,0.979231,0.0019366624
Halal Memes (43).jpg,শান্তিপূর্ণভাবে পড়াশোনায় মনোযোগ বসানো বিদ্যমান মাই বৃক্ক টু মি: তোর কি বাথরুমে যাওন লাগবো ?,0,0,0,NoAg,0.98440623,0.003110825,0.007057645,0.001170529,0.0042546326
fb 1197.jpg,এই হচ্ছে আমার ছেলে মানকি যে কিনা নাস্তিক কিন্তু তার কোনো গুরু মারা গেলে আবার বলে ওপারে ভালো থাকবেন স্যার,3,3,4,Oth,0.014690292,0.012122369,0.009788798,0.15070297,0.81269556
chosha (42).jpg,তুমি এখানে ইন্টার্ভিউ দিতে এসেছো নার্ভাস হবার কিছু নেই রিলেক্স করো স্যার একটা বিড়ি হবে নাকি?,0,0,1,GAg,0.20803781,0.4458462,0.070158176,0.002888104,0.27306968
fb 1305.jpg,গোল্ডেল গ্লাভস ফেরত দিতে যাচ্ছি কারন ময়মনসিংহের জবলেস মিন্টু বলেছে আমি অসভ্য আনকাচার্ড,4,4,4,Oth,0.23272696,0.037127595,0.026183445,0.0028684516,0.70109355
KAM (2).jpg,"একজন বিশ্ববিদ্যালয় পড়ুয়ার জীবনের লক্ষ্যের ক্রমপরিবর্তন ভার্সিটি ভর্তির আগে ধুর এগুলা আর কি এমন কঠিন পড়া? এই লাইনে আমি বিশ্বসেরা হমু! ১ম বর্ষ একটু কষ্ট করা লাগবো দেখতেসি তয় ব্যাপার না, এই লাইনে আমি বাংলাদেশের সেরা হমুই হমু ২য় বর্ষ পড়া তো দেখি মোটামুটি কঠিন আছে, যে লাইনে পড়তেসি ঐ লাইনে বাংলাদেশের ১ নম্বর কোম্পানিতে জব পাইতেই হইবো ৩য় বর্ষ পড়া গুলা এত্তো কঠিন ক্যারে? যে লাইনে পড়তেসি ঐ লাইনের মোটামোটি ভাল জব পাইলেই চলবো ৪র্থ বর্ষ খোদা, ভালো রেজাল্টের খ্যাতা পুড়ি, শুধু পাস করাই দিও। আর লাইন বেলাইন বুঝি না, কোনরকম একটা জব পাইলেই চলবো পাশ করার পর ভাই ভাল লেভেলের জব লাগবো না, পিয়ন নাইলে ঝাড়ুদারের চাকরি হইলেও দেন!",0,0,4,Oth,0.16941705,0.05747651,0.0043663965,0.0016385654,0.7671015
in 84.jpg,শেষ কবে বন্ধুরা মিলে মাঠে ক্রিকেট / ফুটবল খেলতে গিয়েছিলে ? *আমি অনেক অনেক দিন আগের কথা,0,0,0,NoAg,0.74353415,0.0810212,0.0009725998,0.15417334,0.02029877
bangla-troll (38).jpg,"আমাদের প্রত্যেকের জীবনে এমন কিছু কিছু বন্ধু আছে, যারা আমাদের থেকে আমাদের ফেইসবুক পাসওয়ার্ড এর উপর বেশী নজর রাখে",0,0,0,NoAg,0.6151578,0.011760786,0.03122873,0.010878495,0.33097425
nurani-memes (88).jpg,কই ? তর নানির পুটকির সই,4,4,4,Oth,0.091405965,0.0011126036,0.007037587,5.314073e-05,0.9003907
fb 805.jpg,ভয়ানক কিছু অনুভব করার সময়* *আয়াতুল কুরসি পড়ার পর আমার সাহস *আয়াতুল কুরসি পড়ার আগে আমার সাহস,0,0,0,NoAg,0.8439762,0.05649771,0.000109480796,3.727981e-05,0.099379234
Halal Memes (207).jpg,নিব্বি: ভাবছি বিয়ের পর চিনি খাওয়া ছেড়ে দিব ! নিব্বি: ক্যান? নিব্বা: ঘরে মিষ্টি বউ আর চায়ে চিনি যদি ডায়বেটিস হয়ে যায় ! লে : নিব্বা লে : নিব্বি ইশ আপনিও নাহ,0,0,1,GAg,0.20331822,0.75739664,0.00087039237,0.00031415976,0.038100466
blog 413.jpg,হাঁউমাঁউখাঁউ কাফিরের গন্ধ পাঁউ।,3,3,3,RAg,8.88737e-06,0.0066599464,0.0003642503,0.992819,0.00014778251
bangla-troll (52).jpg,"আব্রাহাম লিঙ্কন বেচে থাকলে গণতন্ত্রের বর্তমান সংজ্ঞা হতো- ডেমোক্রেসি ইজ এ গভর্নমেন্ট অফ দ্যা বালুর ট্রাক, বাই দ্যা বালুর ট্রাক, ফর দ্যা বালুর ট্রাক !",2,2,3,RAg,0.008298694,0.0041474025,0.07273326,0.8225708,0.09224994
fb 1793.jpg,"বাবা-মা: আমার মেয়ে ডাক্তার হবে, আমার মেয়ে ইঞ্জিনিয়ার হবে মেয়ে: আমি বাঁড়া হবো",1,1,0,NoAg,0.8600684,0.09396795,0.00015586216,7.509565e-05,0.04573276
bamboo-vaiya (20).jpg,গিটার বাজানোর পরে: এ আমি কি করলাম কাজটা ভালো হয় নাই সব ভিডিও ডিলেট দিয়া দিমু আজ থেকে ভালো হয়ে যামু,0,0,1,GAg,0.2769087,0.63996804,0.0007668909,0.00032468114,0.082031704
fb 1160.jpg,দোস্ত কোথায় আছিস জানিনা কিন্তু এইখানে হিন্দি গান বাজিয়ে 'বিজয় দিবস' পালন করা হয়,4,4,2,PAg,0.1505655,0.31552064,0.51834077,0.0013591177,0.014213911
in 205.jpg,তৃণমূলের আশিস বেরোতেই জল দিয়ে উঠোন ধুয়ে দিল বগটুইয়ে নিহতের পরিবার জানাল অপবিত্র হয়েছিল,2,2,2,PAg,1.1929329e-05,3.9167358e-07,0.99991333,6.067259e-06,6.825009e-05
fb 1635.jpg,হযরত মোহাম্মদ সঃ এর ব্যবহার করা তলোয়ার। আপনার ইচ্ছা হলে করে সবাই কে দেখানোর সুযোগ করে উপহার দিতে পাড়েন। প্রশ্ন : ইসলাম ধর্ম প্রতিস্টায় কি তলোয়ার লাগে ??????? যিশু অথবা বুদ্ধ তলোয়ার ছাড়াই ধর্ম প্রচার করেনি ?,3,3,3,RAg,3.7517907e-08,2.5460014e-09,1.754425e-05,0.9999813,1.0249433e-06
KAM (118).png,"জান, তুমি রোদে দাঁড়িয়ে আছো কেন? আরে দেখছ না, ঘাম শুকাচ্ছি যে...",4,4,4,Oth,0.11693273,0.04084061,0.002509553,5.4983415e-05,0.8396621
KAM (357).jpg,আপনি যতই বড় হয়ে যান না কেন মায়ের চোখে সবসময় ছোটই থাকবেন!,0,0,1,GAg,0.0012289953,0.747382,0.035211574,0.0018747018,0.2143028
direct-offense (72).jpg,"ব্যাকরন না বুঝলে মুড়ি খা , শ্লা মাতা মুটারে কে বুঝাইতো",4,4,4,Oth,0.014219268,0.02605929,0.008686165,0.00076684926,0.95026845
blog 43.jpg,"আল্লাহর একদিন মানুষের এক হাজার বছরের সমান । (সূরা হাজ্জ্ব, ২২:৪৭) আল্লাহর একদিন মানুষের পঞ্চাশ হাজার বছরের সমান । (সূরা আল মা'আরিজ, ৭০:8)",3,3,3,RAg,3.3803185e-06,1.59017e-07,0.0032206401,0.9967649,1.089263e-05
Halal Memes (228).jpg,"গ্রাম থেকে শহরে ঘুরতে আসা চাচা ধানমন্ডি, বসুন্ধরা এলাকায় ওড়না ছাড়া মেয়েদের ঘুরাঘুরি করতে দেখার পর কেয়ামতের আলামত শুরু হয়ে গেসে",1,1,0,NoAg,0.46936318,0.15492673,0.04651697,0.13812493,0.19106814
ovodro_img (260).jpg,দেবের মত অভিনয় করতে হলে ৫০০ আমির খান কে আরও বার জন্ম নিতে হবে,4,4,4,Oth,0.02622301,0.27362996,0.0054055196,0.0034834133,0.69125813
fb 269.jpg,নানা: নাতি আমার ডাক্তার হবে। মা: না! ছেলে আমার ইঞ্জিনিয়ার হবে | বাবা: আরে না! ছেলে আমার... এদিকে ছেলে... আায় কে আবি: খামকির পোলারা!,4,4,4,Oth,0.35420603,0.059115108,0.000687729,5.4256117e-05,0.58593684
in 633.jpg,মোদীজি ইস্মাইল...,2,2,0,NoAg,0.5858964,0.06034651,0.31851405,0.000502476,0.034740582
in 187.jpg,তৃণমূলের নেতার বাড়ির সামনে ছাগল বিক্রি করে দেওয়ার অভিযোগ আমরা ছাগলকেও ছাড়িনা,2,2,2,PAg,0.008316569,0.014110514,0.8850047,5.267637e-05,0.09251565
bangla-memes (26).jpg,যখন তোমার ছেলেরা আর্জেন্টিনা সাপোর্ট করা ছেড়ে দেয় মাদককে 'না' বলো 'আমার ছেলেরা এখন মাদকমুক্ত' তিনি একজন যুদ্ধজয়ী বাবা । মাদকাসক্ত দুই ছেলেকে সুস্থ জীবনে ফিরিয়ে,4,4,0,NoAg,0.47625956,0.0026597476,0.048809536,0.46744645,0.004824704
chosha (129).jpg,এসেছিলাম একা যেতে হবে একা মাঝখানে ভাইয়ের সাথে দেখা,1,1,0,NoAg,0.49532387,0.39696124,0.013488845,0.0019197449,0.09230621
in 60.jpg,পঙ্গপাল বাংলাদেশে আসার পর যখন জানতে পারে পঙ্গপাল খাওয়া হালাল পঙ্গপাল- এ কি বিপদে পড়লাম!,0,0,0,NoAg,0.7241058,0.029656442,0.092362046,0.0012718872,0.1526039
fb 1549.jpg,"স্যার, বিবর্তনবাদ তো যাস্ট একটা থিওরি! চুপচাপ গিলে যা! কোনো কথা বলবি না!",4,4,3,RAg,5.1650693e-09,3.4978853e-05,1.0544385e-07,0.99996483,1.18800216e-07
Bangla Thug Life (190).jpg,বউমা একটু সকালে ঘুম থেকে উঠতে পারোনা কথাটা আমাকে না বলে আপনার ছেলেকে বলুন কেন ? গোটাবছর আমি জোর করতাম এজন্যই লকডাউন পেয়ে আপনার ছেলে আমার কোমরটা শেষ করে দিচ্ছে,1,1,1,GAg,0.00034524596,0.9285172,3.200805e-06,0.067386456,0.0037478579
fb 286.jpg,মাইার ওজন হয় না ৩২ দু* বানাইছে ৩৬,1,1,1,GAg,0.19583985,0.6665515,0.004442714,0.012980393,0.120185606
fb 81.jpg,প্রোগ্রামার হওয়ার রেসিপি রাতে না ঘুমানো বন্ধুমহলে পার্ট নেওয়া কোড কপি পেস্ট করা প্রোগ্রামিং চর্চা করা উপস!,4,4,4,Oth,0.0039211796,0.14585714,0.0001065068,0.0013775876,0.84873754
tangaila (95).jpg,যখন হাসানের ছেলে রাস্তায় বের হয়... তখন কুমুদিনীর মেয়েদের অবস্থা !,1,1,1,GAg,5.3700314e-05,0.9880816,8.1218595e-06,7.3951236e-09,0.0118566165
blog 410.jpg,"নিজেরে যখনই আবাল মনে হবে তখন মনে কইরেন, আপনের চাইতে বহুত গুণ বেশি আবাল এই দুনিয়ায় অগুন্তি, যারা বিশ্বাস করে, ইউনুস নবী মাছের পেটের ভিত্রে জীবন্ত আছিলো চল্লিশ দিন",3,3,3,RAg,2.2230648e-12,4.8634474e-10,1.4027471e-07,0.9999999,7.5487385e-09
fb 159.jpg,আমি বিএনপি (২) আর আমি আওয়ামিলীগ (৩) যে বিরিয়ানি আর কোক দিবে আমি তার |,2,2,0,NoAg,0.5978128,0.23358056,0.0016863353,0.0013423203,0.16557796
in 340.jpg,*ভাইপো কয়লা কয়লা কয়লা *ভাইপো আমি একদম পছন্দ করিনা কয়লা *ভাইপো কিন্তু কয়লা আমাকে ছাড়া থাকতে পরেনা,2,2,2,PAg,7.9903635e-05,0.00049338455,0.9525931,0.034623206,0.012210464
KAM (364).jpg,একটা মেয়েকে শিক্ষিত করলে ৪টা মানুষ শিক্ষিত হয় আর একটা মেয়ে স্কুল কলেজ আর ভার্সিটিতে গেলে ৪০টা ছেলের জীবন যে নষ্ট হয় তা কে কইবো?,1,1,0,NoAg,0.9444693,0.02544757,0.00059415074,5.6315028e-05,0.029432708
fb 1057.jpg,৫ম ম্যাচে সুযোগ পাওয়ার আশা করার পরও যখন মিথুনকে না নিয়ে বাজে ফর্মে থাকা সেই সৌম্যকেই আবার নেওয়া হয়* মিথুন: ফাইট্টা যায় বুকটা ফাইট্টা যায়,4,4,2,PAg,0.15153605,0.13418454,0.3065309,0.15100713,0.25674143
fb 1890.jpg,১ : আজকাল দুধ অনেক পাতলা হয় ২ : আমকে কেন বলতেছেন ভালো কোনো ডক্টর দেখান ৩ : ওই তুই কি বললি ৪ : ভাগোওওও,1,1,0,NoAg,0.48722816,0.4830311,0.0030217792,0.0008083443,0.025910666
fb 557.jpg,সুন্নতে খৎনা শুনে সারাদিন চিল করার পর পিচ্চি যখন বুঝতে পারে একটু পর তার সম্পদ কেটে দেয়া হবে ..,4,4,0,NoAg,0.5946404,0.023666471,1.9449544e-05,7.129449e-06,0.3816666
ovodro_img (385).jpg,সরস্বতী পূজোর সময় মেয়েরা মেকাপ এর আগে মেকাপ এর পরে,1,1,1,GAg,0.1688685,0.8024442,0.0003585222,1.5193414e-05,0.028313607
KAM (175).png,আনুশকা এখন বিরাট কুলি কে ছেরে রুবেল এর সঙ্গে,4,4,4,Oth,0.049413584,0.21949129,0.22628793,0.0007746757,0.5040325
pin 56.jpg,"মুম্বইয়ে চাকরির দাবিতে পড়ুয়াদের রেল অবরোধ এরা দেশদ্রোহী, মোদী বিরোধী, এদের পাকিস্থানে পাঠানো হোক...",2,2,2,PAg,0.0016199701,0.0018334945,0.9474252,0.0022748504,0.0468465
fb 1328.jpg,"সরকারি অনুষ্ঠানে আমাকে ডেকে এনে ""জয় শ্রী রাম"" স্লোগান তুলে আমাকে অপমান করা হয়েছে। আমি এর প্রতিবাদে কোনো বক্তৃতা দেবো না। ""আমরা সবাই অযোধ্যায় রাম মন্দির গড়তে টাকা দেবো""",2,2,4,Oth,0.14794014,0.02358883,0.05665124,0.009128945,0.76269084
fb 1834.jpg,সূর্যের নজর টাও আমার মতো দুষ্টু,1,1,1,GAg,0.005844738,0.98888165,0.0005207475,7.0077607e-07,0.0047522592
in 636.jpg,"টাকা চাইছেন কর্মীরা, হতাশ প্রার্থী, পুরভোটের প্রচারে বিজেপি যেন ঢাল-তলোয়ারহীন 'নিধিরাম'",2,2,2,PAg,0.00024686553,2.5060452e-05,0.99853873,6.414821e-05,0.001125294
KAM (251).png,আজ শুক্রবার কাঁপলদের জন্য রোমান্সের দিন । আর ব্যাচেলরদের জন্য কাপড় ধোয়ার দিন।,0,0,0,NoAg,0.44718274,0.06072854,0.058387816,0.0030777873,0.4306231
fb 1573.jpg,"সব পদার্থেরই ধর্ম আছে । কিন্তু, নাস্তিকদের কোন ধর্ম নেই । সুতরাং, তারা অপদার্থ !",3,3,3,RAg,1.50518e-05,3.1556348e-07,0.0020527102,0.9967062,0.0012256637
fb 812.jpg,ভাত খাওয়ার সময় কোন তরকারি পছন্দ না হওয়ায় যখন ডিম ভেজে খাই | ডিমঃ এইটা বলতে গেলে -আমাদের জমিদারি,4,4,0,NoAg,0.85686445,0.001180761,4.8021015e-05,0.011316086,0.13059066
fb 1467.jpg,"নিজেদের টাইমলিনে কুরআন ও কাবা শরিফের ছবি, মিজানুর রহমান আল-আজহারী এর ওয়াজের ভিডিও শেয়ার দেওয়ার পর: সাওয়াব",3,3,4,Oth,0.15672779,0.14316382,0.12973028,0.02932444,0.5410537
in 279.jpg,৩% বাড়িয়েছি এটাই অনেক; বেশি ঘেউ ঘেউ করবেন না!,2,2,2,PAg,0.0050584474,0.001966581,0.9767445,0.009145254,0.007085135
fb 1299.jpg,পাবলিক বিশ্ববিদ্যালয়* ১ম বর্ষ ৪র্থ বর্ষ,1,1,2,PAg,0.00093828276,0.048709072,0.8338971,0.0005547077,0.11590084
KAM (14).png,আমারও সিক্স প্যাক অ্যাবস আছে যাতে কেউ নজর দিতে না পারে সেই জন্য ভুঁড়ি দিয়া ঢাইকা রাখি,0,0,0,NoAg,0.99970144,4.497249e-05,0.00016572778,3.5127854e-08,8.781119e-05
fb 1874.jpg,এটা আমরা হতে পারতাম কিন্তু তোমারগুলা তো আমারগুলার থেকেও ছোট,1,1,1,GAg,0.00023618723,0.9873997,0.002750399,0.0033656824,0.0062480164
fb 865.jpg,পোলাপান ভাত পায়না খাইতে আর জামাই নববর্ষের রচনা ফরোয়ার্ড করে রাইতে,4,4,1,GAg,0.01662361,0.6101463,0.0018464583,0.00011358663,0.37127
tangaila (143).jpg,যখন হঠাত করে হাসানিয়ান বড় ভাই কল দেয় মি : আপনার কি সাদিয়ার নম্বর লাগবো ?,0,0,0,NoAg,0.99611074,0.0023303002,7.010432e-05,6.815115e-05,0.0014208268
fb 196.jpg,আমেরিকার ড্রাইভিং লাইসেন্স বাংলাদেশের ড্রাইভিং লাইসেন্স,2,2,3,RAg,0.0030861865,0.06531504,0.0070748283,0.8837373,0.040786568
in 116.jpg,বেগম রোকেয়া বেশি পণ্ডিতগিরি না করলে প্রতিটা মেয়ের আজ একটা করে সুখের সংসার থাকতো,1,1,1,GAg,0.16086681,0.762981,0.0013754963,0.0015002224,0.073276475
ovodro_img (432).jpg,আরে ও দাদু বলছি সাপ ফনা তোলে তো ??,1,1,1,GAg,0.01476722,0.87061244,0.0011080238,0.0033099568,0.11020229
fb 448.jpg,"কিছুদিন পরপর একেকজন মা হয়, আর বাবা খুঁজে দিতে হয় সাংবাদিকদের",1,1,4,Oth,0.18624353,0.051752854,0.18131492,0.06752121,0.5131675
ovodro_img (109).jpg,"ডিয়ার বাংলাদেশ , কাপ জেতার আশা ছেড়ে দাও এটা ভেবে খুশি হও যে, তোমরা ভারতের সাথে ফাইনাল খেলছো",4,4,4,Oth,0.31095386,0.01555048,0.008730069,0.00046553573,0.6643001
fb 667.jpg,১ম-৫ম শ্রেণী পর্যন্ত পরীক্ষার প্রস্তুতি ৬ষ্ঠ-১০ম শ্রেণী পর্যন্ত পরীক্ষার প্রস্তুতি কলেজ ও ভাসিটি পরীক্ষার প্রস্তুতি,0,0,4,Oth,0.044881944,0.4311914,0.028175035,0.00029207708,0.49545944
fb 1012.jpg,কি ভাই সুরা ফাতিহার অর্থ ঠিক মতো পারেন না আবার প্রতি শুক্রবারে জুম্মা মোবারক মারান,3,3,4,Oth,0.0013796809,0.00043029347,0.001291336,0.0013474624,0.9955512
fb 1279.jpg,হ্যালো জানু এখন রাখি; পরে কথা হবে ভোক্তা অধিকার সংরক্ষণ ভ্লগ দেখতেছি,2,2,1,GAg,0.011663551,0.60747993,0.21690808,0.0011540455,0.16279449
blog 411.jpg,এইখানে পষ্ট কইরা লেখা আছে: পাহাড়গুলা শক্ত কইরা বসানো আছে বইলা পৃথিবী হেইলা-দুইলা পড়ে না। (সুরা ১৬:১৫),3,3,3,RAg,7.952926e-05,4.555584e-05,3.782241e-05,0.99983203,5.0299814e-06
fb 494.jpg,"*আমার ছেলেকে আমি বেশি ভালো জানি ! মা; *না তার থেকে ভালো তো আমিই জানি ! গার্লফ্রেন্ড; *সারাবছর হোস্টেলে একসাথে থাকা রুমমেট বন্ধু; কিছুই বলার নহে, কিন্তু চালিয়ে যাও...",0,0,4,Oth,0.00074204925,0.004873224,2.4803667e-06,1.4114263e-06,0.9943809
ovodro_img (785).jpg,"কীরে এত কাঁদছিস কেন ? পূজোর শপিং করতে গিয়েছিলাম এটা তো সুখের বিষয় ! কান্না কেন করছিস... ১০,০০০ টাকার জিনিষ কিনেছি তাহলে তোর প্রবলেম কী ? তুই কান্না কেন করছিস ? জামা প্যান্ট কেনা হয়নি শুধু মেকাপের সব কিছু কিনতেই ১০,০০০ লেগেছে",0,0,1,GAg,0.070398174,0.6167958,0.0690227,0.0011067654,0.24267669
blog 166.jpg,প্রার্থনাবদ্ধ দুটো হাতের চেয়ে কর্মরত দুটো হাত সব সময়ই সহস্রগুণ শ্রেয়।,3,3,3,RAg,0.00817425,0.004399083,0.00086897,0.9780693,0.008488347
in 423.jpg,বেঞ্জিমা পিসিমা,2,2,2,PAg,0.022583961,0.011987316,0.7916448,0.00016281274,0.17362116
ovodro_img (665).jpg,রঞ্জনা আমি আর আসবো না । রঞ্জনা আমি আর আসবো না ।,0,0,4,Oth,0.049431186,0.17973815,5.9018857e-05,2.3049759e-05,0.7707487
blog 509.jpg,"পায়ের গোড়ালি ঢাকো, নাইলে আমার ঈমানদণ্ড খাড়ায়া যাইতেসে। মমিন মুসলিম",3,3,3,RAg,0.0010391857,0.0007921522,4.1997908e-05,0.9969392,0.0011874756
fb 780.jpg,"গোসলে গিয়ে পানি ঢালার পর টেংকিতে যখন পানি শেষ হয়ে যায় আমার লাভ-লস নাই, আমার লাইফটাই লস",0,0,1,GAg,0.39594454,0.5495088,0.00010492055,0.00018066667,0.054261036
in 20.jpg,ঠিকই ধরেছেন আব্বু আম্মুর বিয়ের একটি ছবি খুজে পেলাম (ভাবছি নিলামে তুলবো ছবিটি কিনতে হলে যোগাযোগ করুন আমার সাথে ),4,4,1,GAg,0.020560715,0.97778,7.916441e-06,6.6931048e-06,0.0016447939
fb 890.jpg,শীতের ভয়ে সাতদিন পর একদিন গোসল করিস আবার কে গোসল করলো কি করলো না এসব নিয়ে এলাকায় মারামারি করোস কেন!,0,0,0,NoAg,0.8720187,0.1220108,0.0006400688,0.0035456521,0.0017848316
bamboo-vaiya (234).jpg,যখন তুমি টাইম মেশিন দিয়ে ভবিষ্যতে যাও আর গিয়ে দ্যাখো তোমার ছেলে সব মিম এ লাইক দেয় আর নাইচ অল কমেন্ট করে তুমি-,4,4,0,NoAg,0.79092765,0.19043958,0.00015128675,0.00023150658,0.018250007
in 618.jpg,"তৃণমূল করে খাওয়ার জায়গা নয়, পুরভোটের প্রচারে হুঁশিয়ারি অভিষেকের অভিষেক এটা একদম ঠিক বলেছে ...",2,2,2,PAg,3.7368263e-05,3.7162634e-05,0.9987991,0.00033544598,0.00079094357
Halal Memes (99).jpg,যে দিন স্কুলে না গিয়ে স্কুলের সামনে দিয়ে কথাও বেরাতে যাই,0,0,4,Oth,0.039619528,0.2690762,0.00025530308,0.0003819352,0.69066703
chosha (73).jpg,"মুলো না গাজর ? চাইনা গাজর , চাইনা মুলো যদি থাকে বাড়াতে জোর",1,1,1,GAg,1.5777391e-06,0.9999927,4.397255e-07,3.3862943e-08,5.203365e-06
bamboo-vaiya (23).jpg,"আমি তোমাকে ছাড়া বাঁচবো নাহ হ্যাঁ, চুদে দেওয়ার আগে সবাই এই কথাই বলে",1,1,1,GAg,5.4153676e-05,0.9936971,7.245208e-05,1.2692165e-07,0.00617616
blog 74.jpg,"আমি তোমার জন্য দোয়া করবো । ইয়া মাবুদ, বিতর্কের সময় আমার দেখানো সব পয়েন্টই যে সঠিক, তুমি বোকচোদ নাস্তিকটারে সেইটা বোঝার তওফিক দান করো । আমিন ।",3,3,1,GAg,0.0011892705,0.72960114,6.992243e-05,0.26779923,0.0013404894
ovodro_img (626).jpg,বাকী জায়গায় লোক দেব কে ৫ বছর যেভাবে দেখেছে ! ঘাটালের লোক দেবকে ৫ বছর যেভাবে দেখেছে !,4,4,0,NoAg,0.53598326,0.02365471,0.14460808,0.0048097856,0.29094422
fb 1508.jpg,"মহাদেশের সর্বোচ্চ কালীমন্দির ভেঙে যারা করে দিলো সাফ ঢাকার রমনা কালীমন্দির সাফ করে মুজিব নির্মিত সুরাবর্দি উদ্যান বাঙালি তোমার শত্রু চেনে, কোন দিনও তাদের করো নাকো মাফ",3,3,3,RAg,6.7806063e-06,2.763485e-05,0.0006572001,0.9993025,5.8199444e-06
fb 1607.jpg,নাস্তিকরা যখন ফ্যামিলিতে নাস্তিক যখন মার্কেটিং এ নাস্তিক যখন ফেসবুকে ও পার্টতে,3,3,3,RAg,1.7910046e-06,1.9606894e-05,0.00862794,0.98817515,0.0031755734
blog 29.jpg,কোরান না পড়ে ইছলামের সমালোচনা করার অধিকার কারুর নেই | বিষ্ঠা না খেয়ে বিষ্ঠার সমালোচনা করার অধিকার কারুর নেই ।,3,3,3,RAg,7.956395e-05,0.014355985,0.031227553,0.8862079,0.06812904
ovodro_img (64).jpg,ও নিশ্চয় অন্য মেয়েদের কথা ভাবছে ! কিছুদিন বাদেই দুর্গা পূজো সবার জন্য সোপিং করতে হবে,0,0,1,GAg,0.00032103417,0.9983815,0.00041947947,0.00016942144,0.0007085619
in 13.jpg,মানুষ কোলবালিশ নিয়ে ঘুমায় আমি বই নিয়ে ঘুমাই,0,0,3,RAg,0.015609515,0.19972037,0.19157536,0.47042552,0.12266927
fb 874.jpg,শীতকালে দিন ছোট হয় শীতকালে আরো অনেক কিছু ছোট হয়,0,0,0,NoAg,0.91268706,0.077369004,0.00017773364,0.0003704863,0.009395696
in 247.jpg,দেখতে পাচ্চো বিনোদ... ভোটের আগে দলীয় ক্যাডারদের কিভাবে কনস্টেবল করার ছক করা হচ্ছে,2,2,2,PAg,3.5319065e-06,7.605414e-07,0.9999447,9.314923e-06,4.1701347e-05
fb 1266.jpg,ভাই! ওরা পুরুষকে গালি দিছে। ভাই! ওরা নারীকে গালি দিছে।,1,1,0,NoAg,0.6157212,0.030352386,0.0027115825,0.0100778695,0.3411369
in 387.jpg,"অতিরিক্ত শূন্যপদ তৈরি হয় ব্রাত্য বসুর নির্দেশে', দাবি শিক্ষাসচিবের বিধানসভায় বিজেপি বিধায়কদের নিয়ে মুখ্যমন্ত্রীর ঘরে শুভেন্দু ..... ক্রিয়ার সাথে সাথেই প্রতিক্রিয়া ঘটে",2,2,2,PAg,1.5735091e-07,1.3404975e-08,0.9999274,6.803283e-05,4.463419e-06
fb 342.jpg,দুধ বড় করলেই মাগি হওয়া যায় না মাগি হতে হলে ছিদ্র বড় করতে হয়,1,1,1,GAg,1.4037881e-11,1.0,7.1251295e-13,8.142113e-15,3.752083e-08
ovodro_img (511).jpg,জেঠ্যু একবার হবে নাকি ? বেল্ট দিয়ে ছাল ছাড়াতে ডাকছে না কী চা টা খেতে ডাকছে ?,1,1,1,GAg,1.2209658e-08,0.99881846,2.054823e-07,8.6556495e-09,0.0011812866
fb 656.jpg,"নিজের পায়ে দাঁড়ানোটাই জরুরি, বিয়ে করা জরুরি না!' শারমিন আক্তার পুরুষ জাতি:",1,1,2,PAg,0.0010406121,0.00804334,0.9906404,3.5676788e-07,0.00027523376
fb 1792.jpg,"অন্য কিছু নাহ পিল্টার থেকে কি ভাবে পিওর পানি বের করতে হয় এটাই দেখানো হচ্ছে এখানে, তাও কিছু লিজেন্ড ঐ টাই বলবে",1,1,2,PAg,0.15997653,0.33249176,0.34545115,0.08176896,0.080311626
fb 776.jpg,ছোটবেলায় মেলা থেকে আমার জন্য আব্বু কোনো খেলনা কিনে আনার পর *খেলনা *আমি *ছোটভাই,4,4,0,NoAg,0.7318538,0.0010711326,6.1744155e-05,3.5200927e-07,0.26701307
bangla-troll (59).jpg,"১০% মেয়ে ফুটবল, ক্রিকেট এই খেলাগুলা পছন্দ করে আর বাকি ৯০% মেয়ে ছেলেদের জীবন নিয়ে খেলতে পছন্দ করে !",1,1,4,Oth,0.081818484,0.24949826,0.01392838,0.0017547039,0.6530001
fb 1680.jpg,হুজুর ! ইসলাম অর্থ শান্তি আর মুসলমান মানেই শান্তিকামি .. নয় কী ? চুবানাল্লাহ ! অবশ্যই ঠিক কইসেন .. তো হুজুর ! 'সমকামি' ও 'পায়ুকামি'র মতো 'শান্তিকামি' মানে 'শান্তি'রে ধরি বলাৎকার করা বুঝাবেনা কেনু ? হালার নাস্টেক ! আজকেই ধড় থিকা তুর কল্লা নামাইয়া দিমু..,3,3,3,RAg,1.4404135e-13,2.02936e-10,1.1222704e-09,1.0,9.756081e-12
fb 1846.jpg,১৪ই ফেব্রুয়ারি ১৫ই ফেব্রুয়ারি,1,1,4,Oth,0.00024015666,0.49716404,0.0007700559,0.002366961,0.4994588
fb 921.jpg,পাবনা পাগলা গারদ,4,4,4,Oth,0.08840091,0.021415848,0.009810848,0.0036413642,0.87673104
fb 100.jpg,ভূমিকম্প হইলেই বাঙালী ধার্মিক হয়ে যায়,3,3,0,NoAg,0.90017563,0.0936153,0.0047406135,0.00032325758,0.0011451882
Halal Memes (24).jpg,যখন আপনার বাসার বাথরুমে টাইলস না থাকার ফলে বাথরুমে কয়টা টাইলস আছে সেটা গুনে এফবিতে স্ট্যাটাস দিতে পারেন না-,0,0,3,RAg,0.008594138,0.00012471912,0.3029495,0.6862782,0.0020534254
Bangla Thug Life (48).jpg,*ছোট ভাই *আব্বু *আমি *আম্মু *কনডমের অ্যাড,0,0,1,GAg,0.0018367757,0.5027573,1.1780687e-06,0.0006198149,0.49478486
tangaila (235).jpg,যখন ঘাটাইলের মেয়ে জানতে পারে তার এক্স এখন অনেক টাকার মালিক :- তার এক্স ঘাটাইলের মেয়ে*,1,1,0,NoAg,0.99325573,9.768988e-06,0.006730944,1.9160598e-07,3.1698905e-06
Bangla Thug Life (274).jpg,কাজে দেরি করে আসায় শিশুটিতে কি নির্যাতন করা হচ্ছে,1,1,2,PAg,0.10028304,0.03339634,0.8063173,0.0063086455,0.053694513
fb 158.jpg,নারীকে শাড়ি দিবেন জ্ঞান নয়।,1,1,0,NoAg,0.96119153,0.0026417985,0.00031910572,0.0014624355,0.03438504
Bangla Thug Life (99).jpg,ম্যাথ ক্লাস শেষ হওয়ার পর আমার মাথায় আসমান ভাইঙ্গা পরসে,0,0,0,NoAg,0.5302024,0.001787417,4.637038e-06,1.0100481e-05,0.46799546
blog 2.jpg,জাপানি পর্ন মুভিগুলোয় পুরুষ ও নারীর যৌনাঙ্গ যেভাবে অস্পষ্ট করে দেয়া হয়ে থাকে; জার্মানির চ্যান্সেলর মেরকেলের চুলের ওপরে সেই একই পদ্ধতি প্রয়োগ করেছে চৌদি সরকারী টিভি-চ্যানেল একমাত্র ইছলামই নারীর চুলকে দিয়েছে যৌনাঙ্গের মর্যাদা,3,3,3,RAg,0.0027544054,1.6286489e-05,0.003869602,0.9930988,0.00026091008
fb 1250.jpg,বাংলাদেশ-ভারত ভাই ভাই,2,2,4,Oth,0.003961151,0.024986798,3.4478966e-05,5.2718544e-05,0.97096485
blog 237.jpg,"তোমরা পাথর নিক্ষেপ করে নারীহত্যা করো আল্লাহ, নবী ও ইছলামের নামে",3,3,3,RAg,0.015428857,0.011185323,0.0010900975,0.93271893,0.039576866
in 178.jpg,এমন ফ্রেম সম্ভব হলেও হতে পারে কিন্তু দূর্নীতিমুক্ত তৃণমূল কোনোদিনই সম্ভব নয়,2,2,4,Oth,0.019028893,0.05766214,0.0069053597,0.021252181,0.89515144
fb 382.jpg,বিয়েবাড়িতে মেয়েরা বেশি খাওয়া যাবে না ডায়েটে আসি; যাদের বিয়ে তাদের সাথে ছবি তুলতে হবে হ্যা এত সেজেগুজে আর মেকাপ করে এসেছি ছবি তুলতে হবে খাওয়া দওয়া বাদ ছেলেরা ভাই প্রথমেই বসে যেতে হবে খেতে কোনো কথা নাই হ্যা ভাই তারপর দাঁড়়িয়ে মেয়ে দেখা যাবে,0,0,1,GAg,0.00022874272,0.8771621,8.2781626e-05,0.00012916375,0.12239716
fb 1850.jpg,যত্ন নিলে মরা গাছেও ফুল ফুটে,1,1,1,GAg,0.0003030286,0.99157774,3.279851e-05,3.3427053e-08,0.008086402
direct-offense (10).jpg,তিতলি কী পারবে ? আমাকে একটা গালফ্রেন্ড এনে দিতে ,4,4,1,GAg,0.0019974608,0.89085644,0.009122899,0.00039416016,0.09762897
in 213.jpg,পিসি সততার প্রতীক দূর্নীতি,2,2,3,RAg,0.060088985,0.009237916,0.14927602,0.501813,0.27958405
fb 1712.jpg,মঙ্গল শোঙাযাত্রা করছেো? মঙ্গল তুমি রাখো ! শোভা'রে পাঠায় দাও আমার কাছে..,3,3,3,RAg,4.941676e-06,0.15720849,0.0032270642,0.83651173,0.003047819
fb 2078.jpg,যে যেটা পছন্দ করে হেটারসরা বলবে আমি নাকি রোনাল্ডোকে ট্রোল করছি,4,4,0,NoAg,0.6039498,0.0055466196,0.00031657756,0.01228829,0.37789878
bamboo-vaiya (11).jpg,আরে ভাই একটা দল ছিল যারা কিনা এবারের লিগ জেতার স্বপ্ন এখনও দেখে নাম বললে মান সম্মান থাকবে না তুমি আবার রিয়াল মাদ্রিদ সুদাও কেন ?,4,4,4,Oth,0.09469487,0.23052685,0.039638657,0.02245988,0.6126798
Halal Memes (14).jpg,*রিটেক *আমি *পাশ,4,4,4,Oth,0.12049838,0.03324862,0.00043694704,7.4781674e-05,0.8457413
fb 1609.jpg,মানব ধর্মের মানুষ গুলো দেখতে এমন,3,3,2,PAg,0.08612371,0.34291217,0.55041105,0.001921462,0.018631632
Halal Memes (227).jpg,প্রিন্সিপাল ম্যাডাম যখন আমাকে উনার অফিসে ডাকেন লে আমার বন্ধুরা:,0,0,0,NoAg,0.9905687,0.00873283,2.5088539e-06,2.1884e-05,0.00067415537
tangaila (182).jpg,ট্যুরে যাওয়ার প্লান করার সময় বন্ধুরা সহ ট্যুরের দিন আমি একা,0,0,0,NoAg,0.93583494,0.0012019337,0.0010790661,3.088255e-07,0.061883762
in 595.jpg,বলছি বিধিনিষেধ বড়দিনের আগেই চালু করতে হতো... তবে মদ বেচে এতো কোটি টাকা কোথা থেকে আসতো ? টাকা না এলে লক্ষীভাণ্ডার ভরবে কিসে?,2,2,2,PAg,0.057542235,0.048661448,0.85432416,6.773875e-05,0.039404403
fb 1377.jpg,বামপন্থী আন্দোলনের ভিতরে থাকা দক্ষিণপন্থী মনোভাবাপন্ন লোকদের সমালোচনা করা বামপন্থীরা। কোনোরকম রাজনৈতিক জ্ঞান না থাকা মাথামোটা দক্ষিণপন্থী আইটি সেল কর্মী।,2,2,2,PAg,0.026575275,0.005465962,0.53454417,0.15334335,0.2800712
fb 1446.jpg,"সুইডেনে কোরআন পুড়িয়ে কট্ররপন্থিদের বিক্ষভ অনলাইন ডেস্ক । ২২ জানুয়ারি, ২০২৩ ১২:৩৯",3,3,1,GAg,0.10071734,0.55305004,0.026996428,0.20314799,0.11608819
fb 1262.jpg,ইসলামিক দেশের বই-মেলাতে ইসলামিক বই নিষিদ্ধ করে কি শান্তির ঘুম ঘুমাচ্ছে কু#ত্তার বাচ্চা গুলো,3,3,3,RAg,0.078291155,0.024050537,0.16509224,0.3896978,0.3428683
in 605.jpg,বর্ষসেরা ব্যবসায়ী (কয়লা /বালি) ভাইপো,2,2,2,PAg,2.6371742e-07,3.4195432e-07,0.9999621,3.557645e-05,1.8354144e-06
bamboo-vaiya (16).jpg,-মনে করো আমি তোমার বন্ধু এখন বলো আমি কি খারাপ ? - না দোস্ত তুই একটা মাদারচোদ,4,4,4,Oth,0.12184298,0.18726523,0.0014942014,0.00032107055,0.68907654
Halal Memes (317).jpg,সরকার যদি আপনার বাসার নিচে তেলের খনি পায় তাহলে সেটা সরকারের কিন্তু যদি গাঁজা পায় সেটা আপনার,0,0,2,PAg,0.0005007853,4.826564e-05,0.99795616,0.00021854814,0.0012763122
in 152.jpg,সামনে পঞ্চায়েত ভোট আসছে মাসিমা আমাকে চিনতে পারছেন তো? কেন চিনতে পারবো না! টিভিতে কতবার দেখেছি টাকার বান্ডিল নিতে,2,2,2,PAg,0.1550051,0.31446895,0.31625828,0.0017087329,0.2125589
fb 1771.jpg,আর্জেন্টিনাদের খেলার জন্য মাঠ প্রস্তুত,1,1,4,Oth,3.0050152e-05,0.00016622443,8.218228e-07,6.314296e-07,0.9998023
Bangla Thug Life (378).jpg,গার্লফ্রেন্ড পেয়ে ফ্রেন্ডদের ভুলে যাওয়া ফ্রেন্ডের যখন ব্রেকাপ হয় ফ্রেন্ডরা: এটাও আল্লাহ তায়ালার একটা নিয়ামত,0,0,0,NoAg,0.98326343,0.01390259,0.0003825955,0.00022514227,0.0022262116
bangla-troll (33).jpg,মেয়েটা আমাকে দেখে চোখ টিপ দিয়েছে ... নিশ্চয়ই তার চোখে সমস্যা আছে !,0,0,0,NoAg,0.32252654,0.292,0.05383304,0.012184659,0.31945568
fb 1961.jpg,কৃষি শিক্ষা ক্লাস করাচ্ছে স্যারে,1,1,1,GAg,0.10968224,0.76939404,0.058691256,0.04661931,0.015613026
bamboo-vaiya (180).jpg,দুর্বল হওয়ার থেকে মাদারচোদ হওয়া উত্তম । -নুনুকাটা গ্রেজয়,4,4,0,NoAg,0.37805986,0.18409473,0.11278543,0.013238719,0.31182125
in 488.jpg,একটা যুবরাজ দেখান তো! সস্তার কিছু দেখান...,2,2,2,PAg,0.0001494023,0.00642458,0.9878319,1.8459913e-08,0.0055940817
blog 161.jpg,-বেহেশতে গিয়ে পুণ্যবতী মুছলিম জেনানার প্রধান কাজ কী হবে? -তার স্বামীর ৭২ হুরের কাপড়চোপড় ধোওয়া ও ইস্ত্রি করার জন্য বুয়া লাগবে না!,3,3,1,GAg,0.038619816,0.84432775,2.2244147e-05,0.09460315,0.022426995
KAM (72).jpg,বাবা আমি সত্যি বলছি বাথরুমে ঐটা শ্যাম্পু পড়ে আছে হইছে আর মিথ্যা বলা লাগবে না তোমার ওই বয়সে থাকতে আমিও এইরকম অনেক শ্যাম্পু ফেলেছি,0,0,0,NoAg,0.99985456,0.00012861767,8.5577557e-07,1.0126452e-06,1.4995264e-05
bamboo-vaiya (110).jpg,বিশ্বাসের ভাইরাস অভিজিৎ রায়,4,4,0,NoAg,0.9160406,0.04158847,0.031628855,5.3331087e-06,0.010736673
tangaila (288).jpg,হ্যাপি নিউ ইয়ার জুমা মোবারক,3,3,0,NoAg,0.5144042,0.18852165,0.018895226,0.024605094,0.25357378
fb 460.jpg,যাকে ভালোবাসা যায় তাকে ময়লা কাপড় আর ছেড়া জামাতেও ভালোবাসা যায়!,0,0,1,GAg,0.21283728,0.7797331,0.0008945283,6.3879374e-06,0.006528672
ovodro_img (436).jpg,আমি বাললায় গান গাই আমি বাললায় গান গাই আগে বাংলা টা ঠিক করে বল তারপর না হয় বাংলায় গান করিস,4,4,0,NoAg,0.9216626,0.004452011,0.00026992385,9.5934665e-05,0.0735196
fb 1330.jpg,বাবা বলেছেন আপনি নাকি আমাদের পার্সোনাল ডাটা চুরি করেন? উনি তোমার আসল বাবা নন,4,4,4,Oth,0.26079625,0.06644001,0.030744337,0.00031650127,0.64170295
in 145.jpg,লোকটা কালীঘাটে শুধু জানতে গিয়েছিলো তৃণমূলের দলীয় প্রার্থীর নাম ঠিক করার ভোটও অবাধ; শান্তিপূর্ণ করার জন্য কেন্দ্রীয় বাহিনী মোতায়েন করতে হবে!?,2,2,2,PAg,0.0019635765,0.00030790994,0.93012196,0.06751161,9.497086e-05
blog 102.jpg,"অমুছলিম যুদ্ধবন্দী নারীদের লজ্জা দিতে ও অবমানিত করতে তাদেরকে ধর্ষণ করার অধিকার আল্যা মুছলিম পুরুষদের দিয়েছেন - সুয়াদ সালেহ (ইছলামী অধ্যাপক, আল-আজহার বিশ্ববিদ্যালয়)",3,3,3,RAg,7.493879e-05,0.02941076,0.002485195,0.9020098,0.0660194
fb 66.jpg,সেই খুশির মুহূর্ত যখন দুই বন্ধু একসাথে ফেইল করি,0,0,0,NoAg,0.92865384,0.0010581398,0.003324207,0.0011825913,0.06578127
in 596.jpg,"আবার বিধিনিষেধ চালু হলো! খেটে খাওয়া মানুষ গুলো কোথায় যাবে!? বিধিনিষেধ আরোপ মানেই বাবুদের সাইড ইনকাম পথেঘাটে পেটিকেস, কালীঘাটে স্যুটকেস!",2,2,2,PAg,5.1937823e-06,0.00034690875,0.9995943,1.7007456e-05,3.6565532e-05
pin 24.jpg,শিক্ষা মন্ত্রী টুকে পাশ শিল্প টাইম পাস অর্থ মন্ত্রী দিচ্ছে বাঁশ ক্রীড়ামন্ত্রী কারাবাস নগর মন্ত্রী ঘুষ খাস কৃষি মন্ত্রী ফোর পাস বাকি গুলো দলদাস মুখ্য মন্ত্রী সর্বনাশ বঙ্গবাসীর লন্ডন বাস,2,2,3,RAg,1.0692616e-05,0.00041431337,0.00053257524,0.9911361,0.007906277
fb 1766.jpg,বন্ধুর শালীর পমপম আমি,1,1,1,GAg,0.17825626,0.6165144,0.0002723528,6.235374e-06,0.20495075
KAM (105).jpg,এক চুটকি সিন্দুর কি কিমাত তুম ক্যায়া জানো রামেশ বাবু আমি জনব কেমনে? আমি লাগাই নাকি?,0,0,4,Oth,0.00026877632,0.15269223,1.02415015e-05,6.1063565e-07,0.8470282
blog 390.jpg,"নিজেরে যখনই আবাল মনে হবে তখন মনে কইরেন, আল্যার দুনিয়ায় আপনের চেয়ে বহুত গুণ বেশি আবাল আছে কোটি কোটি, যারা বিশ্বাস করে, একদিন সূর্য উঠবে পচ্চিম দিকে",3,3,3,RAg,2.0501022e-07,6.5360155e-07,0.00017104115,0.9997936,3.4506695e-05
fb 1677.jpg,মানলাম আমি হারাম । কিন্তু সৃষ্টিকর্তা কতবড় হারামি হলে আমার মত হারাম প্রাণীর সৃষ্টি করতে পারে?,3,3,1,GAg,0.009114603,0.92975104,0.0044732993,0.013936891,0.042724162
Bangla Thug Life (66).jpg,ডাটা প্যাক না কিনেই যখন আপনি ব্রাউজিং শুরু করেন সিম কোম্পানি: আপনি:,0,0,4,Oth,0.1208294,0.051875543,0.15138747,0.01771011,0.65819746
in 182.jpg,হু হু করে নাকি কমে যেত বয়স! বাদরের অন্ডুকোষ মানবদেহে প্রতিস্থাপন করে চমকে দেন চিকিৎসক এইটে আগে জানানো উচিং ছিল....,2,2,2,PAg,3.4968632e-08,1.8229173e-08,0.9995778,0.00041839326,3.7555387e-06
fb 539.jpg,শাহীন কী ন'টির পোলাকে ধরতে পারছিলো?,4,4,1,GAg,0.00020271073,0.8220601,0.01621027,0.16152558,1.2893497e-06
fb 1838.jpg,আরেকটু খাও বাবু । না খেয়ে দিনদিন শুকিয়ে যাচ্ছো যে ।,4,4,1,GAg,0.046324592,0.94793534,8.986981e-05,1.7918945e-06,0.005648425
in 377.jpg,"আডবাণীর নেতৃত্বে বিজেপি এসে উদ্ধার করে! দাবি শুভেন্দুর| সিঙ্গুর আন্দোলন কোনও আন্দোলনই ছিল না, দাবি শুভেন্দুর এইভাবে সব বলে দিলে দুজনের কারোরই লাভ হবেনা",2,2,2,PAg,0.0029247764,2.3504588e-05,0.9681005,0.027497692,0.0014535825
fb 142.jpg,সেই প্যারাময় মুহূর্ত : যখন পিজ্জা খেতে গিয়ে কামড় পিজ্জাতে না লেগে নিজের হাতেই লাগে!,0,0,0,NoAg,0.84753627,0.14043675,0.00040949322,4.159747e-07,0.011617083
fb 1088.jpg,স্যার কোনভাবে দুই দলকেই হারিয়ে দেওয়া যায় না!,4,4,4,Oth,0.27775875,0.25654477,0.11914933,0.016592022,0.32995504
in 28.jpg,ঘরের সব কাজ করার পর যখন বুঝতে পারি যে ঘরের সব কাজ আমি একাই করে ফেলেছি আম্মু আমাকে কি তোমার বুয়া মনে হয়? থাকমোনা আমি তোমার ঘরে আমি কোরিয়া আমার ইয়ের কাছে যামোগা,0,0,0,NoAg,0.58953804,0.34422556,0.0002977199,0.0006329179,0.06530581
tangaila (108).jpg,তার হাজবেন্ড বিন্দুবাসিনীর মেয়ে,1,1,1,GAg,0.00028774323,0.96660733,6.172508e-05,3.927037e-05,0.033003833
bamboo-vaiya (334).jpg,*৯ বছরের আমি *বিস্কুটের ক্রিম,1,1,1,GAg,0.00899025,0.98392004,0.0009433366,0.0008077447,0.005338515
fb 1128.jpg,"মাদখালী, সরকারপন্থী দেওবন্দী, তাদের জিহাদোফোব সমর্থকবৃন্দ। জিহাদিস্ট, ইসলামিস্ট মিলিটারি অর্গানাইজেশন, তাদের সমর্থকবৃন্দ।",3,3,4,Oth,0.15616567,0.037021443,0.09386257,0.0040469053,0.7089034
in 471.jpg,"জামিন দিন, আমাকে বাঁচতে দিন! শুনানিতে কেঁদে ফেললেন পার্থ, ফের জেল হেফাজত চাইল ইডি আপনি একদম চাপ নেবেন না... পিসি ঠিক ভিতরে ভিতরে আপনার জামিন করে দেবেন",2,2,2,PAg,8.5438664e-08,9.061683e-09,0.99999976,5.7620024e-08,1.7148697e-07
fb 1434.jpg,"কেবল হোঃ হোঃ হোঃ, কেষ্টদাসের পিসি- বেচত খালি কুমডো কচু হাঁসের ডিম আর তিসি।",2,2,2,PAg,0.014690393,0.018643962,0.7511615,0.0017928021,0.21371134
fb 1482.jpg,কি দিন আইলো রে ভাই! হুজুররাও নাকি ইত্যাদি তেলেসমাতি জিনিসের নাম জানে!,3,3,0,NoAg,0.5051059,0.00087990554,0.0042305896,0.015590357,0.47419322
pin 19.jpg,"ভদ্রমহিলা ছাতা সারাতে গেছেন আপনার উপরের কাপড় খুলতে হবে; আর নিচে ডান্ডাও লাগাতে হবে| যা করার করো, শুধু মনে রেখো ভিতরে জল না পড়ে!",1,1,4,Oth,0.41159642,0.014272395,0.003026139,0.026872462,0.54423255
bangla-memes (50).jpg,বাজারের সবচেয়ে* কমদামী গরু *আমার আব্বু,0,0,0,NoAg,0.55311036,0.42628664,0.016719295,1.43630095e-05,0.0038692928
Halal Memes (245).jpg,নতুন শার্ট নিয়ে আসা বিদ্যমান । আম্মু: কত নিছে ? আমি: ফ্রী'তে পাইছি আম্মু । আম্মু: তাও ঠকছোস । আমি হইলে ফ্রী'তে দুইটা নিতাম লে আমি:,0,0,2,PAg,0.40996864,0.012352688,0.5151366,0.00013575224,0.062406268
blog 494.jpg,রিজিকের মালিক আল্লাহ,3,3,3,RAg,3.427653e-07,2.4689155e-06,7.939654e-06,0.99998677,2.478796e-06
KAM (415).jpg,বাথরুমে এতক্ষণ কি করছ? বিয়ে-শাদি দাও না বাথরুমে তো সময় লাগবেই,0,0,4,Oth,0.08673416,0.06826813,0.00037617507,6.546794e-05,0.8445561
blog 297.jpg,সজাগ হোন আল্লাহু আকবর ! ঘুমিয়ে থাকুন ইছলামের সমালোচনা করা হীনতা ।,3,3,3,RAg,2.2455684e-05,0.012437445,0.0010259273,0.9835443,0.0029699046
blog 32.jpg,কুরান ৬:১১৫/১৮:২৭ কেউ আল্লার কথা বিকৃত করতে পারে না । তাইলে... মডারেটরা যে বলে জংগিরা কুরানের অর্থ বিকৃত করে জংগী হয়ে উঠে এইটা কার কুরান ?!,3,3,3,RAg,0.0017251007,9.949399e-06,0.002516501,0.9957436,4.8309485e-06
fb 1973.jpg,*একটা হট ছবি পাঠাও* বয়ফ্রেন্ডের জন্য বেস্টফ্রেন্ডের জন্য জাস্টফ্রেন্ডের জন্য,1,1,1,GAg,5.3417098e-05,0.9107881,0.0004265955,0.08143596,0.007295976
KAM (795).jpg,বিউটি পার্লারে যাওয়ার আগে: বিউটি পার্লার থেকে বের হওয়ার পর,4,4,4,Oth,0.49634963,0.0034868878,0.0002677715,7.4522154e-06,0.4998882
KAM (92).png,আড়াই টাকার পারফর্মেন্স হাজার টাকার ফায়দা!,4,4,4,Oth,0.053271145,0.06490735,0.32156807,0.019752014,0.5405014
fb 601.jpg,"""আন্টি আপনার মেয়ের নাম ছোট করে রাখা উচিত ছিল। আমার বন্ধুর হাত কেটে লিখতে কষ্ট হয়""",4,4,0,NoAg,0.893371,0.087995656,0.0058219223,0.00018103006,0.012630405
in 314.jpg,তৃণমূল ভবনের দরজা সৎ লোকেদের জন্য দুর্নীতিগ্রস্তদের জন্য,2,2,2,PAg,0.18565494,0.1378445,0.66617113,0.0011748261,0.009154617
in 82.jpg,উচ্চতা সষ্পন্ন পঞ্জাবি পরিহিত চাপ দাড়ি রাখা ছেলে অস্তিত্ব রাখে *বাঙালি মেয়ে উফফ আমি এরকম ঘেমে যাচ্ছি কেন ? আমার মনটা এরকম দুর্বল হয়ে পড়ছে কেন,1,1,4,Oth,0.061203826,0.043623142,0.0063820276,0.05891363,0.8298774
KAM (117).png,ক্লাসের সব চেয়ে ব্রিলিয়ান্ট স্টুডেন্টের পাশে পরীক্ষার হলে সিট পরছিল! কিন্তু শালা তার হাতের লেখা এত সুন্দর যে বুঝতেই পারি না!,0,0,4,Oth,0.16717711,0.014243787,0.15033239,0.015682805,0.6525639
bamboo-vaiya (240).jpg,"জীবনে প্রথম প্রেমটা রিয়েল হয়, আর সেটা ও হয় এক বারোভাতারি মালের সাথে",1,1,1,GAg,7.673606e-08,0.9859081,4.1170644e-08,3.236699e-10,0.0140918065
bangla-gag (80).jpg,"আসলামুল হক আসলাম সংসদ সদস্য, ঢাকা-১৪ আসন মজা পাইলাম !",2,2,4,Oth,0.058685854,0.06311671,0.0040462646,0.00068508124,0.87346613
ovodro_img (272).jpg,"সেদিন ঝাল লাগলো কেনরে আমার ওখানে ? হুহু , জানেও না আমার বাড়ী শ্রীলঙ্কা ঝাল তো লাগবেই",1,1,1,GAg,9.041806e-05,0.9983374,3.1109175e-05,8.624383e-08,0.0015409555
in 552.jpg,গত ৭০ বছরে কংগ্রেস দেশের জন্য কি করেছে? বলবো না। কেন? বললেই আপনি সেগুলো বিক্রি করে দেবেন!,2,2,3,RAg,0.00013607129,0.0030254032,0.06901706,0.91230154,0.015519948
fb 334.jpg,দোস্ত ভিতরে পরে গেছে! ! সমস্যা নাই! তুই চালিয়ে যা বয়ফ্রেন্ডের উপর দোষ চাপিয়ে দিবো!,1,1,1,GAg,6.75334e-06,0.9876659,3.127156e-07,0.005571235,0.00675574
Bangla Thug Life (246).jpg,কচি দেবর দেখা বিদ্যমান সাবিতা ভাবি বি লাইক:,1,1,2,PAg,0.11407399,0.08007581,0.7997349,8.8854635e-05,0.006026419
in 102.jpg,করোনায় আক্রান্ত 'টুম্পাসোনা',4,4,3,RAg,0.0049334266,0.23894458,0.0064392234,0.3851846,0.36449814
fb 1721.jpg,তুমি কামের ফাঁদে পড়েছ তুমি রামের ফাঁদে পড়েছ,3,3,0,NoAg,0.70183533,0.1829952,0.0016898317,0.015077883,0.09840169
blog 299.jpg,"পলিনেশিয়ান ঈশ্বর লোনোর কথা শুনলে আপনার হাসি পায়, ঠিক না? জানেন, আপনার ঈশ্বরের কথা শুনলে আমারও ঠিক একই অবস্থা হয় ।",3,3,3,RAg,1.6063532e-07,0.0004647825,0.00027447863,0.999258,2.6459888e-06
ovodro_img (541).jpg,"কোম্পানিতে জয়েন করলে ১০,০০০ আর ছয়মাস এর পরের থেকেই ২০,০০০ হবে মাইনে ! তাহলে কবে থেকে জয়েন করবে ? ছয়মাস পরে থেকেই করব জয়েন",0,0,1,GAg,0.13021436,0.7034615,0.09683735,0.0007048431,0.06878185
Halal Memes (56).jpg,*দোকানের বেগুনি *বাসার বেগুনি,0,0,1,GAg,0.22139002,0.7202698,3.0462325e-05,6.0539e-05,0.05824915
fb 1661.jpg,"কৃষ্ণ এখন সখীদের নিয়ে ফষ্টিনষ্টিতে ব্যস্ত, আবাল ভক্তদের দিকে তাকানোর সময় নেই জন্মাষ্টমীর উৎসবে দুর্ঘটনা, কচুয়ায় পদপিষ্ট হয়ে মৃত ৬, খবর ফটাফট বৃষ্টিতে হুড়োহুড়ি, মৃত্যু",3,3,3,RAg,0.02638431,0.0036193598,0.031135531,0.92319036,0.015670447
fb 108.jpg,তুমি যদি এই কাজটি করে থাকো তাহলে তোমার শৈশব অনেক জোশ ছিলো,0,0,1,GAg,0.13408533,0.7696561,0.010946396,0.05872855,0.026583603
fb 1124.jpg,ইংরেজি ভাষায় বাংলা ভাষা শহীদদের স্মরণ ব্র্যাক ইউনিভার্সিটির *ব্র্যাক ইউনিভার্সিটি এই শহরে আমার মত দেশ প্রেমিক আর একটাও নাই,4,4,2,PAg,1.9425596e-07,1.2801321e-06,0.9995442,0.00043670242,1.7674813e-05
fb 740.jpg,গাঁজার আগুনে পোড়ানো হলো প্রেমিকার লাশ গাঁজাখোর দের গার্লফ্রেন্ডঃ,4,4,4,Oth,0.054726902,0.27177638,0.050463587,0.04595722,0.57707596
bangla-gag (6).png,"পড়াশুনা না করলে আমও যাবে, ছালাও যাবে ছালা দিয়ে কি করবো?",0,0,4,Oth,0.016936596,0.0075412327,0.0002616913,0.0076762317,0.96758425
in 105.jpg,ফেসবুকঃ আমি সব কিছু জানি গুগলঃআমার কাছে সব কিছু আছে ইন্টারনেটঃ আমি ছাড়া তোরা কিছুই না চার্জারঃ আওয়াজ নিচে *লে কারেন্টঃ,0,0,4,Oth,0.36103797,0.14627567,0.025877811,0.0009255493,0.46588305
ovodro_img (662).jpg,পারবো না হতে আমি রোমিও,0,0,0,NoAg,0.41008994,0.25309086,0.019323194,0.021599166,0.29589692
chosha (118).jpg,যখন আমরা গালফ্রেন্ডের মুখে ললিপপ চুষতে দেই,1,1,0,NoAg,0.41487005,0.22985777,0.0024883267,0.00029060358,0.3524932
in 460.jpg,বড়ো হয়ে তোমরা কি করবে? চায়ের স্টল ঘুগনির দোকান তেলেভাজা দোকান,2,2,2,PAg,0.0035721902,0.00021412384,0.7078268,3.8162798e-05,0.28834885
in 519.jpg,এই যে মন্ত্রীসভায় রদবদল মনেহয় পরিবর্তন কিছু হবে? প্রথম ব্যাচের খাওয়া শেষ এবার দ্বিতীয় ব্যাচ খাবে,2,2,2,PAg,0.017684313,0.07192255,0.82850194,2.7288334e-05,0.08186397
fb 404.jpg,তুমি তো আমারে টেনশন এ ফেলায় দিলে মিয়া,2,2,1,GAg,0.0012820939,0.89398813,6.1275015e-05,0.00025575512,0.10441272
direct-offense (49).jpg,বারোবাতারী সীমিত আকারে বারোবাতারী,1,1,4,Oth,0.014143848,0.0337143,0.022650637,0.00029651934,0.9291947
in 161.jpg,আমি সোম বুধ শুক্র তৃণমূলে থাকি আর মঙ্গল বৃহ শনি বিজেপিতে থাকি রবিবার ছুটিতে থাকি,2,2,1,GAg,0.1662891,0.7898977,0.016323708,0.00036055653,0.027128993
blog 236.jpg,এইখানে পষ্ট কইরা লেখা আছে: এই দুনিয়ায় চতুষ্পদ জন্তু আছে সর্বমোট ৮ প্রকার। (সুরা ৩৯:৬),3,3,3,RAg,7.4596555e-06,2.8414936e-06,1.7862252e-05,0.99996984,1.980903e-06
ovodro_img (794).jpg,একজন ডাক্তার তার রোগীর সেবা করতে কোন ত্রুটি রাখে না,1,1,1,GAg,0.00012289618,0.99473226,1.218766e-05,0.0009647777,0.0041678837
ovodro_img (656).jpg,গরমে সিদ্ধ হচ্ছিল বলে জামা খুলে ফেললেন একজন বং ক্রাশ,1,1,1,GAg,2.2547066e-09,0.9999999,5.9416543e-12,9.013146e-12,7.4963864e-08
fb 191.jpg,বন্ধুর সাইজ বন্ধুর বউয়ের সাইজ,1,1,1,GAg,0.00081741373,0.8825077,0.00013271833,1.1201088e-06,0.11654101
in 216.jpg,বিদ্যুৎ দফতরের চাকরি থেকে সাসপেন্ড শান্তনু বন্দ্যোপাধ্যায় দুর্নীতি দূর করলেন মমতা ব্যানার্জী এবার বিদ্যুৎ-এর দাম কমবে...,2,2,2,PAg,0.00040461376,2.9784711e-05,0.99914026,0.00023337378,0.0001920085
fb 595.jpg,"বাতাস যাতে নষ্ট না হয়ে যায়, তাই ফ্রিতে কিছু চিপস ও দিয়ে দিছে দেখছি",4,4,0,NoAg,0.57744473,0.102550596,0.00046169345,4.7754016e-05,0.3194952
in 257.jpg,"তুমি আমাকে 'কয়লা ভাইপো' বলে ডাকলে আমার খুব কষ্ট হয় পিসি আমাকে 'গদ্দার' বললে আমারও কষ্ট হয় সামনে পঞ্চায়েত ভোট চাপ নিস না, হিন্দু মুসলিম খেলা খেলে এটাও পার করে দেবো",2,2,2,PAg,0.0013374795,0.0032044146,0.5708906,0.39872295,0.025844632
Bangla Thug Life (220).jpg,বাপের বাড়ি থেকে বউ ফিরে এসে স্বামীর সাথে প্রথম রাত্রিযাপনের পর *বউ,1,1,0,NoAg,0.87432337,0.07671095,0.0010957412,0.00030574732,0.047564227
fb 1435.jpg,অষ্ট প্রহর গাইত পিসি আওয়াজ করে মিহি; *এসব সিপিয়েমের চক্রান্ত* ম্যাও ম্যাও ম্যও বাকুম বাকুম ভৌ ভৌ চীহি,2,2,2,PAg,0.00032429604,0.00023499603,0.99211746,0.0018842518,0.0054390174
ovodro_img (373).jpg,বই মেলায় আমার লেখা বই পাওয়া যাচ্ছে !! কিনবেন সবাই । মরন হবে কত দিনে ??,2,2,1,GAg,0.011497187,0.6391263,0.0025114573,8.077552e-06,0.34685695
pin 39.jpg,দূর্বল সেতুর ওপর ভারী যানবাহন চলাচল নিষেধ করা হোক !,4,4,4,Oth,0.018375302,0.10591608,0.15608256,0.17374523,0.54588085
ovodro_img (707).jpg,তোদের বাবা কোথায় গিয়ে লুকিয়ে পড়ল ! আসছেই না তাড়াতাড়ি কর । তোমার বৌ আর ছেলে মেয়ে তোমার কথাই বলছে,1,1,1,GAg,0.001635718,0.78157115,0.00023212041,1.6980015e-05,0.21654406
fb 1406.jpg,"তারপর সে বললো; ""চীনা অ্যাপ ব্যান করে দিলে ভবিষ্যতে ভারতবর্ষ সস্তা এবং সহজলভ্য দেশীয় পণ্য তৈরি করতে পারবে""",2,2,3,RAg,1.144556e-06,0.006291797,0.005022732,0.96263254,0.026051858
Halal Memes (93).jpg,নাসির খান সীমিত আকারের নাসির খান,4,4,1,GAg,0.0198751,0.69972754,0.002185531,0.0053042225,0.27290764
tangaila (112).jpg,যখন ঈদে কেউ সেলামী না দেয় তখন আমি :,0,0,0,NoAg,0.9803104,0.000544196,0.00920569,1.7999731e-05,0.009921667
Halal Memes (197).jpg,বার্ষিক পরীক্ষায় কম নাম্বার পেয়েও মা-বাবাকে বুঝিয়ে শুনিয়ে বেঁচে যাওয়া আমি পাশের বাসার আন্টি,0,0,0,NoAg,0.9801088,0.00022581864,0.001635491,0.010741392,0.007288438
blog 328.jpg,"ইছলামের নবী সবাইরে সতর্ক কইরা দিয়া বলসে, পিচ্চি ইন্দুরও কিন্তু বাড়িতে আগুন ধরায়ে দিতে পারে। জেরির এমন ক্ষমতার কথা পইড়া টম... (সহি মুসলিম, বই ২৩, হাদিস ৪৯৯৪)",3,3,3,RAg,1.8316543e-10,1.22838e-11,1.0322746e-08,1.0,2.2386053e-11
fb 1916.jpg,লু পোস্ত এভাবে কি দেখেন ভাই? ক্রাশ বলেছে 'তাকে পেতে হলে রান্না শিখতে হবে' তাই রান্না শিখছি,1,1,4,Oth,0.0027694274,0.0045398753,0.005971607,0.0004524956,0.9862666
blog 331.jpg,"প্রার্থনার চূড়ান্ত মুহূর্তে আপনের চেহারা দেখলে মনে হয়, কোষ্ঠকাঠিন্য আক্রান্ত অবস্থায় আপনে টয়লেটে বইসা রইসেন।",3,3,1,GAg,0.0019660776,0.9679118,0.00124319,0.003688896,0.025190117
ovodro_img (749).jpg,মোদিজি কাশ্মীরে আমাকে বাড়ি বানানোর জন্য ১০ কাঠা জায়গা দিয়ে দিন প্লিজ তুই ভারতে পার রাখলেই তোকে জুতোর মালা পরিয়ে পোঁদে মিসাইল বেধে পাকিস্তানে পাঠিয়ে দেব শালা,2,2,0,NoAg,0.64246285,0.27315152,0.010795015,2.890476e-05,0.07356169
Bangla Thug Life (124).jpg,"যখন তুমি কিউট ইন্সটা কুইন হইতে যাইয়া ভাত পাও না, কিন্তু দুধ শো-অফ কইরা অনেক গুলা লাইক কামাই ফেলো",1,1,1,GAg,0.0009208989,0.99550617,2.1982658e-05,5.4987027e-05,0.0034959936
fb 1291.jpg,রেস্টুরেন্ট সামলাই ছাগলের চাহিদাও সামলাই,4,4,4,Oth,0.005939989,0.010975732,0.0076586064,0.065308064,0.9101176
fb 1621.jpg,নাস্তিকদের যুক্তি কোরআন মিথ্যা কারন কোরআন অসম্পূর্ণ কেনোনা কোরআনে আমার নাম নেই এবং আমার বাপ ১৪ গোষ্ঠীর নাম নেই তাই কোরআন মিথ্যা অসম্পূর্ণ,3,3,3,RAg,4.337414e-06,5.366777e-05,0.00019066602,0.9996929,5.8366146e-05
fb 1008.jpg,অর্থের পাহাড় করেছি কারণ অর্থ থাকলে গর্তের অভাব পরেনা!,1,1,3,RAg,0.007713977,0.004517991,0.0011528487,0.6986173,0.2879979
in 333.jpg,দেখতে পাচ্চো বিনোদ দিদির ভুতেরা কেমন পাড়ায় পাড়ায় বাটাম খাচ্ছে...,2,2,2,PAg,2.7318465e-06,1.8070934e-07,0.9999912,2.02204e-06,3.9341553e-06
ovodro_img (539).jpg,আমার এবার তিনজন ছেলেকে বিয়ে করা হবে এরম বারে বারে বিয়ে না করে আমাকে বলতে পারিস তো একসাথে কয়েকটা ছেলে পাঠিয়ে দিতাম,4,4,4,Oth,0.00053827674,0.12842046,0.029236756,7.5017015e-06,0.841797
bamboo-vaiya (275).jpg,*১০০০ টাকা দাম বলা দোকানদার *৩০০ টাকা দাম বলা আমি* *৩০০ টাকায় রাজি হয়ে যাওয়া দোকানদার* *মজা করতে গিয়ে মাইনকা চিপায় পরা আমি*,0,0,0,NoAg,0.92789626,0.008908385,0.0031087745,2.9762206e-05,0.0600568
blog 156.jpg,"অদৃশ্য ও কাল্পনিক কিছু সত্তার উপাসনা করতে গির্জা, মসজিদ, মন্দির, প্যাগোডা, সিনাগগ ও অন্যান্য উপাসনালয় নির্মাণের পেছনে ব্যয় করা হয়েছে ট্রিলিয়ন ট্রিলিয়ন ডলার... কল্পনা করে দেখুন, এই পরিমাণ অর্থ যদি ব্যয় করা হতো স্কুল, হাসপাতাল ও আশ্রয়স্থল নির্মাণের পেছনে...",3,3,3,RAg,2.4405685e-07,1.3016221e-10,0.00030543545,0.9996928,1.5045267e-06
KAM (194).png,সবাই জান্নাতে যেতে চায় কিন্তু কেউ মরতে চায় না !! তেমনি সবাই ভাল রেজাল্ট করতে চায় কিন্তু কেউ পড়তে চায় না !!,0,0,0,NoAg,0.5306184,0.012634485,0.00032080684,0.016217345,0.44020888
tangaila (171).jpg,পোলা গেছিলো সখিপুর বিয়া করতে অতঃপর তার অবস্তা :-,0,0,0,NoAg,0.63142926,0.012064262,0.09034246,0.23359488,0.03256916
Halal Memes (293).jpg,ক্লাসে প্রেজেন্ট দিয়ে বেঞ্চে বসতে যাওয়া বন্ধু* *পিছন থেকে কলম খাঁড়া করে রাখা আমি,4,4,0,NoAg,0.85921836,0.11868033,0.0010736231,9.210926e-06,0.021018462
in 220.jpg,এবার নিয়োগ দুর্নীতিতে ধৃত কুন্তল ঘোষের স্ত্রীকে তলব ইডির কুন্তলেরও কি আমার মতো ফ্যামিলি প্যাকেজ??,2,2,2,PAg,7.4323274e-05,2.029359e-06,0.9984975,4.0396435e-06,0.0014222055
blog 47.jpg,"কুকুর গাধা নারী ইছলামে এরা এক কাতারে নবীজি বলেছে, নামাজরত মানুষের সামনে দিয়ে কুকুর, গাধা বা নারী হেঁটে গেলে সেই নামাজ আল্যা গ্রহণ করে না । ( বুখারি খণ্ড ১, বই ৯, হাদিস ৪৯০)",3,3,3,RAg,1.499778e-08,0.0002198621,0.00014327248,0.999571,6.574517e-05
ovodro_img (284).jpg,শুনলাম তুই নাকি প্রেম করছিস ? অত চিন্তা করিস না । ব্রেকআপ হলে পাড়ার ছেলেদের দিয়েই কাজ চালাব ।,1,1,4,Oth,0.0040361523,0.107117064,0.00019617018,9.226345e-05,0.8885584
blog 136.jpg,"আল্যা যদি মানুষকে স্বাধীন ইচ্ছাশক্তি দিয়েই থাকে, তাহলে সবকিছুই আল্যার পরিকল্পনার অংশ হয় কীভাবে? আর সবকিছু যদি আল্যার পরিকল্পনার অংশই হয়ে থাকে, তাহলে মানুষের স্বাধীন ইচ্ছাশক্তি থাকে কীভাবে?",3,3,3,RAg,2.0346607e-09,1.9859716e-08,1.1530058e-05,0.9999875,9.3691386e-07
Halal Memes (45).jpg,ক্রাশকে চার পাচটা ম্যাসেজ দেওয়ার পর ক্রাশ যখন বিরক্ত হয়ে যায় এতো কম সহ্য শক্তি নিয়ে বেঁচে আছো কি করে,0,0,0,NoAg,0.9993067,0.00026829122,0.00018591345,5.188573e-05,0.00018715426
pin 53.jpg,কেবলমাত্র আর একটা 'সেস' কেবলমাত্র আর একটা 'কড়ি নিন্দা' কেবলমাত্র আর একটা বিদেশ ভ্রমণ কেবলমাত্র আর একটা 'ডিচক্যাও',2,2,4,Oth,0.07988173,0.108530045,0.0012905969,0.10875874,0.7015389
fb 1660.jpg,জীব্রিল ! উপ্রের দুইদল তো পরিচিত ! নীচের গুলান কারা ..? হুজুর এরা হলু নিরপেক্ষতার আড়ালে থাকা সুবিধাবাদিরা... এজিদ বাহিনী হোসেন বাহিনী বিশ্বের ছুন্নি এক হও শোহদায়ে কারবালার স্মরনে উজ্জীবিত হয়ে আমরাও শহীদ হইতে চাই !,3,3,3,RAg,1.8255713e-14,2.365946e-14,2.8827551e-11,1.0,9.0111905e-15
fb 1401.jpg,মৌলানা: হোমোসেক্সুয়ালিটি হারাম হোমোসেক্সুয়ালরা জাহান্নামের আগুনে পুড়বে। মৌলানা যখন সে মাদ্রাসার কোনো ছাত্রের সাথে কিছুক্ষণ একা থাকার সুযোগ পায়:-,3,3,4,Oth,0.27234107,0.15444016,0.17520158,0.04111125,0.35690597
fb 25.jpg,যখন তুমি পাশের বাসার আন্টির হারমোনিয়াম সংগীতের জ্বালায় ঘুমাতে পারো না,0,0,1,GAg,0.010097185,0.9739091,0.014722145,0.0002298469,0.0010417282
fb 2012.jpg,ইনি ৫-০ গোলে ম্যাচ জিতে ৫ আঙ্গুল দেখান আর ইনি ম্যাচ হেরে গিয়ে দম্ভ নিয়ে ইতিহাস টেনে আনে যা কিনা সে সাবেক ক্লাব গুলোর হয়ে জিতেছে,4,4,4,Oth,0.05359237,0.028774414,0.07343,0.25417018,0.590033
Halal Memes (10).jpg,যৌতুক নেয়া নিষেধ' বলতে থাকা হেডস্যার: যৌতুকে পাওয়া মোটরসাইকেল নিয়ে স্কুলে আসা ক্লাসটিচার:,0,0,1,GAg,0.11894777,0.8658984,0.010796852,0.00012232814,0.004234775
in 393.jpg,"চপ ভেজে ও ঝালমুড়ি বিক্রি করে বিক্ষোভ প্রদর্শন গ্রুপ ডি চাকরিপ্রার্থীদের.... এরা চাকরিপ্রার্থী নয়, এরা সিপিমের এজেন্ট!",2,2,2,PAg,8.9906855e-05,0.0001147642,0.99791545,0.00015627113,0.0017236455
fb 2003.jpg,মহাবিশ্বের কিছু অপ্রয়োজনীয় জিনিস-,4,4,0,NoAg,0.6732781,0.00012006805,0.0011530058,0.32289228,0.0025565892
Halal Memes (276).jpg,*আমি ব্যবহারিক খাতা ওকে নিয়ে আমি এখন কোথায় যাবো ?,0,0,0,NoAg,0.5780094,0.38832077,0.0012029936,0.00087930425,0.03158757
fb 1135.jpg,সাধারণ মানুষের আদি পিতা মাতা শাহবাগীদের আদি পিতা মাতা,4,4,3,RAg,0.037487276,0.010803979,0.0051359218,0.8657026,0.08087023
fb 1087.jpg,"শুনলাম প্রতিভার নামে নাকি এক পোলা নিজের পুরুষত্ব বিসর্জনে দিছে, হু কাকা এই পোলায়",4,4,4,Oth,0.006260628,0.0073751938,0.0069944332,0.00014741505,0.97922236
fb 641.jpg,তার মন ছিলো একদম লোকাল বাস এর মতো যখন যার ইচ্ছা উঠে পড়ত,0,0,1,GAg,0.040697787,0.69093084,0.0008050401,1.492256e-05,0.2675514
Bangla Thug Life (199).jpg,বিদেশ ফেরত স্বামী যখন পাঁচ বছর পর দেশে এসে স্ত্রীর সাথে প্রথম রাত্রিযাপনের পর স্ত্রী: পাছাডা ধ্বংস কইরা লাইছিরে ভাই,1,1,0,NoAg,0.98575914,0.0026346915,0.00040036044,1.9457887e-06,0.011203838
fb 1795.jpg,কাচ্চি ভাই জর্দা রঙের নাম করে 'কৃত্রিম রং' খাওয়ায় দিবো* খাশির মাংসের নাম করে কুত্তা-বিলাই খাওয়ায় দিবো,4,4,3,RAg,0.009462167,0.08644666,0.001904998,0.8642813,0.03790483
fb 718.jpg,প্রাইভেট না পড়ায় পিটিয়ে ছাত্রীর হাত ভাঙলেন শিক্ষক! প্রাইভেট না পড়া ছাত্রীগণঃ একি বিপদে পড়লাম!,0,0,2,PAg,0.008752131,0.005502886,0.9353987,4.3549426e-05,0.050302643
fb 110.jpg,দুনিয়ায় দুই টাইপের পাবলিক আছে রেগুলার সকালে উঠা পাবলিক পার্ট-টাইম সকালে উঠা পাবলিক,0,0,3,RAg,0.00021756036,0.00034526447,0.012029787,0.94088405,0.046523277
fb 1230.jpg,সেকু নেতাদের মিলন কেন্দ্র ওস্তাদ! !! বায়ে চাপায়া যান সামনে কিছু অব্যবহৃত মগজ পইড়া আছে! চাক্কা লাগলে ক্ষতি হইতে পারে!,3,3,0,NoAg,0.40936545,0.0034530442,0.37842426,0.19417968,0.014577581
blog 384.jpg,"জগদীস বসু নাকি আবিষ্কার করসে গাছের প্রাণ আছে! অথচ তার ১০০০ বছর আগে ইছলামের নবী বইলা গেছে, গাছ কথা কইতে পারে গাছ প্রাণহীন হইলে সেইটা সম্ভব হইতো? (বুখারি, খণ্ড ৫, বই ৫৮, হাদিস ১৯৯)",3,3,3,RAg,2.4235054e-09,9.4259225e-11,1.3078003e-08,1.0,1.3632641e-10
in 632.jpg,ভালো করে জুম করে দেখুন নিন্দুকেরা বলবে উনি ক্যামেরার দিকে তাকিয়ে আছেন আসলে উনি লক্ষীট্যারা,2,2,0,NoAg,0.53814876,0.16197126,0.10483134,0.18791823,0.007130376
fb 1520.jpg,"ইসলাম শান্তির ধর্ম। সব ধর্মই শান্তির ধর্ম ভাই | চুপ ল্যাওড়া, বলছি ইসলাম শান্তির ধর্ম মানে শুধুমাত্র ইসলামই হলো শান্তির ধর্ম |",3,3,3,RAg,3.695712e-06,3.5873638e-06,0.00197517,0.99741,0.0006075936
fb 927.jpg,ভার্সিটিতে শুধু চিল আর চিল !,0,0,3,RAg,0.07676085,4.4435303e-05,0.03786629,0.81893903,0.066389374
blog 169.jpg,"""কোরান থেকে তথ্য উদ্ধৃত করে আপনি আমার যুক্তিকে কুপোকাত করেছেন"" গোঁড়া নাস্তিকেরা এ কথাটা স্বীকারই করতে চায় না!",3,3,3,RAg,0.00026224024,0.0012546538,0.00022332453,0.99406356,0.004196298
fb 146.jpg,কলেজের এডমিশন এর রেসাল্ট দিবে বলছিল,0,0,1,GAg,0.25371283,0.41625604,0.029620701,0.12698826,0.17342214
ovodro_img (398).jpg,দয়া পাতা লাগাও দিদির ধর্নায় বসার মূল উদ্দেশ্য কী ?? পিছনে ল্যাংটো মাগা লেলিয়ে দেব বোকাসোডা,2,2,4,Oth,0.027992465,0.0019739124,0.00091087684,8.258293e-06,0.96911454
fb 2070.jpg,"রিয়েল মাদ্রিদে জয়েন করবো ভাবছি ভাই, তাই একটু ওই আর কি হে হে ... হ্যাঁরে, আজ ওভাবে নাটক করলি কেন ?",4,4,4,Oth,0.033734407,0.19321677,0.0243693,0.004850662,0.74382883
blog 292.jpg,"এটা গঙ্গার জল, তা বুঝলাম কিন্তু এতে তো পয়ঃনিষ্কাশন আর নর্দমার ময়লাই দেখছি শুধু! পাপ কই?",3,3,3,RAg,7.3762334e-05,0.0030332254,0.0001708838,0.9961521,0.0005700181
fb 2013.jpg,এইবার বুঝলাম চেলসির এই অবস্থা কেন??,4,4,1,GAg,0.062564954,0.43502668,0.079351895,0.0036693315,0.4193872
fb 1719.jpg,"মা আমি বড় হয়ে জ্ঞ্যানী এবং ধার্মিক হব না বাবা, দুটো একসাথে হওযা যায় না",3,3,3,RAg,0.00027832645,0.007330405,4.4788603e-08,0.9923563,3.4840425e-05
in 432.jpg,সৌরভ গাঙ্গূলির বিরুদ্ধে অন্যায় হয়েছে আর আমাদের সাথে ন্যায় হয়েছে!?,2,2,1,GAg,0.0057027815,0.51391083,0.2994208,0.0028419243,0.17812358
bangla-troll (8).jpg,"এর মালিক আম্মু, আমার ঘুম হারাম হওয়ার কারণ একমাত্র ওই হালা জুকার !",0,0,0,NoAg,0.88682437,0.00721513,0.00030581158,0.00022959296,0.10542512
fb 1938.jpg,ছেলে কি করে? ছেলে সারাদিন পমপম পমপম করে বাবা আমি রাজি,1,1,1,GAg,0.0035622278,0.9369441,4.3360327e-05,3.5589135e-08,0.059450354
in 327.jpg,আপনারা কারা? আমরা দিদির দূত দিদির ভূত? ভূত নয় দূত,2,2,2,PAg,0.00049904163,3.1799525e-05,0.997336,2.0595237e-06,0.002131094
Halal Memes (29).jpg,"শিক্ষক:- সবাই সবার হোমওয়ার্ক বের করো, আমি উত্তর বলতেছি সবাই মিলাইয়া নেও । ব্যাকবেঞ্চার:-",0,0,0,NoAg,0.99076134,2.7680302e-05,1.6239783e-06,0.00016122627,0.009048185
direct-offense (17).jpg,তুই একটা বাইঞ্চোদের ছেলে তুই একটা খানকির ছেলে তুই একটা বারোভাতারির ছেলে তুই শ্রাবন্তির ছেলে ছিঃ ছিঃ এত বড় অপমান ,4,4,4,Oth,0.08570865,0.16274261,0.063520804,0.30404082,0.3839871
fb 745.jpg,বাথরুমে ঢুকে লাইট বন্ধ করে দিয়েছি কারণ আগেরবার আফ্রিকার জঙ্গল পরিষ্কার করার সময় বন্ধু ভিডিও করে আমাকে ব্লাকমেইল করছিলো,0,0,2,PAg,0.027694793,0.057925936,0.5433059,0.32110092,0.049972486
ovodro_img (108).jpg,"চল মধু , আমরা ঠাকুর দেখতে যাব তোমরা যাও তাহলে এটাই ছিল তোমার প্লান ? হ্যাঁ, সুযোগ পেলে ওভারটাইমে ইনকাম করি লা এ হতে পালে লা",4,4,1,GAg,0.0002933813,0.68417907,2.1710724e-05,8.138141e-07,0.31550506
in 97.jpg,কাকলি ফার্নিচারের মালিকের ছেলে : এমন কোনো মিমার বাদ নেই যে আমার বাবার কোম্পানিকে প্রমোট করেনি,4,4,0,NoAg,0.470828,0.15242673,0.0628579,0.0006502756,0.31323704
fb 202.jpg,ট্রেন টু বুসান ট্রেন টু মোহাম্মদপুর,4,4,0,NoAg,0.8150524,0.007429071,0.026626723,1.0569203e-05,0.15088119
tangaila (91).jpg,যখন আপনি মেহেদী লাগাতে চান কিন্তু মেহেদী আপনাকে উল্টো লাগিয়ে দেয়,1,1,1,GAg,0.42944738,0.47458458,0.017462712,0.045828376,0.032676972
blog 376.jpg,মুছলিম জঙ্গি আমার দোষ নাই। সে প্রথমে লিখসে।,3,3,3,RAg,0.0005364067,0.009085027,3.142027e-05,0.98937464,0.0009724235
ovodro_img (79).jpg,এশিয়া কাপে অংশগ্রহন করব । আসছি আমি ......,4,4,0,NoAg,0.3747176,0.14452723,0.33150485,1.5306652e-05,0.14923497
tangaila (325).jpg,বিন্দুবাসিনী গার্লস ছুটি দেওয়া বিদ্যমান লে ফাকবয় :-,1,1,0,NoAg,0.6721316,0.0039195963,0.008409328,5.2003175e-05,0.3154876
fb 1706.jpg,ধুপ দুই প্রকার.... এক মশা মারার জন্য দুই ভগবান ডাকার জন্য পার্থক্য একটাই মশা যায়না আর ভগবান আসেনা,3,3,1,GAg,0.00052542455,0.7813167,4.9034614e-05,0.09469923,0.12340974
in 621.jpg,"অচেনা 'ঐক্য' বড়তলায়, থানার সামনে একসঙ্গে অবরোধে বিজেপি, সিপিএম, কংগ্রেস অবাধ ও শান্তিপূর্ণ ভোট হচ্ছে আর সিপেম, কংগ্রেস, বিজেপি জোট করে কুৎসা করছে... ওরে বোকাদাদা, ওটা অবাধ সন্ত্রাসপূর্ণ হবে...",2,2,2,PAg,0.0016094549,0.0014354378,0.8940854,0.0031224252,0.09974721
KAM (152).png,জমিদার সাহেব.... শুধু টাকা দিয়ে ফেসবুক চালানো যায় তা ঠিক না গ্রামিন ফোনে ফেসবুক ফ্রি !!!,0,0,0,NoAg,0.83503026,0.015254448,0.00014602834,0.00021560135,0.1493537
Bangla Thug Life (234).jpg,যে রাধে সেই পা কাধে তুলে দেয়,1,1,0,NoAg,0.47069326,0.23061056,0.024625534,0.009553108,0.2645175
ovodro_img (461).jpg,"দিপিকাকে কিস করেছিস ? হ্যাঁ, আজকেও লিপ কিস করে এসেছি ! অতঃপর রনবীর কাপুর",4,4,2,PAg,0.004354551,0.0019256535,0.8152809,0.06150691,0.11693207
fb 1583.jpg,আমি মিলিয়ন বছর ধরে বিবর্তন হয়ে আজকে মুক্তচিন্তা করে নাস্তিক্যধর্মের অনুসারী হয়েছি।,3,3,4,Oth,0.014932702,0.04242181,0.0026672373,0.0901238,0.8498544
fb 347.jpg,"তুমি কি আমার জন্য এখনও কবিতা লিখো? নাহ, চটি লিখি শুনবা?",1,1,4,Oth,0.037463132,0.46917596,0.00013782733,7.786725e-05,0.49314514
tangaila (274).jpg,পেনাল্টি রোনালদো তুই আর আমি তো একই,4,4,4,Oth,4.3865366e-05,0.036902275,2.7719507e-06,4.6053202e-08,0.963051
ovodro_img (139).jpg,"পাওলি আজ দিবি চাটতে ? হ্যাঁ, যেকোন সময় আয় খা*কি মা* বলিস নি কেন ? আজ তোর টেস্ট ম্যাচ চলছে !",1,1,1,GAg,0.019964034,0.56104636,0.000963026,0.00031405987,0.4177125
fb 1021.jpg,মামা সামনে আমার এক্স উপর দিয়া তুইলা দেন আচ্ছা দশ টাকা বেশি দিয়েন ওস্তাদ উপর দিয়া দেন তুইলা,4,4,0,NoAg,0.86596185,0.12672105,0.00012673906,0.00082372857,0.006366681
chosha (67).jpg,জান বিয়ে করবা তো ... ? হ্যাঁ জান করবো তাহলে ভিতরে ফেলো,1,1,1,GAg,0.03824025,0.8697956,0.005011238,1.8028323e-06,0.086951174
fb 1015.jpg,ভাই তুই একা না আমাদেরও বিটিএস হেটার মেয়ে ভাল লাগে,4,4,0,NoAg,0.99909806,0.000569349,3.7707107e-06,9.0160356e-08,0.00032869753
KAM (389).jpg,"ছোটবেলায় আম্মু কপালে কালো টিপ দিয়ে দিত, যাতে কারো নজর না লাগে শালার টিপে এত কার্যকারিতা যে, বয়স এত হয়ে গেল তাও কোন মেয়ের নজরে পড়লাম না",0,0,0,NoAg,0.7459668,0.0062654885,1.5526899e-05,1.2369145e-06,0.24775091
fb 1628.jpg,???? ???? যখন নাস্তিকদের কাছে ভালো আর খারাপের মানদন্ড কি জানতে চাওয়া হয়,3,3,4,Oth,0.05169146,0.0506261,0.03672506,0.007391478,0.8535659
ovodro_img (362).jpg,"যখন কাছে ব্লাউজ থাকে না আর ক্রাশ পাস দিয়ে যায়, তাই রোমাল দিয়ে ব্লাউজ বানিয়ে নেয় !!",1,1,1,GAg,0.00011176602,0.9997769,5.040618e-08,2.1824846e-08,0.00011130003
fb 1018.jpg,সাইকোপ্যাথ সিরিয়াল কিলার যারা স্কুল / কলেজ গিয়ে টিকটক করে,4,4,0,NoAg,0.4940703,0.0777679,0.2019056,0.039400335,0.18685594
fb 1360.jpg,বিজেপি মুখপাত্র তাজিন্দর পাল বাগা:- যারা হিটলারের মতো আচরণ করবে; তাদের মৃত্যুও হিটলারের মতো হবে হিটলারকে আদর্শ হিসেবে মেনে চলা আরএসএস:-,2,2,2,PAg,0.21257362,0.0023300694,0.5515682,0.16430953,0.069218546
fb 373.jpg,কে আবার রটাচ্ছে যে এবার মহালয়া মোদির জন্মদিনের দিন পড়েছে বলে মা দুর্গা মহালয়ার এক মাস পরে আসবে বলেছে,2,2,3,RAg,0.0032641003,0.0098536145,0.0014695317,0.9152633,0.0701494
blog 269.jpg,"নবীজি বলসে, পৃথিবী আর বেহেশতের দূরত্ব ৭১, ৭২ অথবা ৭৩ বছর (সময় দিয়া দূরত্ব মাপা!)। আর সাত আসমানের উপ্রে আছে সমুদ্র, যেইটার গভীরতা দুই বেহেশতের ভিত্রের দূরত্বের সমান তারও উপ্রে আছে ৮ খান পাহাড়ি ছাগল, তাগো খুর আর পাছার দূরত্বও দুই বেহেশতের ভিত্রের দূরত্বের সমান। এবং তার উপ্রে আল্যা। (আবু দাউদ ৪০:৪৭০৫)",3,3,3,RAg,2.3430152e-11,1.5142069e-12,3.0123988e-09,1.0,6.6773505e-12
fb 1239.jpg,বন্যেরা বনে সুন্দর; শিশুরা মতৃক্রোড়ে আর মোদি তার চায়ের দোকানে,2,2,4,Oth,0.08055557,0.26489666,0.027180022,0.015796846,0.61157084
fb 1821.jpg,কি করছো সৎ ভাইয়া,1,1,1,GAg,0.00083446444,0.9750242,0.003404782,1.628819e-06,0.020734958
in 473.jpg,"চালানি' মাছ খেলেই উঠছে লম্বা ঢেকুর, খাওয়ার পাতে দেশি মুরগি, টাটকা পোনার আবদার কেষ্টর জেলের খাবার খাচ্ছে না জামাইষষ্ঠী খাচ্ছে ধরতে পারবেন না",2,2,2,PAg,1.4668978e-05,4.0776393e-07,0.9998154,8.9402995e-08,0.00016950675
fb 1743.jpg,মিথিলার ব্লাউজের হুক লাগিয় দিচ্ছেন স্বপন তারপরই চলে গেলেন বাথরুমে...,1,1,0,NoAg,0.54937774,0.35269216,0.09089528,0.0016667371,0.0053681186
bamboo-vaiya (330).jpg,উচ্চবিত্ত মধ্যবিত্ত নিম্মবিত্ত সমকামি-বিত্ত,4,4,3,RAg,0.2610185,0.0063990215,0.020201974,0.6135534,0.098827116
ovodro_img (759).jpg,হুমায়ন এর বাবার নাম বাবর হলে দাদুর নাম দাদার নয় কেন ? জটিল মাগি,1,1,1,GAg,0.016276231,0.9389086,0.00061479624,9.159742e-05,0.044108823
fb 1632.jpg,নারীবাদে নারীর অধিকার ইসলামে নারীর অধিকার,1,1,4,Oth,0.066182494,0.07404625,0.058934744,0.0009810914,0.7998555
blog 355.jpg,"নাতনি? না, আমার নয়া বিবি।",3,3,3,RAg,1.0162519e-05,0.0010020663,0.21229647,0.77739763,0.009293677
bamboo-vaiya (421).jpg,আমাদের সমাজকে এই শিক্ষা দিতে হবে যে আমি তোমার সাথে একমত নই তারমানে এই নয় আমি তোমাকে ঘৃণা করি,0,0,1,GAg,0.18096292,0.4571474,0.065955885,0.013020606,0.28291318
blog 321.jpg,ওইটা কী? গুনাহ।,3,3,3,RAg,1.9530202e-07,1.0862268e-05,1.7947293e-08,0.9999889,1.4201568e-08
blog 113.jpg,"একদিন গাছতলায় বিশ্রাম নেয়ার সময় ইছলামের নবীকে কামড়ে দিলো এক পিঁপড়ে । বাধা সৃষ্টিকারী ও অবাধ্য সমস্ত গোত্র-সম্প্রদায় নিশ্চিহ্ন করে দেয়ায় অভ্যস্ত ন্যায়বাদী, করুণার সাগর ও দয়াময় নবী তখন সেই পিঁপড়ের 'অপরাধের' শাস্তি হিসেবে সেই গাছতলার সমস্ত পিঁপড়ের বাসস্থানে আগুন জ্বালিয়ে দেয়ার আদেশ দিলো । (বুখারি, খণ্ড ৪, বই ৫৪, হাদিস ৫৩৬)",3,3,3,RAg,5.919636e-09,4.123006e-09,5.5254696e-07,0.9999993,7.466045e-08
ovodro_img (635).jpg,যখন কোন মেয়েকে জিজ্ঞেস করা হয় পানু দ্যাখার পরে জল খসাস কীভাবে ?? মেয়টির উত্তর :- এইভাবে,1,1,0,NoAg,0.93117076,0.06728189,1.47341025e-05,1.7924269e-06,0.0015308709
chosha (18).jpg,আমি তোমাকে ভালবাসি ভালোবাসা বলতে কিছুই নাই সবই পুক্কি মারার ধান্দা,1,1,1,GAg,0.014087694,0.98572046,5.378466e-06,5.404818e-08,0.00018650501
blog 147.jpg,"ডাক্তার সাহেব, আমার শরীরটা ঠিক করে দিন, আমি আপনার সুস্বাস্থ্য কামনা জন্যে প্রার্থনা করবো ।",3,3,3,RAg,2.8628067e-08,7.570351e-06,2.7314904e-06,0.9999896,3.8858122e-10
tangaila (241).jpg,বালুপাস দাড়িয়ে বালু খাচ্ছি বালুর সাথে বালুকন্যা ভেসে আসবে এই আশায়...,0,0,2,PAg,0.14049709,0.005140527,0.84923,0.00035626107,0.00477616
tangaila (216).jpg,বিসিএস ক্যাডার জামাই হাসানের বফ কুমুদিনী ফজিলাতুন্নেছার মেয়ে,1,1,1,GAg,6.944518e-05,0.9830078,0.000114500115,0.0099745095,0.0068336404
pin 23.jpg,"শুধু পিসি কবিতা লিখতে পারে আমি কি লিখতে পারি না ? #যদিও_লেখাটি_আমার_অনেক_দিনের_পুরোনো | পিসি গেছে মাছ ধরতে উথাল পাথাল নদী! ছিপ নিয়ে যায় আমফানে, মছ নিয়ে যায় মোদী",2,2,2,PAg,0.04037772,0.006511801,0.629158,0.2623899,0.061562583
tangaila (278).jpg,কালিহাতি,0,0,1,GAg,0.22579978,0.5380811,0.14346531,0.023778016,0.06887582
fb 1379.jpg,ওহ; তুই মার্ক্স-লেনিনের নাম করে মেয়েদের শ্লীলতাহানি করিস? ঠিকাছে; এবার তাহলে দেওয়ালের দিকে মুখ করে দাঁড়া,2,2,4,Oth,0.02374835,0.10555965,0.0017110524,0.029393798,0.83958715
nurani-memes (190).jpg,ঘূর্ণিঝড়* ফনি *ছাত্রলীগ,2,2,0,NoAg,0.7358111,0.006650438,0.0053312066,0.20860544,0.043601893
ovodro_img (137).jpg,যখন কোন মেয়ে দিনভোরে খাই খাই করে কিন্তু রোগা হওয়ার জন্য ডায়েটকন্ট্রোল করবে বলে ঠিক করে একবারে যতটা খায়,0,0,1,GAg,0.11909427,0.8541767,0.00016807379,4.8488466e-05,0.026512437
fb 1775.jpg,প্রতিটি ছেলের স্বপ্ন,1,1,1,GAg,0.044477947,0.87979454,0.009657521,0.00037605004,0.06569394
fb 1693.jpg,যদি আমি একটা ছেলেকে কিস করি?? নরকে যাবি যদি আপনাকে কিস করি?? তাহলে .... হে হে হে... চালাক মেয়ে স্বর্গে যেতে চাস!,3,3,3,RAg,6.1390587e-10,0.00025716526,1.6256622e-06,0.99972755,1.37485e-05
Bangla Thug Life (37).jpg,"যখন আমি কারো কল রিসিভ করে অন্য রুমের দিকে যাই, আম্মু:",0,0,0,NoAg,0.9999845,5.013864e-08,7.9650114e-10,1.5528549e-05,4.2840067e-08
in 25.jpg,আমার পরীক্ষার খাতা,0,0,0,NoAg,0.9394305,0.006124664,4.6634905e-05,0.0006616337,0.053736567
Halal Memes (75).jpg,"আমরা পুরোনো হয়ে গেছি, না ?",0,0,1,GAg,0.004163239,0.59961283,4.4325945e-05,3.4014316e-05,0.39614558
tangaila (342).jpg,ভাসানী ভাসানী ভাসানী ভাসানী ভাসানী মাওলানা ভাসানী বিজ্ঞান ও প্রযুক্তি বিশ্ববিদ্যালয়,0,0,2,PAg,0.0011315139,0.0065296856,0.9711174,0.00041810534,0.020803336
fb 285.jpg,"উফ লাগছে বললেই জদি ছেড়ে দিত, তাহলে দেশের জনসংখা এত বড়তো না",1,1,4,Oth,0.0015980407,0.08749646,0.00010311366,0.00032301896,0.91047937
Halal Memes (122).jpg,গেমের মধ্যে মাইক অন করে উরাধুরা গালি দেওয়া আমি পাশের ঘরে থেকে আব্বু,0,0,0,NoAg,0.99551827,0.0010437822,2.3350565e-05,9.353615e-05,0.0033211785
fb 1601.jpg,"কুকুর রে তোর মতামত নিয়ে তোর সাথে সেক্স করতে চাই, ওরে নাস্তিকের বাচ্চা, তোর মায়ের মতামত নিয়ে তার সাথে সেক্স করিস আমাকে ছেড়ে দে?",3,3,1,GAg,0.00076509675,0.8668244,0.004193762,0.12764464,0.0005721049
fb 1489.jpg,"- আসসালাম ওয়ালাইকুম, একটু দ্বীনের কথা... -নমস্কার!",3,3,1,GAg,0.4204423,0.4984171,0.020516112,0.006777211,0.053847197
bangla-gag (14).jpg,রমজান মাসে ঈদ এর দিন,1,1,1,GAg,0.11168761,0.8565648,1.352888e-05,1.9531815e-05,0.031714596
blog 83.jpg,"আল্যা সব পয়গম্বরকে সমান চোখে দেখে । (সুরা আন নিসা, ৪:১৫২) আল্যা সব পয়গম্বরকে সমান চোখে দেখে না । (সুরা বনী ইসরাঈল, ১৭:৫৫)",3,3,3,RAg,0.00025152054,1.5117477e-05,0.0065800543,0.9929382,0.00021509465
Halal Memes (315).jpg,নানু বেঁচে থাকা অবস্থায় নানু বাড়িতে কাটানো দিনগুলোর কথা মনে পড়ার পর আমি: কি মজাই না হইতো !,0,0,0,NoAg,0.7797467,0.07769273,0.08208722,0.05543157,0.0050417306
in 585.jpg,নেতাজি সম্পর্কিত সমস্ত ফাইল প্রকাশ্যে আনা হবে' আশ্বাস প্রধানমন্ত্রীর । কবে ফাইল প্রকাশ করবে কিছু বললো? না! ২০১৪-এর আগে থেকেই এই ঢপ দিয়ে যাচ্ছে !,2,2,2,PAg,0.0009143149,0.0005371557,0.9539832,0.032733493,0.011831771
fb 212.jpg,কাশিমপুর কারাগারে নেয়া হচ্ছে পরীমণিকে পাশা ভাই : আনন্দ,1,1,2,PAg,0.14809689,0.006370543,0.83679736,0.0021301825,0.006605133
tangaila (250).jpg,টাংগাইলে আমার একটা প্রিয় জায়গা আছে টাংগাইলের কই কান্দাপাড়া চিনস ? সালা তুই আমারে চিনস ?,0,0,0,NoAg,0.43700635,0.11244712,0.00032154232,0.016657472,0.4335675
in 272.jpg,একটা কবিতা বলতো ম্যাম আমি বলছি... কবিতার নাম 'ভাইপো' কয়লা খেলি গরু খেলি খেলি নদীর বালি ! নিজে খেলি বউকে দিলি বাদ গেল না শালী। দুষ্টু,2,2,2,PAg,0.07050609,0.11455369,0.7428343,0.011264487,0.060841374
fb 1115.jpg,যারা স্টোরিতে টিকটক ভিডিও দেয়,4,4,4,Oth,0.022054508,0.14592469,0.00063322496,0.0015877745,0.8297998
fb 986.jpg,"ভেবেছিলাম সব শেষ কিন্তু আজ জানলাম ব্যাটিং, বোলিং, ফিল্ডিং কিছু না পারলেও বিডি জাতীয় দলে এ চান্স পাওয়া সম্ভব !",4,4,0,NoAg,0.86759603,0.10234204,0.007325775,0.0003090694,0.02242724
fb 2007.jpg,রিয়াল মাদ্রিদ সমর্থকদের বর্তমান অবস্থা -,4,4,4,Oth,0.0268216,0.015275872,0.017008822,0.0011044798,0.9397892
Bangla Thug Life (299).jpg,আমি: আম্মু ঈদের সালামি দিবা না ? আম্মু: ভাত খা ! চাইলাম কী ? কইলো কী :),0,0,0,NoAg,0.95457333,0.023822954,0.00018012359,2.7620476e-05,0.02139588
fb 139.jpg,ভাই বইন থামেন ! ঈদে রেস্টুরেন্টে না খাইয়া বাসায় আম্মার রান্না খাবার খান সব রেস্টুরেন্টেই এখন বাসি খাবার দিবে,0,0,0,NoAg,0.98228914,0.00022989906,1.0245446e-06,0.0043145395,0.013165357
in 184.jpg,আপনি এতদিন কলকাতায় থেকে বাংলা কিছু শিখেছেন? বাংলাতে আমি শুধু দুটো ওয়ার্ডই বলতে পারি... চোর ট্রিনোমূল,2,2,4,Oth,0.12248608,0.14475068,0.30950573,0.007102709,0.41615477
bamboo-vaiya (3).jpg,বরিশাইল্যা গো উৎপত্তির ইতিহাস মেনশন হপে,4,4,4,Oth,0.17734413,0.048842743,0.00353923,0.23007205,0.5402019
fb 1642.jpg,"দুইজনের সম্মতিভে ভালবাসার মধুর সম্পর্ক হারাম ! হালাল হারাম ৯ টা বউ, ২ টা দাসি, পালিত পুত্রের স্ত্রী, পালিত কন্যা, শিশু বিবাহ আরাম!",3,3,3,RAg,1.7707227e-05,0.00012143329,4.4849447e-05,0.9997408,7.524663e-05
fb 978.jpg,আমার ছেলে লিটন বাসায় খাবার খায় না; কিন্তু মাঠে বল খায়,4,4,1,GAg,0.19607505,0.7826728,0.0005737879,4.6705092e-05,0.020631697
ovodro_img (731).jpg,কী হলো ? থেমে গেলে কেনো ? জল পড়ে গেছে গো !,1,1,1,GAg,2.644797e-09,0.9998969,5.2865936e-08,7.777869e-12,0.000103161234
fb 1735.jpg,"একটা আঙ্গুল, দুইটা আঙ্গুল, তিনটা আঙ্গুল, যে কোন একটা বেছে নাও!",1,1,1,GAg,3.898747e-06,0.99982506,4.4173444e-08,1.0266996e-06,0.00017002097
chosha (51).jpg,"মামা ডায়েট কনডম থাকলে দেও ডায়েট কনডম কেন ? গালফ্রেন্ড ডায়েট করে তো, তাই বলছে কনডমে জেনো মিষ্টি না থাকে",1,1,1,GAg,0.45994964,0.5166081,0.0031875265,5.1462343e-05,0.020203248
fb 1034.jpg,হ্যা হ্যা আমিই সেই মেহেদি!! যে পরিমনিকে রিমান্ডেও লাগিয়েছে,4,4,1,GAg,0.11651225,0.7202558,0.0041044494,0.0013289319,0.15779857
fb 561.jpg,ক্লাসে বাংলা রিডিং পরতে না পারা বন্ধুকে যখন দেখি বই মেলায় গিয়ে বই কিনতে! আমি : তুই তাইলে শিক্ষিত!,0,0,0,NoAg,0.49543205,0.09388548,0.08024976,0.01208253,0.31835014
Halal Memes (302).jpg,স্কুলের টিচারকে যখন মা বাসায় টিউশনের জন্য রাখে আর স্যার বাসায় এসে দেখে নানা টেবিলে ভাত খায় লে স্যার* তোর নানা তাহলে মরে নাই?,0,0,0,NoAg,0.94835407,0.016645553,0.0026277965,0.0002641796,0.032108463
ovodro_img (182).jpg,বিরাট অনুষ্কাকে বিয়ে করল রনবীর ও দীপিকা কে বিয়ে করবে আর আমি শালা বিয়ে করা তো দুরের কথা এখনো একটা প্রেম করতেও পারলাম না,0,0,1,GAg,5.849812e-05,0.94561636,2.2713108e-05,4.334773e-06,0.054298203
fb 1117.jpg,প্রধানমন্ত্রীর কুমড়ার বেগুনি নিয়ে পোষ্ট করার ০.০০১ সেকেন্ড পর-,2,2,0,NoAg,0.95701,0.029987255,0.000797244,0.0042580203,0.007947624
KAM (337).jpg,ছেলেরা আমার জন্য পাগল সবাই আমার পিছনে পিছনে ঘুরে! কারণ বাজারে সস্তা পণ্যের চাহিদা বেশি!,1,1,0,NoAg,0.89800525,0.08539562,0.0031012336,2.9177683e-05,0.013468672
fb 1312.jpg,*নিরলস সাহিত্যচর্চার জন্য বাংলা অ্যাকাডেমির পুরস্কার পেলেন মমতা বন্দ্যোপাধ্যায়*,2,2,2,PAg,0.00042101264,0.0572413,0.73864836,0.0033385775,0.20035076
fb 161.jpg,এসএসসি ফেইল করা নিব্বি রিকশাওয়ালা,1,1,0,NoAg,0.6769271,0.21683827,0.10040432,0.0006392495,0.005190989
fb 1414.jpg,শুনলাম আপনাদের দেশের লোকেরা আমার দেশের জিনিসপত্র বয়কট করার কথা বলছে? ওরা তো আর জানেনা যে নিও লি বেড়াল পলিসির কারণে আমি আগেই আপনাদের দেশের কোম্পানিগুলোকে আমাদের দেশে ব্যবসা করার অনুমতি দিয়ে রেখেছি,2,2,2,PAg,0.0010766991,0.00058480306,0.96848977,0.011279692,0.018569158
chosha (47).jpg,প্রথম ছ্যাকা খাওয়া পর...! আমি: কেনো তুমি আই আই আই !,0,0,0,NoAg,0.44086662,0.35556075,0.013790555,0.0019870882,0.18779506
fb 305.jpg,আজকাল ট্রিট মানে ছেলেরা চুদা দেয় -মেয়েরা চুদা নেয়়,1,1,1,GAg,4.7525387e-05,0.99987507,1.4879336e-06,1.3583216e-09,7.596657e-05
fb 1104.jpg,"চিন্তা নেই, আমি খুব ধীরে ধীরে করি",1,1,1,GAg,0.00041164717,0.8756935,0.004602827,0.00016100876,0.11913108
fb 4.jpg,আমি : দোস্ত আমিতো আলিশার উপর চরম ক্রাশ খাইছি কাউকে বলিস না কিন্তু! দোস্ত : সুপ্রিয় ভাই ও বোনেরা আমার! সবাই শুনেন!! রিফাত আলিশার উপর ক্রাশ খাইছে!!,0,0,4,Oth,0.24741119,0.030562656,0.0028994584,0.0017771146,0.7173495
in 328.jpg,মনে হয় আমার কথা ভাবছে.... কালকে গ্রামে ঢুকে যদি বলি আমি দিদির দূত তাহাল আবার তাড়া করবে,2,2,1,GAg,0.0039830403,0.78159124,0.19418769,0.0015526662,0.018685369
tangaila (84).jpg,যারা একদিনে অনেক টাকা আয় করে যারা এই গরমে রাস্তার পাশে লেবুর শরবতের দোকান দিয়েছে,0,0,0,NoAg,0.9980083,8.8635215e-06,0.00064363534,1.113718e-05,0.0013279913
bangla-memes (167).jpg,নির্বাচনী পোস্টার ঢাকা,0,0,4,Oth,0.18467516,0.35333478,0.096804336,0.0018246399,0.3633611
Halal Memes (239).jpg,যখন জনগণকে চা ঢেলে দেওয়ার পর তারা সেই চা না খেয়ে উল্টা ট্রল করে আমি কিতার মধ্যে চা ঢালতাছি,4,4,4,Oth,0.034875773,0.00026524733,0.06213573,8.720659e-05,0.902636
in 307.jpg,"এখনও মনে করি অনুব্রত বীরভূমের বাঘ' , দলের জেলা সভাপতির পাশে দাঁড়িয়ে ফের ফিরহাদ-মন্তব্য 'অনুব্রত প্রভাবশালী নন', দাবি ফিরহাদের; দিলেন কেষ্ট-হীন পোস্টারের ব্যাখ্যাও",2,2,2,PAg,4.7683606e-08,4.5950932e-07,0.9899615,0.0099645825,7.341511e-05
direct-offense (69).jpg,স্যার: কিরে পরিক্ষার খাতায় তোর আর তোর বন্ধুর উত্তর এক ক্যান ! আমি: স্যার প্রশ্নওতো এক ! * স্যার * আমি,0,0,0,NoAg,0.99969923,0.00029642571,4.1378107e-07,1.796838e-06,2.3091516e-06
blog 85.jpg,"দোয়া-মোনাজাত বিশ্বাসসূচক নয়, বরং সংশয়সূচক কারণ সর্বজ্ঞ আল্যাহর বিচক্ষণতা ও তার ঐশী পরিকল্পনার প্রতি আপনার পূর্ণ আস্থা যদি থাকতো, আপনি কি তার সেই পরিকল্পনা পুনর্বিবেচনাপূর্বক পরিবর্তনের অনুরোধ করে দোয়া-মোনাজাত করতেন?",3,3,3,RAg,1.2746447e-07,5.5084822e-08,2.823485e-05,0.9999715,1.0953839e-07
fb 42.jpg,এসএসসি রেজাল্টের ৩ বছর পর... এই পোলায় এসএসসি তে গোল্ডেন পাইছিলো! দেখছোস কেউ এখন আর বেইল দেয়না?,0,0,4,Oth,0.26766562,0.076171994,0.0022414385,0.0003220882,0.65359885
fb 1274.jpg,একজন বোকা লোক এক নারির পশ্চাতের গন্ধ এড়িয়ে যাবো কিন্তু একটি সুশীল লোক বলিবে আপনার পুটকিতে অনেক গন্ধ আপনার পুটকি মারতে চাই,1,1,1,GAg,6.375026e-08,0.6620308,6.2900166e-05,3.4009413e-06,0.3379029
in 66.jpg,মেহেদীর মা মেহেদী আজকে রাতে মেহেদী লাগাবো বলা মেয়েরা,1,1,1,GAg,0.035518195,0.9634414,9.3698036e-05,0.00035174598,0.00059489213
fb 1062.jpg,তুমি জানো আমি কে? আপনাকে জানার মায়েরে চু#,4,4,1,GAg,0.002737163,0.6120177,0.0012747535,4.922453e-05,0.3839212
in 389.jpg,"এই সোনা জানো, বাবা গত সপ্তাহে লটারি জিতেছিল আবার এই সপ্তাহেও জিতেছে..... তোমার বাবা তৃণমূল করে? ঠিক ধরেছো, আমি তো তোমাকে বলিনি, তুমি কী করে জানলে!",2,2,1,GAg,0.0062110703,0.75567997,0.088404745,0.13960868,0.010095628
chosha (91).jpg,বলতো সবাই দুয়ে (২) + দুয়ে (২) = কি হয় ? ম্যাডাম দুয়ে দুয়ে দুধ বেড় হয়,1,1,1,GAg,0.00039659187,0.9959847,1.26807945e-05,5.1231694e-07,0.0036056042
fb 1701.jpg,অবিশ্বাসীদের যেখানেই পাবে সেখানেই হত্যা করবে আল কুরান (২ : ১৯১) তোমার ধর্ম তোমার কাছে আমার ধর্ম আমার কাছে আল কুরান (১০৯ : ৬),3,3,0,NoAg,0.99325114,7.073971e-06,0.005206527,9.260717e-06,0.0015259755
fb 1553.jpg,"হকিং যখন বলেছিল, ব্ল্যাকহোলের মধ্যে তথ্য চিরতরে হারিয়ে যায় হকিং যখন বলেছিল, স্রষ্টা বলতে কেউ নেই",3,3,4,Oth,0.08933256,0.1257452,0.04778705,0.021185081,0.71595013
bangla-gag (81).jpg,প্রিয়তমা পরী ছিল ডানা কাটা ছিল না ! তাই উড়ে চলে গেল পাত্তাই দিল না !!,0,0,4,Oth,0.34636804,0.10264498,0.0035964071,0.0002903183,0.5471003
fb 62.jpg,আমার ডিএসএলআর আছে আমি বিরাট ফটোগ্রাফার তাইলে আমার কলম আছে আমি হুমায়ূন আহমেদ,4,4,4,Oth,0.20234264,0.046550784,5.610281e-06,0.09762103,0.65347993
blog 377.jpg,আল্যা পরম করুণাময় তিনি শুধু কাফিরহত্যার নির্দেশ দিয়েছেন,3,3,2,PAg,0.010288858,0.009315282,0.7364618,0.18606591,0.05786808
tangaila (173).jpg,কুমুদিনীর মেয়েরা বিয়ের আগে কুমুদিনীর মেয়েরা বিয়ের পরে,1,1,1,GAg,0.39021188,0.5761231,0.0030954313,3.9264727e-05,0.030530348
blog 322.jpg,একখান কামের কাম করসে টাইম ম্যাগাজিন। পোপের মাথায় ডেভিলের শিং বসাইয়া দিসে ।,3,3,3,RAg,0.15451178,0.00448696,0.04479339,0.6159018,0.18030606
fb 277.jpg,এইরকম একটা মেয়ে যদি আমার বেটার বউ হতো নাউজুবিল্লাহ,1,1,1,GAg,0.08227271,0.7852701,0.052873895,0.00021649148,0.07936671
in 532.jpg,মশাই ইডির তদন্ত দেখে আপনার কি মনে হচ্ছে?! ইডি নিজেও এখন কনফিউজড আগে বেআইনি সম্পত্তি খুঁজে বের করবে? নাকি বান্ধবী খুঁজে বের করবে!?,2,2,2,PAg,0.033402428,0.10747634,0.8577035,0.00035609418,0.001061611
tangaila (300).jpg,আমার লুচু বন্ধু বেবিস্ট্যান্ডের দিকে রওনা দেওয়ার আগে - আজকে রেট কত কইরা ?,0,0,0,NoAg,0.9855173,0.0043771057,0.000103422855,2.9634675e-05,0.009972626
fb 1796.jpg,"সব মন খারাপের একটাই সমাধান, এক প্লেট সুলতানি কাচ্চি । আজকে আমার মন ভালো নেই চলো কাচ্চি খাই",4,4,0,NoAg,0.35359174,0.17511839,0.00054891524,0.25800493,0.21273611
blog 432.jpg,হালা নাস্তিক আমগোর ধর্মরে ধ্বংস করার ধান্দা?,3,3,3,RAg,0.045805912,1.043003e-05,0.0014905526,0.8698016,0.08289149
fb 1580.jpg,নাস্তিকীয় লজিক নারী পুরুষ আফ্রিকান ফর্সা কালো ধনী গরীব প্রতিবন্ধি নাস্তিক,3,3,3,RAg,1.2029343e-05,8.552466e-06,0.010302564,0.98626846,0.0034083938
bangla-memes (150).jpg,যখন পরীক্ষার রেসাল্ট ভালো হওয়ার পর মনে পড়ে যায় যে আসল রেসাল্ট দেওয়া হবে হাশরের ময়দানে:,0,0,0,NoAg,0.82842654,0.07205301,0.0023796055,0.00024032658,0.0969005
fb 16.jpg,বাসায় একা থাকলে যা করবো ভাবি আসলে যা করি,0,0,3,RAg,0.00087505445,6.6741463e-06,6.6775425e-07,0.9991054,1.2119771e-05
blog 397.jpg,তুমিও কি আমার মতোই বসন্তকালের অপেক্ষায় আছো? তা তো জানি না । আমার স্বামীকে জিজ্ঞেস করে নিতে হবে।,3,3,3,RAg,6.213864e-05,5.2939376e-06,2.7554519e-08,0.9999213,1.12590415e-05
KAM (103).jpg,কিরে জলিল কাল নাকি পাবলিক তোকে গন ধোলাই দিছে হুম... কি অপরাধ করলি আবার আর বলিসনা এক মাহিলার পায়ের নিছে আমার একটা ফটো পরছিল মাইর দিল কেন আমি শুধু কইছি আফা শাড়ী টা উপরে তুলেন ফটো তোলব তো...,4,4,4,Oth,0.015963256,0.23849562,0.00019719928,0.002167326,0.7431766
fb 944.jpg,তোর না বেগুনে এলার্জি? তাইলে প্রতি সপ্তাহে যে এত বেগুন কিনি সেগুলা কে খায়?,1,1,4,Oth,0.017207375,0.22402442,0.0024222508,0.0004690757,0.75587684
in 217.jpg,"""সিপেম সব চাকরি খেয়ে নিচ্ছে' বলে কান্নাকাটি করা পিসি বিকাশরঞ্জন ভট্টাচার্য",2,2,2,PAg,0.042511616,0.25163645,0.6986882,0.0049046185,0.0022590589
fb 837.jpg,চোখে ঘুম আসলে লুঙ্গিটাই কন্ট্রোল করতে পারি না আর তুমি বলতেছো তোমাকে আগলে রাখতে,0,0,1,GAg,0.000718339,0.5241259,3.9278143e-06,0.4615368,0.013615044
ovodro_img (54).jpg,তোর নাম কী ? যস দেখ কান্ড যার শরীরে নাই কোন রস তার নাম আবার যস,4,4,4,Oth,0.010597582,0.2350116,0.019906314,0.0070951623,0.7273894
in 71.jpg,আর্জেন্টিনার এবার কোপা জিতলে আমার দুইটা বিচি কেটে কুত্তা দিয়ে খাওয়াবো আর্জেন্টিনা জিতার পর কুত্তা: বিচি দুইটা দিলেন না স্যার?,4,4,2,PAg,0.15423042,0.021676542,0.7778286,0.002348824,0.043915704
Bangla Thug Life (201).jpg,নারীবাদ পিরিয়ডের পেইন এইসব নিয়া স্ট্যাটাস দেয়ার পর মেয়েদের মন জয় করা ফাকবয় বি লাইক: এ শহরে আমার মতো ক্রিমিনাল একটা ও নাই,1,1,0,NoAg,0.99922895,0.00030676613,2.5731304e-05,3.382197e-05,0.00040472802
chosha (44).jpg,"ভাই আমি বিয়ের আগে কোনোদিনও বউয়ের সাথে সেক্স করিনি, তুই করছিলি ? মনে পড়ছেনা , তোর বউয়ের নাম বল হয়তো মনে পড়তে পারে",0,0,0,NoAg,0.55802107,0.41808954,0.009124463,8.563207e-05,0.01467935
fb 679.jpg,উচ্চ মাধ্যমিক মাধ্যমিক,0,0,1,GAg,0.010076708,0.9496469,0.011934407,0.00013179888,0.028210208
fb 56.jpg,মেয়েরা যেভাবে ছবি তুলে,1,1,0,NoAg,0.7739722,0.009207246,0.010830716,0.00023587907,0.20575392
tangaila (164).jpg,হাসানিয়ানদের বউ সৃষ্টিয়ানদের বউ,4,4,1,GAg,0.00045113888,0.99231637,0.0008336039,8.175016e-06,0.0063907197
fb 470.jpg,খুবই ভাগ্যবান রুগী,1,1,1,GAg,0.071174055,0.91538477,0.0016015739,1.9921426e-05,0.011819625
ovodro_img (201).jpg,বল পাগলু পাদলু উচ্চারন তো মহানায়ক দেবের মত,4,4,0,NoAg,0.7304004,0.20968713,0.005811262,0.000424097,0.053677134
in 642.jpg,আজ লন্ডভন্ড দিবসের বর্ষপূর্তি,2,2,2,PAg,0.0011457839,0.00046613047,0.99428517,0.00024369083,0.0038593267
blog 326.jpg,ঈশ্বর সত্য। আপনি আমার কথা বিশ্বাস করছেন না? এই ইউটিউব লিংকটা দেখুন । এর অর্থ - সেই অতিলৌকিক সত্তার অস্তিত্বের প্রমাণ আছে ইউটিউবে?,3,3,3,RAg,6.4791195e-05,5.6030485e-06,0.00037764755,0.99853396,0.0010180199
fb 829.jpg,"বন্ধু আমার পদধূলি নিচ্ছে কারণ সে ও আমার মতো এলিয়েন; জাদুকর..."" এর ট্যাগ পেতে চায়",4,4,4,Oth,0.11883195,0.40359226,0.0058640796,0.010691215,0.46102044
ovodro_img (692).jpg,ভালোবাসা খুজে পেয়েছি !,0,0,4,Oth,0.18552294,0.019432882,0.00039586754,0.0001197962,0.7945285
KAM (256).jpg,তামিমের রান্না করা নুডলস শ্রীলঙ্কা ০ রান স্কটল্যান্ড ৯৫ রান ইংল্যান্ড ২ রান,4,4,3,RAg,0.008396536,0.0016829971,0.043959726,0.9251627,0.020798123
in 101.jpg,"দামে কম নরম বেশি... টেপে কম, ঠাপে বেশি.... জনি ফার্নিচার...",4,4,0,NoAg,0.7141065,0.021611912,0.16927658,0.09288239,0.0021226718
Bangla Thug Life (17).jpg,যখন দেখি ক্লাস নাইন এর ছেলে আর ক্লাস ৭ এর মেয়ে একসাথে হাত ধরে হাটতেসে আমি: এই জীবনে কি করলাম ?,0,0,0,NoAg,0.72179955,0.1005503,0.00042143147,6.596567e-05,0.17716268
KAM (46).jpg,"পোলাপাইনের রি-অ্যাকশন যখন ক্লাসের সবচেয়ে সুন্দরী মেয়েটি, ""ইন এ রিলেশনশীপ"" হয়ে যায়",0,0,4,Oth,0.003930587,6.0295868e-05,2.1784548e-07,7.766101e-09,0.9960089
Bangla Thug Life (162).jpg,তরকারিতে লবণ বেশি হওয়ায় এগুলা গরু খায় নাকি বলে চিল্লাতে থাকা শাশুড়ী এ দিকে দুই প্লেট ভাত খেয়ে ফেলা তার ছেলে,0,0,1,GAg,0.22629713,0.76906246,0.0031674746,2.8161181e-05,0.0014448821
direct-offense (4).jpg,ও মাঠে খেলুক বা যেখানেই খেলুক না কেনো খেলুক তাহলে আজ না-হয় বাসাতেই হয়ে যাক?,4,4,4,Oth,0.07459092,0.30284673,0.07039094,0.0002532258,0.55191815
tangaila (96).jpg,ফজিলাতুন্নেছা কুমুদিনী,1,1,1,GAg,0.0003243472,0.9992042,8.1058046e-05,2.0670518e-07,0.00039007544
fb 1327.jpg,অসংখ্য হিন্দুত্ববাদী ফাসিস্ত-কে সহ্য করার চেয়ে পুঁজিবাদী রাষ্ট্রকে একেবারে উচ্ছেদ করে দেওয়া ভালো,2,2,4,Oth,0.0009966927,0.01977825,0.0031026076,0.0037512635,0.97237116
blog 49.jpg,মূর্তিপূজার অভিযোগে অভিযুক্ত মুসা নবীর অনুসারীদের আল্লাহ ক্ষমা করেছে (সুরা আল বাকারাহ; ২:৫২) মূর্তিপূজার অভিযোগে অভিযুক্ত মুসা নবীর অনুসারীদের আল্লাহ শাস্তি দিয়েছে (সুরা আল আরাফ; ৭:১৫২),3,3,3,RAg,2.0780287e-06,4.927097e-07,0.00057936844,0.99935395,6.411418e-05
fb 2069.jpg,চাঞ্চল্যকর তথ্য ডলার বিনিময়ে জয়ী অবশেষে রিয়াল মাদ্রিদে ।,4,4,2,PAg,0.06320369,0.007103675,0.8467217,0.008354843,0.07461611
ovodro_img (121).jpg,*পাগলাচোদা গালফ্রেন্ড বাড়ার মাথা বাড়া,1,1,1,GAg,0.21381974,0.75565815,0.014746905,8.2527295e-05,0.015692707
KAM (178).png,আমাদের টিমে আছে ১১টা খেলোয়াড় !! আর ইন্ডিয়ান টিমে ১৪ টা খেলোয়াড়!! ১১ জন মাঠে খেলে আর ৩ জন সিদ্ধান্ত নিয়ে খেলে!,4,4,0,NoAg,0.52402025,0.0003995737,0.0026209245,9.6965014e-05,0.47286236
in 339.jpg,আরে ও সাম্বা ঐ তিনু বিধায়কের ঘরে কতো টাকা পাওয়া গেছে? সর্দার... পুরো ১১ কোটি নগদ,2,2,0,NoAg,0.62781304,0.0023748896,0.0028270937,0.108455464,0.25852957
blog 312.jpg,বিশ্ব উষ্ণায়ণ হ্রাসে হিন্দুধর্মের উদ্যোগ,3,3,4,Oth,0.098258555,0.066439316,0.18271296,0.22186892,0.43072027
fb 1717.jpg,এইডা ইহুদি নাসারাগো কাজ দুষ্টু কোথাকার,3,3,4,Oth,0.10036256,0.010129008,0.0014556868,0.00073573116,0.887317
fb 1281.jpg,১০০ টাকা ডোনেশন পেয়ে ২০ টাকা সাহায্য করার পর বিদ্যানন্দঃ বাকিডা আমারে দিয়া দিতে কইছে,4,4,3,RAg,0.0023138786,0.18195076,0.00056860945,0.6721642,0.14300247
fb 438.jpg,আমি বিমান পোকাসোদা,2,2,4,Oth,0.179626,0.1707758,0.050341826,0.0006777005,0.59857875
tangaila (134).jpg,জাস্টফ্রেন্ড গালফ্রেন্ড,0,0,1,GAg,0.20984139,0.7719447,0.003662562,0.011743891,0.0028073913
fb 807.jpg,বন্ধুর ১৪ই ফেব্রুয়ারীর পরিকল্পনা ওমিক্রন,0,0,0,NoAg,0.9944115,1.7982225e-05,4.2255388e-07,0.000109189,0.0054608122
fb 1258.jpg,"পহেলা বৈশাখ বাঙালির সংস্কৃতি; যারা পহেলা বৈশাখ পালন করেনা, তারা খাঁটি বাঙালি নাহ পহেলা বৈশাখ মুসলমানদের জন্য নয় জ্ঞান বুদ্ধি হওয়ার পর থেকে কখনো পহেলা বৈশাখ নিয়ে লাফালাফি করি নাই",3,3,3,RAg,1.0082854e-05,5.256665e-06,0.00012964019,0.99985194,3.123433e-06
bamboo-vaiya (17).jpg,"আর চুপ থাকা যায় না দেশে নারী নির্যাতন বন্ধ করতেই হবে দেখুন, যৌতুকের টাকা দেওয়ার পর ও বার বার বলে বাপের বাড়ি থেকে টাকা আনতে আর না দেওয়াতে প্রতিদিন ঠিক এইভাবে মারধর করে, চরম প্রতিবাদ যানাই , মানবতা আজ কোথায় ??",1,1,2,PAg,0.05664143,0.16474575,0.7597521,0.0028757046,0.01598509
tangaila (196).jpg,আমার সেরা দল হতে পারতাম যা এর আগে পৃথিবী দেখে নি,0,0,4,Oth,0.0018181349,0.015338305,1.7060407e-05,1.1000612e-05,0.98281544
chosha (107).jpg,"আপনার মেয়েকে আমার ছেলে পছন্দ করেছে, তা আপনার মেয়ে কি পর্দাশীল ? অবশ্যই , মেয়ের ফেসবুক প্রোফাইল লক করা",1,1,1,GAg,0.015979998,0.9068382,0.002507312,0.0007067647,0.07396768
fb 487.jpg,কিরে খনিকের পুতেরা? এখন বল আমি বেশি হট নাকি নোরা ফাতেহি বেশি হট?,4,4,4,Oth,0.078224435,0.038559902,0.001991565,0.02164091,0.8595832
Bangla Thug Life (4).jpg,যখন ভল্লুক এসে পড়ে এবং আপনি এবং আপনার বেস্টফ্রেন্ড দুজনের কেউই জানেন না কিভাবে গাছে চড়তে হয়,0,0,4,Oth,0.015728064,0.032508723,0.032857623,0.00015133372,0.9187543
fb 367.jpg,"গুজরাটে শিল্প আছে, নতুন শিল্প হচ্ছে, এগিয়ে বাংলায় নেই | বরঞ্চ গুজরাটি ভাষাটা জানা থাকলে বাঙালীদেরও গুজরাটে চাকরি পেতে সুবিধা হবে | বাংলা ভাষাটা আপাতত সাহিত্য চর্চার জন্যই ঠিক আছে দেশী গরুর মূত্র ঘটিত ব্যাপার বলে মনে হচ্ছে",4,4,3,RAg,0.00045473632,0.00012628968,0.33329743,0.6619534,0.004168214
fb 1361.jpg,এদিকে আয় তোর চিকিৎসা করবো,4,4,2,PAg,0.0052160337,0.00076235045,0.9859746,7.311574e-05,0.00797389
ovodro_img (289).jpg,"মিথ্যা বললি ক্যানো আমায়? বাথরুমে ওটা স্যাম্পু ছিল না ।। আপনি কী করে বুঝলেন যে , ওটা স্যাম্পু ছিল না ? ? মাথায় মেখেছিলাম কোন ফ্যানা হয়নি রে ঢ্যামনা ।",0,0,1,GAg,0.001105637,0.94119525,0.00047614163,0.0011488203,0.056074172
