image_name,Captions,Label,true_id,pred_id,pred_label,prob_NoAg,prob_GAg,prob_PAg,prob_RAg,prob_Oth
fb 554.jpg,ভালোই তো এতদিন ভুলে ছিলি,0,0,4,Oth,0.17426847,0.20519921,0.1773091,0.20525813,0.23796514
in 375.jpg,দুই বাসের রেষারেষিতে কুণাল ঘোষের গাড়িতে ধাক্কা! আমি খোজ নিয়েছি বাস ড্রাইভার দুটো সিপেম করে...,2,2,3,RAg,0.10484677,0.092820466,0.30220643,0.33283126,0.16729502
in 137.jpg,চিন্তা করো না বাবা; আমি আসছি,2,2,1,GAg,0.28903824,0.37738797,0.044338405,0.06343553,0.22579986
in 351.jpg,ক্ষুদ্র শিল্পে দেশে এক নম্বরে পশ্চিমবঙ্গ' সবই ওনার অনুপ্রেরণায়....,2,2,4,Oth,0.18746349,0.23138538,0.17767823,0.13213956,0.27133337
Bangla Thug Life (350).jpg,সকালের মিষ্টি রোদে ছবি অন্যদের আমার,0,0,0,NoAg,0.42219204,0.24375854,0.10101266,0.044511806,0.18852489
KAM (19).jpg,অনেকদিন ঘুরতে যাওয়া হইনি চলো কথাও যায় নারায়াঙ্গঞ্জ খুব সুন্দর ... চলো যাই থাক তাহলে যাবো না,4,4,2,PAg,0.18958646,0.17045121,0.27332678,0.13550913,0.23112634
nurani-memes (131).jpg,"আম্মুঃ তোর বয়সের সবাই টিউশনি করায়া টাকা কামায় আর তুই এখনো বাপের উপরে চলস , লজ্জা করেনা ? আমিঃ লজ্জা ? হেইডাতেও প্রিজারভেটিভ দেওয়া আছে",0,0,3,RAg,0.022996245,0.021617163,0.39247808,0.49726063,0.065647915
KAM (65).png,"এই ছেলে তোমরা কই ভাই-বোন? আমরা ২ ভাই, আমি আর আমার বড় ভাই কি করে তোমার বড় ভাই? জার্মানি করে! জব এর কথা জিজ্ঞেস করছি, ফুটবল টিম না!",0,0,0,NoAg,0.4794312,0.30548042,0.03963936,0.031788096,0.14366086
KAM (121).jpg,"শরীরটা ভালো না... কেমন জানি লাগতেছে ! তাই মাথা ঘুরায়... বমি বমি ভাব, তেঁতুল খাইতে মন চায়.... তাইনা!",0,0,3,RAg,0.03731788,0.0678757,0.22206837,0.52228135,0.15045667
bangla-troll (19).jpg,তুমার নাম কি ? অপূর্ব পইন্নির ঘরে পইন্নি রুপের প্রশংসা করস কেরে ?,4,4,4,Oth,0.11979591,0.25004354,0.14291447,0.056993216,0.43025282
fb 603.jpg,*২০২২ ২০২৩ সালে ভালো কিছু হবে আশায় আমি,0,0,4,Oth,0.10021838,0.41489062,0.021512134,0.008748259,0.45463058
ovodro_img (46).jpg,আমরা যাদের একসাথে দেখতে চাই কিন্তু যাদের একসাথে দেখতে পাই,4,4,3,RAg,0.09761291,0.124502815,0.24807696,0.38045993,0.14934748
Halal Memes (346).jpg,চিনছো আমারে ? চিনবা কেমনে! নতুন বন্ধু পাইলে পুরাতন বন্ধুর খোজ কে রাখে-,0,0,2,PAg,0.21652657,0.16857128,0.26286852,0.12121836,0.2308152
fb 1150.jpg,শাহবাগী পোশাকের স্বাধীনতা চাই। আমরা সবসময় পোশাক বিরোধী আন্দোলন করব। কিন্তু শীতকালে আন্দোলন করব না শীতকালে খুব ঠান্ডা লাগে।,4,4,2,PAg,0.025746783,0.041509204,0.43524182,0.32630175,0.17120045
fb 709.jpg,আচ্ছা ভাই মোবাইলে তো এতদিন ক্লাস নিত তাইলে এখন ক্লাসে কেন মোবাইল নিতে দেয় না,0,0,2,PAg,0.1825752,0.16236484,0.26226798,0.1834311,0.20936087
fb 1280.jpg,"বিদ্যানন্দ পড়বো, খেলবো, শিখবো",4,4,4,Oth,0.094774246,0.19784729,0.14089257,0.18100761,0.38547832
blog 190.jpg,"নিজেরে যখনই আবাল মনে হবে তখন মনে কইরেন, এই দুনিয়া গিজগিজ করতেসে আপনের চাইতে বহুত গুণ বেশি আবালে, যারা এই যুগেও বিচিত্র সব ভগবানেশ্বরাল্যায় বিশ্বাস করে",3,3,3,RAg,0.0015111315,0.0023701175,0.12028348,0.8671201,0.008715231
in 21.jpg,আম্মুর থিওরি দুধ খেলে মানুষ ফর্সা হয়,0,0,3,RAg,0.12368097,0.17489934,0.18526223,0.28033257,0.23582494
fb 1556.jpg,"যখন একজন নাস্তিক বলে, আমি প্রমাণ ছাড়া কিছুই বিশ্বাস করি না! কিন্তু সে বিবর্তনবাদে বিশ্বাস...",3,3,0,NoAg,0.33006653,0.20304582,0.19265465,0.123190075,0.15104286
fb 1871.jpg,জগ জাগি মগ মাগি,1,1,4,Oth,0.19579093,0.2912486,0.12262916,0.0831765,0.3071548
in 336.jpg,আমি দিদির দূত... গ্রামে ঢোকার পর *গ্রামবাসী,2,2,0,NoAg,0.47827142,0.25704047,0.07241918,0.04423087,0.14803806
bamboo-vaiya (195).jpg,"যখন আপনি ঈদে দুই সেট জামা গিফট পান, এবং একটি পছন্দ হয় অপরটি হয় না",4,4,0,NoAg,0.5063898,0.21541084,0.09924717,0.046080213,0.13287196
fb 442.jpg,কি ব্যাপার অঞ্জন দা এত উদাস কেন? কতদিন দার্জিলিং যাই না। এই গরমে কলকাতায় থাকা যায়! চলো তোমায় দার্জিলিং ঘুরিয়ে আনি সত্যি নিয়ে যাবি আমাকে? আলবৎ কিন্তু গাড়িটা আমি চালাবো | বানসোদ দার্জিলিং যাওয়ার কথা বলছি কেওড়াতলা নয়!,4,4,3,RAg,0.023093347,0.026836064,0.29418662,0.5907806,0.06510337
blog 173.jpg,"আমরা, নাস্তিকেরা, আপনের বিশ্বাস নিয়া রঙ্গ করি বইলা আপনের মন খারাপ হয়? কিন্তু কন তো, আপনের বিশ্বাস এমুন বিনুদুনী টাইপ হইলে সেইটা আমগো দোষ?",3,3,3,RAg,0.009422937,0.013840459,0.22942337,0.7047736,0.04253959
chosha (126).jpg,এতো ভাব দেখায় কি লাভ ? দিনশেষে তো চোদা-ই খাওয়া লাগবে,1,1,0,NoAg,0.2796553,0.22929937,0.16253288,0.11433114,0.21418127
fb 1411.jpg,তোর বয়ফ্রেন্ডের বাবা-মা তো আজ বিয়ের কথা বলতে আসবেন? হ্যাঁ। উনি তো আবার তৃণমূল করেন। আগেই বলে রাখছি; বিয়ের খরচ থেকে কাটমানি চাইলে কিন্তু আমি এই বিয়েতে মত দেবো না। এইরকম বোলো না মা। সব তৃণমূল নেতারা মোটেই কাটমানি চায় না। তুমি বরং বাড়ির চালের পাত্রটা লুকিয়ে রাখো।,2,2,2,PAg,0.12335184,0.115896925,0.31550047,0.28381976,0.16143095
pin 25.jpg,"বলতো, পশ্চিমবঙ্গের কোন সেতুটা সবচেয় সুরক্ষিত? কি রে বল! বল! পারলি না তো! দ্বিতীয় হুগলী সেতু; পিসি ওটা দিয়েই নবান্নযায়!",2,2,2,PAg,0.0756468,0.07198806,0.36679107,0.31777096,0.16780315
fb 290.jpg,লিকা তোমার দুই পায়ের মাঝখানে আমাকে একটু ঘুমাতে দিবা সকালে উঠে গোসল করে চলে যাব,1,1,0,NoAg,0.37424096,0.20748092,0.16169249,0.059071764,0.19751392
fb 1897.jpg,মধু যখন তার বফ কে কাঁচকলা দেখিয়ে কোনো সরকারি চাকরিজীবীকে বিয়ে করে ফেলে! মধুর বফ মধুর বিয়েতে : আমার মধু বেশ্যা!,1,1,0,NoAg,0.28766134,0.18131347,0.24513341,0.10119601,0.18469581
direct-offense (81).jpg,যেরকম আমরা চোখে দেখি সেটা দেখার পর যেটা ভাবি,1,1,0,NoAg,0.26760918,0.19071792,0.21750912,0.10120244,0.22296138
fb 1275.jpg,উনি কওমি মাদ্রাসার হুজুর তাড়াতাড়ি সালাম দিন নাহলে,3,3,0,NoAg,0.28900257,0.20879893,0.1907519,0.11287661,0.19857001
Bangla Thug Life (35).jpg,পড়ালেখা ভালো রেজাল্ট আমি আমি পড়ালেখা ভালো রেজাল্ট,0,0,1,GAg,0.33461943,0.36130172,0.046025008,0.05480407,0.20324983
blog 283.jpg,কী যে রহমতের মাস রমজান! সারাটা মাস আমি দরিদ্র আর ক্ষধার্তদের প্রতি প্রকৃত সহমর্মিতা অনুভব করি।,3,3,2,PAg,0.085918725,0.073472045,0.39765856,0.3141134,0.12883721
KAM (791).jpg,আমি ফ্যান নিয়া আসছিলাম আমি টিউবলাইট লইয়া আইছি আমি কি তাহলে কারেন্টবিলের কাগজ লইয়া আমু?,4,4,0,NoAg,0.23909546,0.18248385,0.22157957,0.13455866,0.22228251
in 554.jpg,"খড়ার পুরসভায় বিজেপির সমর্থনে তৃণমূলের চেয়ারম্যান! অস্বস্তিতে শাসক দল আমি তো কবেই বলেছি, ভারতীয় জনতা পার্টি মানেই তৃণমূল",2,2,2,PAg,0.0403915,0.049701575,0.45800504,0.29655406,0.15534776
fb 1044.jpg,পিতা পুত্রের অঙ্কের ভুলের ফসল,4,4,2,PAg,0.15195152,0.13346452,0.27330187,0.24581185,0.19547027
fb 106.jpg,যখন তুমি ভিপিএন এর ব্যবসা করো আর সরকার ফেসবুক ও অন্য মেসেঞ্জারগুলা বন্ধ করে দেয়,0,0,0,NoAg,0.45367643,0.21933436,0.11260886,0.059180055,0.15520033
bamboo-vaiya (406).jpg,কিসে পড়েন ? ফার্মেসীতে কেন বাসায় পড়ার জায়গা নাই,0,0,0,NoAg,0.44383135,0.19529149,0.14583251,0.047280196,0.16776443
KAM (245).png,"বলোতো, বায়ুমণ্ডল কাকে বলে? মণ্ডল বাড়ির উপর দিয়ে যে বায়ু প্রবাহিত হয় তাকেই বায়ুমণ্ডল বলে।",0,0,3,RAg,0.02102563,0.025345923,0.39217716,0.4557057,0.10574553
KAM (101).png,"এইযে তুই বল, এবারের ফুটবল ওয়ার্ল্ডকাপ কোথায় অনুষ্ঠিত হবে? স্যার ওয়ার্ল্ডকাপ তো ওয়ার্ল্ডেই হবে, আর কই হবে?",0,0,3,RAg,0.040871546,0.046703562,0.32700157,0.44336745,0.14205582
in 509.jpg,"চাপে পড়ে এসেছি, দাদা, কিছু একটা করুন... সবই বুঝি... তবে বারবার এভাবে এসো না লোকে বুঝে যাবে!",2,2,2,PAg,0.07887224,0.061107453,0.40425673,0.35671413,0.09904945
fb 1992.jpg,প্রেম জেগেছে আমার মনে বলছি আমি তাই তোমায় আমি ভালবাসি তোমায় আমি চাই উঁরি উঁরি বাবা কি দারুণ,1,1,0,NoAg,0.55203307,0.2862216,0.02456293,0.017529877,0.11965264
Halal Memes (252).jpg,সিরিয়ালে নায়িকা যখন শ্বাশুড়ির সাথে বিদ্রোহ করে * বাঙালি শ্বাশুড়ি কিন্তু যখন নিজের ছেলের বউ কোনো একটা ভুল করে,4,4,0,NoAg,0.78536236,0.12597893,0.03348041,0.005201974,0.049976304
fb 299.jpg,বাবু ব্যথা করছে না তো ? না সোনা একদম না... কিন্তু প্রথমবার তো ব্যথা করা উচিত! ও হ্যাঁ তাই তো!! আহ! আহ! আহ!,1,1,3,RAg,0.016820408,0.023270907,0.24030605,0.66551775,0.054084953
blog 285.jpg,সব মুছলিম টেররিষ্ট নয়... প্রায় সব টেররিষ্টই মুছলিম ।,3,3,3,RAg,0.050364442,0.053018,0.31557715,0.4696501,0.11139038
KAM (35).jpg,"হাতের লেখাটা একটু ভালো করো নইলে ভবিষ্যত জীবনে কষ্ট পাবে না, স্যার! আমি ঠিক করেছি ডাক্তার হব",0,0,0,NoAg,0.36399058,0.2572326,0.110095136,0.063428074,0.20525369
blog 179.jpg,"এ কথা খুবই সত্য যে, আমি এখন অহংবোধ থেকে মুক্ত। তাহলে লোক-দেখানো এই আলাদা ধরনের পোশাকের কি প্রয়োজন? যাতে অন্যেরা বুঝতে পারে, আমি অহংবোধ থেকে মুক্ত ।",3,3,2,PAg,0.12499889,0.09387081,0.4041087,0.23535123,0.14167039
in 505.jpg,লক্ষ লক্ষ টাকা আত্মসাতের অভিযোগ 'সরকারি চাকরি দেওয়ার টোপ দিয়ে লক্ষ লক্ষ টাকা গ্রাস' ! মারের মুখে তৃণমূলের নেত্রী দুয়ারে ক্যা লা নি চলছে...,2,2,3,RAg,0.02210421,0.022570865,0.35750446,0.54422873,0.053591836
chosha (24).jpg,আজকে নাকি হাগ ডে আমার কি আমি তো প্রতিদিন হাগি,0,0,1,GAg,0.33916602,0.35820624,0.04308949,0.047076825,0.21246144
fb 1470.jpg,যখন আপনি শয়তানের প্ররোচনায় ফেজবুক চালান কিন্তু আয়াতুল কুর্সি শেয়ার দিয়ে টাইমলাইনে রেখে দেন শয়তান:-,3,3,2,PAg,0.20777112,0.11568972,0.37680227,0.1656496,0.13408726
in 560.jpg,উপনির্বাচনে খেলা হবে... বাবুলের প্রচারে বেআব্রু গোষ্ঠীদ্বন্দ্ব! তৃণমূলের কর্মিসভায় রক্তারক্তি,2,2,3,RAg,0.047442317,0.07532425,0.2581261,0.4340788,0.18502842
blog 341.jpg,বিজ্ঞানের মতে এর বয়স ১৮ মিলিয়ন বছর ধর্মগুলোর মতে এর বয়স ৬-১০ হাজার বছর দুটোই সত্য হতে পারে না,3,3,2,PAg,0.05615823,0.057644144,0.42610717,0.31666055,0.14342989
fb 1859.jpg,"""আরেহ ভাইভাতে মুখ খুললেই পাশ""",1,1,4,Oth,0.23460685,0.24379845,0.16036074,0.10401342,0.25722057
fb 1665.jpg,"আজকের এই দিনে আঙ্গুলের ঈশারায় মতান্তরে তরবারি দিয়ে চাঁদকে দুই টুকরা করা হয়েছিল। বিশ্বাস না করলে তুই নাস্তিক। কিয়ামত আসন্ন এবং চন্দ্র দিখন্ডিত হয়েছে, তারা কোন নিদর্শন প্রত্যক্ষ করলেও বিমুখ হয়ে থাকে এবং বলে এতো চিরাচরিত জাদু! আজ ১৪ই যিলহজ্জ শরীফ চন্দ্র দ্বিখন্ডিত হওয়ার দিবস",3,3,3,RAg,0.0018431916,0.0025432964,0.1518948,0.8325818,0.011136862
blog 446.jpg,"আল্লা যা করে, সব ভালোর জন্যই করে... অসুখও আল্লা ভালোর জন্যই দেয়, তাই ডাক্তার-বদ্যি দেখিয়ে সুস্থ হওয়া স্পষ্ট কুফুরি! - থাবা বাবা",3,3,3,RAg,0.024069153,0.02815493,0.41899142,0.42912784,0.09965668
KAM (132).jpg,অনেকদিন পর বৃষ্টি হলো এতগুলো ভালো লাগছে কবে যে এই স্টেটাস দিবো?,0,0,0,NoAg,0.36661553,0.3071045,0.07032729,0.0480445,0.20790808
fb 1408.jpg,চীনা অ্যাপ ভারতে ব্যবহার করা নিষিদ্ধ হলো; চীনের অর্থনীতি:-,2,2,4,Oth,0.11309141,0.20072888,0.20080222,0.14934759,0.33602986
fb 1152.jpg,শাহবাগ গার্লস স্কুল এন্ড কলেজ ছেলে হয়ে মেয়েদের স্কুলে কি? স্যার আমি দেখতে ছেলে হলেও মনে মনে মেয়ে,1,1,0,NoAg,0.6886807,0.19211797,0.030185858,0.009691728,0.079323694
ovodro_img (470).jpg,যখন বৌদিরা দাদাদের কাছে কথায় হেরে যায় তখন বৌদিরা দাদাদেরকে যেভাবে আউট করে ! এটা বৌদিদের নৈতিক জয়,1,1,0,NoAg,0.5182776,0.20414421,0.09973928,0.040436886,0.13740207
fb 1525.jpg,এটা আবার কি? এক বছর থেকে পড়ে থাকতে থাকতে জং পড়ে গেছে। গত কুরবানীর পর আর বাজানো হয় নি... পশু ! জবাই অমানবিক,3,3,2,PAg,0.24580854,0.15632713,0.3050754,0.13927135,0.15351753
KAM (449).jpg,আজকে বাংলাদেশের সাথে ক্রিকেট খেলা সবাই ব্যাটিং পাবো!,4,4,0,NoAg,0.345185,0.28474575,0.09321515,0.08985733,0.1869968
fb 1649.jpg,বিজ্ঞান কোনও তত্ত্ব ভুল প্রমাণ হলে স্বীকার করে ধর্ম নিজেকে সত্য প্রমাণ করতে হত্যা করে,3,3,3,RAg,0.01446838,0.019233933,0.23447026,0.68338645,0.04844102
fb 1295.jpg,"ঘর সামলাই, রোকেয়ারেও সামলাই",4,4,4,Oth,0.23216604,0.2305551,0.1585216,0.14408141,0.23467594
ovodro_img (713).jpg,আপনি কী মহানায়ক হওয়ার যোগ্য ? এটা নির্ভর করে দর্ষকদের উপর... সবার মতামতের ভিত্তিতে ! আমার ফ্যানদের কাছে আমি ভগবান বুদ্ধিমান লোকেদের কাছে - আমি ঘাটালের ছাগল,4,4,3,RAg,0.053054947,0.05097889,0.38156837,0.4099072,0.10449056
KAM (115).jpg,"তোমার বেস্ট ফ্রেন্ড এর ওপর ইংরেজীতে একটি প্যারাগ্রাফ লিখো ম্যাডাম একটা প্রশ্ন, হারামি ইংলিশ কি??",0,0,2,PAg,0.1732516,0.11720471,0.36701754,0.19720672,0.14531937
tangaila (314).jpg,১৪-ই ফ্রেব্রুয়ারী প্ল্যান নিয়ে ভাবতেছি কি ভাবতাছোস হাওয়ার ভাবনা নিয়া গাড়িতে উঠছে,0,0,2,PAg,0.17675807,0.1290327,0.31957608,0.18573427,0.18889892
fb 1114.jpg,আমি জুড়ে সব ক্রিঞ্জ কন্টেন্ট,4,4,4,Oth,0.21177854,0.2670988,0.11518286,0.116270825,0.28966898
fb 511.jpg,"*আব্বুর বানানো স্পেশাল, বাঙির শরবত; *রুহ আফজা, ট্যাং ও অন্যান্য শরবত...",0,0,2,PAg,0.080981,0.056640297,0.40395814,0.34663746,0.11178317
tangaila (124).jpg,আমি পুলিশ লাইনের মেয়ে আমি* পুলিশ লাইনের মেয়ে*,1,1,0,NoAg,0.3766888,0.35860553,0.0338028,0.03560442,0.1952985
in 306.jpg,তিনু নেতাদের 'ঘর ঘর কী কাহানি' মনে হয় আমার কথা ভাবছে! কুন্তলের টাকার গানমারা গেছে। যদি এবার আমার টাকার যায়!,2,2,0,NoAg,0.3419158,0.19390142,0.2073452,0.07596588,0.18087158
in 92.jpg,চাইনা বেস্টু তুমি অন্য কারো হও আমি চাই সারা জীবন তুমি অবিবাহিত রও,0,0,1,GAg,0.22911023,0.35381594,0.05926002,0.031290755,0.32652313
KAM (164).jpg,ঘুমাতে যাওয়ার সময় যা বলে গুডনাইট সুইট ড্রিমস ডার্লিং দরজা জানালা ঠিকমত লাগিয়েছ তো ?,0,0,2,PAg,0.10991961,0.08541422,0.39009792,0.26599616,0.14857209
in 352.jpg,কোথায় টাকা রাখবেন কী ভাবে টাকা রাখলে ধনী হওয়া যায়? কী বলে জ্যোতিষশাস্ত্র? পিএম কেয়ার আছে তো!,2,2,3,RAg,0.053800467,0.054425526,0.3420439,0.4432065,0.1065236
fb 832.jpg,গার্জিয়ান বেতন দেয় নাই বলে স্যারকে ভুল-বাল বুঝানো আমি আর আমার বন্ধু এদিকে আমাদের গার্জিয়ানদের ফোন দিয়ে আগে থেকেই বেতন এর খবর জেনে রাখা স্যার,0,0,0,NoAg,0.31330854,0.17822841,0.23786461,0.07390332,0.19669513
fb 676.jpg,ঈদের অনেক শপিং করেছেন দেখি হ্যা ভাই চাকরির প্রথম বেতন পাইছি তো তাই বাবা; মা; ভাই বোন সবার জন্য কাপড় কিনছি মাশআল্লাই...,0,0,0,NoAg,0.48564807,0.22849703,0.100773886,0.043233503,0.14184746
fb 1974.jpg,ওয়াশ রুম শিক্ষক ও ছাত্রীদের ব্যাবহারের জন্য সাধারন মানুষ হর্ণি মানুষ,1,1,3,RAg,0.048411164,0.07260446,0.2794049,0.42777967,0.1717998
bangla-gag (10).jpg,কি মনে করসিলা দুই একটা ম্যাচ ভাল খেললে সব ম্যাচে ভাল খেলবো ?!,4,4,4,Oth,0.18438677,0.21677478,0.17124902,0.17091383,0.25667566
bangla-troll (5).jpg,গরম কালে আমরা শীত কালে আমরা,0,0,3,RAg,0.066891655,0.08052483,0.25658098,0.44516867,0.15083387
KAM (145).png,সবাই এখন যা করতেসে আর আমি এখন যা করতেসি,0,0,1,GAg,0.28869602,0.29166684,0.09704627,0.087407306,0.23518357
blog 73.jpg,"সুন্দর শাহ হুজুরের দোয়া শকুনের দোয়ায় গরু মরে না, কিন্তু হুজুরের দোয়ায়...",3,3,2,PAg,0.094940156,0.09285611,0.32913572,0.30949444,0.17357367
in 446.jpg,মানিক ভট্টাচার্যর সাথে তৃণমূলের কোনো সম্পর্ক নেই !,2,2,1,GAg,0.21381146,0.35344577,0.06576249,0.0309498,0.33603054
blog 96.jpg,"আমি একজন মডারেট মুছলিম । আমি ঘৃণা, সহিংসতা বৈষম্যের বিরুদ্ধে । তবে আমার জীবনে আছে পথনির্দেশক এক কিতাব, যাতে ঘৃণা, সহিংসতা ও বৈষম্যের কথা আছে পদে পদে ।",3,3,3,RAg,0.00088545453,0.0013704468,0.10390947,0.88856846,0.0052662254
fb 1141.jpg,সমকামীতা সেক্যুলারিজম ইসলাম বিদ্বেষ নারীবাদ নাস্তিক্যবাদ ইতিহাস বিকৃতি ট্রান্সজেন্ডার হিন্দুত্ববাদ প্রথম আলো তোমারা জেনে অবাক হবে যে সপ্তম শ্রেণীর বিজ্ঞান বই কপি করা হয়েছে প্রথম আলো একটু চালাক না হলে দুনিয়াতে টেকা মুশকিল।,4,4,3,RAg,0.0021165123,0.0033659113,0.20923233,0.76491535,0.020369865
ovodro_img (197).jpg,ঘরে বাবা ঢুকিয়ে দেব ! চন্দন নগরের মাল :- ওই যে মেয়েটা দেখতে পাচ্ছ ওরা আমার থেকেও বেশি ভয়ানক । ।,1,1,2,PAg,0.26647,0.17014967,0.26921088,0.11522678,0.17894259
tangaila (323).jpg,যাই একটু এসপি পার্ক দিয়ে ঘুরে আসি দূর বাল যাইয়া কি হবে আমার তো কেউ নাই,0,0,0,NoAg,0.45117196,0.23335686,0.10601704,0.05066746,0.15878667
fb 685.jpg,রমজানের পর দায়িত্বে আসা শয়তান! রমজান মাসে শয়তান কে নিয়ে মিমস বানিয়ে মজা নেওয়া আমি!,0,0,0,NoAg,0.52802247,0.24115825,0.06813475,0.032146968,0.13053757
fb 1252.jpg,রমদ্বানে অর্জিত তাক্কওয়া ঈদ উপলক্ষে 'অমুক' টিভির ৭দিনের বিশেষ আয়োজন রমদ্বানে অর্জিত তাক্কওয়া,3,3,2,PAg,0.16140833,0.14952385,0.2887232,0.14908402,0.25126055
blog 279.jpg,আহমেদের আছে তিনটি আপেল। দুটো সে দিলো মুহাম্মদ কে । এখন বিস্ফোরণের ব্যাসার্ধ নির্ণয় করো।,3,3,2,PAg,0.06455164,0.08328082,0.3482513,0.30108735,0.20282894
fb 1149.jpg,বাইরে বাইরে ছেলে ভিতরে ভিতরে মেয়ে,1,1,0,NoAg,0.38855737,0.38596,0.02391652,0.03231671,0.16924931
pin 30.jpg,"ভাঙলি তো ভাঙলি আর ১ টা বছর পর ভাঙতে পারলিনা?? ভোট টা হয়ে যেত, এখন লোকে ছিঃ ছিঃ করছে",2,2,2,PAg,0.09890304,0.12390106,0.3092854,0.24629723,0.22161321
blog 37.jpg,সন্ত্রাস ইছলামী দ্বীনের একটি অংশ ।,3,3,3,RAg,0.039738525,0.04193929,0.21796526,0.6062589,0.094097964
fb 1093.jpg,আমারে স্যার ডাকবা,4,4,1,GAg,0.24993283,0.274889,0.11387223,0.116465874,0.24484
fb 1488.jpg,*ভারতীয় মুসলমানরা গরু কুরবানি দিয়ে কুরবানি পালন করবে* উগ্রু হিন্দু:,3,3,2,PAg,0.2520893,0.17211278,0.264443,0.11090499,0.20044991
fb 2064.jpg,রেফারি ও রেফারি তুই অপরাধী রে,4,4,4,Oth,0.08480433,0.1934078,0.14182994,0.24359545,0.3363625
ovodro_img (240).jpg,"তার শরীরে চারটে টাট্টু আছে , হাতে গোল্ডেন ড্রাগন ও সামুরাই ওয়ারিওর, যেটা তাকে ভালো ভাগ্য এনে দিয়েছে ।",0,0,2,PAg,0.0471147,0.03809537,0.43683955,0.39405194,0.083898455
KAM (220).png,আমি এখন বিরাট কুলী,4,4,1,GAg,0.27853492,0.2786436,0.10477769,0.09144195,0.24660179
KAM (98).png,কলোম্বিয়া কলাম বিয়া,0,0,0,NoAg,0.30794042,0.28841475,0.106410734,0.06509007,0.23214404
fb 1824.jpg,-মেয়ে : ছেলেরা কি চায় ? -আমি : সুন্দর চরিত্র পরীর মতো চেহারা বড় দুধ আধুনিক মেয়ে,1,1,0,NoAg,0.5217488,0.27764216,0.03935813,0.02825022,0.13300075
fb 203.jpg,সাইজ কত ? ৭ অমি রাজি,1,1,4,Oth,0.12040346,0.22906207,0.15201773,0.123946264,0.37457043
bamboo-vaiya (514).jpg,রোজ নিয়মিত পানি পান করে শরীর সুস্থ রাখায় আমাকে ধন্যবাদ দেয়া আমার কিডনি* আইফোন ১২ কেনার উদ্দেশ্যে নিয়মিতভাবে কিডনির পরিচর্যা করা আমি*,0,0,0,NoAg,0.40426648,0.20705049,0.16034219,0.0672249,0.16111587
KAM (232).jpg,"কোনোদিন কোনো বন্ধুর সাথে ঝগড়া মারামারি করবি না, কেন বলতো ? কারণ বলা তো যায় না... পরীক্ষার হলে কার পেছনে সিট পড়বে !",0,0,0,NoAg,0.4412451,0.28339523,0.067944,0.047698177,0.15971752
KAM (123).jpg,বৃষ্টি হয়না কেন? কি করা যায়... ম্যাডাম মেঘকে নাড়া দিয়ে দেখেন,2,2,2,PAg,0.16397482,0.15269975,0.26167768,0.21460515,0.2070426
fb 688.jpg,মেয়েটা নিশ্চই অনেক সুন্দর হবে !! এটা তো রাফসান,4,4,4,Oth,0.1913811,0.2784605,0.11266903,0.13174616,0.28574315
in 537.jpg,"রাজ্যপাল নন, এ বার মুখ্যমন্ত্রীই বিশ্ববিদ্যালয়ের আচার্য, প্রস্তাবে সিলমোহর মমতা মন্ত্রিসভার সাম্মানিক ডিলিট এবার পেয়েই যাবো",2,2,2,PAg,0.051057618,0.066883795,0.43940428,0.2267951,0.2158592
fb 846.jpg,আরে সাবধানে মুকুট পড়া ফেসবুকে ওর নাম 'এঞ্জেল' সাদিয়া ছিলো,0,0,0,NoAg,0.3390061,0.23178056,0.14854604,0.081532046,0.19913533
fb 1952.jpg,মেয়েটার কোমরে ব্যাথা তাই ব্যাম করাচ্ছে ডাক্তারে।,1,1,2,PAg,0.18078674,0.1582145,0.28070834,0.13788404,0.24240634
KAM (363).jpg,পড়া মুখস্ত করতে ৩০মিনিট লাগলেও সেটা ভুলতে ৩ সেকেণ্ড ই যথেষ্ট!,0,0,3,RAg,0.102192126,0.09224944,0.30430722,0.33193472,0.16931649
fb 410.jpg,"অনুপম রায়---- ""এই স্টেশনের চত্বরে হারিয়ে গেছি শেষ ট্রেনে ঘরে ফিরবো না-না-না"" শেষ ট্রেন এর চালক--- চুদে চাটনি, বেকার খাটনি |",0,0,2,PAg,0.06507221,0.105641685,0.3557429,0.19470127,0.27884203
chosha (117).jpg,গায়ে হলুদের সময় বিয়ের সময় শাশুড়ির সামনে শশুরের সামনে দেওরের সামনে ফুলশয্যার পর,1,1,0,NoAg,0.5668847,0.21184702,0.07383038,0.028619891,0.11881793
in 253.jpg,তৃণমূলের সততা তৃণমূলের দুর্নীতি,2,2,4,Oth,0.1519525,0.1927531,0.1907594,0.21386543,0.25066954
blog 442.jpg,হারামির বাচ্চা আমাকে কোরবানি না দিয়ে তোর বাচ্চাকে কোরবানি করে দেখা তো তোর আল্লাহ প্রেম... তুই আর তোর খোদা জাহান্নামে যা... পরের ধনে পুদ্দারি... !!,3,3,0,NoAg,0.30548424,0.24884771,0.13633187,0.07032281,0.23901342
blog 112.jpg,"আল্যার কসম, আমি নিজে সাক্ষী ক্যান্সার-আক্রান্ত হওয়ার কয়েকটি ঘটনার, যেগুলোর পেছনে প্রত্যক্ষ কারণ ছিলো - সোশ্যাল মিডিয়াতে ছবি পোষ্ট করা । আল্যার কসম, আমি এসব নিজের চোখে দেখেছি, অনলাইনে ছবি প্রচার হবার কারণে শিশুরা ক্যান্সারে আক্রান্ত হয়েছে । - শেখ সা'দ আল-আতিক (চৌদি ইছলামবাজ)",3,3,3,RAg,0.0005457089,0.00085858075,0.10354758,0.89070225,0.0043458627
fb 1100.jpg,"নিজের গফ কে বন্ধুকে দিয়ে দিলাম কারন ""ভোগে নয় ত্যাগেই প্রকৃত সুখ""",1,1,0,NoAg,0.30075452,0.21953012,0.17881723,0.11738825,0.18350981
fb 1243.jpg,আমাকে কিছু বল্লে সমস্যা নেয় মাফ করে দিবো কিন্তু আমার ধর্ম আমার নবীকে নিয়ে কিছু বল্লে তোর অস্তিত্ব খতম করে ফেলবো,3,3,0,NoAg,0.3449305,0.2158126,0.16600858,0.0873097,0.18593869
in 30.jpg,নামাজ-রোজা নাই খালি ইফতার পার্টি অ্যারেঞ্জ করা,0,0,2,PAg,0.208035,0.19265458,0.21764724,0.18994617,0.19171688
ovodro_img (38).jpg,"আমার বয়স আরো বেশি হলেও কী আমাকে বিয়ে করতি ? হ্যাঁ, কিন্তু বিয়ের পর কোনরকম দ্বিধাবোধ না করে মা বলে ডাকতাম ।",4,4,0,NoAg,0.5202885,0.22028619,0.08892622,0.03838733,0.13211167
bamboo-vaiya (219).jpg,আজকে চান রাইত কালকে থকে গালি দিমু,4,4,0,NoAg,0.25462484,0.20314825,0.18876694,0.13498482,0.21847518
fb 525.jpg,বর্তমানে বাংলাদেশ বিশ্বে ধান উৎপাদনে তৃতীয়: প্রধানমন্ত্রী কৃষিবিদ দিবস উপলক্ষে দেওয়া এক বাণীতে প্রধানমন্ত্রী শেখ হাসিনা বলেছেন বর্তমানে... ৭৫ টাকা কেজি চাল কিনে খাওয়া সাধারণ জনগণ :-,2,2,3,RAg,0.0026324585,0.0031685252,0.18269087,0.79765576,0.013852411
in 22.jpg,যখন আম্মু প্রথমবারের মতো স্কুলে রেখে চলে আসে *আম্মু আমারে বাসায় নিয়া চলো* *আমি এই বালের স্কুলে কোনোদিনও ক্লাস করবোনা*,0,0,0,NoAg,0.7428308,0.17847715,0.017402412,0.0068515874,0.05443811
bamboo-vaiya (167).jpg,যখন আপনার বন্ধুরা আপনার ক্রাশের সামনে আপনার নাম ধরে ডাকতে থাকে ভাই এগুলা বন্ধ করেন আল্লাহর ওয়াস্তে,0,0,0,NoAg,0.5488272,0.23252285,0.06480193,0.033259444,0.12058863
KAM (230).png,মানুষ প্রেম করতেসে... আর আমি... তারা বিয়ে করতেসে... আর আমি... তাদের বাচ্চা হচ্ছে... আর আমি...,0,0,0,NoAg,0.25383875,0.22198306,0.18510783,0.12900868,0.21006171
bamboo-vaiya (166).jpg,আরে এই ছেলে তো অসম্ভব জ্ঞানী !,4,4,1,GAg,0.23739044,0.37349793,0.050651412,0.07902027,0.25943998
pin 12.jpg,হঠাৎ করে আমার ঠান্ডা হাতটা বন্ধুর গায়ে দেয়ার পর বন্ধু - বাবাগো!!,1,1,0,NoAg,0.64446336,0.21382126,0.035354502,0.012455494,0.09390537
fb 1471.jpg,বিরিয়ানির প্যাকেট* সাপ্তাহিক মুসল্লী*,3,3,4,Oth,0.17844892,0.21982597,0.1799059,0.17944062,0.24237855
fb 1864.jpg,সে : শুভ জন্মদিন!! আমি : ধন্যবাদ। আমার গিপ্ট কোথায়? সে :,1,1,0,NoAg,0.38319376,0.25559384,0.107833154,0.06667642,0.18670274
in 481.jpg,"বাড়িতে নগদ ৮০ লক্ষ টাকা! সিবিআইয়ের জালে হালিশহর পুরসভা তৃণমূল চেয়ারম্যান স্যার, এবার কী বলবেন? অসম্ভব ধারাবাহিকতা বজায় রেখে খেলছে দলটা",2,2,3,RAg,0.06309469,0.05448951,0.35985458,0.40947157,0.11308978
fb 1050.jpg,হ্যাঁ ভাই আমিই সেই ডিম যাকে পরীমনির রিমান্ডে ব্যবহার করা হয়েছিলো,4,4,3,RAg,0.09525261,0.09648538,0.32286608,0.3322081,0.15318784
fb 621.jpg,তোর জন্য একটা মেয়ে দেখছি না না ভাই আমার ছেলে পছন্দ,1,1,0,NoAg,0.4736045,0.31084627,0.03513124,0.029477289,0.15094069
KAM (52).jpg,"মামা ভাল্লাগসে এফবি থেকে পাওয়া ছবি মাননীয় রেল মন্ত্রী জনাব মুজিবুল হক ও তার স্ত্রী এইটা কি আমাগো ভাবি,নাকি চাচী,নাকি নানী হইবো",2,2,3,RAg,0.06190508,0.054153707,0.37148035,0.40539205,0.10706883
in 611.jpg,"একটা ওয়ার্ডে নির্দল প্রার্থী এগিয়ে ছিলেন... ফলে সেখানে দেড় ঘণ্টা ধরে বন্ধ গণনা, খোঁজ পাওয়া যাচ্ছে না ইভিএমের!!! মন্ত্রী ঘনিষ্ঠ এক মহিলা প্রার্থী একটি ওয়ার্ডে ৩৮ হাজার ভোটে জিতছেন!!! এসব কী চলছে মশাই!? গণতন্ত্রের অন্নপ্রাশন চলছে!",2,2,3,RAg,0.0037385959,0.005616648,0.1566737,0.8141029,0.0198682
fb 2027.jpg,পৌনে এক ঘণ্টা ধরে শুধুমাত্র ক্যাচই প্র্যাক্টিস করলেন লিটন একটু চালাক না হইলে দুনিয়াতে টেকা খুব কঠিন,4,4,2,PAg,0.06279199,0.08119751,0.35681343,0.30984694,0.18935016
blog 468.jpg,"প্রমাণ তো নেই, তবু 'গড আছে' চিল্লাও গড যদি থেকে থাকে, আছে গডজিল্লাও",3,3,3,RAg,0.03833565,0.04362294,0.3101218,0.51029164,0.0976279
in 123.jpg,"শিক্ষক স্যার আপনি এটা ভুল বলেছেন হয়তো আসোলেই, থ্যাংকস ভুল ধরিয়ে দেওয়ার জন্য হুজুর হুজুর আপনার এই ফতুয়া ভুল ভন্ড, আমার চেয়ে বেশি ফতুয়া জানো?",3,3,2,PAg,0.1512628,0.12130576,0.34768385,0.21147422,0.16827333
fb 1557.jpg,কিয়ামতের দিন নাস্তিকরা যেভাবে স্টিফেন হকিংয়ের দিকে তাকাবে...,3,3,4,Oth,0.20657927,0.18768841,0.25798228,0.087949045,0.25980094
bamboo-vaiya (385).jpg,লক ডাউনের পরে বন্ধুদের সাথে ট্যুরে যাবার জন্য আবদার করা আমি আমার কলিজাটা কত্ত বড় সেটা ভাবতে থাকা আমার মা,0,0,0,NoAg,0.48741654,0.15292096,0.18552935,0.032646198,0.14148697
fb 278.jpg,তেমন কিছু না সৎ ভাবে অনলাইনে হাফ ইয়ার্লি পরিক্ষা দাওয়ার পর আমার ও আমার বন্ধুদের খাতা-,0,0,2,PAg,0.24263573,0.16252787,0.28958002,0.13035187,0.1749044
fb 1799.jpg,আপা ইফতারে নতুন কি রেসিপি খাওয়াবেন ? ইফতারে তোদের আমি খাওয়াবো কাঠালের আমসত্ত্বা ।তাড়াতাড়ি মটিদে আমারে ।,4,4,2,PAg,0.12883319,0.12184142,0.28989708,0.25661033,0.202818
in 586.jpg,"করোনা তাড়াতে হরিনাম সংকীর্তনে মাতলেন তৃণমূল প্রার্থী, দুর্গার দল ভালোই কাজ করছে ...",2,2,2,PAg,0.15205607,0.09853104,0.3683979,0.23047294,0.1505421
fb 206.jpg,অর্থ থাকলে গর্তের অভাব হয় না গর্ত থাকলে অর্থের অভাব হয় না... হেডা থাকলে বেডার অভাব হয় না :3,1,1,0,NoAg,0.41517675,0.24592099,0.1020703,0.054166585,0.18266535
fb 1303.jpg,বন্ধুটা ভালোই ছিল কিন্তু ১৪ই ফেব্রুয়ারি গফ নিয়ে ঘুরতে যাওয়ার প্ল্যান করছিল,4,4,2,PAg,0.1471249,0.12503093,0.31455132,0.23151669,0.18177621
fb 1235.jpg,নিরীহ প্রাণীদের অবৈধভাবে হত্যা করার সময় পশুপ্রেমী কুরবানির সময় পশুপ্রেমী,4,4,0,NoAg,0.39235324,0.16911685,0.21527502,0.05848775,0.1647672
fb 1208.jpg,বিয়ে করলেন 'লোকে কেন বিয়ে করে' জিজ্ঞাসা করা মালালা। তার আদর্শ মেনে বিয়ে না করে বুড়ি হয়ে যাওয়া নারীবাদী এটা দেখার পর,1,1,2,PAg,0.13248971,0.09939349,0.40103877,0.21072775,0.15635027
blog 298.jpg,এইখানে পষ্ট কইরা লেখা আছে: আল্যার ছাড়পত্র ছাড়া মহাশূন্যে ভ্রমণ করা অসম্ভব। (সুরা ৫৫:৩৩),3,3,3,RAg,0.016894937,0.018909262,0.31658572,0.5976466,0.04996351
bamboo-vaiya (7).jpg,একজন ভালো বয়ফ্রেন্ড সবসময় গালফ্রেন্ডের মুখে হাসি ফুটিয়ে রাখার চেষ্টা করে,1,1,2,PAg,0.18799925,0.17255872,0.25142416,0.1899753,0.19804259
in 48.jpg,ছোট ভাই নাচতাছে কারন দুপুরের খাবার পর তার দুই রোজা হয়ে গেছে,0,0,0,NoAg,0.6582002,0.22319128,0.025299152,0.012266809,0.081042506
blog 93.jpg,ঈশ্বর না থাকলে আমরা তার নামে এমন মেগা-ব্যবসা এতো সফলতার সঙ্গে যুগ যুগ ধরে চালিয়ে যাচ্ছি কীভাবে?,3,3,3,RAg,0.02363496,0.026536595,0.34336823,0.54361653,0.06284368
blog 439.jpg,কোরানের মতে মানবজাতির বংশবৃদ্ধি প্রথমে শুরু হয়েছিল একটি পরিবারে ইনসেষ্ট চর্চার মাধ্যমে দ্বিতীয়বারেও ভরসা ছিলো ইনসেষ্টই,3,3,3,RAg,0.030064018,0.028963882,0.38561824,0.48104286,0.07431097
direct-offense (48).jpg,উপরে সৌদি আর নিচে জার্মানি,1,1,1,GAg,0.25773892,0.31362787,0.09049756,0.035801794,0.3023338
fb 1078.jpg,চেয়ারে কলম রাখার পর যখন বন্ধু সেখানে বসে পড়ে তখন বন্ধুর অবস্থা*,4,4,0,NoAg,0.789406,0.14187409,0.017195469,0.0036020875,0.0479224
fb 1113.jpg,নির্বাচনী প্রচারণা* নির্বাচনে অংশগ্রহন করা প্রার্থী এলাকাবাসী,2,2,2,PAg,0.13414921,0.097942784,0.35440135,0.23125552,0.1822512
in 487.jpg,জেলে বসে খাসির মাংস খেলেন অনুব্রত!,2,2,0,NoAg,0.34461835,0.24407564,0.13569045,0.09115807,0.18445751
fb 728.jpg,"হ্যলো বাবু, একটু তারাতাড়ি ইফতারি করে নিও নাইলে তোমার কষ্ট হবে",0,0,2,PAg,0.18320376,0.17712417,0.25372663,0.13930859,0.24663688
fb 955.jpg,সকাল বিকাল রাত্রি বেলা জেসমিন আপার দরজা খোলা,1,1,2,PAg,0.1349497,0.10742353,0.33005697,0.257759,0.16981083
fb 868.jpg,দোস্ত আজকের কনসার্ট কিন্তু অনেক জমজমাট হইছে হ্যা বন্ধু আতশবাজিগুলা অনেক সুন্দর সারাবছরের গ্লানি ভুলে গেলাম এখানে এসে,0,0,0,NoAg,0.28431302,0.166979,0.26552927,0.11054069,0.17263804
pin 13.jpg,বাবা খায় ধার করে বিড়ি মেয়ে বলে আমি ডানা কাটা পরি এ কেমন মেয়ে,1,1,0,NoAg,0.5251437,0.26553923,0.046645105,0.02893207,0.13373984
in 640.jpg,"""ত্রিপুরায় গণতন্ত্রের হত্যা হয়েছে। বিপ্লব দেব সরকার মানুষের অধিকার সুরক্ষা দিতে ব্যর্থ।"" তোপ ফিরহাদ হাকিমের... পশ্চিমবঙ্গে পঞ্চায়েত ভোটে তো গণতন্ত্র পাগলু ডান্স করছিল!",2,2,3,RAg,0.007847626,0.009932965,0.36204338,0.56959504,0.050581057
fb 1170.jpg,ছিঃ! আমি তো পা*খানায় পা দিয়ে ফেললাম,4,4,4,Oth,0.16551237,0.3295786,0.07848874,0.08290048,0.3435198
fb 1253.jpg,বেশি করে ঘাস খেয়ে নিচ্ছি কারণ; তারাবীর নামাজ ৮ রাকাত নাকি ২০ রাকাত সেটা নিয়ে তর্ক করতে হবে !,3,3,2,PAg,0.07747216,0.06297772,0.43391657,0.31572288,0.10991066
bangla-troll (10).jpg,"কিরে মামুর বেটা, তুই নাকি প্রেমে পড়লি ? ওরে ফইন্নি, প্রেমে পড়মু ক্যারে ? আমি তো মাত্র কলেজে পড়ি !",0,0,4,Oth,0.24827614,0.23731679,0.15359582,0.10504527,0.25576603
fb 266.jpg,এখন না লকডাউন তুই বাইরে কি? স্যার বইমেলায় যাই,2,2,1,GAg,0.33413416,0.3365398,0.0567951,0.05549327,0.21703768
nurani-memes (203).jpg,রিক্সা চালক *ব্যাটারি ওয়ালা রিক্সাচালক আমারে স্যার ডাকবা,0,0,4,Oth,0.23352909,0.19232285,0.2305092,0.10439708,0.23924172
fb 648.jpg,২০ টাকায় এক হাজার ফলোয়ার বিক্রি করার পর! ফলোয়ার ব্যবসায়ী:,4,4,0,NoAg,0.47055757,0.23104799,0.103644244,0.04977585,0.14497434
fb 1505.jpg,"গরুপাচার কাণ্ডে এবার দেবকে নোটিস সিবিআইয়ের, মঙ্গলবার হাজিরার নির্দেশ",4,4,2,PAg,0.09519418,0.0895976,0.398456,0.21105781,0.20569439
in 346.jpg,পিসি- সবাই মিলেমিশে ভাগ করে খাও একা খাবো সেটা হবে না আমি খেতে তো মানা করছি না। *তিনু নেতা,2,2,2,PAg,0.2143775,0.16841993,0.2692887,0.1754608,0.17245308
tangaila (280).jpg,"সার্কাজম করে বিটিএসের পক্ষ নিয়ে পোষ্ট করে পচানোর পর যখন কোন বিটিএস ফ্যান ইমপ্রেস হয়ে প্রপোজ করে বসে তুই একটা বোদাই , আমি নিজেও একটা বোদাই",4,4,0,NoAg,0.56211954,0.16737069,0.12317557,0.025540946,0.121793345
KAM (306).jpg,সাকিব বলদ দেখবি? কই? দেখা! আয়নার সামনে দাঁড়া দেখতে পাবি,4,4,0,NoAg,0.23658635,0.18456137,0.23524252,0.13415004,0.2094598
fb 726.jpg,"৭ বছর বয়সী আমি : ছারো আমাকে, আমিও তোমাদের সাথে রোজা রাখবো",0,0,0,NoAg,0.3553974,0.257743,0.120868675,0.08693868,0.17905223
in 335.jpg,যখন দিদি বলে গ্রামে গ্রামে দূত হিসাবে যেতে হবে... গ্রামে ঢুকে তাড়া খাওয়ার পর,2,2,0,NoAg,0.62359726,0.19795142,0.061861604,0.022286834,0.0943028
fb 1975.jpg,যখন আপনার ঐটা তার ভুল গর্তে ডুকে যায় বাবা গো,1,1,0,NoAg,0.58591217,0.22079702,0.05609293,0.026314758,0.1108832
in 433.jpg,বিশ্বের সেরা অভিনেতা অমিতাভ বচ্চনকে জন্মদিনের শুভেচ্ছা জানাচ্ছেন,2,2,3,RAg,0.073875934,0.06791628,0.34642816,0.3870366,0.12474296
in 45.jpg,আম পাতা জোড়া জোড়া মারবো চাবুক চড়বো ঘোড়া,1,1,2,PAg,0.14014123,0.12142875,0.28248668,0.2651551,0.19078825
fb 219.jpg,ছেরা টাকা দিয়ে বিস্কুট কিনে আনা আমি মেয়াদ উত্তীর্ণ বিস্কুট দেয়া দোকানদার,0,0,2,PAg,0.09729682,0.107196406,0.3545212,0.21861751,0.22236805
in 540.jpg,"নরেন্দ্র মোদী আর ললিত মোদী এদের মধ্যে মিল কোথায় বলুন তো? এদের মধ্যে আবার কিসের মিল! ও মিত্তির মশাই, আছে নাকি মিল! দুজনেই বাংলার মেয়েকেই চায়...",2,2,3,RAg,0.012351696,0.013653159,0.36950973,0.55839413,0.04609123
fb 332.jpg,বার্গার খাবে কেউ?,1,1,4,Oth,0.11372629,0.17549972,0.21729021,0.175332,0.31815186
KAM (149).png,"এক ছাত্র ৪টা সাবজেক্টে ফেল করার পর... শিক্ষক: কিরে ৪টা তেই কিভাবে ফেল করলি? ১ম টাতে অন্তত পাশ করতে পারতি, এতোদিন বন্ধ ছিল! স্যার ১মটার জন্য পরীক্ষার আগের দিন পড়তে বসছি বন্ধে ২য় টায় কিভাবে ফেল করলি? ২য় টার জন্য পড়সিলাম স্যার ২য়টার জন্য এতো পড়সি যে ভাবসি আর পড়াই লাগবে না তাই পরীক্ষার আগের দিন উলালা করে হলে সব ভুলে গেসি ৩য় টায় কেন ফেল করেছো বাবা? ২য়টা খারাপ হইসে এই দুঃখে স্যার 8র্থ টাও কি ৩য়টা খারাপ হওয়ার দুঃখে খারাপ হয়েছে? না স্যার শেষ পরীক্ষার খুশিতে, পড়তেই মন চায় না!",0,0,3,RAg,0.0004941793,0.00082830526,0.09168255,0.90292484,0.004070032
Halal Memes (202).jpg,"আমার পোস্টগুলি দেখার পরে, রিলেটিভ:-",0,0,0,NoAg,0.3747022,0.2890189,0.070711024,0.0545473,0.21102053
Halal Memes (21).jpg,আমি - আওয়ামীলীগ করি করোনাভাইরাস যখন জানতে পারে,2,2,0,NoAg,0.40501547,0.2918264,0.066688284,0.05586984,0.18060006
in 485.jpg,"কখনও যদি দেখেন ববির অত সম্পত্তি পাওয়া গিয়েছে, বিশ্বাস করবেন না', আগেই বঙ্গবাসীকে সতর্ক করে রাখলেন নেত্রী বলছিলাম, কার কার সম্পত্তির হদিশ পাওয়া গেলে বিশ্বাস করবো না, যদি বলে দেন... একটা নামের লিস্ট পেতাম তাহলে নিশ্চিন্তে থাকা যেত|",2,2,3,RAg,0.0017200352,0.0024080232,0.15121774,0.8345559,0.0100983055
fb 272.jpg,একটিভ স্যাস্টাস বন্ধ করার পর আমার বন্ধু : ভাই দেখ তো আমারে এক্টিভ দেখায় নাকি,0,0,0,NoAg,0.86594874,0.104284145,0.006173289,0.0013432319,0.022250647
in 573.jpg,"নেতাজির স্বপ্নের স্বাধীন ভারত এখনও গড়ে ওঠেনি, আমরাই গড়ব', মূর্তি উন্মোচনে শপথ মোদির রেল তেল বিমান খনি সবই তো বেচা হয়ে গেছে এবার কি বেচে স্বপ্নের ভারত গড়া হবে!?",2,2,3,RAg,0.027416915,0.04531572,0.2302166,0.5772638,0.11978694
fb 1368.jpg,দেশের জিডিপি কমে যাওয়া কোরোণা আবহে পরীক্ষা নেওয়ার কথা বলার পর ছাত্রছাত্রীদের সুস্থভাবে বেঁচে থাকার সম্ভাবনা,2,2,2,PAg,0.13506529,0.102487184,0.38300508,0.2203543,0.15908816
tangaila (307).jpg,কানিজ ফাতেমা তুই আর আমি তো একই,0,0,1,GAg,0.2935666,0.36004996,0.05764585,0.054934345,0.23380327
fb 1159.jpg,আমেরিকা যাচ্ছে রোহিঙ্গারা #শাহবাগী ১৫ দিনে রোয়াঈঙ্গা ভাষা শিক্ষা,4,4,3,RAg,0.09990854,0.10998452,0.26382032,0.33553398,0.1907526
chosha (90).jpg,আয় বৃষ্টি ঝেপে ধোন দিবো মেপে,1,1,4,Oth,0.1905639,0.17957105,0.21517226,0.18727466,0.22741815
ovodro_img (162).jpg,জানিস বোন কাল সারারাত চোষার পরেও দাঁড় করাতে পারিনি কাঁদিস না দিদি আমার টারও একই অবস্থা,1,1,2,PAg,0.14850184,0.114862375,0.3549468,0.21638577,0.16530323
blog 479.jpg,একটি দারুণ মিল ভগবান ও ভক্তে এক্সিবিশনিজম উভয়েরই রক্তে,3,3,3,RAg,0.052703243,0.050721843,0.36619288,0.42548722,0.10489476
blog 342.jpg,"যে-আসনেই প্রার্থনা করা হােক না কেন, ফলাফল - লবডঙ্কা",3,3,3,RAg,0.09283729,0.10067928,0.29680693,0.35198897,0.15768752
tangaila (152).jpg,বিন্দুবাসিনীর কোনো সুন্দরী মেয়ে যখন বলে আমি সিঙ্গেল লে আমি :- প্রমাণ দাও !,1,1,0,NoAg,0.69399756,0.22243202,0.010774954,0.005629481,0.06716599
fb 1788.jpg,স্বামি বিদেশ,1,1,4,Oth,0.17931242,0.29111567,0.10138106,0.12401947,0.30417132
tangaila (335).jpg,উদ্যানের চা আড্ডাবাজ পোলাপান,1,1,4,Oth,0.15564841,0.23461454,0.15838942,0.16886596,0.2824817
Halal Memes (73).jpg,হঠাত ছোট বোনের আদর্শ লিপি বই নিয়ে ঘাটাঘাটি করার কারন জানতে চাওয়া আমার আম্মু ২মাস পড়াশুনা না করে বাংলা অক্ষর ভুলে যাওয়ায় আদর্শ লিপি বই পড়া আমি,0,0,2,PAg,0.25932112,0.17185251,0.26222727,0.09999881,0.2066003
ovodro_img (548).jpg,অনেক মেয়ে মিলে একজন পুরুষের উপর নির্যাতন করাকে বলে পুরুষ নির্জাতন,1,1,0,NoAg,0.30154878,0.27315822,0.10716838,0.09168382,0.22644082
Bangla Thug Life (401).jpg,আম্মা আমি প্রেগনেন্ট চুদসে এইটা একটা দুর্ঘটনা ছিলো মানে তুই বলতে চাস ! তুই রাস্তা দিয়া হাঁটতে গিয়া উষ্টা খাইয়া সোনার উপর পইড়া গেসিলি ???,1,1,4,Oth,0.094102465,0.14422947,0.28764996,0.12959492,0.34442323
fb 1210.jpg,ন্যূড আর্ট বাবা সিম্পানন্দ* পিরিয়ড কবিতা*,2,2,0,NoAg,0.27157527,0.2649803,0.12892677,0.081026524,0.25349122
blog 101.jpg,"আস্তিকীয় যুক্তিবাহার কোনও প্রাকৃতিক বিপর্যয় বা দুর্ঘটনার পরে তারা দোয়া করে সাহায্য চায় তার কাছে, যে কিনা সেই ঘটনাটি ঘটিয়েছে বলে তারাই মনে করে ! কেউ কেউ আবার তাকে শুকরিয়াও জানায় !",3,3,3,RAg,0.03351671,0.026966296,0.3629815,0.50407094,0.072464556
Bangla Thug Life (397).jpg,ছেলে: আই লাভ ইউ মেয়ে: কি করতে পারবে আমার জন্য ? লুইচ্চা ছেলে মনে মনে ২১ দিনে দুদু ডবল,1,1,0,NoAg,0.5437922,0.28558767,0.028346209,0.0229377,0.11933622
KAM (270).jpg,সম্প্রতি এক গবেষণায় প্রমাণিত হয়েছে যে... ঘুমের ট্যাবলেট এর চেয়ে পড়ার টেবিল বেশি কার্যকরী!,0,0,3,RAg,0.06281195,0.093278065,0.27725956,0.35593623,0.21071424
blog 488.jpg,"আমি কবে বড়ো হবো? মাদ্রাসায় বলেছে, বড়ো হলে আমি এইসব প্রতিমা ভাঙতে পারবো, মালাউন তাড়াতে পারবো দেশ থেকে।",3,3,2,PAg,0.18999669,0.14632788,0.30248168,0.1799505,0.18124332
Halal Memes (32).jpg,"আমি যখন ক্লাসে কথা বলি, কিন্তু স্যার এসে সাথে বসা আমার বন্ধুকে মারে । লেঃ আমি",0,0,0,NoAg,0.5814759,0.28599572,0.018279823,0.014752307,0.09949619
fb 704.jpg,রমজান মাসে যখন কেউ বাংলা বা ইংরেজি তারিখ জিজ্ঞেস করেঃ কত রমজান চলে সেটা মনে রাইখাই কূল পাই না ইংরেজি বাংলা তারিখ মনে রাখবো কোন সময়,0,0,2,PAg,0.10261616,0.08472439,0.39953423,0.28962243,0.123502746
bangla-troll (49).jpg,ডিপ ফ্রিজে আইস্ক্রিমের বক্স দেকসিলাম কিন্তু খুলে দেখি বক্সটা আদা-রশুন এ ভরা,0,0,2,PAg,0.08806034,0.08807914,0.40074304,0.2153504,0.20776701
fb 1083.jpg,এই বালের গানে এতো ভিউস কেমনে? বাংলাদেশে কামলাদের সংখ্যা দিন দিন বাড়তেসে,4,4,2,PAg,0.15705308,0.12284646,0.31291488,0.22649346,0.18069223
in 645.jpg,"এগিয়ে আসছে জাওয়াদ দুয়ারে ঝড়, পকেট ভর",2,2,2,PAg,0.14888051,0.13582171,0.26404294,0.2516474,0.19960748
fb 1215.jpg,ধর্ম যার যার উৎসব সবার| ধর্ম যার যার উৎসব ও তার,3,3,3,RAg,0.0047825654,0.0067022247,0.19529365,0.77290004,0.020321483
ovodro_img (257).jpg,সেই মুুহুর্ত যখন তোমার বর চা বানিয়ে আনে কিন্তু চায়ে দুধ নয় নিজের ঘী দিয়ে চা বানিয়ে খাওয়ায় আর সেটা তুমি বুঝতে পেরে যাও,1,1,0,NoAg,0.37553367,0.24208516,0.12153001,0.0684479,0.1924033
bangla-gag (11).jpg,সেহেরি ৩:৩০ ! কিন্তু ১২ টায় পুরা ইন্ডিয়া টিমরে খাইয়া শেষ করে দিসি !,4,4,2,PAg,0.14877018,0.1365337,0.3403627,0.15431562,0.2200177
in 606.jpg,বর্ষসেরা অভিনয় পিসি,2,2,4,Oth,0.16750742,0.2169098,0.1612674,0.19282068,0.2614948
ovodro_img (45).jpg,"পাগলউউউ... থোড়াসা কারলে রোমান্স ধুর বাল, পাগল হলেও সম্মান আছে । তোদের মত পাগলু ড্যান্স করি না ।",4,4,0,NoAg,0.35606575,0.1343889,0.2845881,0.05124631,0.1737109
fb 895.jpg,জমিতে ক্রিকেট খেলার সময় বল যখন কোন ঝোপ-ঝাড়ে গিয়ে পড়ে বল:-,0,0,1,GAg,0.27250198,0.34974965,0.062258203,0.03863211,0.27685797
fb 126.jpg,"১০০০ এর ৭.৫% ৭৫০ টাকা বস, হিসাবে একটু গোলমাল আছে তাই নাকি? আচ্ছা তাইলে... ১০০০ এর ৭.৫% ৭৫ টাকা হ, এখন ঠিক আছে পরের দিন... ১০০০ এর ৭৫% ৭৫০০০ টাকা হালা মরতে চাস?",2,2,2,PAg,0.047092646,0.03868312,0.45221293,0.3860427,0.075968474
fb 87.jpg,এন্ড্রয়েড ডেভেলপার রেসিপি এন্ড্রয়েড স্টুডিও ইন্সটল করা অন্যর আইডিয়া চুরি করা অন্য এপের কোড ও ইন্টারফেস কপি করা নিজের আইডিয়া দিয়ে নতুন কিছু বানানো উপস!,4,4,3,RAg,0.014076062,0.02084722,0.4049622,0.46886045,0.0912541
KAM (367).jpg,আগে আমার কিছুই ভালো লাগতো না! ঘুরতে যাওয়া/খেলাধুলা/টিভি দেখা! তারপর আমার জীবনে এলো পড়ালেখা! এখন আমার সব কিছু করতে ভালো লাগে!,0,0,0,NoAg,0.5256914,0.2435822,0.06734391,0.033061955,0.1303206
fb 1167.jpg,নারীবাদীরা সারাবছর শীতকালে,1,1,4,Oth,0.23940763,0.26235858,0.14066045,0.08387051,0.2737029
blog 317.jpg,"-ইয়া মাবূদ, তোমার গলা না শোনা পর্যন্ত আমি এই জায়গা ছেড়ে উঠবো না ।",3,3,0,NoAg,0.31029686,0.2096552,0.18512905,0.09215165,0.20276724
bangla-gag (43).jpg,আগে শুধু আমরা মানুষের হৃদয় জয় করতাম ! আর এখন হৃদয় এর সাথে সাথে সিরিজও জয় করি !,0,0,0,NoAg,0.27466887,0.17452897,0.2565225,0.124061786,0.17021795
blog 77.jpg,"আপনার সঙ্গে যুদ্ধ করছে যে-কাফের, তাকে হত্যা করা যায়েজ । আপনার কাছে যদি অন্য কোনও কারণ থাকে, তখনও তাকে হত্যা করা যায়েজ । এমনকি কোনও কারণ না থাকলেও তাকে হত্যা করা যায়েজ ।",3,3,3,RAg,0.0024774792,0.0036790236,0.15659283,0.82501566,0.012235037
blog 34.jpg,"বর্তমান পৃথিবীতে সর্বমোট ধর্মের সংখ্যা ৪২০০ । তন্মধ্যে শুধুমাত্র একটি ধর্মই সঠিক । আপনার ধর্মই সত্য ধর্ম এমন হবার সম্ভাবনা: ১/৪২০০ = ০.০০০২৩ = ০.০২৩ % অপরপক্ষে, ভুল ধর্মে বিশ্বাসের কারণে দোযখে যাবার সম্ভাবনা: ১০০ - ০.০২ = ৯৯.৯৭ % ঘাবড়ে গেলেন? ঘাবড়ানোর কিছু নেই, সকল ধর্মের মধ্যে শুধুমাত্র আপনার ধর্মটিই সঠিক । এবার ঘুমান ।",3,3,3,RAg,0.00017116987,0.00028225852,0.062330823,0.93544585,0.0017698124
fb 1084.jpg,আমারে স্যার ডাকবা,4,4,1,GAg,0.24993283,0.274889,0.11387223,0.116465874,0.24484
blog 306.jpg,"যখনই আপনার মনে হবে, আপনি নিরর্থক কোনও কাজ করছেন, তখন এই ছবিটায় চোখ বুলিয়ে নেবেন",3,3,3,RAg,0.057137314,0.06815412,0.28527617,0.46215156,0.12728089
fb 1189.jpg,আরে থাম ভাই! আর কতদিন এভাবে প্যান্ট ভালো না বলে নামজ বাদ দিবি!,3,3,0,NoAg,0.33228883,0.27820316,0.09874131,0.06523978,0.2255269
direct-offense (47).jpg,"কি করছো জানু ? তোমাকে খুব মিস করছি আমি বান্ধবীর বাড়িতে আসছি বাবু, নোট লিখছি পরে কথা বলবো",1,1,2,PAg,0.23219408,0.1790556,0.24707341,0.14433137,0.1973455
Halal Memes (270).jpg,ছাত্রলীগ নিয়ে কোন মিম বানানো বিদ্যমান* ছাত্রলীগ নেতা: তুই কারে লইয়া ছিনিমিনি খেলতাসস বুঝোস নাই !,2,2,1,GAg,0.25338003,0.28863057,0.11694785,0.062699676,0.27834192
in 284.jpg,মোরাল অফ দ্য স্টোরি 'দিদি' দিয়ে 'মোদি'-কে কাটা যায়না।,2,2,2,PAg,0.19109504,0.1475987,0.3045811,0.13560683,0.22111826
blog 111.jpg,"আম্মু, আম্মু, নিনজা ! অথচ তুমি বলসিলা, নিনজা নাকি কল্পকাহিনী !",3,3,0,NoAg,0.33023793,0.29917192,0.07706034,0.06542434,0.22810549
fb 1755.jpg,বিচি ঠান্ডা না করে মাথা ঠান্ডা করে ক্রিকেট খেলুন,4,4,0,NoAg,0.20446913,0.20397237,0.19318561,0.20013696,0.19823581
direct-offense (32).jpg,"ও হ্যান্ডেল মারে তা নিয়ে প্রবলেম নেই । প্রবলেমটা হচ্ছে, ও হ্যান্ডেল মারার পর বাথরুমে জল না দিয়ে চলে এসেছিলো",0,0,3,RAg,0.06236166,0.06398978,0.35356218,0.39909694,0.12098942
ovodro_img (173).jpg,মধু তোমার এই সজ্জিত রূপ বজায় থাকার রহস্য কী ? কাউকেই ভিতরে ফেলতে দিই না ।।,1,1,4,Oth,0.18052007,0.1943223,0.1951149,0.17777446,0.25226825
in 288.jpg,ত্রিপুরার মানুষ পরিবর্তন চায় ২৫ বছরের বাম আমলের থেকেও বড় ক্ষতি করেছে সরকার ত্রিপুরা যাওয়ার আগে চাঁচাছোলা অভিষেক হাফ সিটে কান্ডিডেট খুঁজে পায়না আবার সরকার গড়ার প্রতিশ্রুতি দিচ্ছে!,2,2,3,RAg,0.017923804,0.026368385,0.33984464,0.533457,0.08240619
fb 782.jpg,প্রমিজ করলাম* প্রমিজ করলাম* নিজের সর্বোচ্চ দিয়ে হলেও বাবা মায়ের মুখে হাসি ফুটানোর চেষ্টা করবো,0,0,2,PAg,0.26155394,0.14988995,0.2995263,0.092378795,0.19665095
fb 444.jpg,টাচ করুন তুই মাওবাদী!,2,2,1,GAg,0.1573555,0.34644464,0.07527942,0.1052866,0.31563383
in 414.jpg,এরা এদের মৃত্যুর জন্য নিজেরাই দায়ী অলিম্পিকের মেডেল থেকে মঙ্গলযান সব কৃতিত্বই এনার,2,2,2,PAg,0.09371191,0.071512714,0.41892874,0.2859575,0.12988916
fb 2022.jpg,আজকে থেকে আয়নাতে খেলা দেখা,4,4,0,NoAg,0.32519484,0.31087402,0.0718647,0.066729546,0.22533695
fb 1535.jpg,ইশশ ! অসহায় পাখি ! পাখিটাকে ছেড়ে দে! নির্দয় বিড়াল ! কিছুক্ষণ পর... আহ ! কী সুগন্ধ !,4,4,2,PAg,0.07121925,0.07813553,0.40071416,0.24632904,0.20360202
bamboo-vaiya (335).jpg,যখন আপনি বাসা থেকে টাকা নিয়ে বাজার করে আনেন কিন্তু আপনাকে টিভি চ্যানেলে করোনা ত্রান সহায়তার লাইনে দাঁড়ানো দেখায়,0,0,0,NoAg,0.4871509,0.21700393,0.110571235,0.053487986,0.13178594
fb 418.jpg,আমি বেশি মেয়ে পটিয়েছি না আমি বেশি মেয়ে পটিয়েছি,4,4,1,GAg,0.3495588,0.38012648,0.02998484,0.03612686,0.20420305
blog 133.jpg,ভাবসিলাম সাথে ভায়াগ্রা নিয়া আসছো !,3,3,4,Oth,0.21410346,0.22650969,0.1699858,0.076525964,0.31287503
in 334.jpg,গ্রামবাসীরা ক্ষেপে আগুন হয়ে আছে তাই গ্রামে গ্রামে দিদির দূত হিসাবে যাওয়া থেকে এটা অনেক কম রিস্কের কাজ,2,2,2,PAg,0.120900206,0.10403491,0.4039675,0.17006464,0.2010328
bangla-gag (87).jpg,লাক্স কোটি টাকা খরচ করে দীপিকাকে বাংলাদেশে আনসে আর বিসিবি ইন্ডিয়ান টিমকে খেলতে ডাকসে সেখানে ইন্ডিয়ান টিম সাথে আনুসকা ফ্রি আসতেসে,4,4,3,RAg,0.0320644,0.05307968,0.2561872,0.5192043,0.13946432
bangla-troll (29).jpg,একটা সুন্দরি মেয়ে পেছবুকে রিকুয়েস্ট পাঠাইছিল... মাগার ... ওইটা ফেক আইডি ছিল,0,0,2,PAg,0.13551974,0.13124642,0.26365224,0.24756488,0.22201678
fb 1469.jpg,আজকে জুম্মার পরে বিরিয়ানি দিবে,3,3,0,NoAg,0.30866775,0.26674706,0.115628295,0.093628615,0.21532826
ovodro_img (73).jpg,যখন কোন বাচ্চার মা বাবা দুজনেই ট্রেনে উঠে যায় কিন্তু বাচ্চা টা উঠতে পারে না,0,0,0,NoAg,0.6138706,0.24458876,0.026691291,0.016021982,0.098827384
tangaila (57).jpg,বের হলেই চাকরি বেতন ১২ হাজার টাকা,0,0,0,NoAg,0.3551513,0.25193325,0.11979048,0.081735596,0.19138943
blog 162.jpg,"দোয়া হচ্ছে হস্তমৈথুনের মতো: যে করে, সে তৃপ্তি পায়, কিন্তু যার কথা ভেবে করা হয়, তার কোনও কাজেই লাগে না",3,3,3,RAg,0.0052031116,0.0075792815,0.16686031,0.79718643,0.023170946
Halal Memes (206).jpg,নির্দিষ্ট জায়গায় থুথু ফেলবো ।,0,0,1,GAg,0.20243378,0.32359448,0.07585083,0.12506777,0.27305317
fb 760.jpg,স্কুলের ১২০০ টাকা বেতন যে কিভাবে দিবো আব্বু তো বেতন পায় না তিন মাস থেকে আল্লাহ তুমি ১২০০ টাকার ব্যবস্থা করাই দাও প্লিজ না ছেলেটা আর্থিক সমস্যায় আছে কাল ওরে কিছু টাকা দিয়ে সাহায্য করবো বাবা এই ১০০০ টাকা রাখো তোমার বেতন দিতে কাজে লাগবে কিন্তু আমি তো আল্লাহর থেকে ১২০০ টাকা চাইছি তার মানে আপনি বাকি ২০০ টাকা মেরে দিয়েছেন,4,4,2,PAg,0.10959969,0.07180363,0.5199361,0.1629081,0.13575244
fb 1976.jpg,ডিসেম্বর ৩১ ১১ : ৫৯ ২ : ৩০,1,1,0,NoAg,0.2800255,0.19064191,0.21627764,0.12017618,0.19287872
fb 1385.jpg,এদিকে আয় মোদী। তোকে আমাদের অনুমতি ছাড়া জঙ্গল কাটার অধিকার দিচ্ছি।,2,2,2,PAg,0.09211949,0.07819212,0.37337744,0.32433656,0.13197446
fb 1858.jpg,ছ্যাদা খুজে পাইতেছি না,1,1,4,Oth,0.15648875,0.270172,0.12544386,0.1487163,0.29917905
fb 295.jpg,"ছেলেটির নাম জনি সিন্স| গরিব, তাই পড়াশোনার পাশাপাশি পিজ্জা ডেলিভারি বয় হিসেবে কাজ করে।একদিন মিরপুরের রাস্তায় মেট্রোরেল এর জ্যাম থাকায় ২০ মিনিট এর জায়গায় ৩০ মিনিট লেট হয়ে যাওয়ায় এই মেয়ে টি জনি সিপ্স কে কলার ধরে মারল| মানবতা আজ কোথায় ???",1,1,3,RAg,0.009214903,0.013672471,0.30089217,0.62578183,0.05043865
blog 447.jpg,ওরা বেশরিয়তী কাম করে! ইছলামে এইসব হারাম! যৌনদাসী,3,3,4,Oth,0.21789575,0.20086715,0.19911626,0.14236999,0.2397508
fb 303.jpg,~কিছু কিছু মাগি আছে সাংগা হওয়ার পরেও বারো জনের দোচা না খাইলে নাভীর নিচে শান্তি হয় না,1,1,2,PAg,0.13105889,0.10559753,0.36124718,0.24180284,0.16029358
fb 1380.jpg,যখন মাছ খাওয়ার জন্য বাঙালিদের ঘৃণা করা গুজ্জু মহিলা জানতে পারে তার লিপস্টিকে মাছের আঁশ আছে,4,4,0,NoAg,0.3626843,0.17279126,0.22978798,0.08825978,0.14647676
in 436.jpg,"হাসপাতালে নিয়ে যাওয়া হল মানিককে ওসব করে কোনো লাভ হবেনা মানকে, আমি নিজের অভিজ্ঞতা থেকে বলছি |",2,2,0,NoAg,0.28948855,0.16888711,0.26534036,0.108356275,0.16792777
fb 1622.jpg,নাস্তিক্যধর্ম,3,3,4,Oth,0.19048665,0.24457173,0.16408761,0.109749295,0.29110473
Halal Memes (240).jpg,আমার মা: এরকম একটা মেয়ে যদি আমার বেটার বউ হতো আমার মা: নাউযুবিল্লাহ,1,1,0,NoAg,0.54496074,0.32240778,0.013065808,0.012986978,0.10657877
fb 1244.jpg,আমার শরীর আমার অধিকার। আমি যেটা ইচ্ছে সেটা পরবো যদি নগ্নতাকে সভ্য ধরা হয় | তবে বন্য পশুরা সবচেয়ে বেশী সভ্য,1,1,2,PAg,0.24380708,0.1534528,0.30642733,0.14966372,0.1466491
KAM (326).jpg,এটা ফটোগ্রাফি নাকি বগল-গ্রাফি! ফহিন্নির ঘরে ফহিন্নি!,4,4,3,RAg,0.113434106,0.12693876,0.24786991,0.29516754,0.21658961
in 169.jpg,"পঞ্চায়েত ভোট আসছে... মাসিমরা আমাকে চিনতে পারছেন তো? কেন চিনতে পারবোনা! কতবার টিভিতে হাত পেতে টাকা নিয়ে ""থ্যাংক ইউ"" বলতে দেখেছি",2,2,3,RAg,0.051645122,0.073798485,0.33191526,0.3501835,0.19245769
ovodro_img (10).jpg,একদিন আমিও অস্কার পাব এক্সপ্রেশন পাল্টাবে কী তোর দাদু ? কপি করা ছাড়বে কি তোর বাবা ?,4,4,2,PAg,0.18815094,0.14468217,0.29762942,0.16987628,0.19966106
nurani-memes (222).jpg,গাাছ কোপানোর অন্যায়ের শাস্তি চাওয়া মানুষজন মানুষ কুপিয়ে পার পেয়ে যাওয়া হেলমেট বাহিনি,2,2,2,PAg,0.12979043,0.10206198,0.39742425,0.1497685,0.22095484
bamboo-vaiya (486).jpg,কোরবানির ঈদ আসলে তোমার যা মনে পড়ে: কোরবানির ঈদ আসলে আমার যা মনে পড়ে:,4,4,0,NoAg,0.3799248,0.3278371,0.057156853,0.059082426,0.17599875
blog 458.jpg,হুরের ইষ্টক শ্যাষ। তয় ৭২টা মুমিনার লগে ওয়েবক্যামে চ্যাটের ব্যবস্থা কইরা দিতারি।,3,3,2,PAg,0.099639624,0.11295431,0.34370565,0.16970764,0.2739928
blog 164.jpg,"ভালো মানুষেরা করে ভালো কাজ, খারাপেরা খারাপ কাজ। কিন্তু ভালো মানুষকে দিয়ে খারাপ কাজ করিয়ে নিতে প্রয়োজন ধর্মের ।",3,3,3,RAg,0.09867811,0.09947788,0.28841802,0.3681052,0.14532085
blog 38.jpg,এবং তার উম্মতেরা শান্তি প্রতিষ্ঠায় নিরলস,3,3,3,RAg,0.073002025,0.07792712,0.29793778,0.40161207,0.14952095
fb 1584.jpg,"চিন্তার মুক্তির আন্দোলন কানিজ আমার যৌনসাথী| সে যখন চাবে, যার সাথে চাবে তার সাথেই সম্মতিতে যৌনকর্ম করতে পারবে | এমনকি মুক্তচিন্তায় নিজের ছেলের সাথেও কারণ আমাদের নাস্তিক্যধর্মে এসব বৈধ |",3,3,2,PAg,0.04307453,0.03311302,0.6050379,0.21927811,0.099496365
in 308.jpg,চাড্ডি পরিবারে যখন কোনো নতুন সদস্য আসে.... মেরা বেটা 'ব্যয়কট গ্যাং' কা মেম্বার বোনেগা....,2,2,0,NoAg,0.30786523,0.25174335,0.1349544,0.099223465,0.2062135
ovodro_img (388).jpg,"বাবা ফেব্রুয়ারি মাস স্পেশাল ক্যানো ?? জানি না, তোর মাকে বিয়ে করার আগে আমিও সিঙ্গেল ছিলাম ।। কাঁদিস না বাবু । বুকে আয় ; একদিন তোকেও বিয়ে দিয়ে মিঙ্গেল করে দেব ।",0,0,0,NoAg,0.4862654,0.20324962,0.12872699,0.047478344,0.13427967
fb 993.jpg,*ইন্ডিয়া সাপোর্ট করলে দালাল *পাকিস্তান সাপোর্ট করলে রাজাকার *বাংলাদেশের জনগন,4,4,4,Oth,0.119207546,0.23117462,0.1470712,0.042178374,0.46036822
bangla-memes (154).jpg,তো আমরা কী করবো ?,0,0,3,RAg,0.09207909,0.11183546,0.24489921,0.38406584,0.16712035
fb 727.jpg,ব্যবসায় উদ্যোগ ব.উ.,0,0,1,GAg,0.2236184,0.31232572,0.0994833,0.06875546,0.29581717
KAM (307).jpg,ও বলেছিল জাতীয় বিশ্ববিদ্যালয় হতে পড়াশুনা করে চলে আসবে ! কিন্তু ও পড়াশুনা শেষ করতে পারেনি আমি এখনও অপেক্ষায় আছি!!!,0,0,3,RAg,0.069755524,0.07816084,0.34043184,0.3575845,0.15406723
blog 240.jpg,"বোকা জঙ্গি চালাক জঙ্গি বুদ্ধিমান হোন, সঠিক কাজটি করুন",3,3,3,RAg,0.058536496,0.06664079,0.26898333,0.47907797,0.12676138
blog 485.jpg,মেয়েদের কাছে সবচেয়ে প্রধান হচ্ছে তাদের স্বকীয়তা।,3,3,2,PAg,0.11575293,0.109020874,0.31162503,0.30337107,0.16023009
ovodro_img (270).jpg,তোমার মা কী তোমাকে খুব বকাবকি করছে ? আর সহ্য হচ্ছে না ? ঝগড়া করতেই হবে ? মা এর সাথে ঝগড়া কর না । বাড়ি থেকে বেড়িয়ে যাও দেখবে মা নিজেই তোমাকে ফোন করে করে বাড়ি ফেরানোর জন্য পিছনে লেগে পড়বে ।।,0,0,0,NoAg,0.52012765,0.21810362,0.092804246,0.037409477,0.13155507
in 267.jpg,"গোমাংস খাই বিজেপিও করি অসুবিধা কিসের!' , ভোটের মুখে স্পষ্টবক্তা মেঘালয়ের পদ্মসভাপতি ইনি বিজেপি নন ইনি দেশদ্রোহী",2,2,3,RAg,0.031828497,0.045255583,0.35741132,0.4256109,0.13989362
fb 1881.jpg,বিড়ালটা শুধু বাসররাতে বিড়াল মারার ইতিকথা জানতে চেয়েছিল। বাকিটা ইতিহাস!,1,1,3,RAg,0.07884808,0.116627336,0.25976172,0.30396906,0.24079381
bamboo-vaiya (169).jpg,জান চলো পালিয়ে বিয়ে করি তিন বেলা বিড়ি খেয়ে থাকতে পারবি ?,0,0,0,NoAg,0.2250285,0.21568246,0.18614052,0.1911247,0.18202384
pin 11.jpg,এটা কি রুচি না কি ইঁদুর দ্বারা ধর্ষিত বুঝাই যাচ্ছে না,1,1,4,Oth,0.120952584,0.149607,0.23455551,0.2452353,0.24964954
chosha (114).jpg,ওরা কারা ? যারা রাতে আমাকে স্বপ্নে দেখে ।,1,1,1,GAg,0.26967126,0.27756783,0.1141212,0.11656371,0.22207594
bamboo-vaiya (364).jpg,তর কি ঘরে বসে ৫-৬ মিনিটে ৫০০ টাকা লাগবো ?,0,0,0,NoAg,0.3596929,0.26409256,0.1121875,0.07944225,0.18458472
blog 106.jpg,"তোমার থেকে একটু টুকতে দিবা? আচ্ছা, টোকো । তবে একেবারে হুবহু কপি কইরো না ।",3,3,0,NoAg,0.35657743,0.24771099,0.113976136,0.08500801,0.19672735
fb 1866.jpg,পাবলিক বিশ্ববিদ্যালয়* ১ম বর্ষ 8র্থ বর্ষ,1,1,4,Oth,0.21575142,0.22729291,0.16087979,0.12801898,0.26805687
fb 1068.jpg,"""একটা ভালো যুবকের জীবন শেষ করে দিবো """,4,4,1,GAg,0.25735205,0.28957033,0.10600949,0.102804996,0.24426311
fb 937.jpg,রাস্তায় বাইকার দেখার পর সার্জেন্ট নাস্তার টাকা দিলেন না স্যার?,2,2,0,NoAg,0.616284,0.20972621,0.051688913,0.020524403,0.10177653
fb 549.jpg,"নেন ভাই এক গ্লাস পানি খেয়ে নিন, প্রত্যয় হিরনের রোস্ট ভিডিও বানিয়ে পোস্ট করতে করতে হাপিয়ে গেছেন",4,4,2,PAg,0.13285184,0.17474225,0.27834785,0.14128113,0.27277696
fb 1112.jpg,প্যান্ট পড়ে শুয়ার রাতে; রুমে থাকা জ্বিন লুঙ্গি পড়ে শুয়ার রাতে; রুমে থাকা জ্বিন,4,4,0,NoAg,0.26766348,0.20060283,0.20645115,0.11433919,0.21094334
in 85.jpg,সেই মুহূর্ত যখন আপনি জানতে পারেন দুর্গাপুজোয় আপনার অফিসে মাত্র দুইদিন ছুটি,0,0,0,NoAg,0.31306976,0.2310104,0.15982322,0.092945755,0.20315087
in 248.jpg,দাদা একটা ফুটেজপ্রেমী দেখান.... সস্তার কিছু নেই?,2,2,3,RAg,0.06910477,0.07244911,0.31496537,0.40761626,0.13586444
Halal Memes (60).jpg,লকডাউন লকডাউন শেষে,0,0,0,NoAg,0.40531936,0.32056698,0.051148895,0.018276371,0.20468843
blog 157.jpg,ইহুদি ও খ্রিষ্টানেরা নোংরা । জিহাদের সময় তাদের জীবন ও ধনসম্পদ মুছলিমরা কেড়ে নেয়ার অধিকার রাখে। (আমেরিকাবাসী ইছলামবাজ),3,3,3,RAg,0.0033542507,0.004574441,0.17499286,0.7991216,0.017956836
Halal Memes (43).jpg,শান্তিপূর্ণভাবে পড়াশোনায় মনোযোগ বসানো বিদ্যমান মাই বৃক্ক টু মি: তোর কি বাথরুমে যাওন লাগবো ?,0,0,2,PAg,0.23996912,0.13451901,0.3206724,0.08781003,0.21702953
fb 1197.jpg,এই হচ্ছে আমার ছেলে মানকি যে কিনা নাস্তিক কিন্তু তার কোনো গুরু মারা গেলে আবার বলে ওপারে ভালো থাকবেন স্যার,3,3,0,NoAg,0.34223002,0.31356102,0.07163036,0.068745814,0.20383283
chosha (42).jpg,তুমি এখানে ইন্টার্ভিউ দিতে এসেছো নার্ভাস হবার কিছু নেই রিলেক্স করো স্যার একটা বিড়ি হবে নাকি?,0,0,2,PAg,0.22586273,0.16794798,0.2529751,0.14644596,0.20676829
fb 1305.jpg,গোল্ডেল গ্লাভস ফেরত দিতে যাচ্ছি কারন ময়মনসিংহের জবলেস মিন্টু বলেছে আমি অসভ্য আনকাচার্ড,4,4,2,PAg,0.09936446,0.10410824,0.37077266,0.20654479,0.21920992
KAM (2).jpg,"একজন বিশ্ববিদ্যালয় পড়ুয়ার জীবনের লক্ষ্যের ক্রমপরিবর্তন ভার্সিটি ভর্তির আগে ধুর এগুলা আর কি এমন কঠিন পড়া? এই লাইনে আমি বিশ্বসেরা হমু! ১ম বর্ষ একটু কষ্ট করা লাগবো দেখতেসি তয় ব্যাপার না, এই লাইনে আমি বাংলাদেশের সেরা হমুই হমু ২য় বর্ষ পড়া তো দেখি মোটামুটি কঠিন আছে, যে লাইনে পড়তেসি ঐ লাইনে বাংলাদেশের ১ নম্বর কোম্পানিতে জব পাইতেই হইবো ৩য় বর্ষ পড়া গুলা এত্তো কঠিন ক্যারে? যে লাইনে পড়তেসি ঐ লাইনের মোটামোটি ভাল জব পাইলেই চলবো ৪র্থ বর্ষ খোদা, ভালো রেজাল্টের খ্যাতা পুড়ি, শুধু পাস করাই দিও। আর লাইন বেলাইন বুঝি না, কোনরকম একটা জব পাইলেই চলবো পাশ করার পর ভাই ভাল লেভেলের জব লাগবো না, পিয়ন নাইলে ঝাড়ুদারের চাকরি হইলেও দেন!",0,0,3,RAg,0.00026256673,0.00044592816,0.06816253,0.928514,0.002614947
in 84.jpg,শেষ কবে বন্ধুরা মিলে মাঠে ক্রিকেট / ফুটবল খেলতে গিয়েছিলে ? *আমি অনেক অনেক দিন আগের কথা,0,0,0,NoAg,0.4726345,0.24425103,0.09064241,0.04734534,0.14512676
bangla-troll (38).jpg,"আমাদের প্রত্যেকের জীবনে এমন কিছু কিছু বন্ধু আছে, যারা আমাদের থেকে আমাদের ফেইসবুক পাসওয়ার্ড এর উপর বেশী নজর রাখে",0,0,3,RAg,0.044654462,0.051669754,0.3339137,0.46234605,0.107415974
nurani-memes (88).jpg,কই ? তর নানির পুটকির সই,4,4,2,PAg,0.15520352,0.13767524,0.2610429,0.24455833,0.20152004
fb 805.jpg,ভয়ানক কিছু অনুভব করার সময়* *আয়াতুল কুরসি পড়ার পর আমার সাহস *আয়াতুল কুরসি পড়ার আগে আমার সাহস,0,0,0,NoAg,0.51752543,0.1861292,0.12212344,0.031490397,0.14273153
Halal Memes (207).jpg,নিব্বি: ভাবছি বিয়ের পর চিনি খাওয়া ছেড়ে দিব ! নিব্বি: ক্যান? নিব্বা: ঘরে মিষ্টি বউ আর চায়ে চিনি যদি ডায়বেটিস হয়ে যায় ! লে : নিব্বা লে : নিব্বি ইশ আপনিও নাহ,0,0,2,PAg,0.23690775,0.14759867,0.31319466,0.13181438,0.1704845
blog 413.jpg,হাঁউমাঁউখাঁউ কাফিরের গন্ধ পাঁউ।,3,3,4,Oth,0.22784065,0.23187046,0.17465782,0.11279495,0.25283614
bangla-troll (52).jpg,"আব্রাহাম লিঙ্কন বেচে থাকলে গণতন্ত্রের বর্তমান সংজ্ঞা হতো- ডেমোক্রেসি ইজ এ গভর্নমেন্ট অফ দ্যা বালুর ট্রাক, বাই দ্যা বালুর ট্রাক, ফর দ্যা বালুর ট্রাক !",2,2,2,PAg,0.07008147,0.08354189,0.37909576,0.2701621,0.1971189
fb 1793.jpg,"বাবা-মা: আমার মেয়ে ডাক্তার হবে, আমার মেয়ে ইঞ্জিনিয়ার হবে মেয়ে: আমি বাঁড়া হবো",1,1,0,NoAg,0.50114274,0.36735818,0.009268608,0.011340363,0.110890046
bamboo-vaiya (20).jpg,গিটার বাজানোর পরে: এ আমি কি করলাম কাজটা ভালো হয় নাই সব ভিডিও ডিলেট দিয়া দিমু আজ থেকে ভালো হয়ে যামু,0,0,0,NoAg,0.5892856,0.21970299,0.056663096,0.022517828,0.1118305
fb 1160.jpg,দোস্ত কোথায় আছিস জানিনা কিন্তু এইখানে হিন্দি গান বাজিয়ে 'বিজয় দিবস' পালন করা হয়,4,4,3,RAg,0.013786227,0.015195137,0.29236588,0.6394128,0.03923997
in 205.jpg,তৃণমূলের আশিস বেরোতেই জল দিয়ে উঠোন ধুয়ে দিল বগটুইয়ে নিহতের পরিবার জানাল অপবিত্র হয়েছিল,2,2,3,RAg,0.04400842,0.04435085,0.31579706,0.4967714,0.09907227
fb 1635.jpg,হযরত মোহাম্মদ সঃ এর ব্যবহার করা তলোয়ার। আপনার ইচ্ছা হলে করে সবাই কে দেখানোর সুযোগ করে উপহার দিতে পাড়েন। প্রশ্ন : ইসলাম ধর্ম প্রতিস্টায় কি তলোয়ার লাগে ??????? যিশু অথবা বুদ্ধ তলোয়ার ছাড়াই ধর্ম প্রচার করেনি ?,3,3,3,RAg,0.0101721445,0.01697051,0.35905477,0.5436061,0.07019641
KAM (118).png,"জান, তুমি রোদে দাঁড়িয়ে আছো কেন? আরে দেখছ না, ঘাম শুকাচ্ছি যে...",4,4,4,Oth,0.2137785,0.26103675,0.124954104,0.11578604,0.2844446
KAM (357).jpg,আপনি যতই বড় হয়ে যান না কেন মায়ের চোখে সবসময় ছোটই থাকবেন!,0,0,3,RAg,0.062124602,0.061994053,0.345086,0.42815536,0.10264
direct-offense (72).jpg,"ব্যাকরন না বুঝলে মুড়ি খা , শ্লা মাতা মুটারে কে বুঝাইতো",4,4,4,Oth,0.08290592,0.16585417,0.17798515,0.2700183,0.30323648
blog 43.jpg,"আল্লাহর একদিন মানুষের এক হাজার বছরের সমান । (সূরা হাজ্জ্ব, ২২:৪৭) আল্লাহর একদিন মানুষের পঞ্চাশ হাজার বছরের সমান । (সূরা আল মা'আরিজ, ৭০:8)",3,3,2,PAg,0.07069782,0.055950243,0.4490291,0.32441714,0.09990569
Halal Memes (228).jpg,"গ্রাম থেকে শহরে ঘুরতে আসা চাচা ধানমন্ডি, বসুন্ধরা এলাকায় ওড়না ছাড়া মেয়েদের ঘুরাঘুরি করতে দেখার পর কেয়ামতের আলামত শুরু হয়ে গেসে",1,1,2,PAg,0.1719591,0.10934673,0.40521586,0.11290283,0.2005754
ovodro_img (260).jpg,দেবের মত অভিনয় করতে হলে ৫০০ আমির খান কে আরও বার জন্ম নিতে হবে,4,4,2,PAg,0.17756931,0.09832874,0.45122993,0.11553535,0.15733664
fb 269.jpg,নানা: নাতি আমার ডাক্তার হবে। মা: না! ছেলে আমার ইঞ্জিনিয়ার হবে | বাবা: আরে না! ছেলে আমার... এদিকে ছেলে... আায় কে আবি: খামকির পোলারা!,4,4,0,NoAg,0.75404257,0.16050577,0.020899585,0.005722001,0.05883012
in 633.jpg,মোদীজি ইস্মাইল...,2,2,4,Oth,0.15543959,0.21304542,0.1625793,0.2087649,0.26017082
in 187.jpg,তৃণমূলের নেতার বাড়ির সামনে ছাগল বিক্রি করে দেওয়ার অভিযোগ আমরা ছাগলকেও ছাড়িনা,2,2,2,PAg,0.10849439,0.09443192,0.3535586,0.31376025,0.1297548
bangla-memes (26).jpg,যখন তোমার ছেলেরা আর্জেন্টিনা সাপোর্ট করা ছেড়ে দেয় মাদককে 'না' বলো 'আমার ছেলেরা এখন মাদকমুক্ত' তিনি একজন যুদ্ধজয়ী বাবা । মাদকাসক্ত দুই ছেলেকে সুস্থ জীবনে ফিরিয়ে,4,4,0,NoAg,0.64592075,0.1876785,0.059057266,0.019102078,0.08824139
chosha (129).jpg,এসেছিলাম একা যেতে হবে একা মাঝখানে ভাইয়ের সাথে দেখা,1,1,4,Oth,0.17814346,0.32756087,0.08018081,0.046736304,0.36737856
in 60.jpg,পঙ্গপাল বাংলাদেশে আসার পর যখন জানতে পারে পঙ্গপাল খাওয়া হালাল পঙ্গপাল- এ কি বিপদে পড়লাম!,0,0,0,NoAg,0.5869892,0.21628946,0.060093503,0.023770483,0.11285735
fb 1549.jpg,"স্যার, বিবর্তনবাদ তো যাস্ট একটা থিওরি! চুপচাপ গিলে যা! কোনো কথা বলবি না!",4,4,2,PAg,0.18680301,0.1283823,0.3467114,0.15706424,0.18103911
Bangla Thug Life (190).jpg,বউমা একটু সকালে ঘুম থেকে উঠতে পারোনা কথাটা আমাকে না বলে আপনার ছেলেকে বলুন কেন ? গোটাবছর আমি জোর করতাম এজন্যই লকডাউন পেয়ে আপনার ছেলে আমার কোমরটা শেষ করে দিচ্ছে,1,1,2,PAg,0.08806673,0.090293564,0.34316352,0.2945321,0.18394418
fb 286.jpg,মাইার ওজন হয় না ৩২ দু* বানাইছে ৩৬,1,1,4,Oth,0.13469812,0.2534878,0.13599883,0.1433062,0.332509
fb 81.jpg,প্রোগ্রামার হওয়ার রেসিপি রাতে না ঘুমানো বন্ধুমহলে পার্ট নেওয়া কোড কপি পেস্ট করা প্রোগ্রামিং চর্চা করা উপস!,4,4,3,RAg,0.038670268,0.060906533,0.26216334,0.49648848,0.14177132
tangaila (95).jpg,যখন হাসানের ছেলে রাস্তায় বের হয়... তখন কুমুদিনীর মেয়েদের অবস্থা !,1,1,0,NoAg,0.6423907,0.25986534,0.01226847,0.009852485,0.07562293
blog 410.jpg,"নিজেরে যখনই আবাল মনে হবে তখন মনে কইরেন, আপনের চাইতে বহুত গুণ বেশি আবাল এই দুনিয়ায় অগুন্তি, যারা বিশ্বাস করে, ইউনুস নবী মাছের পেটের ভিত্রে জীবন্ত আছিলো চল্লিশ দিন",3,3,3,RAg,0.0048921113,0.007044872,0.18593433,0.780869,0.02125963
fb 159.jpg,আমি বিএনপি (২) আর আমি আওয়ামিলীগ (৩) যে বিরিয়ানি আর কোক দিবে আমি তার |,2,2,0,NoAg,0.36437556,0.26969126,0.09512156,0.070213996,0.20059764
in 340.jpg,*ভাইপো কয়লা কয়লা কয়লা *ভাইপো আমি একদম পছন্দ করিনা কয়লা *ভাইপো কিন্তু কয়লা আমাকে ছাড়া থাকতে পরেনা,2,2,2,PAg,0.13532335,0.11620527,0.326112,0.28550094,0.13685843
KAM (364).jpg,একটা মেয়েকে শিক্ষিত করলে ৪টা মানুষ শিক্ষিত হয় আর একটা মেয়ে স্কুল কলেজ আর ভার্সিটিতে গেলে ৪০টা ছেলের জীবন যে নষ্ট হয় তা কে কইবো?,1,1,2,PAg,0.1175611,0.0990537,0.36135793,0.27923143,0.14279585
fb 1057.jpg,৫ম ম্যাচে সুযোগ পাওয়ার আশা করার পরও যখন মিথুনকে না নিয়ে বাজে ফর্মে থাকা সেই সৌম্যকেই আবার নেওয়া হয়* মিথুন: ফাইট্টা যায় বুকটা ফাইট্টা যায়,4,4,2,PAg,0.13721043,0.08563704,0.48862627,0.12961264,0.15891358
fb 1890.jpg,১ : আজকাল দুধ অনেক পাতলা হয় ২ : আমকে কেন বলতেছেন ভালো কোনো ডক্টর দেখান ৩ : ওই তুই কি বললি ৪ : ভাগোওওও,1,1,2,PAg,0.10673141,0.092089295,0.38133922,0.25852147,0.16131864
fb 557.jpg,সুন্নতে খৎনা শুনে সারাদিন চিল করার পর পিচ্চি যখন বুঝতে পারে একটু পর তার সম্পদ কেটে দেয়া হবে ..,4,4,0,NoAg,0.84825057,0.112092845,0.009513722,0.0017925168,0.028350292
ovodro_img (385).jpg,সরস্বতী পূজোর সময় মেয়েরা মেকাপ এর আগে মেকাপ এর পরে,1,1,0,NoAg,0.66576666,0.20895635,0.029315658,0.010910802,0.085050486
KAM (175).png,আনুশকা এখন বিরাট কুলি কে ছেরে রুবেল এর সঙ্গে,4,4,4,Oth,0.1128065,0.15688707,0.24821109,0.20082542,0.2812699
pin 56.jpg,"মুম্বইয়ে চাকরির দাবিতে পড়ুয়াদের রেল অবরোধ এরা দেশদ্রোহী, মোদী বিরোধী, এদের পাকিস্থানে পাঠানো হোক...",2,2,2,PAg,0.10281171,0.124247916,0.3376513,0.112538174,0.32275093
fb 1328.jpg,"সরকারি অনুষ্ঠানে আমাকে ডেকে এনে ""জয় শ্রী রাম"" স্লোগান তুলে আমাকে অপমান করা হয়েছে। আমি এর প্রতিবাদে কোনো বক্তৃতা দেবো না। ""আমরা সবাই অযোধ্যায় রাম মন্দির গড়তে টাকা দেবো""",2,2,2,PAg,0.04292446,0.036270726,0.46680614,0.37147287,0.08252574
fb 1834.jpg,সূর্যের নজর টাও আমার মতো দুষ্টু,1,1,0,NoAg,0.27800906,0.23351859,0.166336,0.06976146,0.2523749
in 636.jpg,"টাকা চাইছেন কর্মীরা, হতাশ প্রার্থী, পুরভোটের প্রচারে বিজেপি যেন ঢাল-তলোয়ারহীন 'নিধিরাম'",2,2,2,PAg,0.11189608,0.10317949,0.31898016,0.30978236,0.15616187
KAM (251).png,আজ শুক্রবার কাঁপলদের জন্য রোমান্সের দিন । আর ব্যাচেলরদের জন্য কাপড় ধোয়ার দিন।,0,0,2,PAg,0.14063126,0.10003856,0.37124732,0.23606667,0.15201618
fb 1573.jpg,"সব পদার্থেরই ধর্ম আছে । কিন্তু, নাস্তিকদের কোন ধর্ম নেই । সুতরাং, তারা অপদার্থ !",3,3,3,RAg,0.024281083,0.03174373,0.24254717,0.62859726,0.07283076
fb 812.jpg,ভাত খাওয়ার সময় কোন তরকারি পছন্দ না হওয়ায় যখন ডিম ভেজে খাই | ডিমঃ এইটা বলতে গেলে -আমাদের জমিদারি,4,4,0,NoAg,0.25223348,0.18940653,0.23464242,0.13004215,0.19367556
fb 1467.jpg,"নিজেদের টাইমলিনে কুরআন ও কাবা শরিফের ছবি, মিজানুর রহমান আল-আজহারী এর ওয়াজের ভিডিও শেয়ার দেওয়ার পর: সাওয়াব",3,3,2,PAg,0.074896984,0.055277765,0.44091824,0.31761873,0.11128823
in 279.jpg,৩% বাড়িয়েছি এটাই অনেক; বেশি ঘেউ ঘেউ করবেন না!,2,2,2,PAg,0.10633236,0.099757515,0.32723004,0.31326225,0.15341789
fb 1299.jpg,পাবলিক বিশ্ববিদ্যালয়* ১ম বর্ষ ৪র্থ বর্ষ,1,1,4,Oth,0.21575142,0.22729291,0.16087979,0.12801898,0.26805687
KAM (14).png,আমারও সিক্স প্যাক অ্যাবস আছে যাতে কেউ নজর দিতে না পারে সেই জন্য ভুঁড়ি দিয়া ঢাইকা রাখি,0,0,2,PAg,0.17171678,0.11953298,0.32130897,0.22091669,0.16652459
fb 1874.jpg,এটা আমরা হতে পারতাম কিন্তু তোমারগুলা তো আমারগুলার থেকেও ছোট,1,1,3,RAg,0.100214384,0.11006441,0.28279623,0.33880934,0.1681157
fb 865.jpg,পোলাপান ভাত পায়না খাইতে আর জামাই নববর্ষের রচনা ফরোয়ার্ড করে রাইতে,4,4,2,PAg,0.11350137,0.09835669,0.33900896,0.28705356,0.1620794
tangaila (143).jpg,যখন হঠাত করে হাসানিয়ান বড় ভাই কল দেয় মি : আপনার কি সাদিয়ার নম্বর লাগবো ?,0,0,0,NoAg,0.6366621,0.23209019,0.025806107,0.014348804,0.09109281
fb 196.jpg,আমেরিকার ড্রাইভিং লাইসেন্স বাংলাদেশের ড্রাইভিং লাইসেন্স,2,2,4,Oth,0.13740143,0.15198433,0.26684538,0.16007471,0.28369424
in 116.jpg,বেগম রোকেয়া বেশি পণ্ডিতগিরি না করলে প্রতিটা মেয়ের আজ একটা করে সুখের সংসার থাকতো,1,1,2,PAg,0.17871973,0.16932152,0.2460542,0.19828454,0.2076199
ovodro_img (432).jpg,আরে ও দাদু বলছি সাপ ফনা তোলে তো ??,1,1,3,RAg,0.11398915,0.11933319,0.27524835,0.31263345,0.17879592
fb 448.jpg,"কিছুদিন পরপর একেকজন মা হয়, আর বাবা খুঁজে দিতে হয় সাংবাদিকদের",1,1,0,NoAg,0.60255504,0.20027545,0.06029406,0.022508644,0.11436681
ovodro_img (109).jpg,"ডিয়ার বাংলাদেশ , কাপ জেতার আশা ছেড়ে দাও এটা ভেবে খুশি হও যে, তোমরা ভারতের সাথে ফাইনাল খেলছো",4,4,4,Oth,0.19932751,0.18026178,0.2331798,0.14866762,0.23856333
fb 667.jpg,১ম-৫ম শ্রেণী পর্যন্ত পরীক্ষার প্রস্তুতি ৬ষ্ঠ-১০ম শ্রেণী পর্যন্ত পরীক্ষার প্রস্তুতি কলেজ ও ভাসিটি পরীক্ষার প্রস্তুতি,0,0,3,RAg,0.011635946,0.012882795,0.27522695,0.6494586,0.050795697
fb 1012.jpg,কি ভাই সুরা ফাতিহার অর্থ ঠিক মতো পারেন না আবার প্রতি শুক্রবারে জুম্মা মোবারক মারান,3,3,3,RAg,0.040254887,0.043269943,0.33112055,0.49420303,0.09115161
fb 1279.jpg,হ্যালো জানু এখন রাখি; পরে কথা হবে ভোক্তা অধিকার সংরক্ষণ ভ্লগ দেখতেছি,2,2,2,PAg,0.13576004,0.122355774,0.30895138,0.25181413,0.18111864
blog 411.jpg,এইখানে পষ্ট কইরা লেখা আছে: পাহাড়গুলা শক্ত কইরা বসানো আছে বইলা পৃথিবী হেইলা-দুইলা পড়ে না। (সুরা ১৬:১৫),3,3,3,RAg,0.008057038,0.009599172,0.2659472,0.68655205,0.029844604
fb 494.jpg,"*আমার ছেলেকে আমি বেশি ভালো জানি ! মা; *না তার থেকে ভালো তো আমিই জানি ! গার্লফ্রেন্ড; *সারাবছর হোস্টেলে একসাথে থাকা রুমমেট বন্ধু; কিছুই বলার নহে, কিন্তু চালিয়ে যাও...",0,0,0,NoAg,0.50245976,0.22647986,0.093999766,0.042945478,0.1341152
ovodro_img (785).jpg,"কীরে এত কাঁদছিস কেন ? পূজোর শপিং করতে গিয়েছিলাম এটা তো সুখের বিষয় ! কান্না কেন করছিস... ১০,০০০ টাকার জিনিষ কিনেছি তাহলে তোর প্রবলেম কী ? তুই কান্না কেন করছিস ? জামা প্যান্ট কেনা হয়নি শুধু মেকাপের সব কিছু কিনতেই ১০,০০০ লেগেছে",0,0,3,RAg,0.034028452,0.04608427,0.3783527,0.42628077,0.11525385
blog 166.jpg,প্রার্থনাবদ্ধ দুটো হাতের চেয়ে কর্মরত দুটো হাত সব সময়ই সহস্রগুণ শ্রেয়।,3,3,2,PAg,0.098424695,0.11424348,0.32801005,0.23956454,0.21975724
in 423.jpg,বেঞ্জিমা পিসিমা,2,2,1,GAg,0.2649393,0.32968327,0.084761664,0.063443504,0.2571723
ovodro_img (665).jpg,রঞ্জনা আমি আর আসবো না । রঞ্জনা আমি আর আসবো না ।,0,0,0,NoAg,0.3405608,0.31609523,0.06410212,0.039359353,0.2398824
blog 509.jpg,"পায়ের গোড়ালি ঢাকো, নাইলে আমার ঈমানদণ্ড খাড়ায়া যাইতেসে। মমিন মুসলিম",3,3,2,PAg,0.061411273,0.09693155,0.37973392,0.14179708,0.32012618
fb 780.jpg,"গোসলে গিয়ে পানি ঢালার পর টেংকিতে যখন পানি শেষ হয়ে যায় আমার লাভ-লস নাই, আমার লাইফটাই লস",0,0,0,NoAg,0.8208936,0.12837617,0.012887032,0.002972257,0.03487092
in 20.jpg,ঠিকই ধরেছেন আব্বু আম্মুর বিয়ের একটি ছবি খুজে পেলাম (ভাবছি নিলামে তুলবো ছবিটি কিনতে হলে যোগাযোগ করুন আমার সাথে ),4,4,2,PAg,0.23069541,0.15403666,0.29236823,0.1401637,0.182736
fb 890.jpg,শীতের ভয়ে সাতদিন পর একদিন গোসল করিস আবার কে গোসল করলো কি করলো না এসব নিয়ে এলাকায় মারামারি করোস কেন!,0,0,0,NoAg,0.50300425,0.22235402,0.09752366,0.041777283,0.13534077
bamboo-vaiya (234).jpg,যখন তুমি টাইম মেশিন দিয়ে ভবিষ্যতে যাও আর গিয়ে দ্যাখো তোমার ছেলে সব মিম এ লাইক দেয় আর নাইচ অল কমেন্ট করে তুমি-,4,4,0,NoAg,0.7034783,0.18751469,0.028777536,0.010703903,0.06952558
in 618.jpg,"তৃণমূল করে খাওয়ার জায়গা নয়, পুরভোটের প্রচারে হুঁশিয়ারি অভিষেকের অভিষেক এটা একদম ঠিক বলেছে ...",2,2,3,RAg,0.018544149,0.021431534,0.3275037,0.5768434,0.055677176
Halal Memes (99).jpg,যে দিন স্কুলে না গিয়ে স্কুলের সামনে দিয়ে কথাও বেরাতে যাই,0,0,0,NoAg,0.3045806,0.27148438,0.11900759,0.10714313,0.19778426
chosha (73).jpg,"মুলো না গাজর ? চাইনা গাজর , চাইনা মুলো যদি থাকে বাড়াতে জোর",1,1,4,Oth,0.10771255,0.23325224,0.12921807,0.18058771,0.34922945
bamboo-vaiya (23).jpg,"আমি তোমাকে ছাড়া বাঁচবো নাহ হ্যাঁ, চুদে দেওয়ার আগে সবাই এই কথাই বলে",1,1,0,NoAg,0.43645638,0.25335127,0.090696074,0.055776514,0.16371974
blog 74.jpg,"আমি তোমার জন্য দোয়া করবো । ইয়া মাবুদ, বিতর্কের সময় আমার দেখানো সব পয়েন্টই যে সঠিক, তুমি বোকচোদ নাস্তিকটারে সেইটা বোঝার তওফিক দান করো । আমিন ।",3,3,0,NoAg,0.36578014,0.24962588,0.11572669,0.07805291,0.19081436
ovodro_img (626).jpg,বাকী জায়গায় লোক দেব কে ৫ বছর যেভাবে দেখেছে ! ঘাটালের লোক দেবকে ৫ বছর যেভাবে দেখেছে !,4,4,2,PAg,0.087024726,0.07344264,0.36883613,0.3287893,0.14190717
fb 1508.jpg,"মহাদেশের সর্বোচ্চ কালীমন্দির ভেঙে যারা করে দিলো সাফ ঢাকার রমনা কালীমন্দির সাফ করে মুজিব নির্মিত সুরাবর্দি উদ্যান বাঙালি তোমার শত্রু চেনে, কোন দিনও তাদের করো নাকো মাফ",3,3,3,RAg,0.017080279,0.025656173,0.29563308,0.5689585,0.09267193
fb 1607.jpg,নাস্তিকরা যখন ফ্যামিলিতে নাস্তিক যখন মার্কেটিং এ নাস্তিক যখন ফেসবুকে ও পার্টতে,3,3,0,NoAg,0.4565282,0.27192238,0.06604069,0.04463467,0.16087401
blog 29.jpg,কোরান না পড়ে ইছলামের সমালোচনা করার অধিকার কারুর নেই | বিষ্ঠা না খেয়ে বিষ্ঠার সমালোচনা করার অধিকার কারুর নেই ।,3,3,2,PAg,0.14417613,0.11564652,0.3623694,0.20994462,0.16786331
ovodro_img (64).jpg,ও নিশ্চয় অন্য মেয়েদের কথা ভাবছে ! কিছুদিন বাদেই দুর্গা পূজো সবার জন্য সোপিং করতে হবে,0,0,3,RAg,0.08681661,0.1478378,0.20240645,0.34159577,0.22134343
in 13.jpg,মানুষ কোলবালিশ নিয়ে ঘুমায় আমি বই নিয়ে ঘুমাই,0,0,2,PAg,0.11679593,0.114579506,0.29912004,0.2979985,0.171506
fb 874.jpg,শীতকালে দিন ছোট হয় শীতকালে আরো অনেক কিছু ছোট হয়,0,0,1,GAg,0.25562564,0.26539007,0.13831784,0.10159585,0.23907062
in 247.jpg,দেখতে পাচ্চো বিনোদ... ভোটের আগে দলীয় ক্যাডারদের কিভাবে কনস্টেবল করার ছক করা হচ্ছে,2,2,2,PAg,0.111216746,0.09004938,0.37817478,0.26486227,0.15569684
fb 1266.jpg,ভাই! ওরা পুরুষকে গালি দিছে। ভাই! ওরা নারীকে গালি দিছে।,1,1,0,NoAg,0.29517224,0.22453305,0.16679053,0.11520792,0.19829626
in 387.jpg,"অতিরিক্ত শূন্যপদ তৈরি হয় ব্রাত্য বসুর নির্দেশে', দাবি শিক্ষাসচিবের বিধানসভায় বিজেপি বিধায়কদের নিয়ে মুখ্যমন্ত্রীর ঘরে শুভেন্দু ..... ক্রিয়ার সাথে সাথেই প্রতিক্রিয়া ঘটে",2,2,2,PAg,0.016255034,0.022354843,0.56960666,0.28479856,0.106984854
fb 342.jpg,দুধ বড় করলেই মাগি হওয়া যায় না মাগি হতে হলে ছিদ্র বড় করতে হয়,1,1,2,PAg,0.15504675,0.13340421,0.30720782,0.22109127,0.18324992
ovodro_img (511).jpg,জেঠ্যু একবার হবে নাকি ? বেল্ট দিয়ে ছাল ছাড়াতে ডাকছে না কী চা টা খেতে ডাকছে ?,1,1,2,PAg,0.08791215,0.11890566,0.29425403,0.258485,0.24044316
fb 656.jpg,"নিজের পায়ে দাঁড়ানোটাই জরুরি, বিয়ে করা জরুরি না!' শারমিন আক্তার পুরুষ জাতি:",1,1,2,PAg,0.15907243,0.13849153,0.28113896,0.2183905,0.20290658
fb 1792.jpg,"অন্য কিছু নাহ পিল্টার থেকে কি ভাবে পিওর পানি বের করতে হয় এটাই দেখানো হচ্ছে এখানে, তাও কিছু লিজেন্ড ঐ টাই বলবে",1,1,2,PAg,0.10942934,0.0928315,0.36289716,0.29592523,0.13891684
fb 776.jpg,ছোটবেলায় মেলা থেকে আমার জন্য আব্বু কোনো খেলনা কিনে আনার পর *খেলনা *আমি *ছোটভাই,4,4,0,NoAg,0.5598212,0.23008735,0.059929334,0.02487438,0.12528768
bangla-troll (59).jpg,"১০% মেয়ে ফুটবল, ক্রিকেট এই খেলাগুলা পছন্দ করে আর বাকি ৯০% মেয়ে ছেলেদের জীবন নিয়ে খেলতে পছন্দ করে !",1,1,0,NoAg,0.41655463,0.23773396,0.12032502,0.064782314,0.16060416
fb 1680.jpg,হুজুর ! ইসলাম অর্থ শান্তি আর মুসলমান মানেই শান্তিকামি .. নয় কী ? চুবানাল্লাহ ! অবশ্যই ঠিক কইসেন .. তো হুজুর ! 'সমকামি' ও 'পায়ুকামি'র মতো 'শান্তিকামি' মানে 'শান্তি'রে ধরি বলাৎকার করা বুঝাবেনা কেনু ? হালার নাস্টেক ! আজকেই ধড় থিকা তুর কল্লা নামাইয়া দিমু..,3,3,3,RAg,0.0015443884,0.0021614844,0.15480699,0.83312356,0.008363627
fb 1846.jpg,১৪ই ফেব্রুয়ারি ১৫ই ফেব্রুয়ারি,1,1,0,NoAg,0.4044328,0.26740816,0.09294558,0.039528422,0.19568491
fb 921.jpg,পাবনা পাগলা গারদ,4,4,1,GAg,0.25982916,0.3614749,0.061855245,0.048883002,0.26795763
fb 100.jpg,ভূমিকম্প হইলেই বাঙালী ধার্মিক হয়ে যায়,3,3,0,NoAg,0.551582,0.22245426,0.06489959,0.014786445,0.14627773
Halal Memes (24).jpg,যখন আপনার বাসার বাথরুমে টাইলস না থাকার ফলে বাথরুমে কয়টা টাইলস আছে সেটা গুনে এফবিতে স্ট্যাটাস দিতে পারেন না-,0,0,2,PAg,0.25848964,0.16117762,0.2788358,0.14917949,0.15231745
Bangla Thug Life (48).jpg,*ছোট ভাই *আব্বু *আমি *আম্মু *কনডমের অ্যাড,0,0,1,GAg,0.33467853,0.35501993,0.042801794,0.048355393,0.21914446
tangaila (235).jpg,যখন ঘাটাইলের মেয়ে জানতে পারে তার এক্স এখন অনেক টাকার মালিক :- তার এক্স ঘাটাইলের মেয়ে*,1,1,0,NoAg,0.67641306,0.2136405,0.02361617,0.011011817,0.075318575
Bangla Thug Life (274).jpg,কাজে দেরি করে আসায় শিশুটিতে কি নির্যাতন করা হচ্ছে,1,1,3,RAg,0.10004054,0.102476455,0.2911171,0.32859176,0.17777415
fb 158.jpg,নারীকে শাড়ি দিবেন জ্ঞান নয়।,1,1,1,GAg,0.18991159,0.3217507,0.10755872,0.07935097,0.30142796
Bangla Thug Life (99).jpg,ম্যাথ ক্লাস শেষ হওয়ার পর আমার মাথায় আসমান ভাইঙ্গা পরসে,0,0,0,NoAg,0.5580885,0.24418654,0.048933793,0.025026785,0.12376442
blog 2.jpg,জাপানি পর্ন মুভিগুলোয় পুরুষ ও নারীর যৌনাঙ্গ যেভাবে অস্পষ্ট করে দেয়া হয়ে থাকে; জার্মানির চ্যান্সেলর মেরকেলের চুলের ওপরে সেই একই পদ্ধতি প্রয়োগ করেছে চৌদি সরকারী টিভি-চ্যানেল একমাত্র ইছলামই নারীর চুলকে দিয়েছে যৌনাঙ্গের মর্যাদা,3,3,3,RAg,0.00027234227,0.00042760037,0.13651639,0.8586712,0.0041124867
fb 1250.jpg,বাংলাদেশ-ভারত ভাই ভাই,2,2,1,GAg,0.23631804,0.30510363,0.09539322,0.11602588,0.24715921
blog 237.jpg,"তোমরা পাথর নিক্ষেপ করে নারীহত্যা করো আল্লাহ, নবী ও ইছলামের নামে",3,3,3,RAg,0.05542197,0.06143968,0.2950085,0.46374872,0.12438117
in 178.jpg,এমন ফ্রেম সম্ভব হলেও হতে পারে কিন্তু দূর্নীতিমুক্ত তৃণমূল কোনোদিনই সম্ভব নয়,2,2,3,RAg,0.039881073,0.050576564,0.27461332,0.5316069,0.10332216
fb 382.jpg,বিয়েবাড়িতে মেয়েরা বেশি খাওয়া যাবে না ডায়েটে আসি; যাদের বিয়ে তাদের সাথে ছবি তুলতে হবে হ্যা এত সেজেগুজে আর মেকাপ করে এসেছি ছবি তুলতে হবে খাওয়া দওয়া বাদ ছেলেরা ভাই প্রথমেই বসে যেতে হবে খেতে কোনো কথা নাই হ্যা ভাই তারপর দাঁড়়িয়ে মেয়ে দেখা যাবে,0,0,3,RAg,0.05115377,0.0622261,0.31609127,0.4340225,0.13650627
fb 1850.jpg,যত্ন নিলে মরা গাছেও ফুল ফুটে,1,1,4,Oth,0.19865297,0.28362855,0.12489595,0.07070666,0.32211584
direct-offense (10).jpg,তিতলি কী পারবে ? আমাকে একটা গালফ্রেন্ড এনে দিতে ,4,4,4,Oth,0.15399146,0.28569427,0.11870469,0.14885288,0.29275668
in 213.jpg,পিসি সততার প্রতীক দূর্নীতি,2,2,2,PAg,0.14953908,0.15237029,0.25091258,0.24537365,0.20180444
fb 1712.jpg,মঙ্গল শোঙাযাত্রা করছেো? মঙ্গল তুমি রাখো ! শোভা'রে পাঠায় দাও আমার কাছে..,3,3,0,NoAg,0.4539453,0.2206877,0.11492135,0.050588183,0.15985753
fb 2078.jpg,যে যেটা পছন্দ করে হেটারসরা বলবে আমি নাকি রোনাল্ডোকে ট্রোল করছি,4,4,3,RAg,0.15037362,0.16803898,0.2269477,0.23757371,0.21706603
bamboo-vaiya (11).jpg,আরে ভাই একটা দল ছিল যারা কিনা এবারের লিগ জেতার স্বপ্ন এখনও দেখে নাম বললে মান সম্মান থাকবে না তুমি আবার রিয়াল মাদ্রিদ সুদাও কেন ?,4,4,2,PAg,0.10000682,0.07707429,0.4354908,0.26596263,0.121465534
Halal Memes (14).jpg,*রিটেক *আমি *পাশ,4,4,1,GAg,0.18542486,0.38042808,0.056965955,0.08119199,0.2959892
fb 1609.jpg,মানব ধর্মের মানুষ গুলো দেখতে এমন,3,3,2,PAg,0.11785097,0.12355316,0.28940067,0.28818655,0.18100868
Halal Memes (227).jpg,প্রিন্সিপাল ম্যাডাম যখন আমাকে উনার অফিসে ডাকেন লে আমার বন্ধুরা:,0,0,0,NoAg,0.6220243,0.21330394,0.04516999,0.017442752,0.10205897
tangaila (182).jpg,ট্যুরে যাওয়ার প্লান করার সময় বন্ধুরা সহ ট্যুরের দিন আমি একা,0,0,0,NoAg,0.800509,0.1406003,0.013377688,0.0028587212,0.04265427
in 595.jpg,বলছি বিধিনিষেধ বড়দিনের আগেই চালু করতে হতো... তবে মদ বেচে এতো কোটি টাকা কোথা থেকে আসতো ? টাকা না এলে লক্ষীভাণ্ডার ভরবে কিসে?,2,2,3,RAg,0.06624768,0.06354433,0.33506536,0.4194237,0.11571899
fb 1377.jpg,বামপন্থী আন্দোলনের ভিতরে থাকা দক্ষিণপন্থী মনোভাবাপন্ন লোকদের সমালোচনা করা বামপন্থীরা। কোনোরকম রাজনৈতিক জ্ঞান না থাকা মাথামোটা দক্ষিণপন্থী আইটি সেল কর্মী।,2,2,3,RAg,0.090774104,0.10115701,0.27174518,0.34863782,0.18768592
fb 1446.jpg,"সুইডেনে কোরআন পুড়িয়ে কট্ররপন্থিদের বিক্ষভ অনলাইন ডেস্ক । ২২ জানুয়ারি, ২০২৩ ১২:৩৯",3,3,2,PAg,0.118650414,0.13221827,0.32109827,0.14704676,0.28098634
fb 1262.jpg,ইসলামিক দেশের বই-মেলাতে ইসলামিক বই নিষিদ্ধ করে কি শান্তির ঘুম ঘুমাচ্ছে কু#ত্তার বাচ্চা গুলো,3,3,2,PAg,0.047913697,0.05765655,0.402032,0.3371861,0.15521178
in 605.jpg,বর্ষসেরা ব্যবসায়ী (কয়লা /বালি) ভাইপো,2,2,2,PAg,0.15072991,0.13841692,0.27887577,0.24981835,0.18215911
bamboo-vaiya (16).jpg,-মনে করো আমি তোমার বন্ধু এখন বলো আমি কি খারাপ ? - না দোস্ত তুই একটা মাদারচোদ,4,4,1,GAg,0.37355083,0.40074736,0.022386536,0.03424098,0.16907428
Halal Memes (317).jpg,সরকার যদি আপনার বাসার নিচে তেলের খনি পায় তাহলে সেটা সরকারের কিন্তু যদি গাঁজা পায় সেটা আপনার,0,0,3,RAg,0.06282089,0.060313117,0.38150397,0.3855046,0.109857336
in 152.jpg,সামনে পঞ্চায়েত ভোট আসছে মাসিমা আমাকে চিনতে পারছেন তো? কেন চিনতে পারবো না! টিভিতে কতবার দেখেছি টাকার বান্ডিল নিতে,2,2,3,RAg,0.07027612,0.07053901,0.33083758,0.39304122,0.13530613
fb 1771.jpg,আর্জেন্টিনাদের খেলার জন্য মাঠ প্রস্তুত,1,1,1,GAg,0.22386235,0.40415713,0.048601918,0.066506796,0.25687185
Bangla Thug Life (378).jpg,গার্লফ্রেন্ড পেয়ে ফ্রেন্ডদের ভুলে যাওয়া ফ্রেন্ডের যখন ব্রেকাপ হয় ফ্রেন্ডরা: এটাও আল্লাহ তায়ালার একটা নিয়ামত,0,0,0,NoAg,0.36145678,0.2131736,0.16176029,0.07545866,0.18815069
bangla-troll (33).jpg,মেয়েটা আমাকে দেখে চোখ টিপ দিয়েছে ... নিশ্চয়ই তার চোখে সমস্যা আছে !,0,0,2,PAg,0.122980475,0.09754386,0.37179643,0.27084434,0.1368349
fb 1961.jpg,কৃষি শিক্ষা ক্লাস করাচ্ছে স্যারে,1,1,3,RAg,0.06753018,0.108944595,0.24346086,0.33939657,0.24066785
bamboo-vaiya (180).jpg,দুর্বল হওয়ার থেকে মাদারচোদ হওয়া উত্তম । -নুনুকাটা গ্রেজয়,4,4,1,GAg,0.26932466,0.36999995,0.053368352,0.036841057,0.27046597
in 488.jpg,একটা যুবরাজ দেখান তো! সস্তার কিছু দেখান...,2,2,3,RAg,0.086450025,0.10502587,0.26324096,0.3700954,0.17518777
blog 161.jpg,-বেহেশতে গিয়ে পুণ্যবতী মুছলিম জেনানার প্রধান কাজ কী হবে? -তার স্বামীর ৭২ হুরের কাপড়চোপড় ধোওয়া ও ইস্ত্রি করার জন্য বুয়া লাগবে না!,3,3,3,RAg,0.037441876,0.03710355,0.37105757,0.46521106,0.08918598
KAM (72).jpg,বাবা আমি সত্যি বলছি বাথরুমে ঐটা শ্যাম্পু পড়ে আছে হইছে আর মিথ্যা বলা লাগবে না তোমার ওই বয়সে থাকতে আমিও এইরকম অনেক শ্যাম্পু ফেলেছি,0,0,0,NoAg,0.43355134,0.21001029,0.14448783,0.060117926,0.15183264
bamboo-vaiya (110).jpg,বিশ্বাসের ভাইরাস অভিজিৎ রায়,4,4,3,RAg,0.08439287,0.09288419,0.30977336,0.31255168,0.20039791
tangaila (288).jpg,হ্যাপি নিউ ইয়ার জুমা মোবারক,3,3,4,Oth,0.16126233,0.17520297,0.20747766,0.22771321,0.22834381
fb 460.jpg,যাকে ভালোবাসা যায় তাকে ময়লা কাপড় আর ছেড়া জামাতেও ভালোবাসা যায়!,0,0,0,NoAg,0.3272536,0.24915616,0.13010906,0.087752186,0.20572895
ovodro_img (436).jpg,আমি বাললায় গান গাই আমি বাললায় গান গাই আগে বাংলা টা ঠিক করে বল তারপর না হয় বাংলায় গান করিস,4,4,0,NoAg,0.4633139,0.20454088,0.12755017,0.051572513,0.15302256
fb 1330.jpg,বাবা বলেছেন আপনি নাকি আমাদের পার্সোনাল ডাটা চুরি করেন? উনি তোমার আসল বাবা নন,4,4,0,NoAg,0.35346404,0.22854964,0.14395718,0.08386657,0.1901626
in 145.jpg,লোকটা কালীঘাটে শুধু জানতে গিয়েছিলো তৃণমূলের দলীয় প্রার্থীর নাম ঠিক করার ভোটও অবাধ; শান্তিপূর্ণ করার জন্য কেন্দ্রীয় বাহিনী মোতায়েন করতে হবে!?,2,2,2,PAg,0.016761411,0.027632054,0.46831143,0.3332668,0.1540283
blog 102.jpg,"অমুছলিম যুদ্ধবন্দী নারীদের লজ্জা দিতে ও অবমানিত করতে তাদেরকে ধর্ষণ করার অধিকার আল্যা মুছলিম পুরুষদের দিয়েছেন - সুয়াদ সালেহ (ইছলামী অধ্যাপক, আল-আজহার বিশ্ববিদ্যালয়)",3,3,2,PAg,0.028115258,0.040047567,0.42389926,0.36609468,0.14184326
fb 66.jpg,সেই খুশির মুহূর্ত যখন দুই বন্ধু একসাথে ফেইল করি,0,0,0,NoAg,0.6352254,0.23302858,0.029340329,0.014238689,0.08816705
in 596.jpg,"আবার বিধিনিষেধ চালু হলো! খেটে খাওয়া মানুষ গুলো কোথায় যাবে!? বিধিনিষেধ আরোপ মানেই বাবুদের সাইড ইনকাম পথেঘাটে পেটিকেস, কালীঘাটে স্যুটকেস!",2,2,3,RAg,0.0758018,0.07441821,0.32401425,0.3829043,0.14286144
pin 24.jpg,শিক্ষা মন্ত্রী টুকে পাশ শিল্প টাইম পাস অর্থ মন্ত্রী দিচ্ছে বাঁশ ক্রীড়ামন্ত্রী কারাবাস নগর মন্ত্রী ঘুষ খাস কৃষি মন্ত্রী ফোর পাস বাকি গুলো দলদাস মুখ্য মন্ত্রী সর্বনাশ বঙ্গবাসীর লন্ডন বাস,2,2,3,RAg,0.0015892048,0.0023128176,0.14706543,0.83963495,0.009397521
fb 1766.jpg,বন্ধুর শালীর পমপম আমি,1,1,1,GAg,0.25021154,0.2922607,0.10105549,0.09114949,0.26532274
KAM (105).jpg,এক চুটকি সিন্দুর কি কিমাত তুম ক্যায়া জানো রামেশ বাবু আমি জনব কেমনে? আমি লাগাই নাকি?,0,0,2,PAg,0.1549358,0.10570594,0.36145785,0.2177938,0.1601066
blog 390.jpg,"নিজেরে যখনই আবাল মনে হবে তখন মনে কইরেন, আল্যার দুনিয়ায় আপনের চেয়ে বহুত গুণ বেশি আবাল আছে কোটি কোটি, যারা বিশ্বাস করে, একদিন সূর্য উঠবে পচ্চিম দিকে",3,3,3,RAg,0.0012660564,0.0020669233,0.112648256,0.87626576,0.007752963
fb 1677.jpg,মানলাম আমি হারাম । কিন্তু সৃষ্টিকর্তা কতবড় হারামি হলে আমার মত হারাম প্রাণীর সৃষ্টি করতে পারে?,3,3,2,PAg,0.15285726,0.16454764,0.2776296,0.14728153,0.25768402
Bangla Thug Life (66).jpg,ডাটা প্যাক না কিনেই যখন আপনি ব্রাউজিং শুরু করেন সিম কোম্পানি: আপনি:,0,0,2,PAg,0.1375355,0.13387626,0.3233793,0.17121069,0.23399821
in 182.jpg,হু হু করে নাকি কমে যেত বয়স! বাদরের অন্ডুকোষ মানবদেহে প্রতিস্থাপন করে চমকে দেন চিকিৎসক এইটে আগে জানানো উচিং ছিল....,2,2,3,RAg,0.009370299,0.009623728,0.24280614,0.7037433,0.0344565
fb 539.jpg,শাহীন কী ন'টির পোলাকে ধরতে পারছিলো?,4,4,3,RAg,0.065907344,0.15418144,0.18297853,0.3062365,0.29069614
fb 1838.jpg,আরেকটু খাও বাবু । না খেয়ে দিনদিন শুকিয়ে যাচ্ছো যে ।,4,4,3,RAg,0.091397285,0.1100002,0.2805628,0.29997665,0.21806307
in 377.jpg,"আডবাণীর নেতৃত্বে বিজেপি এসে উদ্ধার করে! দাবি শুভেন্দুর| সিঙ্গুর আন্দোলন কোনও আন্দোলনই ছিল না, দাবি শুভেন্দুর এইভাবে সব বলে দিলে দুজনের কারোরই লাভ হবেনা",2,2,2,PAg,0.07984445,0.08381268,0.42446288,0.21726453,0.19461545
fb 142.jpg,সেই প্যারাময় মুহূর্ত : যখন পিজ্জা খেতে গিয়ে কামড় পিজ্জাতে না লেগে নিজের হাতেই লাগে!,0,0,0,NoAg,0.2521656,0.20097701,0.20076136,0.119889125,0.22620691
fb 1088.jpg,স্যার কোনভাবে দুই দলকেই হারিয়ে দেওয়া যায় না!,4,4,0,NoAg,0.3291893,0.25363615,0.11777017,0.081591904,0.21781248
in 28.jpg,ঘরের সব কাজ করার পর যখন বুঝতে পারি যে ঘরের সব কাজ আমি একাই করে ফেলেছি আম্মু আমাকে কি তোমার বুয়া মনে হয়? থাকমোনা আমি তোমার ঘরে আমি কোরিয়া আমার ইয়ের কাছে যামোগা,0,0,0,NoAg,0.683973,0.20916548,0.025214074,0.0105776405,0.0710698
tangaila (108).jpg,তার হাজবেন্ড বিন্দুবাসিনীর মেয়ে,1,1,1,GAg,0.23487818,0.30661935,0.09477166,0.09328062,0.27045023
bamboo-vaiya (334).jpg,*৯ বছরের আমি *বিস্কুটের ক্রিম,1,1,1,GAg,0.28027013,0.29773667,0.09595113,0.094226144,0.23181593
fb 1128.jpg,"মাদখালী, সরকারপন্থী দেওবন্দী, তাদের জিহাদোফোব সমর্থকবৃন্দ। জিহাদিস্ট, ইসলামিস্ট মিলিটারি অর্গানাইজেশন, তাদের সমর্থকবৃন্দ।",3,3,2,PAg,0.048641097,0.0536876,0.44832006,0.28364283,0.16570842
in 471.jpg,"জামিন দিন, আমাকে বাঁচতে দিন! শুনানিতে কেঁদে ফেললেন পার্থ, ফের জেল হেফাজত চাইল ইডি আপনি একদম চাপ নেবেন না... পিসি ঠিক ভিতরে ভিতরে আপনার জামিন করে দেবেন",2,2,3,RAg,0.0064571747,0.0063522384,0.3906855,0.5679502,0.028554952
fb 1434.jpg,"কেবল হোঃ হোঃ হোঃ, কেষ্টদাসের পিসি- বেচত খালি কুমডো কচু হাঁসের ডিম আর তিসি।",2,2,2,PAg,0.13153762,0.08556657,0.38708758,0.24831039,0.1474978
fb 1482.jpg,কি দিন আইলো রে ভাই! হুজুররাও নাকি ইত্যাদি তেলেসমাতি জিনিসের নাম জানে!,3,3,4,Oth,0.22448324,0.23517206,0.14971627,0.121299185,0.26932922
pin 19.jpg,"ভদ্রমহিলা ছাতা সারাতে গেছেন আপনার উপরের কাপড় খুলতে হবে; আর নিচে ডান্ডাও লাগাতে হবে| যা করার করো, শুধু মনে রেখো ভিতরে জল না পড়ে!",1,1,2,PAg,0.065720595,0.052868273,0.53801787,0.17801496,0.16537826
bangla-memes (50).jpg,বাজারের সবচেয়ে* কমদামী গরু *আমার আব্বু,0,0,0,NoAg,0.37043768,0.29468706,0.07845752,0.056280725,0.20013703
Halal Memes (245).jpg,নতুন শার্ট নিয়ে আসা বিদ্যমান । আম্মু: কত নিছে ? আমি: ফ্রী'তে পাইছি আম্মু । আম্মু: তাও ঠকছোস । আমি হইলে ফ্রী'তে দুইটা নিতাম লে আমি:,0,0,0,NoAg,0.4929741,0.26736665,0.05922994,0.03584288,0.14458647
blog 494.jpg,রিজিকের মালিক আল্লাহ,3,3,3,RAg,0.07203611,0.07286307,0.27066243,0.44394955,0.14048886
KAM (415).jpg,বাথরুমে এতক্ষণ কি করছ? বিয়ে-শাদি দাও না বাথরুমে তো সময় লাগবেই,0,0,0,NoAg,0.31514522,0.2469491,0.13482979,0.085733466,0.21734238
blog 297.jpg,সজাগ হোন আল্লাহু আকবর ! ঘুমিয়ে থাকুন ইছলামের সমালোচনা করা হীনতা ।,3,3,4,Oth,0.104999416,0.21772894,0.14934379,0.17836249,0.34956542
blog 32.jpg,কুরান ৬:১১৫/১৮:২৭ কেউ আল্লার কথা বিকৃত করতে পারে না । তাইলে... মডারেটরা যে বলে জংগিরা কুরানের অর্থ বিকৃত করে জংগী হয়ে উঠে এইটা কার কুরান ?!,3,3,2,PAg,0.039191764,0.051635362,0.3970572,0.36068913,0.15142651
fb 1973.jpg,*একটা হট ছবি পাঠাও* বয়ফ্রেন্ডের জন্য বেস্টফ্রেন্ডের জন্য জাস্টফ্রেন্ডের জন্য,1,1,2,PAg,0.13289489,0.10750146,0.3164809,0.26667616,0.1764466
KAM (795).jpg,বিউটি পার্লারে যাওয়ার আগে: বিউটি পার্লার থেকে বের হওয়ার পর,4,4,0,NoAg,0.8032553,0.12276241,0.025880069,0.0041991044,0.04390319
KAM (92).png,আড়াই টাকার পারফর্মেন্স হাজার টাকার ফায়দা!,4,4,4,Oth,0.14474326,0.21108344,0.17943572,0.19409841,0.27063918
fb 601.jpg,"""আন্টি আপনার মেয়ের নাম ছোট করে রাখা উচিত ছিল। আমার বন্ধুর হাত কেটে লিখতে কষ্ট হয়""",4,4,0,NoAg,0.2594895,0.21824874,0.18745904,0.1649746,0.169828
in 314.jpg,তৃণমূল ভবনের দরজা সৎ লোকেদের জন্য দুর্নীতিগ্রস্তদের জন্য,2,2,2,PAg,0.115055434,0.10068786,0.34408987,0.28020102,0.15996587
in 82.jpg,উচ্চতা সষ্পন্ন পঞ্জাবি পরিহিত চাপ দাড়ি রাখা ছেলে অস্তিত্ব রাখে *বাঙালি মেয়ে উফফ আমি এরকম ঘেমে যাচ্ছি কেন ? আমার মনটা এরকম দুর্বল হয়ে পড়ছে কেন,1,1,0,NoAg,0.7418054,0.1473389,0.038441684,0.0049845837,0.06742942
KAM (117).png,ক্লাসের সব চেয়ে ব্রিলিয়ান্ট স্টুডেন্টের পাশে পরীক্ষার হলে সিট পরছিল! কিন্তু শালা তার হাতের লেখা এত সুন্দর যে বুঝতেই পারি না!,0,0,2,PAg,0.046606902,0.04311738,0.43844712,0.35727498,0.114553645
bamboo-vaiya (240).jpg,"জীবনে প্রথম প্রেমটা রিয়েল হয়, আর সেটা ও হয় এক বারোভাতারি মালের সাথে",1,1,2,PAg,0.12733136,0.11465651,0.31584644,0.26541322,0.17675251
bangla-gag (80).jpg,"আসলামুল হক আসলাম সংসদ সদস্য, ঢাকা-১৪ আসন মজা পাইলাম !",2,2,2,PAg,0.10326947,0.12070948,0.3251906,0.18314533,0.26768506
ovodro_img (272).jpg,"সেদিন ঝাল লাগলো কেনরে আমার ওখানে ? হুহু , জানেও না আমার বাড়ী শ্রীলঙ্কা ঝাল তো লাগবেই",1,1,2,PAg,0.17253761,0.14261113,0.28759453,0.18172652,0.21553025
in 552.jpg,গত ৭০ বছরে কংগ্রেস দেশের জন্য কি করেছে? বলবো না। কেন? বললেই আপনি সেগুলো বিক্রি করে দেবেন!,2,2,3,RAg,0.044558693,0.05045225,0.3625488,0.4224659,0.119974285
fb 334.jpg,দোস্ত ভিতরে পরে গেছে! ! সমস্যা নাই! তুই চালিয়ে যা বয়ফ্রেন্ডের উপর দোষ চাপিয়ে দিবো!,1,1,0,NoAg,0.30429852,0.2563537,0.13531622,0.12083232,0.18319917
Bangla Thug Life (246).jpg,কচি দেবর দেখা বিদ্যমান সাবিতা ভাবি বি লাইক:,1,1,4,Oth,0.15064517,0.33089122,0.07890484,0.04579455,0.39376426
in 102.jpg,করোনায় আক্রান্ত 'টুম্পাসোনা',4,4,4,Oth,0.17552224,0.25796306,0.14181313,0.14118843,0.28351313
fb 1721.jpg,তুমি কামের ফাঁদে পড়েছ তুমি রামের ফাঁদে পড়েছ,3,3,4,Oth,0.2069251,0.17014287,0.22497621,0.16702965,0.23092608
blog 299.jpg,"পলিনেশিয়ান ঈশ্বর লোনোর কথা শুনলে আপনার হাসি পায়, ঠিক না? জানেন, আপনার ঈশ্বরের কথা শুনলে আমারও ঠিক একই অবস্থা হয় ।",3,3,3,RAg,0.0076786773,0.014038003,0.19897035,0.7310385,0.04827445
ovodro_img (541).jpg,"কোম্পানিতে জয়েন করলে ১০,০০০ আর ছয়মাস এর পরের থেকেই ২০,০০০ হবে মাইনে ! তাহলে কবে থেকে জয়েন করবে ? ছয়মাস পরে থেকেই করব জয়েন",0,0,2,PAg,0.0892058,0.07026297,0.5160341,0.18232001,0.14217718
Halal Memes (56).jpg,*দোকানের বেগুনি *বাসার বেগুনি,0,0,2,PAg,0.14294542,0.14794435,0.270689,0.21763879,0.22078249
fb 1661.jpg,"কৃষ্ণ এখন সখীদের নিয়ে ফষ্টিনষ্টিতে ব্যস্ত, আবাল ভক্তদের দিকে তাকানোর সময় নেই জন্মাষ্টমীর উৎসবে দুর্ঘটনা, কচুয়ায় পদপিষ্ট হয়ে মৃত ৬, খবর ফটাফট বৃষ্টিতে হুড়োহুড়ি, মৃত্যু",3,3,3,RAg,0.0495623,0.07037327,0.32479864,0.36614007,0.18912578
fb 108.jpg,তুমি যদি এই কাজটি করে থাকো তাহলে তোমার শৈশব অনেক জোশ ছিলো,0,0,0,NoAg,0.30517927,0.22815017,0.15521418,0.10133134,0.21012503
fb 1124.jpg,ইংরেজি ভাষায় বাংলা ভাষা শহীদদের স্মরণ ব্র্যাক ইউনিভার্সিটির *ব্র্যাক ইউনিভার্সিটি এই শহরে আমার মত দেশ প্রেমিক আর একটাও নাই,4,4,2,PAg,0.031019134,0.032813713,0.4896856,0.32584575,0.12063576
fb 740.jpg,গাঁজার আগুনে পোড়ানো হলো প্রেমিকার লাশ গাঁজাখোর দের গার্লফ্রেন্ডঃ,4,4,2,PAg,0.101317696,0.096869774,0.38801977,0.19340521,0.22038758
bangla-gag (6).png,"পড়াশুনা না করলে আমও যাবে, ছালাও যাবে ছালা দিয়ে কি করবো?",0,0,4,Oth,0.24038632,0.24719237,0.14795807,0.103999734,0.2604635
in 105.jpg,ফেসবুকঃ আমি সব কিছু জানি গুগলঃআমার কাছে সব কিছু আছে ইন্টারনেটঃ আমি ছাড়া তোরা কিছুই না চার্জারঃ আওয়াজ নিচে *লে কারেন্টঃ,0,0,4,Oth,0.12172521,0.1719049,0.22990996,0.20499964,0.27146024
ovodro_img (662).jpg,পারবো না হতে আমি রোমিও,0,0,1,GAg,0.21665278,0.30962884,0.08746075,0.11042381,0.2758338
chosha (118).jpg,যখন আমরা গালফ্রেন্ডের মুখে ললিপপ চুষতে দেই,1,1,0,NoAg,0.37251282,0.23591727,0.1201219,0.08388036,0.18756768
in 460.jpg,বড়ো হয়ে তোমরা কি করবে? চায়ের স্টল ঘুগনির দোকান তেলেভাজা দোকান,2,2,3,RAg,0.0835672,0.096595965,0.28001297,0.3845006,0.1553232
in 519.jpg,এই যে মন্ত্রীসভায় রদবদল মনেহয় পরিবর্তন কিছু হবে? প্রথম ব্যাচের খাওয়া শেষ এবার দ্বিতীয় ব্যাচ খাবে,2,2,2,PAg,0.08971547,0.077270105,0.35885617,0.3307979,0.14336033
fb 404.jpg,তুমি তো আমারে টেনশন এ ফেলায় দিলে মিয়া,2,2,1,GAg,0.27087158,0.28703707,0.09996452,0.090752505,0.25137433
direct-offense (49).jpg,বারোবাতারী সীমিত আকারে বারোবাতারী,1,1,1,GAg,0.22490074,0.3402189,0.08136711,0.049064975,0.3044483
in 161.jpg,আমি সোম বুধ শুক্র তৃণমূলে থাকি আর মঙ্গল বৃহ শনি বিজেপিতে থাকি রবিবার ছুটিতে থাকি,2,2,2,PAg,0.13887037,0.09550459,0.370985,0.25241607,0.14222401
blog 236.jpg,এইখানে পষ্ট কইরা লেখা আছে: এই দুনিয়ায় চতুষ্পদ জন্তু আছে সর্বমোট ৮ প্রকার। (সুরা ৩৯:৬),3,3,3,RAg,0.009449181,0.011333731,0.27005377,0.67490274,0.03426049
ovodro_img (794).jpg,একজন ডাক্তার তার রোগীর সেবা করতে কোন ত্রুটি রাখে না,1,1,0,NoAg,0.29926097,0.2352564,0.1506997,0.1006607,0.2141223
ovodro_img (656).jpg,গরমে সিদ্ধ হচ্ছিল বলে জামা খুলে ফেললেন একজন বং ক্রাশ,1,1,0,NoAg,0.26864916,0.1995519,0.1972561,0.118307784,0.21623495
fb 191.jpg,বন্ধুর সাইজ বন্ধুর বউয়ের সাইজ,1,1,2,PAg,0.18023193,0.16117226,0.2659922,0.19613105,0.19647256
in 216.jpg,বিদ্যুৎ দফতরের চাকরি থেকে সাসপেন্ড শান্তনু বন্দ্যোপাধ্যায় দুর্নীতি দূর করলেন মমতা ব্যানার্জী এবার বিদ্যুৎ-এর দাম কমবে...,2,2,2,PAg,0.13116509,0.0840438,0.46488062,0.17601562,0.14389485
fb 595.jpg,"বাতাস যাতে নষ্ট না হয়ে যায়, তাই ফ্রিতে কিছু চিপস ও দিয়ে দিছে দেখছি",4,4,2,PAg,0.11311424,0.14680134,0.2728802,0.2048516,0.26235262
in 257.jpg,"তুমি আমাকে 'কয়লা ভাইপো' বলে ডাকলে আমার খুব কষ্ট হয় পিসি আমাকে 'গদ্দার' বললে আমারও কষ্ট হয় সামনে পঞ্চায়েত ভোট চাপ নিস না, হিন্দু মুসলিম খেলা খেলে এটাও পার করে দেবো",2,2,2,PAg,0.10424697,0.08699804,0.37706375,0.30695748,0.124733746
Bangla Thug Life (220).jpg,বাপের বাড়ি থেকে বউ ফিরে এসে স্বামীর সাথে প্রথম রাত্রিযাপনের পর *বউ,1,1,0,NoAg,0.5636714,0.27090606,0.032772835,0.021118224,0.111531526
fb 1435.jpg,অষ্ট প্রহর গাইত পিসি আওয়াজ করে মিহি; *এসব সিপিয়েমের চক্রান্ত* ম্যাও ম্যাও ম্যও বাকুম বাকুম ভৌ ভৌ চীহি,2,2,2,PAg,0.055684976,0.06206653,0.4370811,0.26204076,0.1831267
ovodro_img (373).jpg,বই মেলায় আমার লেখা বই পাওয়া যাচ্ছে !! কিনবেন সবাই । মরন হবে কত দিনে ??,2,2,2,PAg,0.15364131,0.14055087,0.313597,0.20184599,0.19036488
pin 39.jpg,দূর্বল সেতুর ওপর ভারী যানবাহন চলাচল নিষেধ করা হোক !,4,4,2,PAg,0.15959927,0.1125314,0.37304217,0.14041771,0.21440941
ovodro_img (707).jpg,তোদের বাবা কোথায় গিয়ে লুকিয়ে পড়ল ! আসছেই না তাড়াতাড়ি কর । তোমার বৌ আর ছেলে মেয়ে তোমার কথাই বলছে,1,1,0,NoAg,0.6077301,0.22184494,0.04854048,0.019888746,0.10199568
fb 1406.jpg,"তারপর সে বললো; ""চীনা অ্যাপ ব্যান করে দিলে ভবিষ্যতে ভারতবর্ষ সস্তা এবং সহজলভ্য দেশীয় পণ্য তৈরি করতে পারবে""",2,2,3,RAg,0.021763334,0.024414891,0.3265099,0.5617114,0.06560048
Halal Memes (93).jpg,নাসির খান সীমিত আকারের নাসির খান,4,4,4,Oth,0.13492277,0.1748061,0.23565854,0.17208593,0.2825266
tangaila (112).jpg,যখন ঈদে কেউ সেলামী না দেয় তখন আমি :,0,0,0,NoAg,0.6151577,0.26302022,0.016698716,0.012048445,0.093074895
Halal Memes (197).jpg,বার্ষিক পরীক্ষায় কম নাম্বার পেয়েও মা-বাবাকে বুঝিয়ে শুনিয়ে বেঁচে যাওয়া আমি পাশের বাসার আন্টি,0,0,0,NoAg,0.34385,0.21597748,0.152242,0.03713016,0.25080043
blog 328.jpg,"ইছলামের নবী সবাইরে সতর্ক কইরা দিয়া বলসে, পিচ্চি ইন্দুরও কিন্তু বাড়িতে আগুন ধরায়ে দিতে পারে। জেরির এমন ক্ষমতার কথা পইড়া টম... (সহি মুসলিম, বই ২৩, হাদিস ৪৯৯৪)",3,3,3,RAg,0.0012909379,0.0019816905,0.13045183,0.8579674,0.008308158
fb 1916.jpg,লু পোস্ত এভাবে কি দেখেন ভাই? ক্রাশ বলেছে 'তাকে পেতে হলে রান্না শিখতে হবে' তাই রান্না শিখছি,1,1,4,Oth,0.24292766,0.18861479,0.22930174,0.09170741,0.24744847
blog 331.jpg,"প্রার্থনার চূড়ান্ত মুহূর্তে আপনের চেহারা দেখলে মনে হয়, কোষ্ঠকাঠিন্য আক্রান্ত অবস্থায় আপনে টয়লেটে বইসা রইসেন।",3,3,3,RAg,0.021500882,0.025334792,0.27760643,0.598023,0.07753486
ovodro_img (749).jpg,মোদিজি কাশ্মীরে আমাকে বাড়ি বানানোর জন্য ১০ কাঠা জায়গা দিয়ে দিন প্লিজ তুই ভারতে পার রাখলেই তোকে জুতোর মালা পরিয়ে পোঁদে মিসাইল বেধে পাকিস্তানে পাঠিয়ে দেব শালা,2,2,2,PAg,0.2003192,0.15180108,0.306267,0.12286578,0.21874684
Bangla Thug Life (124).jpg,"যখন তুমি কিউট ইন্সটা কুইন হইতে যাইয়া ভাত পাও না, কিন্তু দুধ শো-অফ কইরা অনেক গুলা লাইক কামাই ফেলো",1,1,0,NoAg,0.5754239,0.19134569,0.090922795,0.029813634,0.11249394
fb 1291.jpg,রেস্টুরেন্ট সামলাই ছাগলের চাহিদাও সামলাই,4,4,4,Oth,0.16142237,0.21350095,0.18990618,0.15179975,0.28337064
fb 1621.jpg,নাস্তিকদের যুক্তি কোরআন মিথ্যা কারন কোরআন অসম্পূর্ণ কেনোনা কোরআনে আমার নাম নেই এবং আমার বাপ ১৪ গোষ্ঠীর নাম নেই তাই কোরআন মিথ্যা অসম্পূর্ণ,3,3,3,RAg,0.037831247,0.033216298,0.42469794,0.42597464,0.0782798
fb 1008.jpg,অর্থের পাহাড় করেছি কারণ অর্থ থাকলে গর্তের অভাব পরেনা!,1,1,2,PAg,0.17326717,0.14461339,0.26196146,0.20143288,0.21872512
in 333.jpg,দেখতে পাচ্চো বিনোদ দিদির ভুতেরা কেমন পাড়ায় পাড়ায় বাটাম খাচ্ছে...,2,2,3,RAg,0.10273189,0.12711838,0.23358501,0.32616526,0.2103995
ovodro_img (539).jpg,আমার এবার তিনজন ছেলেকে বিয়ে করা হবে এরম বারে বারে বিয়ে না করে আমাকে বলতে পারিস তো একসাথে কয়েকটা ছেলে পাঠিয়ে দিতাম,4,4,0,NoAg,0.37291202,0.19399689,0.18877687,0.07511377,0.16920057
bamboo-vaiya (275).jpg,*১০০০ টাকা দাম বলা দোকানদার *৩০০ টাকা দাম বলা আমি* *৩০০ টাকায় রাজি হয়ে যাওয়া দোকানদার* *মজা করতে গিয়ে মাইনকা চিপায় পরা আমি*,0,0,0,NoAg,0.4424107,0.19373456,0.17023395,0.053712726,0.1399081
blog 156.jpg,"অদৃশ্য ও কাল্পনিক কিছু সত্তার উপাসনা করতে গির্জা, মসজিদ, মন্দির, প্যাগোডা, সিনাগগ ও অন্যান্য উপাসনালয় নির্মাণের পেছনে ব্যয় করা হয়েছে ট্রিলিয়ন ট্রিলিয়ন ডলার... কল্পনা করে দেখুন, এই পরিমাণ অর্থ যদি ব্যয় করা হতো স্কুল, হাসপাতাল ও আশ্রয়স্থল নির্মাণের পেছনে...",3,3,3,RAg,0.0006275021,0.0011256734,0.11464638,0.8769852,0.0066152746
KAM (194).png,সবাই জান্নাতে যেতে চায় কিন্তু কেউ মরতে চায় না !! তেমনি সবাই ভাল রেজাল্ট করতে চায় কিন্তু কেউ পড়তে চায় না !!,0,0,0,NoAg,0.32929316,0.19379592,0.21310066,0.0964667,0.16734348
tangaila (171).jpg,পোলা গেছিলো সখিপুর বিয়া করতে অতঃপর তার অবস্তা :-,0,0,3,RAg,0.08401156,0.071137376,0.3514439,0.36458182,0.12882534
Halal Memes (293).jpg,ক্লাসে প্রেজেন্ট দিয়ে বেঞ্চে বসতে যাওয়া বন্ধু* *পিছন থেকে কলম খাঁড়া করে রাখা আমি,4,4,0,NoAg,0.52169955,0.20432591,0.10230473,0.03581938,0.13585038
in 220.jpg,এবার নিয়োগ দুর্নীতিতে ধৃত কুন্তল ঘোষের স্ত্রীকে তলব ইডির কুন্তলেরও কি আমার মতো ফ্যামিলি প্যাকেজ??,2,2,3,RAg,0.034293905,0.03742127,0.29179722,0.5468946,0.089593
blog 47.jpg,"কুকুর গাধা নারী ইছলামে এরা এক কাতারে নবীজি বলেছে, নামাজরত মানুষের সামনে দিয়ে কুকুর, গাধা বা নারী হেঁটে গেলে সেই নামাজ আল্যা গ্রহণ করে না । ( বুখারি খণ্ড ১, বই ৯, হাদিস ৪৯০)",3,3,3,RAg,0.00024678823,0.0004012241,0.072294176,0.92478454,0.002273177
ovodro_img (284).jpg,শুনলাম তুই নাকি প্রেম করছিস ? অত চিন্তা করিস না । ব্রেকআপ হলে পাড়ার ছেলেদের দিয়েই কাজ চালাব ।,1,1,1,GAg,0.22561741,0.28226876,0.11403883,0.09727363,0.28080142
blog 136.jpg,"আল্যা যদি মানুষকে স্বাধীন ইচ্ছাশক্তি দিয়েই থাকে, তাহলে সবকিছুই আল্যার পরিকল্পনার অংশ হয় কীভাবে? আর সবকিছু যদি আল্যার পরিকল্পনার অংশই হয়ে থাকে, তাহলে মানুষের স্বাধীন ইচ্ছাশক্তি থাকে কীভাবে?",3,3,3,RAg,0.028481983,0.028600985,0.37992418,0.49402875,0.068964146
Halal Memes (45).jpg,ক্রাশকে চার পাচটা ম্যাসেজ দেওয়ার পর ক্রাশ যখন বিরক্ত হয়ে যায় এতো কম সহ্য শক্তি নিয়ে বেঁচে আছো কি করে,0,0,0,NoAg,0.7233512,0.16851945,0.03309244,0.008589471,0.06644739
pin 53.jpg,কেবলমাত্র আর একটা 'সেস' কেবলমাত্র আর একটা 'কড়ি নিন্দা' কেবলমাত্র আর একটা বিদেশ ভ্রমণ কেবলমাত্র আর একটা 'ডিচক্যাও',2,2,2,PAg,0.064960554,0.086473204,0.32887426,0.31235522,0.2073368
fb 1660.jpg,জীব্রিল ! উপ্রের দুইদল তো পরিচিত ! নীচের গুলান কারা ..? হুজুর এরা হলু নিরপেক্ষতার আড়ালে থাকা সুবিধাবাদিরা... এজিদ বাহিনী হোসেন বাহিনী বিশ্বের ছুন্নি এক হও শোহদায়ে কারবালার স্মরনে উজ্জীবিত হয়ে আমরাও শহীদ হইতে চাই !,3,3,3,RAg,0.011281872,0.014349445,0.31043547,0.6084985,0.055434752
fb 1401.jpg,মৌলানা: হোমোসেক্সুয়ালিটি হারাম হোমোসেক্সুয়ালরা জাহান্নামের আগুনে পুড়বে। মৌলানা যখন সে মাদ্রাসার কোনো ছাত্রের সাথে কিছুক্ষণ একা থাকার সুযোগ পায়:-,3,3,2,PAg,0.08899539,0.056136403,0.5122135,0.22509247,0.11756216
fb 25.jpg,যখন তুমি পাশের বাসার আন্টির হারমোনিয়াম সংগীতের জ্বালায় ঘুমাতে পারো না,0,0,0,NoAg,0.5189832,0.22881924,0.07642126,0.040912393,0.13486391
fb 2012.jpg,ইনি ৫-০ গোলে ম্যাচ জিতে ৫ আঙ্গুল দেখান আর ইনি ম্যাচ হেরে গিয়ে দম্ভ নিয়ে ইতিহাস টেনে আনে যা কিনা সে সাবেক ক্লাব গুলোর হয়ে জিতেছে,4,4,3,RAg,0.030308526,0.02541984,0.4411248,0.44319654,0.059950277
Halal Memes (10).jpg,যৌতুক নেয়া নিষেধ' বলতে থাকা হেডস্যার: যৌতুকে পাওয়া মোটরসাইকেল নিয়ে স্কুলে আসা ক্লাসটিচার:,0,0,2,PAg,0.023078155,0.029747752,0.53951055,0.26291603,0.14474753
in 393.jpg,"চপ ভেজে ও ঝালমুড়ি বিক্রি করে বিক্ষোভ প্রদর্শন গ্রুপ ডি চাকরিপ্রার্থীদের.... এরা চাকরিপ্রার্থী নয়, এরা সিপিমের এজেন্ট!",2,2,3,RAg,0.020085234,0.021931456,0.32026473,0.58328706,0.05443143
fb 2003.jpg,মহাবিশ্বের কিছু অপ্রয়োজনীয় জিনিস-,4,4,4,Oth,0.14021035,0.24745592,0.13844058,0.17400938,0.2998838
Halal Memes (276).jpg,*আমি ব্যবহারিক খাতা ওকে নিয়ে আমি এখন কোথায় যাবো ?,0,0,0,NoAg,0.5112242,0.2941491,0.033469863,0.025204899,0.1359519
fb 1135.jpg,সাধারণ মানুষের আদি পিতা মাতা শাহবাগীদের আদি পিতা মাতা,4,4,2,PAg,0.09939206,0.08383671,0.33983675,0.32174987,0.1551846
fb 1087.jpg,"শুনলাম প্রতিভার নামে নাকি এক পোলা নিজের পুরুষত্ব বিসর্জনে দিছে, হু কাকা এই পোলায়",4,4,3,RAg,0.09142722,0.095679834,0.2972222,0.34437245,0.17129824
fb 641.jpg,তার মন ছিলো একদম লোকাল বাস এর মতো যখন যার ইচ্ছা উঠে পড়ত,0,0,2,PAg,0.19868188,0.16350706,0.27041742,0.19907647,0.16831718
Bangla Thug Life (199).jpg,বিদেশ ফেরত স্বামী যখন পাঁচ বছর পর দেশে এসে স্ত্রীর সাথে প্রথম রাত্রিযাপনের পর স্ত্রী: পাছাডা ধ্বংস কইরা লাইছিরে ভাই,1,1,0,NoAg,0.6471474,0.21221575,0.03803099,0.0153562045,0.08724956
fb 1795.jpg,কাচ্চি ভাই জর্দা রঙের নাম করে 'কৃত্রিম রং' খাওয়ায় দিবো* খাশির মাংসের নাম করে কুত্তা-বিলাই খাওয়ায় দিবো,4,4,2,PAg,0.14629911,0.10684264,0.41634384,0.14153583,0.18897861
fb 718.jpg,প্রাইভেট না পড়ায় পিটিয়ে ছাত্রীর হাত ভাঙলেন শিক্ষক! প্রাইভেট না পড়া ছাত্রীগণঃ একি বিপদে পড়লাম!,0,0,3,RAg,0.028580371,0.03543086,0.33514643,0.4896909,0.11115142
fb 110.jpg,দুনিয়ায় দুই টাইপের পাবলিক আছে রেগুলার সকালে উঠা পাবলিক পার্ট-টাইম সকালে উঠা পাবলিক,0,0,3,RAg,0.06993979,0.06564104,0.36519334,0.3668776,0.13234825
fb 1230.jpg,সেকু নেতাদের মিলন কেন্দ্র ওস্তাদ! !! বায়ে চাপায়া যান সামনে কিছু অব্যবহৃত মগজ পইড়া আছে! চাক্কা লাগলে ক্ষতি হইতে পারে!,3,3,3,RAg,0.013912251,0.020078551,0.31526187,0.562675,0.08807231
blog 384.jpg,"জগদীস বসু নাকি আবিষ্কার করসে গাছের প্রাণ আছে! অথচ তার ১০০০ বছর আগে ইছলামের নবী বইলা গেছে, গাছ কথা কইতে পারে গাছ প্রাণহীন হইলে সেইটা সম্ভব হইতো? (বুখারি, খণ্ড ৫, বই ৫৮, হাদিস ১৯৯)",3,3,3,RAg,0.0059975665,0.012297845,0.27296066,0.6612271,0.04751685
in 632.jpg,ভালো করে জুম করে দেখুন নিন্দুকেরা বলবে উনি ক্যামেরার দিকে তাকিয়ে আছেন আসলে উনি লক্ষীট্যারা,2,2,2,PAg,0.09785095,0.08507191,0.35204557,0.32139933,0.14363228
fb 1520.jpg,"ইসলাম শান্তির ধর্ম। সব ধর্মই শান্তির ধর্ম ভাই | চুপ ল্যাওড়া, বলছি ইসলাম শান্তির ধর্ম মানে শুধুমাত্র ইসলামই হলো শান্তির ধর্ম |",3,3,3,RAg,0.0014396859,0.00214098,0.140627,0.84738517,0.008407125
fb 927.jpg,ভার্সিটিতে শুধু চিল আর চিল !,0,0,1,GAg,0.17724696,0.35001466,0.07484378,0.10230089,0.29559377
blog 169.jpg,"""কোরান থেকে তথ্য উদ্ধৃত করে আপনি আমার যুক্তিকে কুপোকাত করেছেন"" গোঁড়া নাস্তিকেরা এ কথাটা স্বীকারই করতে চায় না!",3,3,2,PAg,0.15286556,0.1343151,0.29885545,0.22312285,0.19084111
fb 146.jpg,কলেজের এডমিশন এর রেসাল্ট দিবে বলছিল,0,0,4,Oth,0.14654304,0.19935548,0.18443693,0.18221366,0.28745085
ovodro_img (398).jpg,দয়া পাতা লাগাও দিদির ধর্নায় বসার মূল উদ্দেশ্য কী ?? পিছনে ল্যাংটো মাগা লেলিয়ে দেব বোকাসোডা,2,2,3,RAg,0.017362684,0.019840032,0.24556616,0.6595224,0.057708774
fb 2070.jpg,"রিয়েল মাদ্রিদে জয়েন করবো ভাবছি ভাই, তাই একটু ওই আর কি হে হে ... হ্যাঁরে, আজ ওভাবে নাটক করলি কেন ?",4,4,2,PAg,0.08042021,0.12190027,0.29918927,0.20254853,0.2959417
blog 292.jpg,"এটা গঙ্গার জল, তা বুঝলাম কিন্তু এতে তো পয়ঃনিষ্কাশন আর নর্দমার ময়লাই দেখছি শুধু! পাপ কই?",3,3,3,RAg,0.06673673,0.07183443,0.31036434,0.4024829,0.1485816
fb 2013.jpg,এইবার বুঝলাম চেলসির এই অবস্থা কেন??,4,4,1,GAg,0.26327866,0.3500784,0.0669398,0.03641174,0.28329143
fb 1719.jpg,"মা আমি বড় হয়ে জ্ঞ্যানী এবং ধার্মিক হব না বাবা, দুটো একসাথে হওযা যায় না",3,3,0,NoAg,0.4269002,0.22540179,0.1163135,0.059784286,0.1716002
in 432.jpg,সৌরভ গাঙ্গূলির বিরুদ্ধে অন্যায় হয়েছে আর আমাদের সাথে ন্যায় হয়েছে!?,2,2,2,PAg,0.11882204,0.13618599,0.3045338,0.20092843,0.2395297
bangla-troll (8).jpg,"এর মালিক আম্মু, আমার ঘুম হারাম হওয়ার কারণ একমাত্র ওই হালা জুকার !",0,0,0,NoAg,0.4464316,0.28496337,0.064723976,0.048325554,0.15555555
fb 1938.jpg,ছেলে কি করে? ছেলে সারাদিন পমপম পমপম করে বাবা আমি রাজি,1,1,0,NoAg,0.4546661,0.35572156,0.018869987,0.019151734,0.15159057
in 327.jpg,আপনারা কারা? আমরা দিদির দূত দিদির ভূত? ভূত নয় দূত,2,2,3,RAg,0.050956793,0.048038926,0.3737444,0.4324451,0.094814815
Halal Memes (29).jpg,"শিক্ষক:- সবাই সবার হোমওয়ার্ক বের করো, আমি উত্তর বলতেছি সবাই মিলাইয়া নেও । ব্যাকবেঞ্চার:-",0,0,0,NoAg,0.29648522,0.24046491,0.15225543,0.11336254,0.1974319
direct-offense (17).jpg,তুই একটা বাইঞ্চোদের ছেলে তুই একটা খানকির ছেলে তুই একটা বারোভাতারির ছেলে তুই শ্রাবন্তির ছেলে ছিঃ ছিঃ এত বড় অপমান ,4,4,0,NoAg,0.41375467,0.322111,0.04322458,0.037184864,0.1837249
fb 745.jpg,বাথরুমে ঢুকে লাইট বন্ধ করে দিয়েছি কারণ আগেরবার আফ্রিকার জঙ্গল পরিষ্কার করার সময় বন্ধু ভিডিও করে আমাকে ব্লাকমেইল করছিলো,0,0,0,NoAg,0.34875652,0.17410818,0.24437565,0.08183926,0.15092036
ovodro_img (108).jpg,"চল মধু , আমরা ঠাকুর দেখতে যাব তোমরা যাও তাহলে এটাই ছিল তোমার প্লান ? হ্যাঁ, সুযোগ পেলে ওভারটাইমে ইনকাম করি লা এ হতে পালে লা",4,4,2,PAg,0.10528449,0.089380115,0.3664753,0.3192199,0.11964032
in 97.jpg,কাকলি ফার্নিচারের মালিকের ছেলে : এমন কোনো মিমার বাদ নেই যে আমার বাবার কোম্পানিকে প্রমোট করেনি,4,4,0,NoAg,0.38563567,0.19849682,0.16565704,0.05733309,0.19287732
fb 202.jpg,ট্রেন টু বুসান ট্রেন টু মোহাম্মদপুর,4,4,3,RAg,0.0148491375,0.016508076,0.25677708,0.65072894,0.061136767
tangaila (91).jpg,যখন আপনি মেহেদী লাগাতে চান কিন্তু মেহেদী আপনাকে উল্টো লাগিয়ে দেয়,1,1,0,NoAg,0.47479555,0.22441576,0.10079016,0.052741226,0.14725724
blog 376.jpg,মুছলিম জঙ্গি আমার দোষ নাই। সে প্রথমে লিখসে।,3,3,3,RAg,0.16848195,0.2163303,0.16361606,0.24424827,0.20732342
ovodro_img (79).jpg,এশিয়া কাপে অংশগ্রহন করব । আসছি আমি ......,4,4,1,GAg,0.32594863,0.33749232,0.05888341,0.043444928,0.23423073
tangaila (325).jpg,বিন্দুবাসিনী গার্লস ছুটি দেওয়া বিদ্যমান লে ফাকবয় :-,1,1,0,NoAg,0.39471582,0.36878562,0.029521193,0.015172988,0.19180447
fb 1706.jpg,ধুপ দুই প্রকার.... এক মশা মারার জন্য দুই ভগবান ডাকার জন্য পার্থক্য একটাই মশা যায়না আর ভগবান আসেনা,3,3,2,PAg,0.049109112,0.061408043,0.38167584,0.36047208,0.14733493
in 621.jpg,"অচেনা 'ঐক্য' বড়তলায়, থানার সামনে একসঙ্গে অবরোধে বিজেপি, সিপিএম, কংগ্রেস অবাধ ও শান্তিপূর্ণ ভোট হচ্ছে আর সিপেম, কংগ্রেস, বিজেপি জোট করে কুৎসা করছে... ওরে বোকাদাদা, ওটা অবাধ সন্ত্রাসপূর্ণ হবে...",2,2,3,RAg,0.012534711,0.019362602,0.35886976,0.53149754,0.077735305
KAM (152).png,জমিদার সাহেব.... শুধু টাকা দিয়ে ফেসবুক চালানো যায় তা ঠিক না গ্রামিন ফোনে ফেসবুক ফ্রি !!!,0,0,3,RAg,0.068242826,0.07541661,0.3484682,0.35707042,0.15080197
Bangla Thug Life (234).jpg,যে রাধে সেই পা কাধে তুলে দেয়,1,1,4,Oth,0.19337048,0.26042035,0.12811013,0.14442348,0.27367553
ovodro_img (461).jpg,"দিপিকাকে কিস করেছিস ? হ্যাঁ, আজকেও লিপ কিস করে এসেছি ! অতঃপর রনবীর কাপুর",4,4,2,PAg,0.032002393,0.04327918,0.38944364,0.3850971,0.15017772
fb 1583.jpg,আমি মিলিয়ন বছর ধরে বিবর্তন হয়ে আজকে মুক্তচিন্তা করে নাস্তিক্যধর্মের অনুসারী হয়েছি।,3,3,0,NoAg,0.26625228,0.18608437,0.22333659,0.13032967,0.19399707
fb 347.jpg,"তুমি কি আমার জন্য এখনও কবিতা লিখো? নাহ, চটি লিখি শুনবা?",1,1,1,GAg,0.3020451,0.3278126,0.06481586,0.07171541,0.233611
tangaila (274).jpg,পেনাল্টি রোনালদো তুই আর আমি তো একই,4,4,1,GAg,0.263383,0.42341703,0.033569954,0.035331238,0.24429867
ovodro_img (139).jpg,"পাওলি আজ দিবি চাটতে ? হ্যাঁ, যেকোন সময় আয় খা*কি মা* বলিস নি কেন ? আজ তোর টেস্ট ম্যাচ চলছে !",1,1,0,NoAg,0.33806533,0.20638154,0.18135096,0.06824943,0.20595267
fb 1021.jpg,মামা সামনে আমার এক্স উপর দিয়া তুইলা দেন আচ্ছা দশ টাকা বেশি দিয়েন ওস্তাদ উপর দিয়া দেন তুইলা,4,4,2,PAg,0.16358456,0.13457893,0.32466534,0.2127361,0.16443507
chosha (67).jpg,জান বিয়ে করবা তো ... ? হ্যাঁ জান করবো তাহলে ভিতরে ফেলো,1,1,0,NoAg,0.25222972,0.23271142,0.16693737,0.14124954,0.20687191
fb 1015.jpg,ভাই তুই একা না আমাদেরও বিটিএস হেটার মেয়ে ভাল লাগে,4,4,1,GAg,0.31562304,0.35620597,0.046711937,0.052151065,0.22930792
KAM (389).jpg,"ছোটবেলায় আম্মু কপালে কালো টিপ দিয়ে দিত, যাতে কারো নজর না লাগে শালার টিপে এত কার্যকারিতা যে, বয়স এত হয়ে গেল তাও কোন মেয়ের নজরে পড়লাম না",0,0,2,PAg,0.18270816,0.11152444,0.41269627,0.14290531,0.15016589
fb 1628.jpg,???? ???? যখন নাস্তিকদের কাছে ভালো আর খারাপের মানদন্ড কি জানতে চাওয়া হয়,3,3,0,NoAg,0.49401915,0.25525334,0.06281199,0.042448256,0.1454673
ovodro_img (362).jpg,"যখন কাছে ব্লাউজ থাকে না আর ক্রাশ পাস দিয়ে যায়, তাই রোমাল দিয়ে ব্লাউজ বানিয়ে নেয় !!",1,1,0,NoAg,0.5857084,0.2309738,0.04879694,0.024766205,0.10975466
fb 1018.jpg,সাইকোপ্যাথ সিরিয়াল কিলার যারা স্কুল / কলেজ গিয়ে টিকটক করে,4,4,4,Oth,0.12456745,0.16531616,0.22850138,0.23190816,0.24970682
fb 1360.jpg,বিজেপি মুখপাত্র তাজিন্দর পাল বাগা:- যারা হিটলারের মতো আচরণ করবে; তাদের মৃত্যুও হিটলারের মতো হবে হিটলারকে আদর্শ হিসেবে মেনে চলা আরএসএস:-,2,2,3,RAg,0.007905459,0.010422884,0.21484612,0.7316464,0.035179093
fb 373.jpg,কে আবার রটাচ্ছে যে এবার মহালয়া মোদির জন্মদিনের দিন পড়েছে বলে মা দুর্গা মহালয়ার এক মাস পরে আসবে বলেছে,2,2,2,PAg,0.24257948,0.15626085,0.2943711,0.12867372,0.17811495
blog 269.jpg,"নবীজি বলসে, পৃথিবী আর বেহেশতের দূরত্ব ৭১, ৭২ অথবা ৭৩ বছর (সময় দিয়া দূরত্ব মাপা!)। আর সাত আসমানের উপ্রে আছে সমুদ্র, যেইটার গভীরতা দুই বেহেশতের ভিত্রের দূরত্বের সমান তারও উপ্রে আছে ৮ খান পাহাড়ি ছাগল, তাগো খুর আর পাছার দূরত্বও দুই বেহেশতের ভিত্রের দূরত্বের সমান। এবং তার উপ্রে আল্যা। (আবু দাউদ ৪০:৪৭০৫)",3,3,3,RAg,0.00031953843,0.0004818697,0.086872734,0.90947646,0.0028494755
fb 1239.jpg,বন্যেরা বনে সুন্দর; শিশুরা মতৃক্রোড়ে আর মোদি তার চায়ের দোকানে,2,2,2,PAg,0.09965067,0.117209375,0.30887744,0.23438434,0.23987807
fb 1821.jpg,কি করছো সৎ ভাইয়া,1,1,3,RAg,0.13816679,0.16059297,0.21944404,0.2711733,0.21062289
in 473.jpg,"চালানি' মাছ খেলেই উঠছে লম্বা ঢেকুর, খাওয়ার পাতে দেশি মুরগি, টাটকা পোনার আবদার কেষ্টর জেলের খাবার খাচ্ছে না জামাইষষ্ঠী খাচ্ছে ধরতে পারবেন না",2,2,2,PAg,0.082853414,0.10062254,0.32541224,0.2632824,0.22782947
fb 1743.jpg,মিথিলার ব্লাউজের হুক লাগিয় দিচ্ছেন স্বপন তারপরই চলে গেলেন বাথরুমে...,1,1,0,NoAg,0.4880703,0.2278415,0.0826309,0.013013606,0.18844362
bamboo-vaiya (330).jpg,উচ্চবিত্ত মধ্যবিত্ত নিম্মবিত্ত সমকামি-বিত্ত,4,4,4,Oth,0.2460799,0.22379759,0.18228355,0.09997167,0.24786733
ovodro_img (759).jpg,হুমায়ন এর বাবার নাম বাবর হলে দাদুর নাম দাদার নয় কেন ? জটিল মাগি,1,1,4,Oth,0.21842764,0.20848753,0.21204129,0.11826151,0.24278204
fb 1632.jpg,নারীবাদে নারীর অধিকার ইসলামে নারীর অধিকার,1,1,3,RAg,0.09283993,0.1264645,0.27675927,0.27849084,0.2254455
blog 355.jpg,"নাতনি? না, আমার নয়া বিবি।",3,3,1,GAg,0.20649153,0.4132412,0.045114446,0.06267111,0.27248168
bamboo-vaiya (421).jpg,আমাদের সমাজকে এই শিক্ষা দিতে হবে যে আমি তোমার সাথে একমত নই তারমানে এই নয় আমি তোমাকে ঘৃণা করি,0,0,2,PAg,0.118757114,0.11101219,0.33328077,0.29599273,0.14095712
blog 321.jpg,ওইটা কী? গুনাহ।,3,3,3,RAg,0.100779034,0.12218348,0.23466088,0.35513932,0.18723735
blog 113.jpg,"একদিন গাছতলায় বিশ্রাম নেয়ার সময় ইছলামের নবীকে কামড়ে দিলো এক পিঁপড়ে । বাধা সৃষ্টিকারী ও অবাধ্য সমস্ত গোত্র-সম্প্রদায় নিশ্চিহ্ন করে দেয়ায় অভ্যস্ত ন্যায়বাদী, করুণার সাগর ও দয়াময় নবী তখন সেই পিঁপড়ের 'অপরাধের' শাস্তি হিসেবে সেই গাছতলার সমস্ত পিঁপড়ের বাসস্থানে আগুন জ্বালিয়ে দেয়ার আদেশ দিলো । (বুখারি, খণ্ড ৪, বই ৫৪, হাদিস ৫৩৬)",3,3,3,RAg,0.00043300746,0.00069881626,0.082394265,0.9127962,0.0036776706
ovodro_img (635).jpg,যখন কোন মেয়েকে জিজ্ঞেস করা হয় পানু দ্যাখার পরে জল খসাস কীভাবে ?? মেয়টির উত্তর :- এইভাবে,1,1,0,NoAg,0.42293927,0.19361342,0.1709421,0.069888316,0.14261685
chosha (18).jpg,আমি তোমাকে ভালবাসি ভালোবাসা বলতে কিছুই নাই সবই পুক্কি মারার ধান্দা,1,1,0,NoAg,0.2984909,0.29602942,0.08698897,0.08172724,0.23676349
blog 147.jpg,"ডাক্তার সাহেব, আমার শরীরটা ঠিক করে দিন, আমি আপনার সুস্বাস্থ্য কামনা জন্যে প্রার্থনা করবো ।",3,3,0,NoAg,0.3015042,0.22137858,0.17122939,0.10318819,0.20269972
tangaila (241).jpg,বালুপাস দাড়িয়ে বালু খাচ্ছি বালুর সাথে বালুকন্যা ভেসে আসবে এই আশায়...,0,0,2,PAg,0.13338745,0.109073535,0.3830902,0.14089173,0.2335571
tangaila (216).jpg,বিসিএস ক্যাডার জামাই হাসানের বফ কুমুদিনী ফজিলাতুন্নেছার মেয়ে,1,1,0,NoAg,0.33832455,0.267265,0.10924536,0.0787069,0.20645824
pin 23.jpg,"শুধু পিসি কবিতা লিখতে পারে আমি কি লিখতে পারি না ? #যদিও_লেখাটি_আমার_অনেক_দিনের_পুরোনো | পিসি গেছে মাছ ধরতে উথাল পাথাল নদী! ছিপ নিয়ে যায় আমফানে, মছ নিয়ে যায় মোদী",2,2,3,RAg,0.02699006,0.02872711,0.34472993,0.534178,0.0653749
tangaila (278).jpg,কালিহাতি,0,0,1,GAg,0.19818732,0.3394471,0.08478057,0.08031622,0.2972688
fb 1379.jpg,ওহ; তুই মার্ক্স-লেনিনের নাম করে মেয়েদের শ্লীলতাহানি করিস? ঠিকাছে; এবার তাহলে দেওয়ালের দিকে মুখ করে দাঁড়া,2,2,2,PAg,0.16139483,0.13844815,0.28881684,0.20088647,0.21045373
nurani-memes (190).jpg,ঘূর্ণিঝড়* ফনি *ছাত্রলীগ,2,2,1,GAg,0.27248117,0.2896652,0.11167005,0.06771696,0.2584667
ovodro_img (137).jpg,যখন কোন মেয়ে দিনভোরে খাই খাই করে কিন্তু রোগা হওয়ার জন্য ডায়েটকন্ট্রোল করবে বলে ঠিক করে একবারে যতটা খায়,0,0,0,NoAg,0.6008491,0.23954336,0.035144873,0.02022212,0.104240544
fb 1775.jpg,প্রতিটি ছেলের স্বপ্ন,1,1,1,GAg,0.2527922,0.41931546,0.0391481,0.036883082,0.25186113
fb 1693.jpg,যদি আমি একটা ছেলেকে কিস করি?? নরকে যাবি যদি আপনাকে কিস করি?? তাহলে .... হে হে হে... চালাক মেয়ে স্বর্গে যেতে চাস!,3,3,0,NoAg,0.31614166,0.20295124,0.20201214,0.09999561,0.17889944
Bangla Thug Life (37).jpg,"যখন আমি কারো কল রিসিভ করে অন্য রুমের দিকে যাই, আম্মু:",0,0,0,NoAg,0.6129594,0.24002545,0.029965315,0.017726758,0.09932305
in 25.jpg,আমার পরীক্ষার খাতা,0,0,0,NoAg,0.3638364,0.3040292,0.06668427,0.06493988,0.20051019
Halal Memes (75).jpg,"আমরা পুরোনো হয়ে গেছি, না ?",0,0,4,Oth,0.15799287,0.27029705,0.118326835,0.15742713,0.29595605
tangaila (342).jpg,ভাসানী ভাসানী ভাসানী ভাসানী ভাসানী মাওলানা ভাসানী বিজ্ঞান ও প্রযুক্তি বিশ্ববিদ্যালয়,0,0,2,PAg,0.05940007,0.05433114,0.4859183,0.2302715,0.17007895
fb 285.jpg,"উফ লাগছে বললেই জদি ছেড়ে দিত, তাহলে দেশের জনসংখা এত বড়তো না",1,1,4,Oth,0.14297517,0.16049014,0.28081048,0.13401143,0.2817128
Halal Memes (122).jpg,গেমের মধ্যে মাইক অন করে উরাধুরা গালি দেওয়া আমি পাশের ঘরে থেকে আব্বু,0,0,0,NoAg,0.3824343,0.17446315,0.20740756,0.052140884,0.18355402
fb 1601.jpg,"কুকুর রে তোর মতামত নিয়ে তোর সাথে সেক্স করতে চাই, ওরে নাস্তিকের বাচ্চা, তোর মায়ের মতামত নিয়ে তার সাথে সেক্স করিস আমাকে ছেড়ে দে?",3,3,0,NoAg,0.32349914,0.17943536,0.24543594,0.0925411,0.15908845
fb 1489.jpg,"- আসসালাম ওয়ালাইকুম, একটু দ্বীনের কথা... -নমস্কার!",3,3,1,GAg,0.2533083,0.27786782,0.123591155,0.08895561,0.25627714
bangla-gag (14).jpg,রমজান মাসে ঈদ এর দিন,1,1,0,NoAg,0.2978236,0.25993654,0.12914005,0.1185221,0.19457778
blog 83.jpg,"আল্যা সব পয়গম্বরকে সমান চোখে দেখে । (সুরা আন নিসা, ৪:১৫২) আল্যা সব পয়গম্বরকে সমান চোখে দেখে না । (সুরা বনী ইসরাঈল, ১৭:৫৫)",3,3,2,PAg,0.06556841,0.06065113,0.3850729,0.36753216,0.12117528
Halal Memes (315).jpg,নানু বেঁচে থাকা অবস্থায় নানু বাড়িতে কাটানো দিনগুলোর কথা মনে পড়ার পর আমি: কি মজাই না হইতো !,0,0,0,NoAg,0.27869922,0.15994368,0.2694693,0.085528426,0.20635939
in 585.jpg,নেতাজি সম্পর্কিত সমস্ত ফাইল প্রকাশ্যে আনা হবে' আশ্বাস প্রধানমন্ত্রীর । কবে ফাইল প্রকাশ করবে কিছু বললো? না! ২০১৪-এর আগে থেকেই এই ঢপ দিয়ে যাচ্ছে !,2,2,3,RAg,0.0043187025,0.0052849343,0.22266282,0.73680764,0.03092591
fb 212.jpg,কাশিমপুর কারাগারে নেয়া হচ্ছে পরীমণিকে পাশা ভাই : আনন্দ,1,1,0,NoAg,0.27375653,0.15902585,0.26513815,0.08402038,0.21805908
tangaila (250).jpg,টাংগাইলে আমার একটা প্রিয় জায়গা আছে টাংগাইলের কই কান্দাপাড়া চিনস ? সালা তুই আমারে চিনস ?,0,0,4,Oth,0.106935136,0.14742127,0.2888574,0.16779183,0.28899437
in 272.jpg,একটা কবিতা বলতো ম্যাম আমি বলছি... কবিতার নাম 'ভাইপো' কয়লা খেলি গরু খেলি খেলি নদীর বালি ! নিজে খেলি বউকে দিলি বাদ গেল না শালী। দুষ্টু,2,2,3,RAg,0.01466222,0.01832669,0.2981329,0.61960214,0.0492761
fb 1115.jpg,যারা স্টোরিতে টিকটক ভিডিও দেয়,4,4,3,RAg,0.12312262,0.17010173,0.2043963,0.27866033,0.22371896
fb 986.jpg,"ভেবেছিলাম সব শেষ কিন্তু আজ জানলাম ব্যাটিং, বোলিং, ফিল্ডিং কিছু না পারলেও বিডি জাতীয় দলে এ চান্স পাওয়া সম্ভব !",4,4,2,PAg,0.14455676,0.123668686,0.37629414,0.14242077,0.21305968
fb 2007.jpg,রিয়াল মাদ্রিদ সমর্থকদের বর্তমান অবস্থা -,4,4,2,PAg,0.17066976,0.16350575,0.2397591,0.22462517,0.20144022
Bangla Thug Life (299).jpg,আমি: আম্মু ঈদের সালামি দিবা না ? আম্মু: ভাত খা ! চাইলাম কী ? কইলো কী :),0,0,0,NoAg,0.36894643,0.25119287,0.11088357,0.07501132,0.19396584
fb 139.jpg,ভাই বইন থামেন ! ঈদে রেস্টুরেন্টে না খাইয়া বাসায় আম্মার রান্না খাবার খান সব রেস্টুরেন্টেই এখন বাসি খাবার দিবে,0,0,2,PAg,0.24609947,0.16358948,0.26875675,0.12281487,0.19873938
in 184.jpg,আপনি এতদিন কলকাতায় থেকে বাংলা কিছু শিখেছেন? বাংলাতে আমি শুধু দুটো ওয়ার্ডই বলতে পারি... চোর ট্রিনোমূল,2,2,2,PAg,0.15715955,0.118901365,0.33682492,0.2171489,0.16996522
bamboo-vaiya (3).jpg,বরিশাইল্যা গো উৎপত্তির ইতিহাস মেনশন হপে,4,4,4,Oth,0.22186592,0.21893008,0.19047397,0.11598969,0.2527403
fb 1642.jpg,"দুইজনের সম্মতিভে ভালবাসার মধুর সম্পর্ক হারাম ! হালাল হারাম ৯ টা বউ, ২ টা দাসি, পালিত পুত্রের স্ত্রী, পালিত কন্যা, শিশু বিবাহ আরাম!",3,3,2,PAg,0.040188614,0.04533194,0.4871368,0.2852963,0.14204632
fb 978.jpg,আমার ছেলে লিটন বাসায় খাবার খায় না; কিন্তু মাঠে বল খায়,4,4,0,NoAg,0.46795234,0.34227017,0.023002008,0.025185732,0.1415897
ovodro_img (731).jpg,কী হলো ? থেমে গেলে কেনো ? জল পড়ে গেছে গো !,1,1,1,GAg,0.22028196,0.24904649,0.14636737,0.16336626,0.22093792
fb 1735.jpg,"একটা আঙ্গুল, দুইটা আঙ্গুল, তিনটা আঙ্গুল, যে কোন একটা বেছে নাও!",1,1,4,Oth,0.16826859,0.18052551,0.22647004,0.15737996,0.26735592
chosha (51).jpg,"মামা ডায়েট কনডম থাকলে দেও ডায়েট কনডম কেন ? গালফ্রেন্ড ডায়েট করে তো, তাই বলছে কনডমে জেনো মিষ্টি না থাকে",1,1,2,PAg,0.11221946,0.09311623,0.35377488,0.2882708,0.1526186
fb 1034.jpg,হ্যা হ্যা আমিই সেই মেহেদি!! যে পরিমনিকে রিমান্ডেও লাগিয়েছে,4,4,3,RAg,0.10484604,0.11572506,0.2558184,0.33720654,0.18640397
fb 561.jpg,ক্লাসে বাংলা রিডিং পরতে না পারা বন্ধুকে যখন দেখি বই মেলায় গিয়ে বই কিনতে! আমি : তুই তাইলে শিক্ষিত!,0,0,0,NoAg,0.56466967,0.21322803,0.07586354,0.027145099,0.11909367
Halal Memes (302).jpg,স্কুলের টিচারকে যখন মা বাসায় টিউশনের জন্য রাখে আর স্যার বাসায় এসে দেখে নানা টেবিলে ভাত খায় লে স্যার* তোর নানা তাহলে মরে নাই?,0,0,0,NoAg,0.86079454,0.10203079,0.009272316,0.0015210642,0.026381282
ovodro_img (182).jpg,বিরাট অনুষ্কাকে বিয়ে করল রনবীর ও দীপিকা কে বিয়ে করবে আর আমি শালা বিয়ে করা তো দুরের কথা এখনো একটা প্রেম করতেও পারলাম না,0,0,2,PAg,0.21171154,0.14113796,0.34388286,0.08364947,0.2196182
fb 1117.jpg,প্রধানমন্ত্রীর কুমড়ার বেগুনি নিয়ে পোষ্ট করার ০.০০১ সেকেন্ড পর-,2,2,0,NoAg,0.37912238,0.15454668,0.25362462,0.0570559,0.15565047
KAM (337).jpg,ছেলেরা আমার জন্য পাগল সবাই আমার পিছনে পিছনে ঘুরে! কারণ বাজারে সস্তা পণ্যের চাহিদা বেশি!,1,1,0,NoAg,0.43568584,0.2557494,0.09331378,0.057739142,0.15751183
fb 1312.jpg,*নিরলস সাহিত্যচর্চার জন্য বাংলা অ্যাকাডেমির পুরস্কার পেলেন মমতা বন্দ্যোপাধ্যায়*,2,2,2,PAg,0.11611371,0.124151856,0.32877296,0.19776909,0.23319244
fb 161.jpg,এসএসসি ফেইল করা নিব্বি রিকশাওয়ালা,1,1,2,PAg,0.2304224,0.17257673,0.26326185,0.12935668,0.2043823
fb 1414.jpg,শুনলাম আপনাদের দেশের লোকেরা আমার দেশের জিনিসপত্র বয়কট করার কথা বলছে? ওরা তো আর জানেনা যে নিও লি বেড়াল পলিসির কারণে আমি আগেই আপনাদের দেশের কোম্পানিগুলোকে আমাদের দেশে ব্যবসা করার অনুমতি দিয়ে রেখেছি,2,2,2,PAg,0.05790678,0.04955879,0.4588956,0.32862437,0.10501442
chosha (47).jpg,প্রথম ছ্যাকা খাওয়া পর...! আমি: কেনো তুমি আই আই আই !,0,0,0,NoAg,0.6086264,0.25963846,0.023075558,0.0145142265,0.09414538
fb 305.jpg,আজকাল ট্রিট মানে ছেলেরা চুদা দেয় -মেয়েরা চুদা নেয়়,1,1,4,Oth,0.22247088,0.28764656,0.12923507,0.058958713,0.3016887
fb 1104.jpg,"চিন্তা নেই, আমি খুব ধীরে ধীরে করি",1,1,4,Oth,0.1912645,0.2339591,0.1509706,0.1634822,0.2603236
fb 4.jpg,আমি : দোস্ত আমিতো আলিশার উপর চরম ক্রাশ খাইছি কাউকে বলিস না কিন্তু! দোস্ত : সুপ্রিয় ভাই ও বোনেরা আমার! সবাই শুনেন!! রিফাত আলিশার উপর ক্রাশ খাইছে!!,0,0,2,PAg,0.08119407,0.072545744,0.36299285,0.3611155,0.12215185
in 328.jpg,মনে হয় আমার কথা ভাবছে.... কালকে গ্রামে ঢুকে যদি বলি আমি দিদির দূত তাহাল আবার তাড়া করবে,2,2,0,NoAg,0.32204446,0.26531053,0.119197704,0.09014976,0.20329742
tangaila (84).jpg,যারা একদিনে অনেক টাকা আয় করে যারা এই গরমে রাস্তার পাশে লেবুর শরবতের দোকান দিয়েছে,0,0,2,PAg,0.061185647,0.05635227,0.39971292,0.3862371,0.09651208
bangla-memes (167).jpg,নির্বাচনী পোস্টার ঢাকা,0,0,4,Oth,0.2378059,0.19332145,0.18851708,0.13897051,0.24138507
Halal Memes (239).jpg,যখন জনগণকে চা ঢেলে দেওয়ার পর তারা সেই চা না খেয়ে উল্টা ট্রল করে আমি কিতার মধ্যে চা ঢালতাছি,4,4,0,NoAg,0.7289091,0.17327516,0.026440425,0.00891866,0.06245671
in 307.jpg,"এখনও মনে করি অনুব্রত বীরভূমের বাঘ' , দলের জেলা সভাপতির পাশে দাঁড়িয়ে ফের ফিরহাদ-মন্তব্য 'অনুব্রত প্রভাবশালী নন', দাবি ফিরহাদের; দিলেন কেষ্ট-হীন পোস্টারের ব্যাখ্যাও",2,2,3,RAg,0.0028582334,0.004060804,0.15318726,0.82622874,0.013664931
direct-offense (69).jpg,স্যার: কিরে পরিক্ষার খাতায় তোর আর তোর বন্ধুর উত্তর এক ক্যান ! আমি: স্যার প্রশ্নওতো এক ! * স্যার * আমি,0,0,0,NoAg,0.5060801,0.26788214,0.053923562,0.0330133,0.13910088
blog 85.jpg,"দোয়া-মোনাজাত বিশ্বাসসূচক নয়, বরং সংশয়সূচক কারণ সর্বজ্ঞ আল্যাহর বিচক্ষণতা ও তার ঐশী পরিকল্পনার প্রতি আপনার পূর্ণ আস্থা যদি থাকতো, আপনি কি তার সেই পরিকল্পনা পুনর্বিবেচনাপূর্বক পরিবর্তনের অনুরোধ করে দোয়া-মোনাজাত করতেন?",3,3,3,RAg,0.00052887364,0.00079666986,0.092042,0.9022775,0.004354906
fb 42.jpg,এসএসসি রেজাল্টের ৩ বছর পর... এই পোলায় এসএসসি তে গোল্ডেন পাইছিলো! দেখছোস কেউ এখন আর বেইল দেয়না?,0,0,2,PAg,0.3185394,0.12571654,0.35219288,0.05887311,0.14467816
fb 1274.jpg,একজন বোকা লোক এক নারির পশ্চাতের গন্ধ এড়িয়ে যাবো কিন্তু একটি সুশীল লোক বলিবে আপনার পুটকিতে অনেক গন্ধ আপনার পুটকি মারতে চাই,1,1,3,RAg,0.046235524,0.041811515,0.39849955,0.42349657,0.08995689
in 66.jpg,মেহেদীর মা মেহেদী আজকে রাতে মেহেদী লাগাবো বলা মেয়েরা,1,1,0,NoAg,0.46003604,0.30109826,0.04636142,0.03133763,0.16116662
fb 1062.jpg,তুমি জানো আমি কে? আপনাকে জানার মায়েরে চু#,4,4,0,NoAg,0.30264178,0.27857384,0.10428576,0.10777686,0.20672184
in 389.jpg,"এই সোনা জানো, বাবা গত সপ্তাহে লটারি জিতেছিল আবার এই সপ্তাহেও জিতেছে..... তোমার বাবা তৃণমূল করে? ঠিক ধরেছো, আমি তো তোমাকে বলিনি, তুমি কী করে জানলে!",2,2,2,PAg,0.18972415,0.13680889,0.33443436,0.16382211,0.17521054
chosha (91).jpg,বলতো সবাই দুয়ে (২) + দুয়ে (২) = কি হয় ? ম্যাডাম দুয়ে দুয়ে দুধ বেড় হয়,1,1,2,PAg,0.15797645,0.14043131,0.27236116,0.21859619,0.21063489
fb 1701.jpg,অবিশ্বাসীদের যেখানেই পাবে সেখানেই হত্যা করবে আল কুরান (২ : ১৯১) তোমার ধর্ম তোমার কাছে আমার ধর্ম আমার কাছে আল কুরান (১০৯ : ৬),3,3,2,PAg,0.06716612,0.06894362,0.45966014,0.21504493,0.1891853
fb 1553.jpg,"হকিং যখন বলেছিল, ব্ল্যাকহোলের মধ্যে তথ্য চিরতরে হারিয়ে যায় হকিং যখন বলেছিল, স্রষ্টা বলতে কেউ নেই",3,3,0,NoAg,0.34165213,0.18978623,0.18947874,0.07345536,0.20562762
bangla-gag (81).jpg,প্রিয়তমা পরী ছিল ডানা কাটা ছিল না ! তাই উড়ে চলে গেল পাত্তাই দিল না !!,0,0,4,Oth,0.14143981,0.16020839,0.28120252,0.09752453,0.31962478
fb 62.jpg,আমার ডিএসএলআর আছে আমি বিরাট ফটোগ্রাফার তাইলে আমার কলম আছে আমি হুমায়ূন আহমেদ,4,4,0,NoAg,0.33403432,0.25957268,0.10475006,0.06996449,0.23167838
blog 377.jpg,আল্যা পরম করুণাময় তিনি শুধু কাফিরহত্যার নির্দেশ দিয়েছেন,3,3,2,PAg,0.10907395,0.10133137,0.32173136,0.30893046,0.15893283
tangaila (173).jpg,কুমুদিনীর মেয়েরা বিয়ের আগে কুমুদিনীর মেয়েরা বিয়ের পরে,1,1,0,NoAg,0.51932514,0.30164453,0.030363332,0.025322137,0.123344876
blog 322.jpg,একখান কামের কাম করসে টাইম ম্যাগাজিন। পোপের মাথায় ডেভিলের শিং বসাইয়া দিসে ।,3,3,3,RAg,0.01763667,0.02470503,0.37002954,0.46874243,0.11888635
fb 277.jpg,এইরকম একটা মেয়ে যদি আমার বেটার বউ হতো নাউজুবিল্লাহ,1,1,1,GAg,0.3281141,0.37231988,0.038494203,0.038342074,0.22272982
in 532.jpg,মশাই ইডির তদন্ত দেখে আপনার কি মনে হচ্ছে?! ইডি নিজেও এখন কনফিউজড আগে বেআইনি সম্পত্তি খুঁজে বের করবে? নাকি বান্ধবী খুঁজে বের করবে!?,2,2,2,PAg,0.10027938,0.083084315,0.38941658,0.29121408,0.13600564
tangaila (300).jpg,আমার লুচু বন্ধু বেবিস্ট্যান্ডের দিকে রওনা দেওয়ার আগে - আজকে রেট কত কইরা ?,0,0,0,NoAg,0.54197437,0.2483838,0.047614124,0.027356926,0.13467073
fb 1796.jpg,"সব মন খারাপের একটাই সমাধান, এক প্লেট সুলতানি কাচ্চি । আজকে আমার মন ভালো নেই চলো কাচ্চি খাই",4,4,3,RAg,0.05719766,0.052063756,0.39225125,0.39293227,0.10555501
blog 432.jpg,হালা নাস্তিক আমগোর ধর্মরে ধ্বংস করার ধান্দা?,3,3,4,Oth,0.24317862,0.21689086,0.19945525,0.064089164,0.27638605
fb 1580.jpg,নাস্তিকীয় লজিক নারী পুরুষ আফ্রিকান ফর্সা কালো ধনী গরীব প্রতিবন্ধি নাস্তিক,3,3,4,Oth,0.08742925,0.14514796,0.26939315,0.19898033,0.2990493
bangla-memes (150).jpg,যখন পরীক্ষার রেসাল্ট ভালো হওয়ার পর মনে পড়ে যায় যে আসল রেসাল্ট দেওয়া হবে হাশরের ময়দানে:,0,0,0,NoAg,0.7240952,0.19743803,0.013719236,0.0067087645,0.058038633
fb 16.jpg,বাসায় একা থাকলে যা করবো ভাবি আসলে যা করি,0,0,0,NoAg,0.34576613,0.26224542,0.11246783,0.09798876,0.18153189
blog 397.jpg,তুমিও কি আমার মতোই বসন্তকালের অপেক্ষায় আছো? তা তো জানি না । আমার স্বামীকে জিজ্ঞেস করে নিতে হবে।,3,3,2,PAg,0.23134741,0.16811731,0.27755925,0.12904245,0.1939336
KAM (103).jpg,কিরে জলিল কাল নাকি পাবলিক তোকে গন ধোলাই দিছে হুম... কি অপরাধ করলি আবার আর বলিসনা এক মাহিলার পায়ের নিছে আমার একটা ফটো পরছিল মাইর দিল কেন আমি শুধু কইছি আফা শাড়ী টা উপরে তুলেন ফটো তোলব তো...,4,4,3,RAg,0.0029547927,0.003914089,0.18346126,0.79595876,0.013711092
fb 944.jpg,তোর না বেগুনে এলার্জি? তাইলে প্রতি সপ্তাহে যে এত বেগুন কিনি সেগুলা কে খায়?,1,1,0,NoAg,0.23653026,0.18144126,0.22761762,0.13982926,0.21458164
in 217.jpg,"""সিপেম সব চাকরি খেয়ে নিচ্ছে' বলে কান্নাকাটি করা পিসি বিকাশরঞ্জন ভট্টাচার্য",2,2,4,Oth,0.10373987,0.1502142,0.24318142,0.24248713,0.2603774
fb 837.jpg,চোখে ঘুম আসলে লুঙ্গিটাই কন্ট্রোল করতে পারি না আর তুমি বলতেছো তোমাকে আগলে রাখতে,0,0,0,NoAg,0.33850092,0.28619272,0.08796586,0.06803947,0.21930096
ovodro_img (54).jpg,তোর নাম কী ? যস দেখ কান্ড যার শরীরে নাই কোন রস তার নাম আবার যস,4,4,0,NoAg,0.2706999,0.2289612,0.15693238,0.107458256,0.23594825
in 71.jpg,আর্জেন্টিনার এবার কোপা জিতলে আমার দুইটা বিচি কেটে কুত্তা দিয়ে খাওয়াবো আর্জেন্টিনা জিতার পর কুত্তা: বিচি দুইটা দিলেন না স্যার?,4,4,2,PAg,0.19487256,0.15736863,0.2993429,0.114690825,0.23372512
Bangla Thug Life (201).jpg,নারীবাদ পিরিয়ডের পেইন এইসব নিয়া স্ট্যাটাস দেয়ার পর মেয়েদের মন জয় করা ফাকবয় বি লাইক: এ শহরে আমার মতো ক্রিমিনাল একটা ও নাই,1,1,2,PAg,0.08188191,0.063782565,0.5071861,0.17828606,0.16886339
chosha (44).jpg,"ভাই আমি বিয়ের আগে কোনোদিনও বউয়ের সাথে সেক্স করিনি, তুই করছিলি ? মনে পড়ছেনা , তোর বউয়ের নাম বল হয়তো মনে পড়তে পারে",0,0,0,NoAg,0.37761322,0.23792022,0.12832935,0.07097563,0.18516159
fb 679.jpg,উচ্চ মাধ্যমিক মাধ্যমিক,0,0,0,NoAg,0.29335877,0.27578813,0.11372249,0.04876953,0.26836106
fb 56.jpg,মেয়েরা যেভাবে ছবি তুলে,1,1,0,NoAg,0.3758413,0.2787876,0.08508931,0.075155586,0.18512613
tangaila (164).jpg,হাসানিয়ানদের বউ সৃষ্টিয়ানদের বউ,4,4,1,GAg,0.20193674,0.302856,0.106276646,0.10778327,0.28114736
fb 470.jpg,খুবই ভাগ্যবান রুগী,1,1,0,NoAg,0.30002803,0.26919168,0.1134689,0.06297798,0.2543334
ovodro_img (201).jpg,বল পাগলু পাদলু উচ্চারন তো মহানায়ক দেবের মত,4,4,0,NoAg,0.27359563,0.19322526,0.21291067,0.11296194,0.20730656
in 642.jpg,আজ লন্ডভন্ড দিবসের বর্ষপূর্তি,2,2,4,Oth,0.2212495,0.18582709,0.21295135,0.15720573,0.22276632
blog 326.jpg,ঈশ্বর সত্য। আপনি আমার কথা বিশ্বাস করছেন না? এই ইউটিউব লিংকটা দেখুন । এর অর্থ - সেই অতিলৌকিক সত্তার অস্তিত্বের প্রমাণ আছে ইউটিউবে?,3,3,3,RAg,0.0028194587,0.0041999216,0.16189513,0.8178286,0.0132568665
fb 829.jpg,"বন্ধু আমার পদধূলি নিচ্ছে কারণ সে ও আমার মতো এলিয়েন; জাদুকর..."" এর ট্যাগ পেতে চায়",4,4,0,NoAg,0.3901221,0.20870256,0.15007526,0.076189816,0.1749103
ovodro_img (692).jpg,ভালোবাসা খুজে পেয়েছি !,0,0,0,NoAg,0.23088099,0.22881907,0.16499792,0.16338898,0.21191312
KAM (256).jpg,তামিমের রান্না করা নুডলস শ্রীলঙ্কা ০ রান স্কটল্যান্ড ৯৫ রান ইংল্যান্ড ২ রান,4,4,2,PAg,0.052257117,0.059540637,0.41253716,0.3167786,0.15888648
in 101.jpg,"দামে কম নরম বেশি... টেপে কম, ঠাপে বেশি.... জনি ফার্নিচার...",4,4,3,RAg,0.06950705,0.10901082,0.2669813,0.30841786,0.24608296
Bangla Thug Life (17).jpg,যখন দেখি ক্লাস নাইন এর ছেলে আর ক্লাস ৭ এর মেয়ে একসাথে হাত ধরে হাটতেসে আমি: এই জীবনে কি করলাম ?,0,0,0,NoAg,0.75525975,0.1818073,0.0109414775,0.0048966506,0.047094785
KAM (46).jpg,"পোলাপাইনের রি-অ্যাকশন যখন ক্লাসের সবচেয়ে সুন্দরী মেয়েটি, ""ইন এ রিলেশনশীপ"" হয়ে যায়",0,0,0,NoAg,0.6168099,0.16215424,0.093689986,0.019353373,0.10799241
Bangla Thug Life (162).jpg,তরকারিতে লবণ বেশি হওয়ায় এগুলা গরু খায় নাকি বলে চিল্লাতে থাকা শাশুড়ী এ দিকে দুই প্লেট ভাত খেয়ে ফেলা তার ছেলে,0,0,0,NoAg,0.50410116,0.17569944,0.14532916,0.030970082,0.14390016
direct-offense (4).jpg,ও মাঠে খেলুক বা যেখানেই খেলুক না কেনো খেলুক তাহলে আজ না-হয় বাসাতেই হয়ে যাক?,4,4,2,PAg,0.083367504,0.083204396,0.35135952,0.32825753,0.15381108
tangaila (96).jpg,ফজিলাতুন্নেছা কুমুদিনী,1,1,4,Oth,0.12680808,0.29322758,0.10404692,0.107816346,0.36810106
fb 1327.jpg,অসংখ্য হিন্দুত্ববাদী ফাসিস্ত-কে সহ্য করার চেয়ে পুঁজিবাদী রাষ্ট্রকে একেবারে উচ্ছেদ করে দেওয়া ভালো,2,2,0,NoAg,0.31882873,0.12753779,0.314847,0.059545964,0.17924063
blog 49.jpg,মূর্তিপূজার অভিযোগে অভিযুক্ত মুসা নবীর অনুসারীদের আল্লাহ ক্ষমা করেছে (সুরা আল বাকারাহ; ২:৫২) মূর্তিপূজার অভিযোগে অভিযুক্ত মুসা নবীর অনুসারীদের আল্লাহ শাস্তি দিয়েছে (সুরা আল আরাফ; ৭:১৫২),3,3,3,RAg,0.008286852,0.013071979,0.3351601,0.58299786,0.06048323
fb 2069.jpg,চাঞ্চল্যকর তথ্য ডলার বিনিময়ে জয়ী অবশেষে রিয়াল মাদ্রিদে ।,4,4,2,PAg,0.19449975,0.16992538,0.26753408,0.14076199,0.22727884
ovodro_img (121).jpg,*পাগলাচোদা গালফ্রেন্ড বাড়ার মাথা বাড়া,1,1,4,Oth,0.16588639,0.27319217,0.12375699,0.14603975,0.2911247
KAM (178).png,আমাদের টিমে আছে ১১টা খেলোয়াড় !! আর ইন্ডিয়ান টিমে ১৪ টা খেলোয়াড়!! ১১ জন মাঠে খেলে আর ৩ জন সিদ্ধান্ত নিয়ে খেলে!,4,4,3,RAg,0.022828223,0.027636368,0.29417711,0.57991743,0.07544085
in 339.jpg,আরে ও সাম্বা ঐ তিনু বিধায়কের ঘরে কতো টাকা পাওয়া গেছে? সর্দার... পুরো ১১ কোটি নগদ,2,2,3,RAg,0.031225095,0.03479712,0.2950755,0.5619366,0.076965764
blog 312.jpg,বিশ্ব উষ্ণায়ণ হ্রাসে হিন্দুধর্মের উদ্যোগ,3,3,0,NoAg,0.3639092,0.33273914,0.0569559,0.025946759,0.2204491
fb 1717.jpg,এইডা ইহুদি নাসারাগো কাজ দুষ্টু কোথাকার,3,3,0,NoAg,0.27503204,0.26653427,0.12327073,0.09557628,0.23958667
fb 1281.jpg,১০০ টাকা ডোনেশন পেয়ে ২০ টাকা সাহায্য করার পর বিদ্যানন্দঃ বাকিডা আমারে দিয়া দিতে কইছে,4,4,0,NoAg,0.6553039,0.19471446,0.047894113,0.015972542,0.08611503
fb 438.jpg,আমি বিমান পোকাসোদা,2,2,0,NoAg,0.29074144,0.25345019,0.12468689,0.10069555,0.2304259
tangaila (134).jpg,জাস্টফ্রেন্ড গালফ্রেন্ড,0,0,4,Oth,0.12575255,0.16543089,0.2236471,0.22618477,0.25898474
fb 807.jpg,বন্ধুর ১৪ই ফেব্রুয়ারীর পরিকল্পনা ওমিক্রন,0,0,4,Oth,0.16897963,0.16932687,0.21725957,0.2117874,0.23264647
fb 1258.jpg,"পহেলা বৈশাখ বাঙালির সংস্কৃতি; যারা পহেলা বৈশাখ পালন করেনা, তারা খাঁটি বাঙালি নাহ পহেলা বৈশাখ মুসলমানদের জন্য নয় জ্ঞান বুদ্ধি হওয়ার পর থেকে কখনো পহেলা বৈশাখ নিয়ে লাফালাফি করি নাই",3,3,2,PAg,0.03806437,0.03288279,0.47179094,0.37893072,0.07833122
bamboo-vaiya (17).jpg,"আর চুপ থাকা যায় না দেশে নারী নির্যাতন বন্ধ করতেই হবে দেখুন, যৌতুকের টাকা দেওয়ার পর ও বার বার বলে বাপের বাড়ি থেকে টাকা আনতে আর না দেওয়াতে প্রতিদিন ঠিক এইভাবে মারধর করে, চরম প্রতিবাদ যানাই , মানবতা আজ কোথায় ??",1,1,2,PAg,0.2612489,0.15879561,0.30298862,0.12569393,0.15127288
tangaila (196).jpg,আমার সেরা দল হতে পারতাম যা এর আগে পৃথিবী দেখে নি,0,0,0,NoAg,0.35302317,0.22809917,0.14922653,0.10677733,0.16287388
chosha (107).jpg,"আপনার মেয়েকে আমার ছেলে পছন্দ করেছে, তা আপনার মেয়ে কি পর্দাশীল ? অবশ্যই , মেয়ের ফেসবুক প্রোফাইল লক করা",1,1,0,NoAg,0.34049648,0.30461395,0.081012815,0.07915697,0.1947198
fb 487.jpg,কিরে খনিকের পুতেরা? এখন বল আমি বেশি হট নাকি নোরা ফাতেহি বেশি হট?,4,4,4,Oth,0.21036406,0.17726916,0.21702698,0.16415194,0.23118794
Bangla Thug Life (4).jpg,যখন ভল্লুক এসে পড়ে এবং আপনি এবং আপনার বেস্টফ্রেন্ড দুজনের কেউই জানেন না কিভাবে গাছে চড়তে হয়,0,0,0,NoAg,0.36688948,0.18209496,0.213694,0.08358813,0.15373352
fb 367.jpg,"গুজরাটে শিল্প আছে, নতুন শিল্প হচ্ছে, এগিয়ে বাংলায় নেই | বরঞ্চ গুজরাটি ভাষাটা জানা থাকলে বাঙালীদেরও গুজরাটে চাকরি পেতে সুবিধা হবে | বাংলা ভাষাটা আপাতত সাহিত্য চর্চার জন্যই ঠিক আছে দেশী গরুর মূত্র ঘটিত ব্যাপার বলে মনে হচ্ছে",4,4,3,RAg,0.006215632,0.010248837,0.41115955,0.5212473,0.05112869
fb 1361.jpg,এদিকে আয় তোর চিকিৎসা করবো,4,4,1,GAg,0.29838705,0.32072097,0.07542205,0.08468553,0.22078437
ovodro_img (289).jpg,"মিথ্যা বললি ক্যানো আমায়? বাথরুমে ওটা স্যাম্পু ছিল না ।। আপনি কী করে বুঝলেন যে , ওটা স্যাম্পু ছিল না ? ? মাথায় মেখেছিলাম কোন ফ্যানা হয়নি রে ঢ্যামনা ।",0,0,3,RAg,0.031559553,0.03478929,0.37984976,0.4721532,0.08164824
