image_name,Captions,Label,true_id,pred_id,pred_label,prob_NoAg,prob_GAg,prob_PAg,prob_RAg,prob_Oth
fb 554.jpg,ভালোই তো এতদিন ভুলে ছিলি,0,0,3,RAg,0.27706954,0.13323341,0.07629196,0.39453724,0.11886792
in 375.jpg,দুই বাসের রেষারেষিতে কুণাল ঘোষের গাড়িতে ধাক্কা! আমি খোজ নিয়েছি বাস ড্রাইভার দুটো সিপেম করে...,2,2,0,NoAg,0.27426022,0.18381707,0.26438645,0.110526934,0.1670093
in 137.jpg,চিন্তা করো না বাবা; আমি আসছি,2,2,0,NoAg,0.2798319,0.15383038,0.26354972,0.06835323,0.23443484
in 351.jpg,ক্ষুদ্র শিল্পে দেশে এক নম্বরে পশ্চিমবঙ্গ' সবই ওনার অনুপ্রেরণায়....,2,2,2,PAg,0.20098646,0.25104633,0.25388694,0.08757717,0.20650312
Bangla Thug Life (350).jpg,সকালের মিষ্টি রোদে ছবি অন্যদের আমার,0,0,0,NoAg,0.34328023,0.16616993,0.12551405,0.1922228,0.17281294
KAM (19).jpg,অনেকদিন ঘুরতে যাওয়া হইনি চলো কথাও যায় নারায়াঙ্গঞ্জ খুব সুন্দর ... চলো যাই থাক তাহলে যাবো না,4,4,1,GAg,0.1638225,0.51214933,0.09709187,0.015646046,0.21129023
nurani-memes (131).jpg,"আম্মুঃ তোর বয়সের সবাই টিউশনি করায়া টাকা কামায় আর তুই এখনো বাপের উপরে চলস , লজ্জা করেনা ? আমিঃ লজ্জা ? হেইডাতেও প্রিজারভেটিভ দেওয়া আছে",0,0,0,NoAg,0.34753665,0.089876086,0.2655889,0.09595107,0.20104729
KAM (65).png,"এই ছেলে তোমরা কই ভাই-বোন? আমরা ২ ভাই, আমি আর আমার বড় ভাই কি করে তোমার বড় ভাই? জার্মানি করে! জব এর কথা জিজ্ঞেস করছি, ফুটবল টিম না!",0,0,0,NoAg,0.35843047,0.10403572,0.18151481,0.05591018,0.30010876
KAM (121).jpg,"শরীরটা ভালো না... কেমন জানি লাগতেছে ! তাই মাথা ঘুরায়... বমি বমি ভাব, তেঁতুল খাইতে মন চায়.... তাইনা!",0,0,2,PAg,0.27067238,0.1564525,0.30829272,0.033765633,0.23081678
bangla-troll (19).jpg,তুমার নাম কি ? অপূর্ব পইন্নির ঘরে পইন্নি রুপের প্রশংসা করস কেরে ?,4,4,0,NoAg,0.31316635,0.1198213,0.25248462,0.039183564,0.27534413
fb 603.jpg,*২০২২ ২০২৩ সালে ভালো কিছু হবে আশায় আমি,0,0,3,RAg,0.18200469,0.148848,0.18359637,0.34434974,0.14120115
ovodro_img (46).jpg,আমরা যাদের একসাথে দেখতে চাই কিন্তু যাদের একসাথে দেখতে পাই,4,4,0,NoAg,0.32703513,0.13920271,0.23560664,0.07157922,0.22657628
Halal Memes (346).jpg,চিনছো আমারে ? চিনবা কেমনে! নতুন বন্ধু পাইলে পুরাতন বন্ধুর খোজ কে রাখে-,0,0,0,NoAg,0.31941274,0.17537594,0.2630485,0.069145,0.17301783
fb 1150.jpg,শাহবাগী পোশাকের স্বাধীনতা চাই। আমরা সবসময় পোশাক বিরোধী আন্দোলন করব। কিন্তু শীতকালে আন্দোলন করব না শীতকালে খুব ঠান্ডা লাগে।,4,4,0,NoAg,0.2810198,0.24772297,0.13516653,0.17320931,0.16288137
fb 709.jpg,আচ্ছা ভাই মোবাইলে তো এতদিন ক্লাস নিত তাইলে এখন ক্লাসে কেন মোবাইল নিতে দেয় না,0,0,1,GAg,0.25155988,0.3517105,0.12862316,0.06866855,0.19943792
fb 1280.jpg,"বিদ্যানন্দ পড়বো, খেলবো, শিখবো",4,4,1,GAg,0.116486356,0.57889825,0.10313785,0.06864461,0.13283288
blog 190.jpg,"নিজেরে যখনই আবাল মনে হবে তখন মনে কইরেন, এই দুনিয়া গিজগিজ করতেসে আপনের চাইতে বহুত গুণ বেশি আবালে, যারা এই যুগেও বিচিত্র সব ভগবানেশ্বরাল্যায় বিশ্বাস করে",3,3,3,RAg,0.11817485,0.09638638,0.08446938,0.60962474,0.09134454
in 21.jpg,আম্মুর থিওরি দুধ খেলে মানুষ ফর্সা হয়,0,0,0,NoAg,0.43877944,0.16894612,0.1187507,0.09213641,0.1813874
fb 1556.jpg,"যখন একজন নাস্তিক বলে, আমি প্রমাণ ছাড়া কিছুই বিশ্বাস করি না! কিন্তু সে বিবর্তনবাদে বিশ্বাস...",3,3,3,RAg,0.27035558,0.13952109,0.14762826,0.28207812,0.16041699
fb 1871.jpg,জগ জাগি মগ মাগি,1,1,0,NoAg,0.28811306,0.247929,0.20876794,0.1381282,0.11706172
in 336.jpg,আমি দিদির দূত... গ্রামে ঢোকার পর *গ্রামবাসী,2,2,0,NoAg,0.38510045,0.087332435,0.117048,0.09381397,0.31670514
bamboo-vaiya (195).jpg,"যখন আপনি ঈদে দুই সেট জামা গিফট পান, এবং একটি পছন্দ হয় অপরটি হয় না",4,4,0,NoAg,0.3873883,0.076439105,0.23571742,0.06619696,0.23425823
fb 442.jpg,কি ব্যাপার অঞ্জন দা এত উদাস কেন? কতদিন দার্জিলিং যাই না। এই গরমে কলকাতায় থাকা যায়! চলো তোমায় দার্জিলিং ঘুরিয়ে আনি সত্যি নিয়ে যাবি আমাকে? আলবৎ কিন্তু গাড়িটা আমি চালাবো | বানসোদ দার্জিলিং যাওয়ার কথা বলছি কেওড়াতলা নয়!,4,4,2,PAg,0.12511082,0.20478192,0.4108989,0.09535676,0.16385151
blog 173.jpg,"আমরা, নাস্তিকেরা, আপনের বিশ্বাস নিয়া রঙ্গ করি বইলা আপনের মন খারাপ হয়? কিন্তু কন তো, আপনের বিশ্বাস এমুন বিনুদুনী টাইপ হইলে সেইটা আমগো দোষ?",3,3,3,RAg,0.20157962,0.17022197,0.06824829,0.45451978,0.10543035
chosha (126).jpg,এতো ভাব দেখায় কি লাভ ? দিনশেষে তো চোদা-ই খাওয়া লাগবে,1,1,1,GAg,0.24971814,0.37019852,0.10734569,0.122933686,0.14980403
fb 1411.jpg,তোর বয়ফ্রেন্ডের বাবা-মা তো আজ বিয়ের কথা বলতে আসবেন? হ্যাঁ। উনি তো আবার তৃণমূল করেন। আগেই বলে রাখছি; বিয়ের খরচ থেকে কাটমানি চাইলে কিন্তু আমি এই বিয়েতে মত দেবো না। এইরকম বোলো না মা। সব তৃণমূল নেতারা মোটেই কাটমানি চায় না। তুমি বরং বাড়ির চালের পাত্রটা লুকিয়ে রাখো।,2,2,1,GAg,0.13054757,0.37143743,0.17568363,0.06330547,0.2590259
pin 25.jpg,"বলতো, পশ্চিমবঙ্গের কোন সেতুটা সবচেয় সুরক্ষিত? কি রে বল! বল! পারলি না তো! দ্বিতীয় হুগলী সেতু; পিসি ওটা দিয়েই নবান্নযায়!",2,2,2,PAg,0.15472056,0.16169393,0.4213758,0.03802082,0.2241889
fb 290.jpg,লিকা তোমার দুই পায়ের মাঝখানে আমাকে একটু ঘুমাতে দিবা সকালে উঠে গোসল করে চলে যাব,1,1,1,GAg,0.21878451,0.51903605,0.0594233,0.064491175,0.13826497
fb 1897.jpg,মধু যখন তার বফ কে কাঁচকলা দেখিয়ে কোনো সরকারি চাকরিজীবীকে বিয়ে করে ফেলে! মধুর বফ মধুর বিয়েতে : আমার মধু বেশ্যা!,1,1,0,NoAg,0.42328244,0.20988102,0.073761016,0.108321056,0.18475454
direct-offense (81).jpg,যেরকম আমরা চোখে দেখি সেটা দেখার পর যেটা ভাবি,1,1,1,GAg,0.22844073,0.25421992,0.18942815,0.087487325,0.24042395
fb 1275.jpg,উনি কওমি মাদ্রাসার হুজুর তাড়াতাড়ি সালাম দিন নাহলে,3,3,0,NoAg,0.52072597,0.12672773,0.06558964,0.18699992,0.099956736
Bangla Thug Life (35).jpg,পড়ালেখা ভালো রেজাল্ট আমি আমি পড়ালেখা ভালো রেজাল্ট,0,0,4,Oth,0.2774638,0.13104378,0.26220956,0.04053768,0.28874516
blog 283.jpg,কী যে রহমতের মাস রমজান! সারাটা মাস আমি দরিদ্র আর ক্ষধার্তদের প্রতি প্রকৃত সহমর্মিতা অনুভব করি।,3,3,3,RAg,0.06776545,0.06813464,0.07626731,0.7374714,0.050361175
KAM (791).jpg,আমি ফ্যান নিয়া আসছিলাম আমি টিউবলাইট লইয়া আইছি আমি কি তাহলে কারেন্টবিলের কাগজ লইয়া আমু?,4,4,1,GAg,0.19235675,0.34188777,0.16984306,0.03790699,0.25800538
in 554.jpg,"খড়ার পুরসভায় বিজেপির সমর্থনে তৃণমূলের চেয়ারম্যান! অস্বস্তিতে শাসক দল আমি তো কবেই বলেছি, ভারতীয় জনতা পার্টি মানেই তৃণমূল",2,2,2,PAg,0.1169252,0.16239361,0.4464826,0.1541241,0.12007447
fb 1044.jpg,পিতা পুত্রের অঙ্কের ভুলের ফসল,4,4,0,NoAg,0.43906617,0.09713773,0.20772745,0.06957922,0.18648939
fb 106.jpg,যখন তুমি ভিপিএন এর ব্যবসা করো আর সরকার ফেসবুক ও অন্য মেসেঞ্জারগুলা বন্ধ করে দেয়,0,0,4,Oth,0.2802123,0.14396632,0.12948407,0.13472287,0.3116144
bamboo-vaiya (406).jpg,কিসে পড়েন ? ফার্মেসীতে কেন বাসায় পড়ার জায়গা নাই,0,0,2,PAg,0.2546665,0.10972382,0.34049562,0.07593836,0.21917573
KAM (245).png,"বলোতো, বায়ুমণ্ডল কাকে বলে? মণ্ডল বাড়ির উপর দিয়ে যে বায়ু প্রবাহিত হয় তাকেই বায়ুমণ্ডল বলে।",0,0,1,GAg,0.17682734,0.377257,0.14357215,0.08816687,0.21417671
KAM (101).png,"এইযে তুই বল, এবারের ফুটবল ওয়ার্ল্ডকাপ কোথায় অনুষ্ঠিত হবে? স্যার ওয়ার্ল্ডকাপ তো ওয়ার্ল্ডেই হবে, আর কই হবে?",0,0,0,NoAg,0.32472134,0.23495305,0.15087345,0.021921141,0.2675311
in 509.jpg,"চাপে পড়ে এসেছি, দাদা, কিছু একটা করুন... সবই বুঝি... তবে বারবার এভাবে এসো না লোকে বুঝে যাবে!",2,2,2,PAg,0.20491531,0.19690166,0.2909132,0.21091652,0.09635328
fb 1992.jpg,প্রেম জেগেছে আমার মনে বলছি আমি তাই তোমায় আমি ভালবাসি তোমায় আমি চাই উঁরি উঁরি বাবা কি দারুণ,1,1,1,GAg,0.18153125,0.2867473,0.25357568,0.018122433,0.2600233
Halal Memes (252).jpg,সিরিয়ালে নায়িকা যখন শ্বাশুড়ির সাথে বিদ্রোহ করে * বাঙালি শ্বাশুড়ি কিন্তু যখন নিজের ছেলের বউ কোনো একটা ভুল করে,4,4,0,NoAg,0.38260013,0.10802873,0.21776219,0.108559035,0.18304992
fb 299.jpg,বাবু ব্যথা করছে না তো ? না সোনা একদম না... কিন্তু প্রথমবার তো ব্যথা করা উচিত! ও হ্যাঁ তাই তো!! আহ! আহ! আহ!,1,1,3,RAg,0.03671402,0.056865316,0.034378484,0.8350524,0.036989782
blog 285.jpg,সব মুছলিম টেররিষ্ট নয়... প্রায় সব টেররিষ্টই মুছলিম ।,3,3,3,RAg,0.076289445,0.05907278,0.018163117,0.79791224,0.048562422
KAM (35).jpg,"হাতের লেখাটা একটু ভালো করো নইলে ভবিষ্যত জীবনে কষ্ট পাবে না, স্যার! আমি ঠিক করেছি ডাক্তার হব",0,0,0,NoAg,0.3452552,0.15896894,0.17363308,0.03646884,0.28567395
blog 179.jpg,"এ কথা খুবই সত্য যে, আমি এখন অহংবোধ থেকে মুক্ত। তাহলে লোক-দেখানো এই আলাদা ধরনের পোশাকের কি প্রয়োজন? যাতে অন্যেরা বুঝতে পারে, আমি অহংবোধ থেকে মুক্ত ।",3,3,3,RAg,0.058221303,0.0573268,0.06144499,0.75664216,0.06636475
in 505.jpg,লক্ষ লক্ষ টাকা আত্মসাতের অভিযোগ 'সরকারি চাকরি দেওয়ার টোপ দিয়ে লক্ষ লক্ষ টাকা গ্রাস' ! মারের মুখে তৃণমূলের নেত্রী দুয়ারে ক্যা লা নি চলছে...,2,2,2,PAg,0.2143187,0.091207206,0.3866824,0.06668066,0.24111108
chosha (24).jpg,আজকে নাকি হাগ ডে আমার কি আমি তো প্রতিদিন হাগি,0,0,4,Oth,0.2705251,0.123466186,0.22432905,0.0836108,0.29806876
fb 1470.jpg,যখন আপনি শয়তানের প্ররোচনায় ফেজবুক চালান কিন্তু আয়াতুল কুর্সি শেয়ার দিয়ে টাইমলাইনে রেখে দেন শয়তান:-,3,3,0,NoAg,0.39039674,0.16249172,0.13685948,0.12518768,0.1850643
in 560.jpg,উপনির্বাচনে খেলা হবে... বাবুলের প্রচারে বেআব্রু গোষ্ঠীদ্বন্দ্ব! তৃণমূলের কর্মিসভায় রক্তারক্তি,2,2,4,Oth,0.20118177,0.22503023,0.2408415,0.07428091,0.2586656
blog 341.jpg,বিজ্ঞানের মতে এর বয়স ১৮ মিলিয়ন বছর ধর্মগুলোর মতে এর বয়স ৬-১০ হাজার বছর দুটোই সত্য হতে পারে না,3,3,3,RAg,0.23824759,0.15583543,0.08326796,0.39918935,0.12345974
fb 1859.jpg,"""আরেহ ভাইভাতে মুখ খুললেই পাশ""",1,1,0,NoAg,0.3275958,0.28740925,0.11767634,0.032596838,0.23472182
fb 1665.jpg,"আজকের এই দিনে আঙ্গুলের ঈশারায় মতান্তরে তরবারি দিয়ে চাঁদকে দুই টুকরা করা হয়েছিল। বিশ্বাস না করলে তুই নাস্তিক। কিয়ামত আসন্ন এবং চন্দ্র দিখন্ডিত হয়েছে, তারা কোন নিদর্শন প্রত্যক্ষ করলেও বিমুখ হয়ে থাকে এবং বলে এতো চিরাচরিত জাদু! আজ ১৪ই যিলহজ্জ শরীফ চন্দ্র দ্বিখন্ডিত হওয়ার দিবস",3,3,0,NoAg,0.34084553,0.14781435,0.09724681,0.29917076,0.11492251
blog 446.jpg,"আল্লা যা করে, সব ভালোর জন্যই করে... অসুখও আল্লা ভালোর জন্যই দেয়, তাই ডাক্তার-বদ্যি দেখিয়ে সুস্থ হওয়া স্পষ্ট কুফুরি! - থাবা বাবা",3,3,0,NoAg,0.2611165,0.17784242,0.17658843,0.19708697,0.18736568
KAM (132).jpg,অনেকদিন পর বৃষ্টি হলো এতগুলো ভালো লাগছে কবে যে এই স্টেটাস দিবো?,0,0,1,GAg,0.19977848,0.49609733,0.057531405,0.009168257,0.23742454
fb 1408.jpg,চীনা অ্যাপ ভারতে ব্যবহার করা নিষিদ্ধ হলো; চীনের অর্থনীতি:-,2,2,0,NoAg,0.30046123,0.14178696,0.15480494,0.15444101,0.24850588
fb 1152.jpg,শাহবাগ গার্লস স্কুল এন্ড কলেজ ছেলে হয়ে মেয়েদের স্কুলে কি? স্যার আমি দেখতে ছেলে হলেও মনে মনে মেয়ে,1,1,4,Oth,0.2144394,0.22477745,0.09396783,0.22644779,0.24036749
ovodro_img (470).jpg,যখন বৌদিরা দাদাদের কাছে কথায় হেরে যায় তখন বৌদিরা দাদাদেরকে যেভাবে আউট করে ! এটা বৌদিদের নৈতিক জয়,1,1,1,GAg,0.12579559,0.6416761,0.06315653,0.011720662,0.15765105
fb 1525.jpg,এটা আবার কি? এক বছর থেকে পড়ে থাকতে থাকতে জং পড়ে গেছে। গত কুরবানীর পর আর বাজানো হয় নি... পশু ! জবাই অমানবিক,3,3,3,RAg,0.0702818,0.07569734,0.034260906,0.75902987,0.06073009
KAM (449).jpg,আজকে বাংলাদেশের সাথে ক্রিকেট খেলা সবাই ব্যাটিং পাবো!,4,4,4,Oth,0.24666883,0.14517134,0.15600798,0.09335181,0.35880002
fb 1649.jpg,বিজ্ঞান কোনও তত্ত্ব ভুল প্রমাণ হলে স্বীকার করে ধর্ম নিজেকে সত্য প্রমাণ করতে হত্যা করে,3,3,0,NoAg,0.3533487,0.17268689,0.096383356,0.2062157,0.17136529
fb 1295.jpg,"ঘর সামলাই, রোকেয়ারেও সামলাই",4,4,4,Oth,0.29188272,0.17929555,0.19487365,0.038817458,0.29513055
ovodro_img (713).jpg,আপনি কী মহানায়ক হওয়ার যোগ্য ? এটা নির্ভর করে দর্ষকদের উপর... সবার মতামতের ভিত্তিতে ! আমার ফ্যানদের কাছে আমি ভগবান বুদ্ধিমান লোকেদের কাছে - আমি ঘাটালের ছাগল,4,4,1,GAg,0.22311549,0.31046313,0.18415678,0.007571089,0.27469352
KAM (115).jpg,"তোমার বেস্ট ফ্রেন্ড এর ওপর ইংরেজীতে একটি প্যারাগ্রাফ লিখো ম্যাডাম একটা প্রশ্ন, হারামি ইংলিশ কি??",0,0,4,Oth,0.21071348,0.23728888,0.24938953,0.023416664,0.27919143
tangaila (314).jpg,১৪-ই ফ্রেব্রুয়ারী প্ল্যান নিয়ে ভাবতেছি কি ভাবতাছোস হাওয়ার ভাবনা নিয়া গাড়িতে উঠছে,0,0,2,PAg,0.25445768,0.16615394,0.31575054,0.0638532,0.19978462
fb 1114.jpg,আমি জুড়ে সব ক্রিঞ্জ কন্টেন্ট,4,4,1,GAg,0.14115816,0.5789615,0.081981406,0.022857875,0.17504115
fb 511.jpg,"*আব্বুর বানানো স্পেশাল, বাঙির শরবত; *রুহ আফজা, ট্যাং ও অন্যান্য শরবত...",0,0,3,RAg,0.24856068,0.15532641,0.0914449,0.34465235,0.16001566
tangaila (124).jpg,আমি পুলিশ লাইনের মেয়ে আমি* পুলিশ লাইনের মেয়ে*,1,1,2,PAg,0.1572362,0.12586208,0.3529551,0.113715224,0.25023136
in 306.jpg,তিনু নেতাদের 'ঘর ঘর কী কাহানি' মনে হয় আমার কথা ভাবছে! কুন্তলের টাকার গানমারা গেছে। যদি এবার আমার টাকার যায়!,2,2,1,GAg,0.107349694,0.63648665,0.09731285,0.025077628,0.13377318
in 92.jpg,চাইনা বেস্টু তুমি অন্য কারো হও আমি চাই সারা জীবন তুমি অবিবাহিত রও,0,0,1,GAg,0.1698404,0.54752684,0.07387013,0.038252,0.17051075
KAM (164).jpg,ঘুমাতে যাওয়ার সময় যা বলে গুডনাইট সুইট ড্রিমস ডার্লিং দরজা জানালা ঠিকমত লাগিয়েছ তো ?,0,0,2,PAg,0.19546485,0.17103465,0.31348723,0.099722125,0.2202911
in 352.jpg,কোথায় টাকা রাখবেন কী ভাবে টাকা রাখলে ধনী হওয়া যায়? কী বলে জ্যোতিষশাস্ত্র? পিএম কেয়ার আছে তো!,2,2,2,PAg,0.1913037,0.14702691,0.36740774,0.102795914,0.19146574
fb 832.jpg,গার্জিয়ান বেতন দেয় নাই বলে স্যারকে ভুল-বাল বুঝানো আমি আর আমার বন্ধু এদিকে আমাদের গার্জিয়ানদের ফোন দিয়ে আগে থেকেই বেতন এর খবর জেনে রাখা স্যার,0,0,3,RAg,0.11994026,0.069036014,0.06961027,0.6741249,0.0672886
fb 676.jpg,ঈদের অনেক শপিং করেছেন দেখি হ্যা ভাই চাকরির প্রথম বেতন পাইছি তো তাই বাবা; মা; ভাই বোন সবার জন্য কাপড় কিনছি মাশআল্লাই...,0,0,0,NoAg,0.30291113,0.25031102,0.11995952,0.057827808,0.2689906
fb 1974.jpg,ওয়াশ রুম শিক্ষক ও ছাত্রীদের ব্যাবহারের জন্য সাধারন মানুষ হর্ণি মানুষ,1,1,0,NoAg,0.31642488,0.25257084,0.14375804,0.056052063,0.23119414
bangla-gag (10).jpg,কি মনে করসিলা দুই একটা ম্যাচ ভাল খেললে সব ম্যাচে ভাল খেলবো ?!,4,4,0,NoAg,0.34231788,0.23306437,0.10105623,0.098866686,0.22469483
bangla-troll (5).jpg,গরম কালে আমরা শীত কালে আমরা,0,0,4,Oth,0.23213798,0.06381916,0.2648809,0.15130424,0.2878577
KAM (145).png,সবাই এখন যা করতেসে আর আমি এখন যা করতেসি,0,0,3,RAg,0.2517283,0.1361956,0.09451427,0.3138396,0.20372225
blog 73.jpg,"সুন্দর শাহ হুজুরের দোয়া শকুনের দোয়ায় গরু মরে না, কিন্তু হুজুরের দোয়ায়...",3,3,0,NoAg,0.39993674,0.1576696,0.080983646,0.23807369,0.12333632
in 446.jpg,মানিক ভট্টাচার্যর সাথে তৃণমূলের কোনো সম্পর্ক নেই !,2,2,2,PAg,0.2794936,0.12027349,0.30226064,0.091343746,0.20662853
blog 96.jpg,"আমি একজন মডারেট মুছলিম । আমি ঘৃণা, সহিংসতা বৈষম্যের বিরুদ্ধে । তবে আমার জীবনে আছে পথনির্দেশক এক কিতাব, যাতে ঘৃণা, সহিংসতা ও বৈষম্যের কথা আছে পদে পদে ।",3,3,3,RAg,0.1830364,0.12536648,0.09280297,0.48566136,0.11313283
fb 1141.jpg,সমকামীতা সেক্যুলারিজম ইসলাম বিদ্বেষ নারীবাদ নাস্তিক্যবাদ ইতিহাস বিকৃতি ট্রান্সজেন্ডার হিন্দুত্ববাদ প্রথম আলো তোমারা জেনে অবাক হবে যে সপ্তম শ্রেণীর বিজ্ঞান বই কপি করা হয়েছে প্রথম আলো একটু চালাক না হলে দুনিয়াতে টেকা মুশকিল।,4,4,2,PAg,0.096048586,0.17309985,0.3326625,0.24225949,0.15592952
ovodro_img (197).jpg,ঘরে বাবা ঢুকিয়ে দেব ! চন্দন নগরের মাল :- ওই যে মেয়েটা দেখতে পাচ্ছ ওরা আমার থেকেও বেশি ভয়ানক । ।,1,1,1,GAg,0.067497954,0.73738784,0.043862086,0.005994377,0.14525779
tangaila (323).jpg,যাই একটু এসপি পার্ক দিয়ে ঘুরে আসি দূর বাল যাইয়া কি হবে আমার তো কেউ নাই,0,0,3,RAg,0.32199553,0.10087988,0.025869288,0.48683244,0.06442286
fb 685.jpg,রমজানের পর দায়িত্বে আসা শয়তান! রমজান মাসে শয়তান কে নিয়ে মিমস বানিয়ে মজা নেওয়া আমি!,0,0,1,GAg,0.26688948,0.29255226,0.1373309,0.16072133,0.142506
fb 1252.jpg,রমদ্বানে অর্জিত তাক্কওয়া ঈদ উপলক্ষে 'অমুক' টিভির ৭দিনের বিশেষ আয়োজন রমদ্বানে অর্জিত তাক্কওয়া,3,3,0,NoAg,0.37097287,0.19099672,0.113463454,0.15249029,0.17207669
blog 279.jpg,আহমেদের আছে তিনটি আপেল। দুটো সে দিলো মুহাম্মদ কে । এখন বিস্ফোরণের ব্যাসার্ধ নির্ণয় করো।,3,3,3,RAg,0.1531043,0.23182397,0.0636749,0.41343313,0.13796371
fb 1149.jpg,বাইরে বাইরে ছেলে ভিতরে ভিতরে মেয়ে,1,1,1,GAg,0.19826664,0.27991912,0.23833054,0.08231838,0.20116538
pin 30.jpg,"ভাঙলি তো ভাঙলি আর ১ টা বছর পর ভাঙতে পারলিনা?? ভোট টা হয়ে যেত, এখন লোকে ছিঃ ছিঃ করছে",2,2,0,NoAg,0.24301732,0.16244848,0.20214069,0.22549187,0.16690162
blog 37.jpg,সন্ত্রাস ইছলামী দ্বীনের একটি অংশ ।,3,3,2,PAg,0.1717138,0.17025127,0.28845742,0.14947681,0.22010073
fb 1093.jpg,আমারে স্যার ডাকবা,4,4,2,PAg,0.22031006,0.24764411,0.29000476,0.043003406,0.19903772
fb 1488.jpg,*ভারতীয় মুসলমানরা গরু কুরবানি দিয়ে কুরবানি পালন করবে* উগ্রু হিন্দু:,3,3,0,NoAg,0.33882147,0.23293756,0.13251702,0.14914195,0.1465819
fb 2064.jpg,রেফারি ও রেফারি তুই অপরাধী রে,4,4,4,Oth,0.2622431,0.157166,0.15439892,0.08269715,0.34349477
ovodro_img (240).jpg,"তার শরীরে চারটে টাট্টু আছে , হাতে গোল্ডেন ড্রাগন ও সামুরাই ওয়ারিওর, যেটা তাকে ভালো ভাগ্য এনে দিয়েছে ।",0,0,4,Oth,0.21891303,0.05059105,0.20475282,0.025241883,0.5005012
KAM (220).png,আমি এখন বিরাট কুলী,4,4,4,Oth,0.23238298,0.18535353,0.17919362,0.036350846,0.366719
KAM (98).png,কলোম্বিয়া কলাম বিয়া,0,0,4,Oth,0.21681319,0.0646979,0.124185555,0.29057476,0.30372867
fb 1824.jpg,-মেয়ে : ছেলেরা কি চায় ? -আমি : সুন্দর চরিত্র পরীর মতো চেহারা বড় দুধ আধুনিক মেয়ে,1,1,1,GAg,0.2259507,0.35176545,0.16143756,0.01843428,0.24241199
fb 203.jpg,সাইজ কত ? ৭ অমি রাজি,1,1,0,NoAg,0.30278638,0.2317416,0.12190388,0.1296772,0.21389091
bamboo-vaiya (514).jpg,রোজ নিয়মিত পানি পান করে শরীর সুস্থ রাখায় আমাকে ধন্যবাদ দেয়া আমার কিডনি* আইফোন ১২ কেনার উদ্দেশ্যে নিয়মিতভাবে কিডনির পরিচর্যা করা আমি*,0,0,0,NoAg,0.27529716,0.18919939,0.21467304,0.16360296,0.15722744
KAM (232).jpg,"কোনোদিন কোনো বন্ধুর সাথে ঝগড়া মারামারি করবি না, কেন বলতো ? কারণ বলা তো যায় না... পরীক্ষার হলে কার পেছনে সিট পড়বে !",0,0,1,GAg,0.22938664,0.34249023,0.15389654,0.027164258,0.24706233
KAM (123).jpg,বৃষ্টি হয়না কেন? কি করা যায়... ম্যাডাম মেঘকে নাড়া দিয়ে দেখেন,2,2,0,NoAg,0.34672052,0.16954911,0.21826756,0.044528455,0.2209344
fb 688.jpg,মেয়েটা নিশ্চই অনেক সুন্দর হবে !! এটা তো রাফসান,4,4,0,NoAg,0.42616087,0.21268246,0.07291568,0.07549861,0.21274233
in 537.jpg,"রাজ্যপাল নন, এ বার মুখ্যমন্ত্রীই বিশ্ববিদ্যালয়ের আচার্য, প্রস্তাবে সিলমোহর মমতা মন্ত্রিসভার সাম্মানিক ডিলিট এবার পেয়েই যাবো",2,2,2,PAg,0.24570759,0.12704836,0.2656396,0.21619818,0.14540629
fb 846.jpg,আরে সাবধানে মুকুট পড়া ফেসবুকে ওর নাম 'এঞ্জেল' সাদিয়া ছিলো,0,0,1,GAg,0.05428588,0.820281,0.023971826,0.0037914235,0.0976698
fb 1952.jpg,মেয়েটার কোমরে ব্যাথা তাই ব্যাম করাচ্ছে ডাক্তারে।,1,1,1,GAg,0.16258624,0.5924985,0.051524457,0.0665721,0.12681875
KAM (363).jpg,পড়া মুখস্ত করতে ৩০মিনিট লাগলেও সেটা ভুলতে ৩ সেকেণ্ড ই যথেষ্ট!,0,0,4,Oth,0.31975743,0.18623455,0.1367099,0.018829249,0.3384688
fb 410.jpg,"অনুপম রায়---- ""এই স্টেশনের চত্বরে হারিয়ে গেছি শেষ ট্রেনে ঘরে ফিরবো না-না-না"" শেষ ট্রেন এর চালক--- চুদে চাটনি, বেকার খাটনি |",0,0,3,RAg,0.2019044,0.15686554,0.12422408,0.37354675,0.14345929
chosha (117).jpg,গায়ে হলুদের সময় বিয়ের সময় শাশুড়ির সামনে শশুরের সামনে দেওরের সামনে ফুলশয্যার পর,1,1,1,GAg,0.057080824,0.7284864,0.03549193,0.003649769,0.175291
in 253.jpg,তৃণমূলের সততা তৃণমূলের দুর্নীতি,2,2,0,NoAg,0.25916067,0.21078093,0.12998661,0.24288969,0.15718211
blog 442.jpg,হারামির বাচ্চা আমাকে কোরবানি না দিয়ে তোর বাচ্চাকে কোরবানি করে দেখা তো তোর আল্লাহ প্রেম... তুই আর তোর খোদা জাহান্নামে যা... পরের ধনে পুদ্দারি... !!,3,3,3,RAg,0.09209399,0.090818726,0.06121853,0.6525018,0.10336689
blog 112.jpg,"আল্যার কসম, আমি নিজে সাক্ষী ক্যান্সার-আক্রান্ত হওয়ার কয়েকটি ঘটনার, যেগুলোর পেছনে প্রত্যক্ষ কারণ ছিলো - সোশ্যাল মিডিয়াতে ছবি পোষ্ট করা । আল্যার কসম, আমি এসব নিজের চোখে দেখেছি, অনলাইনে ছবি প্রচার হবার কারণে শিশুরা ক্যান্সারে আক্রান্ত হয়েছে । - শেখ সা'দ আল-আতিক (চৌদি ইছলামবাজ)",3,3,1,GAg,0.1480417,0.32455048,0.14145294,0.20045955,0.18549535
fb 1100.jpg,"নিজের গফ কে বন্ধুকে দিয়ে দিলাম কারন ""ভোগে নয় ত্যাগেই প্রকৃত সুখ""",1,1,0,NoAg,0.39378247,0.15853558,0.13759574,0.12573723,0.18434893
fb 1243.jpg,আমাকে কিছু বল্লে সমস্যা নেয় মাফ করে দিবো কিন্তু আমার ধর্ম আমার নবীকে নিয়ে কিছু বল্লে তোর অস্তিত্ব খতম করে ফেলবো,3,3,3,RAg,0.1624961,0.18626672,0.2138525,0.24742578,0.18995883
in 30.jpg,নামাজ-রোজা নাই খালি ইফতার পার্টি অ্যারেঞ্জ করা,0,0,0,NoAg,0.37710828,0.1545788,0.17979246,0.1318745,0.15664594
ovodro_img (38).jpg,"আমার বয়স আরো বেশি হলেও কী আমাকে বিয়ে করতি ? হ্যাঁ, কিন্তু বিয়ের পর কোনরকম দ্বিধাবোধ না করে মা বলে ডাকতাম ।",4,4,1,GAg,0.22178714,0.31051603,0.16114001,0.07149929,0.23505747
bamboo-vaiya (219).jpg,আজকে চান রাইত কালকে থকে গালি দিমু,4,4,0,NoAg,0.38383275,0.15801023,0.17614168,0.06941453,0.21260083
fb 525.jpg,বর্তমানে বাংলাদেশ বিশ্বে ধান উৎপাদনে তৃতীয়: প্রধানমন্ত্রী কৃষিবিদ দিবস উপলক্ষে দেওয়া এক বাণীতে প্রধানমন্ত্রী শেখ হাসিনা বলেছেন বর্তমানে... ৭৫ টাকা কেজি চাল কিনে খাওয়া সাধারণ জনগণ :-,2,2,3,RAg,0.1552855,0.11122024,0.06313941,0.5668321,0.10352276
in 22.jpg,যখন আম্মু প্রথমবারের মতো স্কুলে রেখে চলে আসে *আম্মু আমারে বাসায় নিয়া চলো* *আমি এই বালের স্কুলে কোনোদিনও ক্লাস করবোনা*,0,0,1,GAg,0.14502677,0.5487134,0.09371569,0.04478025,0.16776387
bamboo-vaiya (167).jpg,যখন আপনার বন্ধুরা আপনার ক্রাশের সামনে আপনার নাম ধরে ডাকতে থাকে ভাই এগুলা বন্ধ করেন আল্লাহর ওয়াস্তে,0,0,4,Oth,0.2468048,0.15847173,0.1733615,0.15024646,0.27111548
KAM (230).png,মানুষ প্রেম করতেসে... আর আমি... তারা বিয়ে করতেসে... আর আমি... তাদের বাচ্চা হচ্ছে... আর আমি...,0,0,1,GAg,0.21856014,0.354248,0.113224134,0.038560312,0.27540746
bamboo-vaiya (166).jpg,আরে এই ছেলে তো অসম্ভব জ্ঞানী !,4,4,1,GAg,0.118619405,0.5647641,0.12376671,0.0351986,0.1576512
pin 12.jpg,হঠাৎ করে আমার ঠান্ডা হাতটা বন্ধুর গায়ে দেয়ার পর বন্ধু - বাবাগো!!,1,1,0,NoAg,0.33709028,0.14243409,0.11736685,0.2704176,0.13269117
fb 1471.jpg,বিরিয়ানির প্যাকেট* সাপ্তাহিক মুসল্লী*,3,3,3,RAg,0.17162497,0.10618375,0.044491533,0.56911033,0.108589396
fb 1864.jpg,সে : শুভ জন্মদিন!! আমি : ধন্যবাদ। আমার গিপ্ট কোথায়? সে :,1,1,1,GAg,0.13551547,0.6119674,0.057109833,0.0336463,0.16176102
in 481.jpg,"বাড়িতে নগদ ৮০ লক্ষ টাকা! সিবিআইয়ের জালে হালিশহর পুরসভা তৃণমূল চেয়ারম্যান স্যার, এবার কী বলবেন? অসম্ভব ধারাবাহিকতা বজায় রেখে খেলছে দলটা",2,2,2,PAg,0.24917786,0.2548988,0.27535224,0.028149089,0.19242205
fb 1050.jpg,হ্যাঁ ভাই আমিই সেই ডিম যাকে পরীমনির রিমান্ডে ব্যবহার করা হয়েছিলো,4,4,0,NoAg,0.276118,0.2687369,0.1156663,0.17395757,0.16552122
fb 621.jpg,তোর জন্য একটা মেয়ে দেখছি না না ভাই আমার ছেলে পছন্দ,1,1,4,Oth,0.19964695,0.02259365,0.25300416,0.021827366,0.5029279
KAM (52).jpg,"মামা ভাল্লাগসে এফবি থেকে পাওয়া ছবি মাননীয় রেল মন্ত্রী জনাব মুজিবুল হক ও তার স্ত্রী এইটা কি আমাগো ভাবি,নাকি চাচী,নাকি নানী হইবো",2,2,1,GAg,0.22061177,0.3215372,0.13983391,0.018268105,0.2997491
in 611.jpg,"একটা ওয়ার্ডে নির্দল প্রার্থী এগিয়ে ছিলেন... ফলে সেখানে দেড় ঘণ্টা ধরে বন্ধ গণনা, খোঁজ পাওয়া যাচ্ছে না ইভিএমের!!! মন্ত্রী ঘনিষ্ঠ এক মহিলা প্রার্থী একটি ওয়ার্ডে ৩৮ হাজার ভোটে জিতছেন!!! এসব কী চলছে মশাই!? গণতন্ত্রের অন্নপ্রাশন চলছে!",2,2,2,PAg,0.18363978,0.28028867,0.32611734,0.06217325,0.14778106
fb 2027.jpg,পৌনে এক ঘণ্টা ধরে শুধুমাত্র ক্যাচই প্র্যাক্টিস করলেন লিটন একটু চালাক না হইলে দুনিয়াতে টেকা খুব কঠিন,4,4,0,NoAg,0.41683763,0.14932781,0.13533418,0.030975027,0.26752535
blog 468.jpg,"প্রমাণ তো নেই, তবু 'গড আছে' চিল্লাও গড যদি থেকে থাকে, আছে গডজিল্লাও",3,3,0,NoAg,0.25834355,0.22683261,0.09419375,0.20093921,0.21969087
in 123.jpg,"শিক্ষক স্যার আপনি এটা ভুল বলেছেন হয়তো আসোলেই, থ্যাংকস ভুল ধরিয়ে দেওয়ার জন্য হুজুর হুজুর আপনার এই ফতুয়া ভুল ভন্ড, আমার চেয়ে বেশি ফতুয়া জানো?",3,3,3,RAg,0.13949051,0.06060643,0.1078553,0.59984523,0.09220245
fb 1557.jpg,কিয়ামতের দিন নাস্তিকরা যেভাবে স্টিফেন হকিংয়ের দিকে তাকাবে...,3,3,0,NoAg,0.37801495,0.11324927,0.19724476,0.10050918,0.21098179
bamboo-vaiya (385).jpg,লক ডাউনের পরে বন্ধুদের সাথে ট্যুরে যাবার জন্য আবদার করা আমি আমার কলিজাটা কত্ত বড় সেটা ভাবতে থাকা আমার মা,0,0,0,NoAg,0.30285525,0.25245073,0.14706115,0.123135224,0.17449762
fb 278.jpg,তেমন কিছু না সৎ ভাবে অনলাইনে হাফ ইয়ার্লি পরিক্ষা দাওয়ার পর আমার ও আমার বন্ধুদের খাতা-,0,0,1,GAg,0.21884218,0.2859943,0.20753847,0.110055074,0.17757
fb 1799.jpg,আপা ইফতারে নতুন কি রেসিপি খাওয়াবেন ? ইফতারে তোদের আমি খাওয়াবো কাঠালের আমসত্ত্বা ।তাড়াতাড়ি মটিদে আমারে ।,4,4,0,NoAg,0.32475966,0.1554399,0.21918637,0.04789669,0.25271738
in 586.jpg,"করোনা তাড়াতে হরিনাম সংকীর্তনে মাতলেন তৃণমূল প্রার্থী, দুর্গার দল ভালোই কাজ করছে ...",2,2,2,PAg,0.19108695,0.09522435,0.38221148,0.09570289,0.2357743
fb 206.jpg,অর্থ থাকলে গর্তের অভাব হয় না গর্ত থাকলে অর্থের অভাব হয় না... হেডা থাকলে বেডার অভাব হয় না :3,1,1,2,PAg,0.17167924,0.15874872,0.32832223,0.18336019,0.1578896
fb 1303.jpg,বন্ধুটা ভালোই ছিল কিন্তু ১৪ই ফেব্রুয়ারি গফ নিয়ে ঘুরতে যাওয়ার প্ল্যান করছিল,4,4,0,NoAg,0.58396894,0.12524034,0.029458338,0.027661307,0.23367104
fb 1235.jpg,নিরীহ প্রাণীদের অবৈধভাবে হত্যা করার সময় পশুপ্রেমী কুরবানির সময় পশুপ্রেমী,4,4,3,RAg,0.19024351,0.14120775,0.107451595,0.4826478,0.07844934
fb 1208.jpg,বিয়ে করলেন 'লোকে কেন বিয়ে করে' জিজ্ঞাসা করা মালালা। তার আদর্শ মেনে বিয়ে না করে বুড়ি হয়ে যাওয়া নারীবাদী এটা দেখার পর,1,1,0,NoAg,0.3110411,0.18482001,0.14837639,0.18023846,0.1755241
blog 298.jpg,এইখানে পষ্ট কইরা লেখা আছে: আল্যার ছাড়পত্র ছাড়া মহাশূন্যে ভ্রমণ করা অসম্ভব। (সুরা ৫৫:৩৩),3,3,3,RAg,0.14438738,0.11448161,0.1692124,0.42770845,0.14421016
bamboo-vaiya (7).jpg,একজন ভালো বয়ফ্রেন্ড সবসময় গালফ্রেন্ডের মুখে হাসি ফুটিয়ে রাখার চেষ্টা করে,1,1,0,NoAg,0.36084634,0.3142786,0.0709079,0.051925674,0.20204148
in 48.jpg,ছোট ভাই নাচতাছে কারন দুপুরের খাবার পর তার দুই রোজা হয়ে গেছে,0,0,3,RAg,0.11034619,0.32648125,0.06803793,0.42384863,0.07128597
blog 93.jpg,ঈশ্বর না থাকলে আমরা তার নামে এমন মেগা-ব্যবসা এতো সফলতার সঙ্গে যুগ যুগ ধরে চালিয়ে যাচ্ছি কীভাবে?,3,3,3,RAg,0.17145073,0.08175126,0.078590214,0.6106608,0.05754704
blog 439.jpg,কোরানের মতে মানবজাতির বংশবৃদ্ধি প্রথমে শুরু হয়েছিল একটি পরিবারে ইনসেষ্ট চর্চার মাধ্যমে দ্বিতীয়বারেও ভরসা ছিলো ইনসেষ্টই,3,3,3,RAg,0.13032937,0.14380087,0.12212272,0.5137316,0.09001546
direct-offense (48).jpg,উপরে সৌদি আর নিচে জার্মানি,1,1,1,GAg,0.2085816,0.2225728,0.2144058,0.19213772,0.162302
fb 1078.jpg,চেয়ারে কলম রাখার পর যখন বন্ধু সেখানে বসে পড়ে তখন বন্ধুর অবস্থা*,4,4,0,NoAg,0.2567989,0.15292183,0.24808876,0.093400516,0.24879003
fb 1113.jpg,নির্বাচনী প্রচারণা* নির্বাচনে অংশগ্রহন করা প্রার্থী এলাকাবাসী,2,2,1,GAg,0.25700882,0.3741467,0.11643037,0.06723407,0.18518001
in 487.jpg,জেলে বসে খাসির মাংস খেলেন অনুব্রত!,2,2,2,PAg,0.15665427,0.20516178,0.3807381,0.07637338,0.18107238
fb 728.jpg,"হ্যলো বাবু, একটু তারাতাড়ি ইফতারি করে নিও নাইলে তোমার কষ্ট হবে",0,0,0,NoAg,0.33389625,0.09578395,0.19104032,0.12470845,0.25457096
fb 955.jpg,সকাল বিকাল রাত্রি বেলা জেসমিন আপার দরজা খোলা,1,1,0,NoAg,0.43025854,0.20478053,0.06520392,0.07233494,0.22742215
fb 868.jpg,দোস্ত আজকের কনসার্ট কিন্তু অনেক জমজমাট হইছে হ্যা বন্ধু আতশবাজিগুলা অনেক সুন্দর সারাবছরের গ্লানি ভুলে গেলাম এখানে এসে,0,0,0,NoAg,0.2851011,0.21182604,0.26886413,0.03529681,0.19891192
pin 13.jpg,বাবা খায় ধার করে বিড়ি মেয়ে বলে আমি ডানা কাটা পরি এ কেমন মেয়ে,1,1,3,RAg,0.23285176,0.11478853,0.23288552,0.2421718,0.1773024
in 640.jpg,"""ত্রিপুরায় গণতন্ত্রের হত্যা হয়েছে। বিপ্লব দেব সরকার মানুষের অধিকার সুরক্ষা দিতে ব্যর্থ।"" তোপ ফিরহাদ হাকিমের... পশ্চিমবঙ্গে পঞ্চায়েত ভোটে তো গণতন্ত্র পাগলু ডান্স করছিল!",2,2,2,PAg,0.26462755,0.085502096,0.35549697,0.076607265,0.21776612
fb 1170.jpg,ছিঃ! আমি তো পা*খানায় পা দিয়ে ফেললাম,4,4,3,RAg,0.22161995,0.18949907,0.13136026,0.3213799,0.13614087
fb 1253.jpg,বেশি করে ঘাস খেয়ে নিচ্ছি কারণ; তারাবীর নামাজ ৮ রাকাত নাকি ২০ রাকাত সেটা নিয়ে তর্ক করতে হবে !,3,3,3,RAg,0.20196763,0.17950805,0.054903038,0.3225197,0.24110156
bangla-troll (10).jpg,"কিরে মামুর বেটা, তুই নাকি প্রেমে পড়লি ? ওরে ফইন্নি, প্রেমে পড়মু ক্যারে ? আমি তো মাত্র কলেজে পড়ি !",0,0,4,Oth,0.29047364,0.2100843,0.16830395,0.02370906,0.3074291
fb 266.jpg,এখন না লকডাউন তুই বাইরে কি? স্যার বইমেলায় যাই,2,2,0,NoAg,0.3192704,0.11695838,0.26073185,0.054965183,0.24807425
nurani-memes (203).jpg,রিক্সা চালক *ব্যাটারি ওয়ালা রিক্সাচালক আমারে স্যার ডাকবা,0,0,1,GAg,0.2213523,0.35555807,0.16398418,0.05340981,0.20569569
fb 648.jpg,২০ টাকায় এক হাজার ফলোয়ার বিক্রি করার পর! ফলোয়ার ব্যবসায়ী:,4,4,0,NoAg,0.37333688,0.20581192,0.16659735,0.06452131,0.18973249
fb 1505.jpg,"গরুপাচার কাণ্ডে এবার দেবকে নোটিস সিবিআইয়ের, মঙ্গলবার হাজিরার নির্দেশ",4,4,3,RAg,0.1583259,0.08186852,0.1819431,0.36199722,0.21586524
in 346.jpg,পিসি- সবাই মিলেমিশে ভাগ করে খাও একা খাবো সেটা হবে না আমি খেতে তো মানা করছি না। *তিনু নেতা,2,2,0,NoAg,0.30300218,0.13648918,0.28242218,0.078357734,0.19972871
tangaila (280).jpg,"সার্কাজম করে বিটিএসের পক্ষ নিয়ে পোষ্ট করে পচানোর পর যখন কোন বিটিএস ফ্যান ইমপ্রেস হয়ে প্রপোজ করে বসে তুই একটা বোদাই , আমি নিজেও একটা বোদাই",4,4,0,NoAg,0.39344323,0.13057311,0.16630863,0.1125023,0.19717267
KAM (306).jpg,সাকিব বলদ দেখবি? কই? দেখা! আয়নার সামনে দাঁড়া দেখতে পাবি,4,4,4,Oth,0.2515368,0.24772465,0.20498219,0.039077938,0.25667837
fb 726.jpg,"৭ বছর বয়সী আমি : ছারো আমাকে, আমিও তোমাদের সাথে রোজা রাখবো",0,0,0,NoAg,0.3729375,0.30122736,0.055031948,0.12067408,0.15012908
in 335.jpg,যখন দিদি বলে গ্রামে গ্রামে দূত হিসাবে যেতে হবে... গ্রামে ঢুকে তাড়া খাওয়ার পর,2,2,1,GAg,0.2709407,0.28059992,0.08402162,0.21483722,0.1496005
fb 1975.jpg,যখন আপনার ঐটা তার ভুল গর্তে ডুকে যায় বাবা গো,1,1,0,NoAg,0.34692398,0.2456557,0.07852064,0.16804036,0.16085935
in 433.jpg,বিশ্বের সেরা অভিনেতা অমিতাভ বচ্চনকে জন্মদিনের শুভেচ্ছা জানাচ্ছেন,2,2,0,NoAg,0.42928046,0.09779254,0.23452531,0.08495709,0.15344459
in 45.jpg,আম পাতা জোড়া জোড়া মারবো চাবুক চড়বো ঘোড়া,1,1,1,GAg,0.18735093,0.3938956,0.20011805,0.041149545,0.17748582
fb 219.jpg,ছেরা টাকা দিয়ে বিস্কুট কিনে আনা আমি মেয়াদ উত্তীর্ণ বিস্কুট দেয়া দোকানদার,0,0,0,NoAg,0.31430396,0.21878843,0.10402943,0.060945805,0.3019323
in 540.jpg,"নরেন্দ্র মোদী আর ললিত মোদী এদের মধ্যে মিল কোথায় বলুন তো? এদের মধ্যে আবার কিসের মিল! ও মিত্তির মশাই, আছে নাকি মিল! দুজনেই বাংলার মেয়েকেই চায়...",2,2,2,PAg,0.1721349,0.2411023,0.35861737,0.033602476,0.1945429
fb 332.jpg,বার্গার খাবে কেউ?,1,1,1,GAg,0.25399068,0.27247256,0.17615919,0.07108628,0.22629137
KAM (149).png,"এক ছাত্র ৪টা সাবজেক্টে ফেল করার পর... শিক্ষক: কিরে ৪টা তেই কিভাবে ফেল করলি? ১ম টাতে অন্তত পাশ করতে পারতি, এতোদিন বন্ধ ছিল! স্যার ১মটার জন্য পরীক্ষার আগের দিন পড়তে বসছি বন্ধে ২য় টায় কিভাবে ফেল করলি? ২য় টার জন্য পড়সিলাম স্যার ২য়টার জন্য এতো পড়সি যে ভাবসি আর পড়াই লাগবে না তাই পরীক্ষার আগের দিন উলালা করে হলে সব ভুলে গেসি ৩য় টায় কেন ফেল করেছো বাবা? ২য়টা খারাপ হইসে এই দুঃখে স্যার 8র্থ টাও কি ৩য়টা খারাপ হওয়ার দুঃখে খারাপ হয়েছে? না স্যার শেষ পরীক্ষার খুশিতে, পড়তেই মন চায় না!",0,0,2,PAg,0.19897349,0.24337162,0.25079566,0.070778936,0.23608036
Halal Memes (202).jpg,"আমার পোস্টগুলি দেখার পরে, রিলেটিভ:-",0,0,0,NoAg,0.34933174,0.18709499,0.13404985,0.084692374,0.24483112
Halal Memes (21).jpg,আমি - আওয়ামীলীগ করি করোনাভাইরাস যখন জানতে পারে,2,2,0,NoAg,0.3103176,0.23779106,0.10831632,0.16124935,0.18232568
in 485.jpg,"কখনও যদি দেখেন ববির অত সম্পত্তি পাওয়া গিয়েছে, বিশ্বাস করবেন না', আগেই বঙ্গবাসীকে সতর্ক করে রাখলেন নেত্রী বলছিলাম, কার কার সম্পত্তির হদিশ পাওয়া গেলে বিশ্বাস করবো না, যদি বলে দেন... একটা নামের লিস্ট পেতাম তাহলে নিশ্চিন্তে থাকা যেত|",2,2,2,PAg,0.21534196,0.21039306,0.308579,0.09706973,0.1686162
fb 272.jpg,একটিভ স্যাস্টাস বন্ধ করার পর আমার বন্ধু : ভাই দেখ তো আমারে এক্টিভ দেখায় নাকি,0,0,0,NoAg,0.32217044,0.19970697,0.12875688,0.11631874,0.23304687
in 573.jpg,"নেতাজির স্বপ্নের স্বাধীন ভারত এখনও গড়ে ওঠেনি, আমরাই গড়ব', মূর্তি উন্মোচনে শপথ মোদির রেল তেল বিমান খনি সবই তো বেচা হয়ে গেছে এবার কি বেচে স্বপ্নের ভারত গড়া হবে!?",2,2,2,PAg,0.20490272,0.1709769,0.25786346,0.17529543,0.19096145
fb 1368.jpg,দেশের জিডিপি কমে যাওয়া কোরোণা আবহে পরীক্ষা নেওয়ার কথা বলার পর ছাত্রছাত্রীদের সুস্থভাবে বেঁচে থাকার সম্ভাবনা,2,2,3,RAg,0.24435687,0.09851554,0.1465216,0.26180902,0.24879697
tangaila (307).jpg,কানিজ ফাতেমা তুই আর আমি তো একই,0,0,2,PAg,0.16609053,0.1395605,0.3436707,0.010916875,0.33976138
fb 1159.jpg,আমেরিকা যাচ্ছে রোহিঙ্গারা #শাহবাগী ১৫ দিনে রোয়াঈঙ্গা ভাষা শিক্ষা,4,4,3,RAg,0.13938352,0.16506527,0.11446024,0.48020378,0.10088714
chosha (90).jpg,আয় বৃষ্টি ঝেপে ধোন দিবো মেপে,1,1,1,GAg,0.14468987,0.33145157,0.23472638,0.093533166,0.19559906
ovodro_img (162).jpg,জানিস বোন কাল সারারাত চোষার পরেও দাঁড় করাতে পারিনি কাঁদিস না দিদি আমার টারও একই অবস্থা,1,1,1,GAg,0.04603333,0.76042813,0.038180973,0.0014336639,0.15392399
blog 479.jpg,একটি দারুণ মিল ভগবান ও ভক্তে এক্সিবিশনিজম উভয়েরই রক্তে,3,3,3,RAg,0.11017374,0.13466616,0.14785065,0.41563383,0.19167566
blog 342.jpg,"যে-আসনেই প্রার্থনা করা হােক না কেন, ফলাফল - লবডঙ্কা",3,3,3,RAg,0.15205607,0.0639446,0.039623186,0.6492754,0.0951007
tangaila (152).jpg,বিন্দুবাসিনীর কোনো সুন্দরী মেয়ে যখন বলে আমি সিঙ্গেল লে আমি :- প্রমাণ দাও !,1,1,0,NoAg,0.3758044,0.17063133,0.14615388,0.098104574,0.20930576
fb 1788.jpg,স্বামি বিদেশ,1,1,1,GAg,0.19371341,0.5443863,0.021634344,0.12881595,0.111449964
tangaila (335).jpg,উদ্যানের চা আড্ডাবাজ পোলাপান,1,1,1,GAg,0.087238625,0.7445907,0.037859105,0.007161014,0.12315062
Halal Memes (73).jpg,হঠাত ছোট বোনের আদর্শ লিপি বই নিয়ে ঘাটাঘাটি করার কারন জানতে চাওয়া আমার আম্মু ২মাস পড়াশুনা না করে বাংলা অক্ষর ভুলে যাওয়ায় আদর্শ লিপি বই পড়া আমি,0,0,0,NoAg,0.51692003,0.2140861,0.08062441,0.06396547,0.12440393
ovodro_img (548).jpg,অনেক মেয়ে মিলে একজন পুরুষের উপর নির্যাতন করাকে বলে পুরুষ নির্জাতন,1,1,1,GAg,0.14384884,0.524279,0.10716639,0.06070197,0.16400376
Bangla Thug Life (401).jpg,আম্মা আমি প্রেগনেন্ট চুদসে এইটা একটা দুর্ঘটনা ছিলো মানে তুই বলতে চাস ! তুই রাস্তা দিয়া হাঁটতে গিয়া উষ্টা খাইয়া সোনার উপর পইড়া গেসিলি ???,1,1,1,GAg,0.18601005,0.30569983,0.1464675,0.23786426,0.123958446
fb 1210.jpg,ন্যূড আর্ট বাবা সিম্পানন্দ* পিরিয়ড কবিতা*,2,2,0,NoAg,0.39072305,0.12054527,0.16272351,0.10443503,0.22157314
blog 101.jpg,"আস্তিকীয় যুক্তিবাহার কোনও প্রাকৃতিক বিপর্যয় বা দুর্ঘটনার পরে তারা দোয়া করে সাহায্য চায় তার কাছে, যে কিনা সেই ঘটনাটি ঘটিয়েছে বলে তারাই মনে করে ! কেউ কেউ আবার তাকে শুকরিয়াও জানায় !",3,3,3,RAg,0.13693623,0.11536883,0.048486963,0.55895936,0.14024857
Bangla Thug Life (397).jpg,ছেলে: আই লাভ ইউ মেয়ে: কি করতে পারবে আমার জন্য ? লুইচ্চা ছেলে মনে মনে ২১ দিনে দুদু ডবল,1,1,1,GAg,0.24103332,0.27872494,0.1893761,0.062359363,0.22850625
KAM (270).jpg,সম্প্রতি এক গবেষণায় প্রমাণিত হয়েছে যে... ঘুমের ট্যাবলেট এর চেয়ে পড়ার টেবিল বেশি কার্যকরী!,0,0,0,NoAg,0.50906646,0.09632909,0.036103636,0.17173576,0.18676503
blog 488.jpg,"আমি কবে বড়ো হবো? মাদ্রাসায় বলেছে, বড়ো হলে আমি এইসব প্রতিমা ভাঙতে পারবো, মালাউন তাড়াতে পারবো দেশ থেকে।",3,3,2,PAg,0.1441448,0.09861135,0.34926826,0.251595,0.15638055
Halal Memes (32).jpg,"আমি যখন ক্লাসে কথা বলি, কিন্তু স্যার এসে সাথে বসা আমার বন্ধুকে মারে । লেঃ আমি",0,0,0,NoAg,0.42126438,0.109078564,0.20734827,0.09531915,0.16698961
fb 704.jpg,রমজান মাসে যখন কেউ বাংলা বা ইংরেজি তারিখ জিজ্ঞেস করেঃ কত রমজান চলে সেটা মনে রাইখাই কূল পাই না ইংরেজি বাংলা তারিখ মনে রাখবো কোন সময়,0,0,0,NoAg,0.24211867,0.15144259,0.22643982,0.14483716,0.23516178
bangla-troll (49).jpg,ডিপ ফ্রিজে আইস্ক্রিমের বক্স দেকসিলাম কিন্তু খুলে দেখি বক্সটা আদা-রশুন এ ভরা,0,0,0,NoAg,0.5171419,0.158529,0.10864162,0.039565347,0.1761222
fb 1083.jpg,এই বালের গানে এতো ভিউস কেমনে? বাংলাদেশে কামলাদের সংখ্যা দিন দিন বাড়তেসে,4,4,0,NoAg,0.25820377,0.17051207,0.13840756,0.20381014,0.22906642
in 645.jpg,"এগিয়ে আসছে জাওয়াদ দুয়ারে ঝড়, পকেট ভর",2,2,1,GAg,0.22128305,0.37413594,0.17192134,0.051397804,0.18126193
fb 1215.jpg,ধর্ম যার যার উৎসব সবার| ধর্ম যার যার উৎসব ও তার,3,3,0,NoAg,0.32834634,0.1732097,0.12263739,0.13698588,0.23882064
ovodro_img (257).jpg,সেই মুুহুর্ত যখন তোমার বর চা বানিয়ে আনে কিন্তু চায়ে দুধ নয় নিজের ঘী দিয়ে চা বানিয়ে খাওয়ায় আর সেটা তুমি বুঝতে পেরে যাও,1,1,1,GAg,0.08731821,0.68053776,0.08687806,0.017991053,0.12727484
bangla-gag (11).jpg,সেহেরি ৩:৩০ ! কিন্তু ১২ টায় পুরা ইন্ডিয়া টিমরে খাইয়া শেষ করে দিসি !,4,4,0,NoAg,0.33865443,0.28803965,0.100832425,0.06191944,0.21055399
in 606.jpg,বর্ষসেরা অভিনয় পিসি,2,2,2,PAg,0.126328,0.18449374,0.31370655,0.21828759,0.15718406
ovodro_img (45).jpg,"পাগলউউউ... থোড়াসা কারলে রোমান্স ধুর বাল, পাগল হলেও সম্মান আছে । তোদের মত পাগলু ড্যান্স করি না ।",4,4,2,PAg,0.13285659,0.25955206,0.29617068,0.11470247,0.19671823
fb 895.jpg,জমিতে ক্রিকেট খেলার সময় বল যখন কোন ঝোপ-ঝাড়ে গিয়ে পড়ে বল:-,0,0,4,Oth,0.28697455,0.09578312,0.22873768,0.061054572,0.32745004
fb 126.jpg,"১০০০ এর ৭.৫% ৭৫০ টাকা বস, হিসাবে একটু গোলমাল আছে তাই নাকি? আচ্ছা তাইলে... ১০০০ এর ৭.৫% ৭৫ টাকা হ, এখন ঠিক আছে পরের দিন... ১০০০ এর ৭৫% ৭৫০০০ টাকা হালা মরতে চাস?",2,2,2,PAg,0.21994491,0.13582765,0.34281826,0.04922816,0.252181
fb 87.jpg,এন্ড্রয়েড ডেভেলপার রেসিপি এন্ড্রয়েড স্টুডিও ইন্সটল করা অন্যর আইডিয়া চুরি করা অন্য এপের কোড ও ইন্টারফেস কপি করা নিজের আইডিয়া দিয়ে নতুন কিছু বানানো উপস!,4,4,3,RAg,0.17245795,0.12707782,0.079674415,0.4782218,0.14256804
KAM (367).jpg,আগে আমার কিছুই ভালো লাগতো না! ঘুরতে যাওয়া/খেলাধুলা/টিভি দেখা! তারপর আমার জীবনে এলো পড়ালেখা! এখন আমার সব কিছু করতে ভালো লাগে!,0,0,1,GAg,0.2664845,0.2913561,0.1065049,0.060673404,0.2749811
fb 1167.jpg,নারীবাদীরা সারাবছর শীতকালে,1,1,3,RAg,0.26955223,0.0865772,0.06269024,0.36155444,0.21962595
blog 317.jpg,"-ইয়া মাবূদ, তোমার গলা না শোনা পর্যন্ত আমি এই জায়গা ছেড়ে উঠবো না ।",3,3,3,RAg,0.09233088,0.05019658,0.04666592,0.7333979,0.07740868
bangla-gag (43).jpg,আগে শুধু আমরা মানুষের হৃদয় জয় করতাম ! আর এখন হৃদয় এর সাথে সাথে সিরিজও জয় করি !,0,0,4,Oth,0.26172465,0.15282586,0.14383157,0.018734543,0.42288333
blog 77.jpg,"আপনার সঙ্গে যুদ্ধ করছে যে-কাফের, তাকে হত্যা করা যায়েজ । আপনার কাছে যদি অন্য কোনও কারণ থাকে, তখনও তাকে হত্যা করা যায়েজ । এমনকি কোনও কারণ না থাকলেও তাকে হত্যা করা যায়েজ ।",3,3,2,PAg,0.16286182,0.23790571,0.29964602,0.14694233,0.15264408
blog 34.jpg,"বর্তমান পৃথিবীতে সর্বমোট ধর্মের সংখ্যা ৪২০০ । তন্মধ্যে শুধুমাত্র একটি ধর্মই সঠিক । আপনার ধর্মই সত্য ধর্ম এমন হবার সম্ভাবনা: ১/৪২০০ = ০.০০০২৩ = ০.০২৩ % অপরপক্ষে, ভুল ধর্মে বিশ্বাসের কারণে দোযখে যাবার সম্ভাবনা: ১০০ - ০.০২ = ৯৯.৯৭ % ঘাবড়ে গেলেন? ঘাবড়ানোর কিছু নেই, সকল ধর্মের মধ্যে শুধুমাত্র আপনার ধর্মটিই সঠিক । এবার ঘুমান ।",3,3,3,RAg,0.07420771,0.07960142,0.068328016,0.6923715,0.08549135
fb 1084.jpg,আমারে স্যার ডাকবা,4,4,4,Oth,0.22935805,0.11059415,0.28012952,0.095374115,0.28454423
blog 306.jpg,"যখনই আপনার মনে হবে, আপনি নিরর্থক কোনও কাজ করছেন, তখন এই ছবিটায় চোখ বুলিয়ে নেবেন",3,3,3,RAg,0.29097217,0.1457702,0.06727073,0.39139304,0.10459382
fb 1189.jpg,আরে থাম ভাই! আর কতদিন এভাবে প্যান্ট ভালো না বলে নামজ বাদ দিবি!,3,3,4,Oth,0.20854755,0.2230275,0.12424575,0.10585424,0.338325
direct-offense (47).jpg,"কি করছো জানু ? তোমাকে খুব মিস করছি আমি বান্ধবীর বাড়িতে আসছি বাবু, নোট লিখছি পরে কথা বলবো",1,1,2,PAg,0.14937145,0.2755099,0.3748919,0.0361875,0.16403927
Halal Memes (270).jpg,ছাত্রলীগ নিয়ে কোন মিম বানানো বিদ্যমান* ছাত্রলীগ নেতা: তুই কারে লইয়া ছিনিমিনি খেলতাসস বুঝোস নাই !,2,2,0,NoAg,0.29749617,0.13716151,0.28036734,0.068032905,0.21694218
in 284.jpg,মোরাল অফ দ্য স্টোরি 'দিদি' দিয়ে 'মোদি'-কে কাটা যায়না।,2,2,0,NoAg,0.27646196,0.17450197,0.23414126,0.08618841,0.22870633
blog 111.jpg,"আম্মু, আম্মু, নিনজা ! অথচ তুমি বলসিলা, নিনজা নাকি কল্পকাহিনী !",3,3,3,RAg,0.04768711,0.0383068,0.017525157,0.859271,0.037209973
fb 1755.jpg,বিচি ঠান্ডা না করে মাথা ঠান্ডা করে ক্রিকেট খেলুন,4,4,2,PAg,0.20073222,0.2440313,0.28165215,0.11643447,0.15714987
direct-offense (32).jpg,"ও হ্যান্ডেল মারে তা নিয়ে প্রবলেম নেই । প্রবলেমটা হচ্ছে, ও হ্যান্ডেল মারার পর বাথরুমে জল না দিয়ে চলে এসেছিলো",0,0,1,GAg,0.19741598,0.28663155,0.18108858,0.11464602,0.22021791
ovodro_img (173).jpg,মধু তোমার এই সজ্জিত রূপ বজায় থাকার রহস্য কী ? কাউকেই ভিতরে ফেলতে দিই না ।।,1,1,1,GAg,0.11951853,0.55967724,0.09505386,0.011747784,0.21400258
in 288.jpg,ত্রিপুরার মানুষ পরিবর্তন চায় ২৫ বছরের বাম আমলের থেকেও বড় ক্ষতি করেছে সরকার ত্রিপুরা যাওয়ার আগে চাঁচাছোলা অভিষেক হাফ সিটে কান্ডিডেট খুঁজে পায়না আবার সরকার গড়ার প্রতিশ্রুতি দিচ্ছে!,2,2,2,PAg,0.2196676,0.078286774,0.4649475,0.03157751,0.20552063
fb 782.jpg,প্রমিজ করলাম* প্রমিজ করলাম* নিজের সর্বোচ্চ দিয়ে হলেও বাবা মায়ের মুখে হাসি ফুটানোর চেষ্টা করবো,0,0,3,RAg,0.121092804,0.12713584,0.24819408,0.4181743,0.08540309
fb 444.jpg,টাচ করুন তুই মাওবাদী!,2,2,2,PAg,0.27720365,0.14034311,0.28803322,0.087572716,0.20684735
in 414.jpg,এরা এদের মৃত্যুর জন্য নিজেরাই দায়ী অলিম্পিকের মেডেল থেকে মঙ্গলযান সব কৃতিত্বই এনার,2,2,1,GAg,0.25082925,0.25651294,0.1670291,0.15170538,0.17392321
fb 2022.jpg,আজকে থেকে আয়নাতে খেলা দেখা,4,4,0,NoAg,0.40068063,0.2735044,0.05625376,0.113852665,0.1557086
fb 1535.jpg,ইশশ ! অসহায় পাখি ! পাখিটাকে ছেড়ে দে! নির্দয় বিড়াল ! কিছুক্ষণ পর... আহ ! কী সুগন্ধ !,4,4,3,RAg,0.1283358,0.11281761,0.08814268,0.5178765,0.15282746
bamboo-vaiya (335).jpg,যখন আপনি বাসা থেকে টাকা নিয়ে বাজার করে আনেন কিন্তু আপনাকে টিভি চ্যানেলে করোনা ত্রান সহায়তার লাইনে দাঁড়ানো দেখায়,0,0,1,GAg,0.17558576,0.51542467,0.09193863,0.03570552,0.18134542
fb 418.jpg,আমি বেশি মেয়ে পটিয়েছি না আমি বেশি মেয়ে পটিয়েছি,4,4,0,NoAg,0.31400704,0.18231954,0.15348764,0.14846262,0.20172325
blog 133.jpg,ভাবসিলাম সাথে ভায়াগ্রা নিয়া আসছো !,3,3,3,RAg,0.02555374,0.0129787605,0.010280109,0.92680925,0.024378179
in 334.jpg,গ্রামবাসীরা ক্ষেপে আগুন হয়ে আছে তাই গ্রামে গ্রামে দিদির দূত হিসাবে যাওয়া থেকে এটা অনেক কম রিস্কের কাজ,2,2,0,NoAg,0.34678763,0.20783143,0.09856261,0.20444556,0.14237283
bangla-gag (87).jpg,লাক্স কোটি টাকা খরচ করে দীপিকাকে বাংলাদেশে আনসে আর বিসিবি ইন্ডিয়ান টিমকে খেলতে ডাকসে সেখানে ইন্ডিয়ান টিম সাথে আনুসকা ফ্রি আসতেসে,4,4,1,GAg,0.11673962,0.5492095,0.10082719,0.01571772,0.21750602
bangla-troll (29).jpg,একটা সুন্দরি মেয়ে পেছবুকে রিকুয়েস্ট পাঠাইছিল... মাগার ... ওইটা ফেক আইডি ছিল,0,0,0,NoAg,0.30089566,0.107433565,0.29018688,0.035085846,0.26639813
fb 1469.jpg,আজকে জুম্মার পরে বিরিয়ানি দিবে,3,3,3,RAg,0.113130845,0.1524274,0.09056448,0.57991636,0.06396088
ovodro_img (73).jpg,যখন কোন বাচ্চার মা বাবা দুজনেই ট্রেনে উঠে যায় কিন্তু বাচ্চা টা উঠতে পারে না,0,0,1,GAg,0.26981944,0.30737662,0.14528023,0.040367994,0.23715566
tangaila (57).jpg,বের হলেই চাকরি বেতন ১২ হাজার টাকা,0,0,0,NoAg,0.49676558,0.10668692,0.1648505,0.08950406,0.14219293
blog 162.jpg,"দোয়া হচ্ছে হস্তমৈথুনের মতো: যে করে, সে তৃপ্তি পায়, কিন্তু যার কথা ভেবে করা হয়, তার কোনও কাজেই লাগে না",3,3,3,RAg,0.039348032,0.019288395,0.008191232,0.9083281,0.024844252
Halal Memes (206).jpg,নির্দিষ্ট জায়গায় থুথু ফেলবো ।,0,0,2,PAg,0.24921162,0.17513947,0.25246593,0.11141682,0.21176611
fb 760.jpg,স্কুলের ১২০০ টাকা বেতন যে কিভাবে দিবো আব্বু তো বেতন পায় না তিন মাস থেকে আল্লাহ তুমি ১২০০ টাকার ব্যবস্থা করাই দাও প্লিজ না ছেলেটা আর্থিক সমস্যায় আছে কাল ওরে কিছু টাকা দিয়ে সাহায্য করবো বাবা এই ১০০০ টাকা রাখো তোমার বেতন দিতে কাজে লাগবে কিন্তু আমি তো আল্লাহর থেকে ১২০০ টাকা চাইছি তার মানে আপনি বাকি ২০০ টাকা মেরে দিয়েছেন,4,4,4,Oth,0.23380624,0.21030213,0.22759853,0.0797944,0.24849872
fb 1976.jpg,ডিসেম্বর ৩১ ১১ : ৫৯ ২ : ৩০,1,1,0,NoAg,0.33471292,0.12572995,0.11211081,0.21775773,0.20968859
fb 1385.jpg,এদিকে আয় মোদী। তোকে আমাদের অনুমতি ছাড়া জঙ্গল কাটার অধিকার দিচ্ছি।,2,2,1,GAg,0.20610069,0.37938476,0.14127737,0.043011967,0.23022518
fb 1858.jpg,ছ্যাদা খুজে পাইতেছি না,1,1,1,GAg,0.2191989,0.25731173,0.24117489,0.0913259,0.19098859
fb 295.jpg,"ছেলেটির নাম জনি সিন্স| গরিব, তাই পড়াশোনার পাশাপাশি পিজ্জা ডেলিভারি বয় হিসেবে কাজ করে।একদিন মিরপুরের রাস্তায় মেট্রোরেল এর জ্যাম থাকায় ২০ মিনিট এর জায়গায় ৩০ মিনিট লেট হয়ে যাওয়ায় এই মেয়ে টি জনি সিপ্স কে কলার ধরে মারল| মানবতা আজ কোথায় ???",1,1,1,GAg,0.17990416,0.307465,0.1804765,0.12841456,0.20373976
blog 447.jpg,ওরা বেশরিয়তী কাম করে! ইছলামে এইসব হারাম! যৌনদাসী,3,3,3,RAg,0.021018475,0.02412475,0.0095300535,0.93449956,0.01082717
fb 303.jpg,~কিছু কিছু মাগি আছে সাংগা হওয়ার পরেও বারো জনের দোচা না খাইলে নাভীর নিচে শান্তি হয় না,1,1,1,GAg,0.28442094,0.329433,0.091784306,0.06630724,0.22805455
fb 1380.jpg,যখন মাছ খাওয়ার জন্য বাঙালিদের ঘৃণা করা গুজ্জু মহিলা জানতে পারে তার লিপস্টিকে মাছের আঁশ আছে,4,4,1,GAg,0.104087815,0.66956085,0.039229184,0.015471677,0.17165045
in 436.jpg,"হাসপাতালে নিয়ে যাওয়া হল মানিককে ওসব করে কোনো লাভ হবেনা মানকে, আমি নিজের অভিজ্ঞতা থেকে বলছি |",2,2,2,PAg,0.13906984,0.16268153,0.390939,0.09041515,0.2168945
fb 1622.jpg,নাস্তিক্যধর্ম,3,3,4,Oth,0.18139893,0.095571704,0.20687808,0.2569822,0.2591691
Halal Memes (240).jpg,আমার মা: এরকম একটা মেয়ে যদি আমার বেটার বউ হতো আমার মা: নাউযুবিল্লাহ,1,1,1,GAg,0.043886278,0.84086895,0.017917046,0.0019295088,0.09539815
fb 1244.jpg,আমার শরীর আমার অধিকার। আমি যেটা ইচ্ছে সেটা পরবো যদি নগ্নতাকে সভ্য ধরা হয় | তবে বন্য পশুরা সবচেয়ে বেশী সভ্য,1,1,0,NoAg,0.29561418,0.13932878,0.22153196,0.15626115,0.18726386
KAM (326).jpg,এটা ফটোগ্রাফি নাকি বগল-গ্রাফি! ফহিন্নির ঘরে ফহিন্নি!,4,4,1,GAg,0.21982577,0.3359196,0.15494601,0.034322657,0.25498602
in 169.jpg,"পঞ্চায়েত ভোট আসছে... মাসিমরা আমাকে চিনতে পারছেন তো? কেন চিনতে পারবোনা! কতবার টিভিতে হাত পেতে টাকা নিয়ে ""থ্যাংক ইউ"" বলতে দেখেছি",2,2,2,PAg,0.22747362,0.09743358,0.4157292,0.045297995,0.2140656
ovodro_img (10).jpg,একদিন আমিও অস্কার পাব এক্সপ্রেশন পাল্টাবে কী তোর দাদু ? কপি করা ছাড়বে কি তোর বাবা ?,4,4,4,Oth,0.21159218,0.2528418,0.1598397,0.009042808,0.36668342
nurani-memes (222).jpg,গাাছ কোপানোর অন্যায়ের শাস্তি চাওয়া মানুষজন মানুষ কুপিয়ে পার পেয়ে যাওয়া হেলমেট বাহিনি,2,2,0,NoAg,0.3021989,0.18341231,0.22604741,0.04156079,0.24678053
bamboo-vaiya (486).jpg,কোরবানির ঈদ আসলে তোমার যা মনে পড়ে: কোরবানির ঈদ আসলে আমার যা মনে পড়ে:,4,4,0,NoAg,0.31369063,0.10623034,0.22956698,0.09693457,0.2535774
blog 458.jpg,হুরের ইষ্টক শ্যাষ। তয় ৭২টা মুমিনার লগে ওয়েবক্যামে চ্যাটের ব্যবস্থা কইরা দিতারি।,3,3,3,RAg,0.0759893,0.07640301,0.04083389,0.7626824,0.044091403
blog 164.jpg,"ভালো মানুষেরা করে ভালো কাজ, খারাপেরা খারাপ কাজ। কিন্তু ভালো মানুষকে দিয়ে খারাপ কাজ করিয়ে নিতে প্রয়োজন ধর্মের ।",3,3,3,RAg,0.27345756,0.09898016,0.06484099,0.34172884,0.22099246
blog 38.jpg,এবং তার উম্মতেরা শান্তি প্রতিষ্ঠায় নিরলস,3,3,3,RAg,0.13987176,0.21328321,0.1984367,0.32381666,0.124591626
fb 1584.jpg,"চিন্তার মুক্তির আন্দোলন কানিজ আমার যৌনসাথী| সে যখন চাবে, যার সাথে চাবে তার সাথেই সম্মতিতে যৌনকর্ম করতে পারবে | এমনকি মুক্তচিন্তায় নিজের ছেলের সাথেও কারণ আমাদের নাস্তিক্যধর্মে এসব বৈধ |",3,3,2,PAg,0.21153662,0.15704045,0.30952004,0.088302545,0.23360036
in 308.jpg,চাড্ডি পরিবারে যখন কোনো নতুন সদস্য আসে.... মেরা বেটা 'ব্যয়কট গ্যাং' কা মেম্বার বোনেগা....,2,2,0,NoAg,0.318775,0.08030424,0.12711187,0.23295957,0.24084933
ovodro_img (388).jpg,"বাবা ফেব্রুয়ারি মাস স্পেশাল ক্যানো ?? জানি না, তোর মাকে বিয়ে করার আগে আমিও সিঙ্গেল ছিলাম ।। কাঁদিস না বাবু । বুকে আয় ; একদিন তোকেও বিয়ে দিয়ে মিঙ্গেল করে দেব ।",0,0,0,NoAg,0.39702597,0.23952557,0.10131328,0.026341336,0.23579386
fb 993.jpg,*ইন্ডিয়া সাপোর্ট করলে দালাল *পাকিস্তান সাপোর্ট করলে রাজাকার *বাংলাদেশের জনগন,4,4,0,NoAg,0.28311074,0.21953654,0.22066753,0.060363583,0.21632165
bangla-memes (154).jpg,তো আমরা কী করবো ?,0,0,0,NoAg,0.3133433,0.30196914,0.14088607,0.03243764,0.2113639
fb 727.jpg,ব্যবসায় উদ্যোগ ব.উ.,0,0,0,NoAg,0.32050973,0.24471027,0.16358837,0.039991472,0.23120017
KAM (307).jpg,ও বলেছিল জাতীয় বিশ্ববিদ্যালয় হতে পড়াশুনা করে চলে আসবে ! কিন্তু ও পড়াশুনা শেষ করতে পারেনি আমি এখনও অপেক্ষায় আছি!!!,0,0,4,Oth,0.23611312,0.22521403,0.20601141,0.057463482,0.27519798
blog 240.jpg,"বোকা জঙ্গি চালাক জঙ্গি বুদ্ধিমান হোন, সঠিক কাজটি করুন",3,3,3,RAg,0.19043456,0.11542704,0.18832381,0.34550792,0.16030672
blog 485.jpg,মেয়েদের কাছে সবচেয়ে প্রধান হচ্ছে তাদের স্বকীয়তা।,3,3,3,RAg,0.13978148,0.07970158,0.03384149,0.67149854,0.07517689
ovodro_img (270).jpg,তোমার মা কী তোমাকে খুব বকাবকি করছে ? আর সহ্য হচ্ছে না ? ঝগড়া করতেই হবে ? মা এর সাথে ঝগড়া কর না । বাড়ি থেকে বেড়িয়ে যাও দেখবে মা নিজেই তোমাকে ফোন করে করে বাড়ি ফেরানোর জন্য পিছনে লেগে পড়বে ।।,0,0,2,PAg,0.21683696,0.18219422,0.28842664,0.033873416,0.2786687
in 267.jpg,"গোমাংস খাই বিজেপিও করি অসুবিধা কিসের!' , ভোটের মুখে স্পষ্টবক্তা মেঘালয়ের পদ্মসভাপতি ইনি বিজেপি নন ইনি দেশদ্রোহী",2,2,2,PAg,0.18662214,0.10482159,0.3893237,0.0576102,0.26162234
fb 1881.jpg,বিড়ালটা শুধু বাসররাতে বিড়াল মারার ইতিকথা জানতে চেয়েছিল। বাকিটা ইতিহাস!,1,1,1,GAg,0.2426423,0.393873,0.06778241,0.17545329,0.12024897
bamboo-vaiya (169).jpg,জান চলো পালিয়ে বিয়ে করি তিন বেলা বিড়ি খেয়ে থাকতে পারবি ?,0,0,1,GAg,0.29958612,0.3082511,0.13485543,0.0722293,0.18507805
pin 11.jpg,এটা কি রুচি না কি ইঁদুর দ্বারা ধর্ষিত বুঝাই যাচ্ছে না,1,1,1,GAg,0.153266,0.44533062,0.04850178,0.18087277,0.17202887
chosha (114).jpg,ওরা কারা ? যারা রাতে আমাকে স্বপ্নে দেখে ।,1,1,1,GAg,0.13016628,0.55588037,0.09677433,0.018016884,0.19916211
bamboo-vaiya (364).jpg,তর কি ঘরে বসে ৫-৬ মিনিটে ৫০০ টাকা লাগবো ?,0,0,1,GAg,0.2219956,0.2721203,0.1281228,0.1975985,0.18016274
blog 106.jpg,"তোমার থেকে একটু টুকতে দিবা? আচ্ছা, টোকো । তবে একেবারে হুবহু কপি কইরো না ।",3,3,3,RAg,0.059336666,0.081410125,0.07207734,0.7576336,0.029542206
fb 1866.jpg,পাবলিক বিশ্ববিদ্যালয়* ১ম বর্ষ 8র্থ বর্ষ,1,1,1,GAg,0.15440989,0.5859914,0.06668176,0.022855073,0.17006192
fb 1068.jpg,"""একটা ভালো যুবকের জীবন শেষ করে দিবো """,4,4,3,RAg,0.15426911,0.14647917,0.29149494,0.3098558,0.09790101
fb 937.jpg,রাস্তায় বাইকার দেখার পর সার্জেন্ট নাস্তার টাকা দিলেন না স্যার?,2,2,0,NoAg,0.32113108,0.14103602,0.19562691,0.116232984,0.22597304
fb 549.jpg,"নেন ভাই এক গ্লাস পানি খেয়ে নিন, প্রত্যয় হিরনের রোস্ট ভিডিও বানিয়ে পোস্ট করতে করতে হাপিয়ে গেছেন",4,4,0,NoAg,0.4392399,0.111266814,0.1621727,0.094547145,0.1927734
fb 1112.jpg,প্যান্ট পড়ে শুয়ার রাতে; রুমে থাকা জ্বিন লুঙ্গি পড়ে শুয়ার রাতে; রুমে থাকা জ্বিন,4,4,2,PAg,0.23746891,0.12943017,0.2673577,0.14022166,0.22552155
in 85.jpg,সেই মুহূর্ত যখন আপনি জানতে পারেন দুর্গাপুজোয় আপনার অফিসে মাত্র দুইদিন ছুটি,0,0,2,PAg,0.16230278,0.19429159,0.37663203,0.036573704,0.23019983
in 248.jpg,দাদা একটা ফুটেজপ্রেমী দেখান.... সস্তার কিছু নেই?,2,2,1,GAg,0.11434385,0.48667693,0.23962522,0.011552534,0.14780147
Halal Memes (60).jpg,লকডাউন লকডাউন শেষে,0,0,0,NoAg,0.3186872,0.20977153,0.15652506,0.05517425,0.25984195
blog 157.jpg,ইহুদি ও খ্রিষ্টানেরা নোংরা । জিহাদের সময় তাদের জীবন ও ধনসম্পদ মুছলিমরা কেড়ে নেয়ার অধিকার রাখে। (আমেরিকাবাসী ইছলামবাজ),3,3,2,PAg,0.23230775,0.070051275,0.29873022,0.20642515,0.19248563
Halal Memes (43).jpg,শান্তিপূর্ণভাবে পড়াশোনায় মনোযোগ বসানো বিদ্যমান মাই বৃক্ক টু মি: তোর কি বাথরুমে যাওন লাগবো ?,0,0,1,GAg,0.24716274,0.29252928,0.19715214,0.06561515,0.19754077
fb 1197.jpg,এই হচ্ছে আমার ছেলে মানকি যে কিনা নাস্তিক কিন্তু তার কোনো গুরু মারা গেলে আবার বলে ওপারে ভালো থাকবেন স্যার,3,3,0,NoAg,0.29197344,0.13037436,0.2839292,0.08166765,0.21205537
chosha (42).jpg,তুমি এখানে ইন্টার্ভিউ দিতে এসেছো নার্ভাস হবার কিছু নেই রিলেক্স করো স্যার একটা বিড়ি হবে নাকি?,0,0,4,Oth,0.2843358,0.25262794,0.13740101,0.026760496,0.29887477
fb 1305.jpg,গোল্ডেল গ্লাভস ফেরত দিতে যাচ্ছি কারন ময়মনসিংহের জবলেস মিন্টু বলেছে আমি অসভ্য আনকাচার্ড,4,4,2,PAg,0.26552767,0.08791441,0.32808816,0.08383518,0.23463464
KAM (2).jpg,"একজন বিশ্ববিদ্যালয় পড়ুয়ার জীবনের লক্ষ্যের ক্রমপরিবর্তন ভার্সিটি ভর্তির আগে ধুর এগুলা আর কি এমন কঠিন পড়া? এই লাইনে আমি বিশ্বসেরা হমু! ১ম বর্ষ একটু কষ্ট করা লাগবো দেখতেসি তয় ব্যাপার না, এই লাইনে আমি বাংলাদেশের সেরা হমুই হমু ২য় বর্ষ পড়া তো দেখি মোটামুটি কঠিন আছে, যে লাইনে পড়তেসি ঐ লাইনে বাংলাদেশের ১ নম্বর কোম্পানিতে জব পাইতেই হইবো ৩য় বর্ষ পড়া গুলা এত্তো কঠিন ক্যারে? যে লাইনে পড়তেসি ঐ লাইনের মোটামোটি ভাল জব পাইলেই চলবো ৪র্থ বর্ষ খোদা, ভালো রেজাল্টের খ্যাতা পুড়ি, শুধু পাস করাই দিও। আর লাইন বেলাইন বুঝি না, কোনরকম একটা জব পাইলেই চলবো পাশ করার পর ভাই ভাল লেভেলের জব লাগবো না, পিয়ন নাইলে ঝাড়ুদারের চাকরি হইলেও দেন!",0,0,4,Oth,0.20413974,0.22080861,0.22614142,0.0774554,0.27145484
in 84.jpg,শেষ কবে বন্ধুরা মিলে মাঠে ক্রিকেট / ফুটবল খেলতে গিয়েছিলে ? *আমি অনেক অনেক দিন আগের কথা,0,0,3,RAg,0.23203997,0.23896271,0.0929428,0.29683343,0.13922104
bangla-troll (38).jpg,"আমাদের প্রত্যেকের জীবনে এমন কিছু কিছু বন্ধু আছে, যারা আমাদের থেকে আমাদের ফেইসবুক পাসওয়ার্ড এর উপর বেশী নজর রাখে",0,0,0,NoAg,0.36537614,0.12167607,0.16755994,0.0628141,0.28257373
nurani-memes (88).jpg,কই ? তর নানির পুটকির সই,4,4,4,Oth,0.22250089,0.11665373,0.16380584,0.17512058,0.321919
fb 805.jpg,ভয়ানক কিছু অনুভব করার সময়* *আয়াতুল কুরসি পড়ার পর আমার সাহস *আয়াতুল কুরসি পড়ার আগে আমার সাহস,0,0,1,GAg,0.24593806,0.24970905,0.1597016,0.24524274,0.09940857
Halal Memes (207).jpg,নিব্বি: ভাবছি বিয়ের পর চিনি খাওয়া ছেড়ে দিব ! নিব্বি: ক্যান? নিব্বা: ঘরে মিষ্টি বউ আর চায়ে চিনি যদি ডায়বেটিস হয়ে যায় ! লে : নিব্বা লে : নিব্বি ইশ আপনিও নাহ,0,0,1,GAg,0.2090102,0.348363,0.18780385,0.054227315,0.2005956
blog 413.jpg,হাঁউমাঁউখাঁউ কাফিরের গন্ধ পাঁউ।,3,3,3,RAg,0.11990055,0.087582365,0.14815712,0.4916233,0.1527366
bangla-troll (52).jpg,"আব্রাহাম লিঙ্কন বেচে থাকলে গণতন্ত্রের বর্তমান সংজ্ঞা হতো- ডেমোক্রেসি ইজ এ গভর্নমেন্ট অফ দ্যা বালুর ট্রাক, বাই দ্যা বালুর ট্রাক, ফর দ্যা বালুর ট্রাক !",2,2,0,NoAg,0.30736226,0.11861446,0.11688799,0.20981842,0.24731696
fb 1793.jpg,"বাবা-মা: আমার মেয়ে ডাক্তার হবে, আমার মেয়ে ইঞ্জিনিয়ার হবে মেয়ে: আমি বাঁড়া হবো",1,1,2,PAg,0.21600738,0.08476557,0.31551057,0.13514969,0.24856684
bamboo-vaiya (20).jpg,গিটার বাজানোর পরে: এ আমি কি করলাম কাজটা ভালো হয় নাই সব ভিডিও ডিলেট দিয়া দিমু আজ থেকে ভালো হয়ে যামু,0,0,0,NoAg,0.2924185,0.18838865,0.23117337,0.10780624,0.18021329
fb 1160.jpg,দোস্ত কোথায় আছিস জানিনা কিন্তু এইখানে হিন্দি গান বাজিয়ে 'বিজয় দিবস' পালন করা হয়,4,4,1,GAg,0.20991571,0.27480623,0.24168031,0.03791844,0.23567931
in 205.jpg,তৃণমূলের আশিস বেরোতেই জল দিয়ে উঠোন ধুয়ে দিল বগটুইয়ে নিহতের পরিবার জানাল অপবিত্র হয়েছিল,2,2,0,NoAg,0.2548245,0.13544868,0.24190526,0.20441799,0.16340366
fb 1635.jpg,হযরত মোহাম্মদ সঃ এর ব্যবহার করা তলোয়ার। আপনার ইচ্ছা হলে করে সবাই কে দেখানোর সুযোগ করে উপহার দিতে পাড়েন। প্রশ্ন : ইসলাম ধর্ম প্রতিস্টায় কি তলোয়ার লাগে ??????? যিশু অথবা বুদ্ধ তলোয়ার ছাড়াই ধর্ম প্রচার করেনি ?,3,3,3,RAg,0.13069934,0.045935992,0.098527715,0.64660823,0.07822867
KAM (118).png,"জান, তুমি রোদে দাঁড়িয়ে আছো কেন? আরে দেখছ না, ঘাম শুকাচ্ছি যে...",4,4,1,GAg,0.21178384,0.35828897,0.12564838,0.02410055,0.28017834
KAM (357).jpg,আপনি যতই বড় হয়ে যান না কেন মায়ের চোখে সবসময় ছোটই থাকবেন!,0,0,1,GAg,0.2574267,0.4063119,0.09436317,0.038942624,0.20295565
direct-offense (72).jpg,"ব্যাকরন না বুঝলে মুড়ি খা , শ্লা মাতা মুটারে কে বুঝাইতো",4,4,1,GAg,0.18998314,0.27237436,0.2529473,0.061749503,0.22294572
blog 43.jpg,"আল্লাহর একদিন মানুষের এক হাজার বছরের সমান । (সূরা হাজ্জ্ব, ২২:৪৭) আল্লাহর একদিন মানুষের পঞ্চাশ হাজার বছরের সমান । (সূরা আল মা'আরিজ, ৭০:8)",3,3,3,RAg,0.13630189,0.08598652,0.06806002,0.56640214,0.14324939
Halal Memes (228).jpg,"গ্রাম থেকে শহরে ঘুরতে আসা চাচা ধানমন্ডি, বসুন্ধরা এলাকায় ওড়না ছাড়া মেয়েদের ঘুরাঘুরি করতে দেখার পর কেয়ামতের আলামত শুরু হয়ে গেসে",1,1,0,NoAg,0.34309012,0.11930554,0.20988786,0.110948846,0.21676765
ovodro_img (260).jpg,দেবের মত অভিনয় করতে হলে ৫০০ আমির খান কে আরও বার জন্ম নিতে হবে,4,4,0,NoAg,0.30202904,0.16369103,0.24795479,0.043820333,0.24250476
fb 269.jpg,নানা: নাতি আমার ডাক্তার হবে। মা: না! ছেলে আমার ইঞ্জিনিয়ার হবে | বাবা: আরে না! ছেলে আমার... এদিকে ছেলে... আায় কে আবি: খামকির পোলারা!,4,4,0,NoAg,0.3575435,0.17155284,0.100779615,0.10902007,0.26110393
in 633.jpg,মোদীজি ইস্মাইল...,2,2,2,PAg,0.20095919,0.24031073,0.2772041,0.051282957,0.23024306
in 187.jpg,তৃণমূলের নেতার বাড়ির সামনে ছাগল বিক্রি করে দেওয়ার অভিযোগ আমরা ছাগলকেও ছাড়িনা,2,2,2,PAg,0.14644665,0.22837593,0.3581953,0.055380184,0.21160193
bangla-memes (26).jpg,যখন তোমার ছেলেরা আর্জেন্টিনা সাপোর্ট করা ছেড়ে দেয় মাদককে 'না' বলো 'আমার ছেলেরা এখন মাদকমুক্ত' তিনি একজন যুদ্ধজয়ী বাবা । মাদকাসক্ত দুই ছেলেকে সুস্থ জীবনে ফিরিয়ে,4,4,0,NoAg,0.34471342,0.12759021,0.21408193,0.16069317,0.15292121
chosha (129).jpg,এসেছিলাম একা যেতে হবে একা মাঝখানে ভাইয়ের সাথে দেখা,1,1,2,PAg,0.18132067,0.26717052,0.28569147,0.02488769,0.24092963
in 60.jpg,পঙ্গপাল বাংলাদেশে আসার পর যখন জানতে পারে পঙ্গপাল খাওয়া হালাল পঙ্গপাল- এ কি বিপদে পড়লাম!,0,0,0,NoAg,0.42600012,0.13454352,0.18421647,0.07932105,0.1759188
fb 1549.jpg,"স্যার, বিবর্তনবাদ তো যাস্ট একটা থিওরি! চুপচাপ গিলে যা! কোনো কথা বলবি না!",4,4,3,RAg,0.06485945,0.073939234,0.041445017,0.76432514,0.055431128
Bangla Thug Life (190).jpg,বউমা একটু সকালে ঘুম থেকে উঠতে পারোনা কথাটা আমাকে না বলে আপনার ছেলেকে বলুন কেন ? গোটাবছর আমি জোর করতাম এজন্যই লকডাউন পেয়ে আপনার ছেলে আমার কোমরটা শেষ করে দিচ্ছে,1,1,1,GAg,0.19802399,0.29418766,0.11314454,0.22051455,0.1741293
fb 286.jpg,মাইার ওজন হয় না ৩২ দু* বানাইছে ৩৬,1,1,0,NoAg,0.3282959,0.27509147,0.13749745,0.0895179,0.16959731
fb 81.jpg,প্রোগ্রামার হওয়ার রেসিপি রাতে না ঘুমানো বন্ধুমহলে পার্ট নেওয়া কোড কপি পেস্ট করা প্রোগ্রামিং চর্চা করা উপস!,4,4,3,RAg,0.21886703,0.12955937,0.07149256,0.41736203,0.16271904
tangaila (95).jpg,যখন হাসানের ছেলে রাস্তায় বের হয়... তখন কুমুদিনীর মেয়েদের অবস্থা !,1,1,1,GAg,0.049731832,0.77859867,0.03830915,0.0037973595,0.12956294
blog 410.jpg,"নিজেরে যখনই আবাল মনে হবে তখন মনে কইরেন, আপনের চাইতে বহুত গুণ বেশি আবাল এই দুনিয়ায় অগুন্তি, যারা বিশ্বাস করে, ইউনুস নবী মাছের পেটের ভিত্রে জীবন্ত আছিলো চল্লিশ দিন",3,3,3,RAg,0.10325741,0.1120772,0.07500885,0.6309623,0.07869423
fb 159.jpg,আমি বিএনপি (২) আর আমি আওয়ামিলীগ (৩) যে বিরিয়ানি আর কোক দিবে আমি তার |,2,2,0,NoAg,0.2948905,0.14015001,0.18804199,0.120487325,0.2564303
in 340.jpg,*ভাইপো কয়লা কয়লা কয়লা *ভাইপো আমি একদম পছন্দ করিনা কয়লা *ভাইপো কিন্তু কয়লা আমাকে ছাড়া থাকতে পরেনা,2,2,1,GAg,0.22033802,0.29051757,0.19960792,0.07696208,0.21257435
KAM (364).jpg,একটা মেয়েকে শিক্ষিত করলে ৪টা মানুষ শিক্ষিত হয় আর একটা মেয়ে স্কুল কলেজ আর ভার্সিটিতে গেলে ৪০টা ছেলের জীবন যে নষ্ট হয় তা কে কইবো?,1,1,0,NoAg,0.4555259,0.21229172,0.0874969,0.04721293,0.19747256
fb 1057.jpg,৫ম ম্যাচে সুযোগ পাওয়ার আশা করার পরও যখন মিথুনকে না নিয়ে বাজে ফর্মে থাকা সেই সৌম্যকেই আবার নেওয়া হয়* মিথুন: ফাইট্টা যায় বুকটা ফাইট্টা যায়,4,4,1,GAg,0.23669375,0.33836058,0.1383736,0.06999298,0.21657906
fb 1890.jpg,১ : আজকাল দুধ অনেক পাতলা হয় ২ : আমকে কেন বলতেছেন ভালো কোনো ডক্টর দেখান ৩ : ওই তুই কি বললি ৪ : ভাগোওওও,1,1,0,NoAg,0.32571262,0.29160064,0.118853435,0.116250575,0.14758281
fb 557.jpg,সুন্নতে খৎনা শুনে সারাদিন চিল করার পর পিচ্চি যখন বুঝতে পারে একটু পর তার সম্পদ কেটে দেয়া হবে ..,4,4,4,Oth,0.24682312,0.13539092,0.12494602,0.09435952,0.39848045
ovodro_img (385).jpg,সরস্বতী পূজোর সময় মেয়েরা মেকাপ এর আগে মেকাপ এর পরে,1,1,1,GAg,0.1779372,0.4830789,0.10613805,0.034985833,0.19785999
KAM (175).png,আনুশকা এখন বিরাট কুলি কে ছেরে রুবেল এর সঙ্গে,4,4,1,GAg,0.10515496,0.6541234,0.040415704,0.006066956,0.19423896
pin 56.jpg,"মুম্বইয়ে চাকরির দাবিতে পড়ুয়াদের রেল অবরোধ এরা দেশদ্রোহী, মোদী বিরোধী, এদের পাকিস্থানে পাঠানো হোক...",2,2,2,PAg,0.14768936,0.22885136,0.36759287,0.079197705,0.1766687
fb 1328.jpg,"সরকারি অনুষ্ঠানে আমাকে ডেকে এনে ""জয় শ্রী রাম"" স্লোগান তুলে আমাকে অপমান করা হয়েছে। আমি এর প্রতিবাদে কোনো বক্তৃতা দেবো না। ""আমরা সবাই অযোধ্যায় রাম মন্দির গড়তে টাকা দেবো""",2,2,2,PAg,0.22861245,0.20764278,0.26813427,0.100788385,0.19482213
fb 1834.jpg,সূর্যের নজর টাও আমার মতো দুষ্টু,1,1,1,GAg,0.16467461,0.501771,0.10975772,0.05285752,0.17093915
in 636.jpg,"টাকা চাইছেন কর্মীরা, হতাশ প্রার্থী, পুরভোটের প্রচারে বিজেপি যেন ঢাল-তলোয়ারহীন 'নিধিরাম'",2,2,2,PAg,0.21150413,0.17789857,0.29536125,0.13417365,0.18106237
KAM (251).png,আজ শুক্রবার কাঁপলদের জন্য রোমান্সের দিন । আর ব্যাচেলরদের জন্য কাপড় ধোয়ার দিন।,0,0,0,NoAg,0.4122931,0.15894781,0.14913659,0.035119813,0.24450262
fb 1573.jpg,"সব পদার্থেরই ধর্ম আছে । কিন্তু, নাস্তিকদের কোন ধর্ম নেই । সুতরাং, তারা অপদার্থ !",3,3,0,NoAg,0.24448822,0.23596443,0.12308035,0.21200944,0.18445766
fb 812.jpg,ভাত খাওয়ার সময় কোন তরকারি পছন্দ না হওয়ায় যখন ডিম ভেজে খাই | ডিমঃ এইটা বলতে গেলে -আমাদের জমিদারি,4,4,0,NoAg,0.35021654,0.17723976,0.11455925,0.17041168,0.18757275
fb 1467.jpg,"নিজেদের টাইমলিনে কুরআন ও কাবা শরিফের ছবি, মিজানুর রহমান আল-আজহারী এর ওয়াজের ভিডিও শেয়ার দেওয়ার পর: সাওয়াব",3,3,3,RAg,0.17246655,0.11667281,0.23068024,0.29056284,0.18961759
in 279.jpg,৩% বাড়িয়েছি এটাই অনেক; বেশি ঘেউ ঘেউ করবেন না!,2,2,2,PAg,0.26020446,0.10141822,0.32265657,0.1314715,0.18424927
fb 1299.jpg,পাবলিক বিশ্ববিদ্যালয়* ১ম বর্ষ ৪র্থ বর্ষ,1,1,1,GAg,0.15195668,0.58943546,0.06639732,0.022781411,0.16942912
KAM (14).png,আমারও সিক্স প্যাক অ্যাবস আছে যাতে কেউ নজর দিতে না পারে সেই জন্য ভুঁড়ি দিয়া ঢাইকা রাখি,0,0,0,NoAg,0.33867607,0.24715346,0.11524799,0.012670921,0.28625154
fb 1874.jpg,এটা আমরা হতে পারতাম কিন্তু তোমারগুলা তো আমারগুলার থেকেও ছোট,1,1,3,RAg,0.16274936,0.18584028,0.100333475,0.42971414,0.1213627
fb 865.jpg,পোলাপান ভাত পায়না খাইতে আর জামাই নববর্ষের রচনা ফরোয়ার্ড করে রাইতে,4,4,1,GAg,0.18014324,0.3574121,0.1862923,0.014044466,0.26210782
tangaila (143).jpg,যখন হঠাত করে হাসানিয়ান বড় ভাই কল দেয় মি : আপনার কি সাদিয়ার নম্বর লাগবো ?,0,0,0,NoAg,0.27499095,0.25406426,0.2063664,0.07052737,0.19405101
fb 196.jpg,আমেরিকার ড্রাইভিং লাইসেন্স বাংলাদেশের ড্রাইভিং লাইসেন্স,2,2,3,RAg,0.085510716,0.10032488,0.1285604,0.6177566,0.067847446
in 116.jpg,বেগম রোকেয়া বেশি পণ্ডিতগিরি না করলে প্রতিটা মেয়ের আজ একটা করে সুখের সংসার থাকতো,1,1,0,NoAg,0.27445623,0.23038574,0.2263801,0.09851005,0.17026779
ovodro_img (432).jpg,আরে ও দাদু বলছি সাপ ফনা তোলে তো ??,1,1,1,GAg,0.1481483,0.4037454,0.17212759,0.030269314,0.24570936
fb 448.jpg,"কিছুদিন পরপর একেকজন মা হয়, আর বাবা খুঁজে দিতে হয় সাংবাদিকদের",1,1,2,PAg,0.2051802,0.1225327,0.41641176,0.10682695,0.14904842
ovodro_img (109).jpg,"ডিয়ার বাংলাদেশ , কাপ জেতার আশা ছেড়ে দাও এটা ভেবে খুশি হও যে, তোমরা ভারতের সাথে ফাইনাল খেলছো",4,4,4,Oth,0.18373914,0.05523486,0.27259308,0.06379385,0.42463902
fb 667.jpg,১ম-৫ম শ্রেণী পর্যন্ত পরীক্ষার প্রস্তুতি ৬ষ্ঠ-১০ম শ্রেণী পর্যন্ত পরীক্ষার প্রস্তুতি কলেজ ও ভাসিটি পরীক্ষার প্রস্তুতি,0,0,2,PAg,0.1795681,0.21627998,0.3675039,0.05735809,0.17929003
fb 1012.jpg,কি ভাই সুরা ফাতিহার অর্থ ঠিক মতো পারেন না আবার প্রতি শুক্রবারে জুম্মা মোবারক মারান,3,3,4,Oth,0.26681328,0.13292943,0.14743069,0.11904016,0.33378643
fb 1279.jpg,হ্যালো জানু এখন রাখি; পরে কথা হবে ভোক্তা অধিকার সংরক্ষণ ভ্লগ দেখতেছি,2,2,1,GAg,0.13493319,0.4079698,0.24040626,0.025158344,0.19153242
blog 411.jpg,এইখানে পষ্ট কইরা লেখা আছে: পাহাড়গুলা শক্ত কইরা বসানো আছে বইলা পৃথিবী হেইলা-দুইলা পড়ে না। (সুরা ১৬:১৫),3,3,3,RAg,0.14485747,0.115538545,0.16909699,0.42488474,0.14562228
fb 494.jpg,"*আমার ছেলেকে আমি বেশি ভালো জানি ! মা; *না তার থেকে ভালো তো আমিই জানি ! গার্লফ্রেন্ড; *সারাবছর হোস্টেলে একসাথে থাকা রুমমেট বন্ধু; কিছুই বলার নহে, কিন্তু চালিয়ে যাও...",0,0,0,NoAg,0.3908011,0.21490689,0.0929261,0.02803741,0.27332845
ovodro_img (785).jpg,"কীরে এত কাঁদছিস কেন ? পূজোর শপিং করতে গিয়েছিলাম এটা তো সুখের বিষয় ! কান্না কেন করছিস... ১০,০০০ টাকার জিনিষ কিনেছি তাহলে তোর প্রবলেম কী ? তুই কান্না কেন করছিস ? জামা প্যান্ট কেনা হয়নি শুধু মেকাপের সব কিছু কিনতেই ১০,০০০ লেগেছে",0,0,1,GAg,0.1901229,0.33425084,0.20596372,0.011474562,0.2581881
blog 166.jpg,প্রার্থনাবদ্ধ দুটো হাতের চেয়ে কর্মরত দুটো হাত সব সময়ই সহস্রগুণ শ্রেয়।,3,3,3,RAg,0.23611562,0.15121517,0.086343445,0.42141646,0.104909346
in 423.jpg,বেঞ্জিমা পিসিমা,2,2,4,Oth,0.2637428,0.14162047,0.21793987,0.07329417,0.3034026
ovodro_img (665).jpg,রঞ্জনা আমি আর আসবো না । রঞ্জনা আমি আর আসবো না ।,0,0,0,NoAg,0.40826195,0.35392594,0.03738811,0.079493456,0.12093054
blog 509.jpg,"পায়ের গোড়ালি ঢাকো, নাইলে আমার ঈমানদণ্ড খাড়ায়া যাইতেসে। মমিন মুসলিম",3,3,3,RAg,0.06441348,0.068856865,0.04130801,0.78406924,0.04135238
fb 780.jpg,"গোসলে গিয়ে পানি ঢালার পর টেংকিতে যখন পানি শেষ হয়ে যায় আমার লাভ-লস নাই, আমার লাইফটাই লস",0,0,1,GAg,0.20684879,0.35008645,0.17651464,0.08600865,0.18054134
in 20.jpg,ঠিকই ধরেছেন আব্বু আম্মুর বিয়ের একটি ছবি খুজে পেলাম (ভাবছি নিলামে তুলবো ছবিটি কিনতে হলে যোগাযোগ করুন আমার সাথে ),4,4,1,GAg,0.21807863,0.37589258,0.13082804,0.123090275,0.15211052
fb 890.jpg,শীতের ভয়ে সাতদিন পর একদিন গোসল করিস আবার কে গোসল করলো কি করলো না এসব নিয়ে এলাকায় মারামারি করোস কেন!,0,0,0,NoAg,0.32132226,0.30054402,0.10796197,0.12167565,0.14849612
bamboo-vaiya (234).jpg,যখন তুমি টাইম মেশিন দিয়ে ভবিষ্যতে যাও আর গিয়ে দ্যাখো তোমার ছেলে সব মিম এ লাইক দেয় আর নাইচ অল কমেন্ট করে তুমি-,4,4,0,NoAg,0.30893236,0.24298109,0.15263799,0.12705141,0.16839713
in 618.jpg,"তৃণমূল করে খাওয়ার জায়গা নয়, পুরভোটের প্রচারে হুঁশিয়ারি অভিষেকের অভিষেক এটা একদম ঠিক বলেছে ...",2,2,2,PAg,0.17799838,0.21602707,0.32825464,0.07353612,0.20418377
Halal Memes (99).jpg,যে দিন স্কুলে না গিয়ে স্কুলের সামনে দিয়ে কথাও বেরাতে যাই,0,0,1,GAg,0.20376416,0.37954357,0.05919605,0.25370535,0.1037909
chosha (73).jpg,"মুলো না গাজর ? চাইনা গাজর , চাইনা মুলো যদি থাকে বাড়াতে জোর",1,1,2,PAg,0.13300377,0.2073512,0.33369097,0.03679832,0.28915578
bamboo-vaiya (23).jpg,"আমি তোমাকে ছাড়া বাঁচবো নাহ হ্যাঁ, চুদে দেওয়ার আগে সবাই এই কথাই বলে",1,1,1,GAg,0.15826623,0.4771583,0.13732806,0.026997246,0.20025013
blog 74.jpg,"আমি তোমার জন্য দোয়া করবো । ইয়া মাবুদ, বিতর্কের সময় আমার দেখানো সব পয়েন্টই যে সঠিক, তুমি বোকচোদ নাস্তিকটারে সেইটা বোঝার তওফিক দান করো । আমিন ।",3,3,3,RAg,0.1836543,0.23296769,0.06032358,0.42137817,0.10167618
ovodro_img (626).jpg,বাকী জায়গায় লোক দেব কে ৫ বছর যেভাবে দেখেছে ! ঘাটালের লোক দেবকে ৫ বছর যেভাবে দেখেছে !,4,4,0,NoAg,0.30141655,0.17236072,0.2541519,0.07405788,0.19801293
fb 1508.jpg,"মহাদেশের সর্বোচ্চ কালীমন্দির ভেঙে যারা করে দিলো সাফ ঢাকার রমনা কালীমন্দির সাফ করে মুজিব নির্মিত সুরাবর্দি উদ্যান বাঙালি তোমার শত্রু চেনে, কোন দিনও তাদের করো নাকো মাফ",3,3,0,NoAg,0.23786397,0.187551,0.20333394,0.20786999,0.16338103
fb 1607.jpg,নাস্তিকরা যখন ফ্যামিলিতে নাস্তিক যখন মার্কেটিং এ নাস্তিক যখন ফেসবুকে ও পার্টতে,3,3,3,RAg,0.11536598,0.19427337,0.17212728,0.39476073,0.12347266
blog 29.jpg,কোরান না পড়ে ইছলামের সমালোচনা করার অধিকার কারুর নেই | বিষ্ঠা না খেয়ে বিষ্ঠার সমালোচনা করার অধিকার কারুর নেই ।,3,3,1,GAg,0.20850995,0.3211354,0.11758002,0.2136714,0.13910322
ovodro_img (64).jpg,ও নিশ্চয় অন্য মেয়েদের কথা ভাবছে ! কিছুদিন বাদেই দুর্গা পূজো সবার জন্য সোপিং করতে হবে,0,0,1,GAg,0.13365705,0.5841892,0.09246829,0.028993482,0.16069198
in 13.jpg,মানুষ কোলবালিশ নিয়ে ঘুমায় আমি বই নিয়ে ঘুমাই,0,0,0,NoAg,0.3707031,0.15515767,0.15071,0.18324722,0.14018203
fb 874.jpg,শীতকালে দিন ছোট হয় শীতকালে আরো অনেক কিছু ছোট হয়,0,0,0,NoAg,0.3110223,0.17949805,0.15242098,0.13607065,0.22098807
in 247.jpg,দেখতে পাচ্চো বিনোদ... ভোটের আগে দলীয় ক্যাডারদের কিভাবে কনস্টেবল করার ছক করা হচ্ছে,2,2,2,PAg,0.24865778,0.11576307,0.39286757,0.049562473,0.19314918
fb 1266.jpg,ভাই! ওরা পুরুষকে গালি দিছে। ভাই! ওরা নারীকে গালি দিছে।,1,1,0,NoAg,0.28750357,0.2545825,0.11395765,0.16712561,0.17683074
in 387.jpg,"অতিরিক্ত শূন্যপদ তৈরি হয় ব্রাত্য বসুর নির্দেশে', দাবি শিক্ষাসচিবের বিধানসভায় বিজেপি বিধায়কদের নিয়ে মুখ্যমন্ত্রীর ঘরে শুভেন্দু ..... ক্রিয়ার সাথে সাথেই প্রতিক্রিয়া ঘটে",2,2,2,PAg,0.16799821,0.10228202,0.4960542,0.06583402,0.16783154
fb 342.jpg,দুধ বড় করলেই মাগি হওয়া যায় না মাগি হতে হলে ছিদ্র বড় করতে হয়,1,1,1,GAg,0.03958325,0.8830567,0.0054229237,0.0027943158,0.06914272
ovodro_img (511).jpg,জেঠ্যু একবার হবে নাকি ? বেল্ট দিয়ে ছাল ছাড়াতে ডাকছে না কী চা টা খেতে ডাকছে ?,1,1,1,GAg,0.065170735,0.77842396,0.039059915,0.0075773755,0.109767966
fb 656.jpg,"নিজের পায়ে দাঁড়ানোটাই জরুরি, বিয়ে করা জরুরি না!' শারমিন আক্তার পুরুষ জাতি:",1,1,2,PAg,0.15534785,0.16677639,0.4496614,0.039881755,0.18833262
fb 1792.jpg,"অন্য কিছু নাহ পিল্টার থেকে কি ভাবে পিওর পানি বের করতে হয় এটাই দেখানো হচ্ছে এখানে, তাও কিছু লিজেন্ড ঐ টাই বলবে",1,1,1,GAg,0.18134035,0.48728123,0.12555355,0.09669002,0.10913484
fb 776.jpg,ছোটবেলায় মেলা থেকে আমার জন্য আব্বু কোনো খেলনা কিনে আনার পর *খেলনা *আমি *ছোটভাই,4,4,4,Oth,0.21880648,0.11387317,0.17117049,0.027347067,0.46880272
bangla-troll (59).jpg,"১০% মেয়ে ফুটবল, ক্রিকেট এই খেলাগুলা পছন্দ করে আর বাকি ৯০% মেয়ে ছেলেদের জীবন নিয়ে খেলতে পছন্দ করে !",1,1,0,NoAg,0.35687038,0.09976303,0.22455086,0.037510972,0.2813048
fb 1680.jpg,হুজুর ! ইসলাম অর্থ শান্তি আর মুসলমান মানেই শান্তিকামি .. নয় কী ? চুবানাল্লাহ ! অবশ্যই ঠিক কইসেন .. তো হুজুর ! 'সমকামি' ও 'পায়ুকামি'র মতো 'শান্তিকামি' মানে 'শান্তি'রে ধরি বলাৎকার করা বুঝাবেনা কেনু ? হালার নাস্টেক ! আজকেই ধড় থিকা তুর কল্লা নামাইয়া দিমু..,3,3,3,RAg,0.028686244,0.048614614,0.030271985,0.87271035,0.01971684
fb 1846.jpg,১৪ই ফেব্রুয়ারি ১৫ই ফেব্রুয়ারি,1,1,1,GAg,0.1066073,0.6125282,0.06639964,0.01632653,0.19813833
fb 921.jpg,পাবনা পাগলা গারদ,4,4,0,NoAg,0.31512767,0.15803967,0.13904278,0.13044655,0.25734338
fb 100.jpg,ভূমিকম্প হইলেই বাঙালী ধার্মিক হয়ে যায়,3,3,4,Oth,0.20541875,0.2252691,0.19877346,0.13703601,0.23350263
Halal Memes (24).jpg,যখন আপনার বাসার বাথরুমে টাইলস না থাকার ফলে বাথরুমে কয়টা টাইলস আছে সেটা গুনে এফবিতে স্ট্যাটাস দিতে পারেন না-,0,0,2,PAg,0.26385817,0.10078386,0.37603918,0.08247434,0.17684452
Bangla Thug Life (48).jpg,*ছোট ভাই *আব্বু *আমি *আম্মু *কনডমের অ্যাড,0,0,4,Oth,0.23094599,0.11815792,0.1523068,0.14554599,0.35304332
tangaila (235).jpg,যখন ঘাটাইলের মেয়ে জানতে পারে তার এক্স এখন অনেক টাকার মালিক :- তার এক্স ঘাটাইলের মেয়ে*,1,1,0,NoAg,0.35753986,0.13694873,0.23730527,0.055817008,0.21238914
Bangla Thug Life (274).jpg,কাজে দেরি করে আসায় শিশুটিতে কি নির্যাতন করা হচ্ছে,1,1,4,Oth,0.17851728,0.20305444,0.20318389,0.17925093,0.23599344
fb 158.jpg,নারীকে শাড়ি দিবেন জ্ঞান নয়।,1,1,0,NoAg,0.3009635,0.1649832,0.08109709,0.22784612,0.22511004
Bangla Thug Life (99).jpg,ম্যাথ ক্লাস শেষ হওয়ার পর আমার মাথায় আসমান ভাইঙ্গা পরসে,0,0,0,NoAg,0.42107403,0.10184043,0.13585435,0.06218826,0.27904293
blog 2.jpg,জাপানি পর্ন মুভিগুলোয় পুরুষ ও নারীর যৌনাঙ্গ যেভাবে অস্পষ্ট করে দেয়া হয়ে থাকে; জার্মানির চ্যান্সেলর মেরকেলের চুলের ওপরে সেই একই পদ্ধতি প্রয়োগ করেছে চৌদি সরকারী টিভি-চ্যানেল একমাত্র ইছলামই নারীর চুলকে দিয়েছে যৌনাঙ্গের মর্যাদা,3,3,2,PAg,0.2114236,0.09238885,0.31911647,0.13616517,0.24090585
fb 1250.jpg,বাংলাদেশ-ভারত ভাই ভাই,2,2,0,NoAg,0.32272235,0.24388456,0.16833878,0.058342136,0.20671223
blog 237.jpg,"তোমরা পাথর নিক্ষেপ করে নারীহত্যা করো আল্লাহ, নবী ও ইছলামের নামে",3,3,3,RAg,0.18479937,0.12604547,0.08528255,0.48411202,0.11976058
in 178.jpg,এমন ফ্রেম সম্ভব হলেও হতে পারে কিন্তু দূর্নীতিমুক্ত তৃণমূল কোনোদিনই সম্ভব নয়,2,2,1,GAg,0.2319245,0.27689612,0.1203431,0.17032325,0.20051305
fb 382.jpg,বিয়েবাড়িতে মেয়েরা বেশি খাওয়া যাবে না ডায়েটে আসি; যাদের বিয়ে তাদের সাথে ছবি তুলতে হবে হ্যা এত সেজেগুজে আর মেকাপ করে এসেছি ছবি তুলতে হবে খাওয়া দওয়া বাদ ছেলেরা ভাই প্রথমেই বসে যেতে হবে খেতে কোনো কথা নাই হ্যা ভাই তারপর দাঁড়়িয়ে মেয়ে দেখা যাবে,0,0,1,GAg,0.15539111,0.43258888,0.08050617,0.16103648,0.17047739
fb 1850.jpg,যত্ন নিলে মরা গাছেও ফুল ফুটে,1,1,1,GAg,0.07211104,0.7910317,0.023962582,0.0051387656,0.10775579
direct-offense (10).jpg,তিতলি কী পারবে ? আমাকে একটা গালফ্রেন্ড এনে দিতে ,4,4,1,GAg,0.16310923,0.3155536,0.19994932,0.12387115,0.19751665
in 213.jpg,পিসি সততার প্রতীক দূর্নীতি,2,2,3,RAg,0.13924263,0.21502046,0.12913299,0.38077807,0.13582592
fb 1712.jpg,মঙ্গল শোঙাযাত্রা করছেো? মঙ্গল তুমি রাখো ! শোভা'রে পাঠায় দাও আমার কাছে..,3,3,3,RAg,0.09687178,0.12541561,0.2935799,0.4182558,0.065876916
fb 2078.jpg,যে যেটা পছন্দ করে হেটারসরা বলবে আমি নাকি রোনাল্ডোকে ট্রোল করছি,4,4,3,RAg,0.25008726,0.12696959,0.088460594,0.40835857,0.12612401
bamboo-vaiya (11).jpg,আরে ভাই একটা দল ছিল যারা কিনা এবারের লিগ জেতার স্বপ্ন এখনও দেখে নাম বললে মান সম্মান থাকবে না তুমি আবার রিয়াল মাদ্রিদ সুদাও কেন ?,4,4,1,GAg,0.2267052,0.26048806,0.23685099,0.054403506,0.22155216
Halal Memes (14).jpg,*রিটেক *আমি *পাশ,4,4,4,Oth,0.29226926,0.124187484,0.25456536,0.029002689,0.29997516
fb 1609.jpg,মানব ধর্মের মানুষ গুলো দেখতে এমন,3,3,0,NoAg,0.429162,0.1854041,0.10789009,0.057746064,0.21979776
Halal Memes (227).jpg,প্রিন্সিপাল ম্যাডাম যখন আমাকে উনার অফিসে ডাকেন লে আমার বন্ধুরা:,0,0,0,NoAg,0.38407028,0.14021319,0.09320663,0.26711506,0.11539489
tangaila (182).jpg,ট্যুরে যাওয়ার প্লান করার সময় বন্ধুরা সহ ট্যুরের দিন আমি একা,0,0,0,NoAg,0.39173043,0.06477586,0.17794678,0.05385386,0.31169307
in 595.jpg,বলছি বিধিনিষেধ বড়দিনের আগেই চালু করতে হতো... তবে মদ বেচে এতো কোটি টাকা কোথা থেকে আসতো ? টাকা না এলে লক্ষীভাণ্ডার ভরবে কিসে?,2,2,0,NoAg,0.40115517,0.11149988,0.22187471,0.03412462,0.23134567
fb 1377.jpg,বামপন্থী আন্দোলনের ভিতরে থাকা দক্ষিণপন্থী মনোভাবাপন্ন লোকদের সমালোচনা করা বামপন্থীরা। কোনোরকম রাজনৈতিক জ্ঞান না থাকা মাথামোটা দক্ষিণপন্থী আইটি সেল কর্মী।,2,2,2,PAg,0.26070607,0.13994358,0.32652554,0.096455574,0.17636922
fb 1446.jpg,"সুইডেনে কোরআন পুড়িয়ে কট্ররপন্থিদের বিক্ষভ অনলাইন ডেস্ক । ২২ জানুয়ারি, ২০২৩ ১২:৩৯",3,3,1,GAg,0.27890146,0.28722873,0.06247064,0.28046992,0.09092915
fb 1262.jpg,ইসলামিক দেশের বই-মেলাতে ইসলামিক বই নিষিদ্ধ করে কি শান্তির ঘুম ঘুমাচ্ছে কু#ত্তার বাচ্চা গুলো,3,3,3,RAg,0.2657273,0.20878871,0.06409415,0.3564535,0.10493635
in 605.jpg,বর্ষসেরা ব্যবসায়ী (কয়লা /বালি) ভাইপো,2,2,2,PAg,0.13694157,0.17131016,0.3557296,0.11279788,0.22322078
bamboo-vaiya (16).jpg,-মনে করো আমি তোমার বন্ধু এখন বলো আমি কি খারাপ ? - না দোস্ত তুই একটা মাদারচোদ,4,4,0,NoAg,0.30611867,0.15618534,0.23035297,0.07132054,0.23602249
Halal Memes (317).jpg,সরকার যদি আপনার বাসার নিচে তেলের খনি পায় তাহলে সেটা সরকারের কিন্তু যদি গাঁজা পায় সেটা আপনার,0,0,0,NoAg,0.3901382,0.11060854,0.22664136,0.07835307,0.19425887
in 152.jpg,সামনে পঞ্চায়েত ভোট আসছে মাসিমা আমাকে চিনতে পারছেন তো? কেন চিনতে পারবো না! টিভিতে কতবার দেখেছি টাকার বান্ডিল নিতে,2,2,2,PAg,0.20174512,0.13538654,0.41289356,0.057567,0.1924078
fb 1771.jpg,আর্জেন্টিনাদের খেলার জন্য মাঠ প্রস্তুত,1,1,1,GAg,0.2569631,0.3810006,0.07489211,0.022216171,0.264928
Bangla Thug Life (378).jpg,গার্লফ্রেন্ড পেয়ে ফ্রেন্ডদের ভুলে যাওয়া ফ্রেন্ডের যখন ব্রেকাপ হয় ফ্রেন্ডরা: এটাও আল্লাহ তায়ালার একটা নিয়ামত,0,0,0,NoAg,0.32755846,0.15907991,0.20185116,0.14484154,0.16666892
bangla-troll (33).jpg,মেয়েটা আমাকে দেখে চোখ টিপ দিয়েছে ... নিশ্চয়ই তার চোখে সমস্যা আছে !,0,0,0,NoAg,0.27584267,0.13553141,0.2532229,0.07836288,0.25704008
fb 1961.jpg,কৃষি শিক্ষা ক্লাস করাচ্ছে স্যারে,1,1,0,NoAg,0.2978013,0.19664952,0.12895358,0.12268713,0.2539085
bamboo-vaiya (180).jpg,দুর্বল হওয়ার থেকে মাদারচোদ হওয়া উত্তম । -নুনুকাটা গ্রেজয়,4,4,0,NoAg,0.30775362,0.22086647,0.10194444,0.14101636,0.22841911
in 488.jpg,একটা যুবরাজ দেখান তো! সস্তার কিছু দেখান...,2,2,1,GAg,0.11647964,0.34454185,0.32298738,0.005420042,0.2105711
blog 161.jpg,-বেহেশতে গিয়ে পুণ্যবতী মুছলিম জেনানার প্রধান কাজ কী হবে? -তার স্বামীর ৭২ হুরের কাপড়চোপড় ধোওয়া ও ইস্ত্রি করার জন্য বুয়া লাগবে না!,3,3,0,NoAg,0.24650718,0.24108867,0.15733634,0.24517657,0.10989126
KAM (72).jpg,বাবা আমি সত্যি বলছি বাথরুমে ঐটা শ্যাম্পু পড়ে আছে হইছে আর মিথ্যা বলা লাগবে না তোমার ওই বয়সে থাকতে আমিও এইরকম অনেক শ্যাম্পু ফেলেছি,0,0,0,NoAg,0.612975,0.12201919,0.048579056,0.08317909,0.1332476
bamboo-vaiya (110).jpg,বিশ্বাসের ভাইরাস অভিজিৎ রায়,4,4,0,NoAg,0.30369958,0.19785368,0.2349135,0.01638787,0.24714528
tangaila (288).jpg,হ্যাপি নিউ ইয়ার জুমা মোবারক,3,3,0,NoAg,0.29766726,0.25870213,0.14116976,0.088120945,0.21433985
fb 460.jpg,যাকে ভালোবাসা যায় তাকে ময়লা কাপড় আর ছেড়া জামাতেও ভালোবাসা যায়!,0,0,0,NoAg,0.32587036,0.2695144,0.11703034,0.0958043,0.1917806
ovodro_img (436).jpg,আমি বাললায় গান গাই আমি বাললায় গান গাই আগে বাংলা টা ঠিক করে বল তারপর না হয় বাংলায় গান করিস,4,4,0,NoAg,0.38245642,0.23782487,0.1202979,0.02680934,0.23261152
fb 1330.jpg,বাবা বলেছেন আপনি নাকি আমাদের পার্সোনাল ডাটা চুরি করেন? উনি তোমার আসল বাবা নন,4,4,4,Oth,0.2547604,0.13486542,0.25977516,0.07905452,0.27154443
in 145.jpg,লোকটা কালীঘাটে শুধু জানতে গিয়েছিলো তৃণমূলের দলীয় প্রার্থীর নাম ঠিক করার ভোটও অবাধ; শান্তিপূর্ণ করার জন্য কেন্দ্রীয় বাহিনী মোতায়েন করতে হবে!?,2,2,4,Oth,0.23464215,0.21001765,0.16485964,0.1461071,0.24437344
blog 102.jpg,"অমুছলিম যুদ্ধবন্দী নারীদের লজ্জা দিতে ও অবমানিত করতে তাদেরকে ধর্ষণ করার অধিকার আল্যা মুছলিম পুরুষদের দিয়েছেন - সুয়াদ সালেহ (ইছলামী অধ্যাপক, আল-আজহার বিশ্ববিদ্যালয়)",3,3,0,NoAg,0.28617537,0.1697011,0.2045214,0.17553629,0.16406588
fb 66.jpg,সেই খুশির মুহূর্ত যখন দুই বন্ধু একসাথে ফেইল করি,0,0,0,NoAg,0.2696478,0.097942755,0.24190669,0.1450211,0.24548163
in 596.jpg,"আবার বিধিনিষেধ চালু হলো! খেটে খাওয়া মানুষ গুলো কোথায় যাবে!? বিধিনিষেধ আরোপ মানেই বাবুদের সাইড ইনকাম পথেঘাটে পেটিকেস, কালীঘাটে স্যুটকেস!",2,2,1,GAg,0.23881853,0.27118748,0.24033462,0.050119255,0.19954008
pin 24.jpg,শিক্ষা মন্ত্রী টুকে পাশ শিল্প টাইম পাস অর্থ মন্ত্রী দিচ্ছে বাঁশ ক্রীড়ামন্ত্রী কারাবাস নগর মন্ত্রী ঘুষ খাস কৃষি মন্ত্রী ফোর পাস বাকি গুলো দলদাস মুখ্য মন্ত্রী সর্বনাশ বঙ্গবাসীর লন্ডন বাস,2,2,3,RAg,0.21992943,0.19244593,0.13780488,0.23781502,0.21200475
fb 1766.jpg,বন্ধুর শালীর পমপম আমি,1,1,4,Oth,0.29452378,0.16763908,0.18788658,0.026472941,0.3234776
KAM (105).jpg,এক চুটকি সিন্দুর কি কিমাত তুম ক্যায়া জানো রামেশ বাবু আমি জনব কেমনে? আমি লাগাই নাকি?,0,0,4,Oth,0.2524074,0.29562405,0.13711068,0.009132521,0.3057253
blog 390.jpg,"নিজেরে যখনই আবাল মনে হবে তখন মনে কইরেন, আল্যার দুনিয়ায় আপনের চেয়ে বহুত গুণ বেশি আবাল আছে কোটি কোটি, যারা বিশ্বাস করে, একদিন সূর্য উঠবে পচ্চিম দিকে",3,3,3,RAg,0.19648886,0.13289657,0.10024088,0.44328842,0.12708528
fb 1677.jpg,মানলাম আমি হারাম । কিন্তু সৃষ্টিকর্তা কতবড় হারামি হলে আমার মত হারাম প্রাণীর সৃষ্টি করতে পারে?,3,3,3,RAg,0.18402639,0.1762074,0.13449547,0.38687268,0.11839811
Bangla Thug Life (66).jpg,ডাটা প্যাক না কিনেই যখন আপনি ব্রাউজিং শুরু করেন সিম কোম্পানি: আপনি:,0,0,0,NoAg,0.36340204,0.11601982,0.22542483,0.075053595,0.2200996
in 182.jpg,হু হু করে নাকি কমে যেত বয়স! বাদরের অন্ডুকোষ মানবদেহে প্রতিস্থাপন করে চমকে দেন চিকিৎসক এইটে আগে জানানো উচিং ছিল....,2,2,2,PAg,0.20870747,0.17913066,0.31654614,0.12612844,0.16948734
fb 539.jpg,শাহীন কী ন'টির পোলাকে ধরতে পারছিলো?,4,4,3,RAg,0.1405678,0.22039211,0.049141306,0.5368969,0.05300191
fb 1838.jpg,আরেকটু খাও বাবু । না খেয়ে দিনদিন শুকিয়ে যাচ্ছো যে ।,4,4,0,NoAg,0.27756852,0.24289337,0.24438074,0.059395168,0.17576216
in 377.jpg,"আডবাণীর নেতৃত্বে বিজেপি এসে উদ্ধার করে! দাবি শুভেন্দুর| সিঙ্গুর আন্দোলন কোনও আন্দোলনই ছিল না, দাবি শুভেন্দুর এইভাবে সব বলে দিলে দুজনের কারোরই লাভ হবেনা",2,2,2,PAg,0.16867657,0.15009919,0.38736734,0.15330091,0.14055592
fb 142.jpg,সেই প্যারাময় মুহূর্ত : যখন পিজ্জা খেতে গিয়ে কামড় পিজ্জাতে না লেগে নিজের হাতেই লাগে!,0,0,1,GAg,0.16047673,0.31012228,0.2673873,0.05920056,0.20281307
fb 1088.jpg,স্যার কোনভাবে দুই দলকেই হারিয়ে দেওয়া যায় না!,4,4,0,NoAg,0.26535723,0.1467258,0.2013827,0.14732881,0.2392054
in 28.jpg,ঘরের সব কাজ করার পর যখন বুঝতে পারি যে ঘরের সব কাজ আমি একাই করে ফেলেছি আম্মু আমাকে কি তোমার বুয়া মনে হয়? থাকমোনা আমি তোমার ঘরে আমি কোরিয়া আমার ইয়ের কাছে যামোগা,0,0,1,GAg,0.23544969,0.31555143,0.18096676,0.08876644,0.1792657
tangaila (108).jpg,তার হাজবেন্ড বিন্দুবাসিনীর মেয়ে,1,1,1,GAg,0.22703129,0.3055473,0.15132554,0.06684948,0.24924642
bamboo-vaiya (334).jpg,*৯ বছরের আমি *বিস্কুটের ক্রিম,1,1,1,GAg,0.24288388,0.40690872,0.12823452,0.032542165,0.18943074
fb 1128.jpg,"মাদখালী, সরকারপন্থী দেওবন্দী, তাদের জিহাদোফোব সমর্থকবৃন্দ। জিহাদিস্ট, ইসলামিস্ট মিলিটারি অর্গানাইজেশন, তাদের সমর্থকবৃন্দ।",3,3,4,Oth,0.19138134,0.09671471,0.28179136,0.048985984,0.3811266
in 471.jpg,"জামিন দিন, আমাকে বাঁচতে দিন! শুনানিতে কেঁদে ফেললেন পার্থ, ফের জেল হেফাজত চাইল ইডি আপনি একদম চাপ নেবেন না... পিসি ঠিক ভিতরে ভিতরে আপনার জামিন করে দেবেন",2,2,2,PAg,0.29086196,0.11934416,0.37443164,0.03558332,0.17977889
fb 1434.jpg,"কেবল হোঃ হোঃ হোঃ, কেষ্টদাসের পিসি- বেচত খালি কুমডো কচু হাঁসের ডিম আর তিসি।",2,2,2,PAg,0.08802875,0.14325061,0.5850587,0.030306615,0.15335537
fb 1482.jpg,কি দিন আইলো রে ভাই! হুজুররাও নাকি ইত্যাদি তেলেসমাতি জিনিসের নাম জানে!,3,3,0,NoAg,0.36154717,0.11246083,0.12756635,0.13558844,0.2628372
pin 19.jpg,"ভদ্রমহিলা ছাতা সারাতে গেছেন আপনার উপরের কাপড় খুলতে হবে; আর নিচে ডান্ডাও লাগাতে হবে| যা করার করো, শুধু মনে রেখো ভিতরে জল না পড়ে!",1,1,4,Oth,0.22902502,0.2205622,0.10335145,0.21749502,0.22956634
bangla-memes (50).jpg,বাজারের সবচেয়ে* কমদামী গরু *আমার আব্বু,0,0,0,NoAg,0.30658826,0.18009739,0.14283851,0.14869812,0.22177772
Halal Memes (245).jpg,নতুন শার্ট নিয়ে আসা বিদ্যমান । আম্মু: কত নিছে ? আমি: ফ্রী'তে পাইছি আম্মু । আম্মু: তাও ঠকছোস । আমি হইলে ফ্রী'তে দুইটা নিতাম লে আমি:,0,0,0,NoAg,0.25884685,0.23531206,0.16915911,0.15176812,0.18491389
blog 494.jpg,রিজিকের মালিক আল্লাহ,3,3,0,NoAg,0.28496286,0.18622047,0.08867655,0.24576442,0.1943757
KAM (415).jpg,বাথরুমে এতক্ষণ কি করছ? বিয়ে-শাদি দাও না বাথরুমে তো সময় লাগবেই,0,0,0,NoAg,0.32366806,0.2049968,0.13830577,0.029705726,0.30332366
blog 297.jpg,সজাগ হোন আল্লাহু আকবর ! ঘুমিয়ে থাকুন ইছলামের সমালোচনা করা হীনতা ।,3,3,3,RAg,0.07877656,0.061540645,0.026521798,0.7824043,0.050756734
blog 32.jpg,কুরান ৬:১১৫/১৮:২৭ কেউ আল্লার কথা বিকৃত করতে পারে না । তাইলে... মডারেটরা যে বলে জংগিরা কুরানের অর্থ বিকৃত করে জংগী হয়ে উঠে এইটা কার কুরান ?!,3,3,3,RAg,0.2748875,0.18739973,0.088252716,0.31507578,0.13438426
fb 1973.jpg,*একটা হট ছবি পাঠাও* বয়ফ্রেন্ডের জন্য বেস্টফ্রেন্ডের জন্য জাস্টফ্রেন্ডের জন্য,1,1,1,GAg,0.20428701,0.37675887,0.064848304,0.1780387,0.17606713
KAM (795).jpg,বিউটি পার্লারে যাওয়ার আগে: বিউটি পার্লার থেকে বের হওয়ার পর,4,4,4,Oth,0.24162893,0.1405953,0.19567294,0.1399432,0.2821596
KAM (92).png,আড়াই টাকার পারফর্মেন্স হাজার টাকার ফায়দা!,4,4,2,PAg,0.2203685,0.10292796,0.44217378,0.020886775,0.21364295
fb 601.jpg,"""আন্টি আপনার মেয়ের নাম ছোট করে রাখা উচিত ছিল। আমার বন্ধুর হাত কেটে লিখতে কষ্ট হয়""",4,4,1,GAg,0.24191463,0.26612604,0.24518377,0.05861498,0.18816051
in 314.jpg,তৃণমূল ভবনের দরজা সৎ লোকেদের জন্য দুর্নীতিগ্রস্তদের জন্য,2,2,0,NoAg,0.39183584,0.17928773,0.13979298,0.10867217,0.18041125
in 82.jpg,উচ্চতা সষ্পন্ন পঞ্জাবি পরিহিত চাপ দাড়ি রাখা ছেলে অস্তিত্ব রাখে *বাঙালি মেয়ে উফফ আমি এরকম ঘেমে যাচ্ছি কেন ? আমার মনটা এরকম দুর্বল হয়ে পড়ছে কেন,1,1,4,Oth,0.18787435,0.22893064,0.16881557,0.18153112,0.23284836
KAM (117).png,ক্লাসের সব চেয়ে ব্রিলিয়ান্ট স্টুডেন্টের পাশে পরীক্ষার হলে সিট পরছিল! কিন্তু শালা তার হাতের লেখা এত সুন্দর যে বুঝতেই পারি না!,0,0,0,NoAg,0.31974855,0.18356647,0.2205955,0.049541596,0.22654784
bamboo-vaiya (240).jpg,"জীবনে প্রথম প্রেমটা রিয়েল হয়, আর সেটা ও হয় এক বারোভাতারি মালের সাথে",1,1,1,GAg,0.07851981,0.7367582,0.046530787,0.011546128,0.12664509
bangla-gag (80).jpg,"আসলামুল হক আসলাম সংসদ সদস্য, ঢাকা-১৪ আসন মজা পাইলাম !",2,2,0,NoAg,0.2952319,0.19392642,0.20965955,0.08520454,0.21597753
ovodro_img (272).jpg,"সেদিন ঝাল লাগলো কেনরে আমার ওখানে ? হুহু , জানেও না আমার বাড়ী শ্রীলঙ্কা ঝাল তো লাগবেই",1,1,1,GAg,0.13526006,0.5473957,0.07530476,0.009174403,0.23286508
in 552.jpg,গত ৭০ বছরে কংগ্রেস দেশের জন্য কি করেছে? বলবো না। কেন? বললেই আপনি সেগুলো বিক্রি করে দেবেন!,2,2,2,PAg,0.17336723,0.1936277,0.22716942,0.22157836,0.18425734
fb 334.jpg,দোস্ত ভিতরে পরে গেছে! ! সমস্যা নাই! তুই চালিয়ে যা বয়ফ্রেন্ডের উপর দোষ চাপিয়ে দিবো!,1,1,1,GAg,0.23543799,0.2934703,0.08806419,0.23599073,0.14703685
Bangla Thug Life (246).jpg,কচি দেবর দেখা বিদ্যমান সাবিতা ভাবি বি লাইক:,1,1,0,NoAg,0.26773295,0.23628561,0.21321292,0.08768892,0.19507958
in 102.jpg,করোনায় আক্রান্ত 'টুম্পাসোনা',4,4,0,NoAg,0.4073081,0.1643795,0.10491198,0.07327554,0.2501249
fb 1721.jpg,তুমি কামের ফাঁদে পড়েছ তুমি রামের ফাঁদে পড়েছ,3,3,0,NoAg,0.34740782,0.14070384,0.09298063,0.24717203,0.17173563
blog 299.jpg,"পলিনেশিয়ান ঈশ্বর লোনোর কথা শুনলে আপনার হাসি পায়, ঠিক না? জানেন, আপনার ঈশ্বরের কথা শুনলে আমারও ঠিক একই অবস্থা হয় ।",3,3,3,RAg,0.20833004,0.13062339,0.06198237,0.53010887,0.068955235
ovodro_img (541).jpg,"কোম্পানিতে জয়েন করলে ১০,০০০ আর ছয়মাস এর পরের থেকেই ২০,০০০ হবে মাইনে ! তাহলে কবে থেকে জয়েন করবে ? ছয়মাস পরে থেকেই করব জয়েন",0,0,1,GAg,0.22002459,0.27687716,0.2628102,0.029200707,0.21108733
Halal Memes (56).jpg,*দোকানের বেগুনি *বাসার বেগুনি,0,0,0,NoAg,0.331234,0.15796958,0.25522786,0.06930578,0.18626274
fb 1661.jpg,"কৃষ্ণ এখন সখীদের নিয়ে ফষ্টিনষ্টিতে ব্যস্ত, আবাল ভক্তদের দিকে তাকানোর সময় নেই জন্মাষ্টমীর উৎসবে দুর্ঘটনা, কচুয়ায় পদপিষ্ট হয়ে মৃত ৬, খবর ফটাফট বৃষ্টিতে হুড়োহুড়ি, মৃত্যু",3,3,3,RAg,0.22189331,0.089133985,0.23374854,0.33095998,0.12426417
fb 108.jpg,তুমি যদি এই কাজটি করে থাকো তাহলে তোমার শৈশব অনেক জোশ ছিলো,0,0,3,RAg,0.26226076,0.22479893,0.087434135,0.34469447,0.08081166
fb 1124.jpg,ইংরেজি ভাষায় বাংলা ভাষা শহীদদের স্মরণ ব্র্যাক ইউনিভার্সিটির *ব্র্যাক ইউনিভার্সিটি এই শহরে আমার মত দেশ প্রেমিক আর একটাও নাই,4,4,2,PAg,0.11791983,0.1497599,0.3750454,0.20619957,0.15107526
fb 740.jpg,গাঁজার আগুনে পোড়ানো হলো প্রেমিকার লাশ গাঁজাখোর দের গার্লফ্রেন্ডঃ,4,4,0,NoAg,0.26313043,0.25156796,0.13372138,0.18669005,0.16489018
bangla-gag (6).png,"পড়াশুনা না করলে আমও যাবে, ছালাও যাবে ছালা দিয়ে কি করবো?",0,0,0,NoAg,0.33931604,0.118694305,0.19976382,0.07785554,0.26437026
in 105.jpg,ফেসবুকঃ আমি সব কিছু জানি গুগলঃআমার কাছে সব কিছু আছে ইন্টারনেটঃ আমি ছাড়া তোরা কিছুই না চার্জারঃ আওয়াজ নিচে *লে কারেন্টঃ,0,0,0,NoAg,0.32312897,0.13422374,0.23860544,0.097392604,0.20664926
ovodro_img (662).jpg,পারবো না হতে আমি রোমিও,0,0,1,GAg,0.2376103,0.2580212,0.22213793,0.07138642,0.21084417
chosha (118).jpg,যখন আমরা গালফ্রেন্ডের মুখে ললিপপ চুষতে দেই,1,1,1,GAg,0.22930296,0.36610258,0.040913284,0.20982914,0.15385206
in 460.jpg,বড়ো হয়ে তোমরা কি করবে? চায়ের স্টল ঘুগনির দোকান তেলেভাজা দোকান,2,2,2,PAg,0.12668218,0.056959175,0.45669174,0.044241037,0.3154259
in 519.jpg,এই যে মন্ত্রীসভায় রদবদল মনেহয় পরিবর্তন কিছু হবে? প্রথম ব্যাচের খাওয়া শেষ এবার দ্বিতীয় ব্যাচ খাবে,2,2,2,PAg,0.15369308,0.24467441,0.39668933,0.03371687,0.17122626
fb 404.jpg,তুমি তো আমারে টেনশন এ ফেলায় দিলে মিয়া,2,2,0,NoAg,0.2591218,0.16824926,0.19820063,0.18669893,0.18772934
direct-offense (49).jpg,বারোবাতারী সীমিত আকারে বারোবাতারী,1,1,1,GAg,0.23333684,0.25185803,0.21627624,0.050914165,0.24761468
in 161.jpg,আমি সোম বুধ শুক্র তৃণমূলে থাকি আর মঙ্গল বৃহ শনি বিজেপিতে থাকি রবিবার ছুটিতে থাকি,2,2,1,GAg,0.23642896,0.2594313,0.2525609,0.063705064,0.18787386
blog 236.jpg,এইখানে পষ্ট কইরা লেখা আছে: এই দুনিয়ায় চতুষ্পদ জন্তু আছে সর্বমোট ৮ প্রকার। (সুরা ৩৯:৬),3,3,3,RAg,0.13785589,0.10871945,0.16465868,0.45051938,0.13824652
ovodro_img (794).jpg,একজন ডাক্তার তার রোগীর সেবা করতে কোন ত্রুটি রাখে না,1,1,1,GAg,0.17183323,0.48975867,0.14659466,0.07170982,0.120103605
ovodro_img (656).jpg,গরমে সিদ্ধ হচ্ছিল বলে জামা খুলে ফেললেন একজন বং ক্রাশ,1,1,1,GAg,0.0807604,0.8210793,0.01077111,0.0073881033,0.08000098
fb 191.jpg,বন্ধুর সাইজ বন্ধুর বউয়ের সাইজ,1,1,1,GAg,0.17510992,0.48371467,0.13626385,0.019981727,0.18492982
in 216.jpg,বিদ্যুৎ দফতরের চাকরি থেকে সাসপেন্ড শান্তনু বন্দ্যোপাধ্যায় দুর্নীতি দূর করলেন মমতা ব্যানার্জী এবার বিদ্যুৎ-এর দাম কমবে...,2,2,2,PAg,0.19564232,0.14567815,0.3671443,0.062146697,0.22938862
fb 595.jpg,"বাতাস যাতে নষ্ট না হয়ে যায়, তাই ফ্রিতে কিছু চিপস ও দিয়ে দিছে দেখছি",4,4,0,NoAg,0.44253132,0.19188051,0.0841481,0.020204112,0.26123598
in 257.jpg,"তুমি আমাকে 'কয়লা ভাইপো' বলে ডাকলে আমার খুব কষ্ট হয় পিসি আমাকে 'গদ্দার' বললে আমারও কষ্ট হয় সামনে পঞ্চায়েত ভোট চাপ নিস না, হিন্দু মুসলিম খেলা খেলে এটাও পার করে দেবো",2,2,2,PAg,0.22018822,0.23411278,0.24051489,0.067223065,0.23796111
Bangla Thug Life (220).jpg,বাপের বাড়ি থেকে বউ ফিরে এসে স্বামীর সাথে প্রথম রাত্রিযাপনের পর *বউ,1,1,0,NoAg,0.33714998,0.25249735,0.08283745,0.040924206,0.28659102
fb 1435.jpg,অষ্ট প্রহর গাইত পিসি আওয়াজ করে মিহি; *এসব সিপিয়েমের চক্রান্ত* ম্যাও ম্যাও ম্যও বাকুম বাকুম ভৌ ভৌ চীহি,2,2,2,PAg,0.15939398,0.09020568,0.45831153,0.059159465,0.23292935
ovodro_img (373).jpg,বই মেলায় আমার লেখা বই পাওয়া যাচ্ছে !! কিনবেন সবাই । মরন হবে কত দিনে ??,2,2,1,GAg,0.15575154,0.44868636,0.163746,0.018676758,0.21313931
pin 39.jpg,দূর্বল সেতুর ওপর ভারী যানবাহন চলাচল নিষেধ করা হোক !,4,4,2,PAg,0.1973417,0.20687644,0.22685961,0.17773746,0.19118479
ovodro_img (707).jpg,তোদের বাবা কোথায় গিয়ে লুকিয়ে পড়ল ! আসছেই না তাড়াতাড়ি কর । তোমার বৌ আর ছেলে মেয়ে তোমার কথাই বলছে,1,1,1,GAg,0.10293863,0.66223365,0.06527009,0.019373953,0.1501836
fb 1406.jpg,"তারপর সে বললো; ""চীনা অ্যাপ ব্যান করে দিলে ভবিষ্যতে ভারতবর্ষ সস্তা এবং সহজলভ্য দেশীয় পণ্য তৈরি করতে পারবে""",2,2,3,RAg,0.1867059,0.19813034,0.1852756,0.24112074,0.18876746
Halal Memes (93).jpg,নাসির খান সীমিত আকারের নাসির খান,4,4,0,NoAg,0.34470144,0.1679567,0.19870041,0.08998987,0.19865157
tangaila (112).jpg,যখন ঈদে কেউ সেলামী না দেয় তখন আমি :,0,0,0,NoAg,0.40334588,0.14937939,0.19112639,0.06315518,0.19299307
Halal Memes (197).jpg,বার্ষিক পরীক্ষায় কম নাম্বার পেয়েও মা-বাবাকে বুঝিয়ে শুনিয়ে বেঁচে যাওয়া আমি পাশের বাসার আন্টি,0,0,0,NoAg,0.37415606,0.20926544,0.10338413,0.14773388,0.16546047
blog 328.jpg,"ইছলামের নবী সবাইরে সতর্ক কইরা দিয়া বলসে, পিচ্চি ইন্দুরও কিন্তু বাড়িতে আগুন ধরায়ে দিতে পারে। জেরির এমন ক্ষমতার কথা পইড়া টম... (সহি মুসলিম, বই ২৩, হাদিস ৪৯৯৪)",3,3,3,RAg,0.08669697,0.045673087,0.024544304,0.8180554,0.025030302
fb 1916.jpg,লু পোস্ত এভাবে কি দেখেন ভাই? ক্রাশ বলেছে 'তাকে পেতে হলে রান্না শিখতে হবে' তাই রান্না শিখছি,1,1,0,NoAg,0.340102,0.14630312,0.18226586,0.075163014,0.25616607
blog 331.jpg,"প্রার্থনার চূড়ান্ত মুহূর্তে আপনের চেহারা দেখলে মনে হয়, কোষ্ঠকাঠিন্য আক্রান্ত অবস্থায় আপনে টয়লেটে বইসা রইসেন।",3,3,1,GAg,0.17553838,0.37229067,0.13060158,0.11223759,0.20933187
ovodro_img (749).jpg,মোদিজি কাশ্মীরে আমাকে বাড়ি বানানোর জন্য ১০ কাঠা জায়গা দিয়ে দিন প্লিজ তুই ভারতে পার রাখলেই তোকে জুতোর মালা পরিয়ে পোঁদে মিসাইল বেধে পাকিস্তানে পাঠিয়ে দেব শালা,2,2,0,NoAg,0.30340225,0.2263241,0.156436,0.07844835,0.2353893
Bangla Thug Life (124).jpg,"যখন তুমি কিউট ইন্সটা কুইন হইতে যাইয়া ভাত পাও না, কিন্তু দুধ শো-অফ কইরা অনেক গুলা লাইক কামাই ফেলো",1,1,1,GAg,0.14494506,0.5429917,0.061639857,0.0611039,0.18931955
fb 1291.jpg,রেস্টুরেন্ট সামলাই ছাগলের চাহিদাও সামলাই,4,4,0,NoAg,0.26137337,0.25301814,0.12349599,0.17381737,0.18829511
fb 1621.jpg,নাস্তিকদের যুক্তি কোরআন মিথ্যা কারন কোরআন অসম্পূর্ণ কেনোনা কোরআনে আমার নাম নেই এবং আমার বাপ ১৪ গোষ্ঠীর নাম নেই তাই কোরআন মিথ্যা অসম্পূর্ণ,3,3,3,RAg,0.087997355,0.09710524,0.058806203,0.6626535,0.0934377
fb 1008.jpg,অর্থের পাহাড় করেছি কারণ অর্থ থাকলে গর্তের অভাব পরেনা!,1,1,1,GAg,0.24242559,0.25116426,0.08988831,0.18266559,0.23385626
in 333.jpg,দেখতে পাচ্চো বিনোদ দিদির ভুতেরা কেমন পাড়ায় পাড়ায় বাটাম খাচ্ছে...,2,2,2,PAg,0.29770544,0.09791817,0.3749165,0.04741938,0.18204045
ovodro_img (539).jpg,আমার এবার তিনজন ছেলেকে বিয়ে করা হবে এরম বারে বারে বিয়ে না করে আমাকে বলতে পারিস তো একসাথে কয়েকটা ছেলে পাঠিয়ে দিতাম,4,4,2,PAg,0.2784774,0.13350497,0.34580368,0.02021378,0.22200021
bamboo-vaiya (275).jpg,*১০০০ টাকা দাম বলা দোকানদার *৩০০ টাকা দাম বলা আমি* *৩০০ টাকায় রাজি হয়ে যাওয়া দোকানদার* *মজা করতে গিয়ে মাইনকা চিপায় পরা আমি*,0,0,2,PAg,0.21882065,0.14353356,0.36095715,0.03171877,0.2449699
blog 156.jpg,"অদৃশ্য ও কাল্পনিক কিছু সত্তার উপাসনা করতে গির্জা, মসজিদ, মন্দির, প্যাগোডা, সিনাগগ ও অন্যান্য উপাসনালয় নির্মাণের পেছনে ব্যয় করা হয়েছে ট্রিলিয়ন ট্রিলিয়ন ডলার... কল্পনা করে দেখুন, এই পরিমাণ অর্থ যদি ব্যয় করা হতো স্কুল, হাসপাতাল ও আশ্রয়স্থল নির্মাণের পেছনে...",3,3,3,RAg,0.13738334,0.0572483,0.06676638,0.6642574,0.074344575
KAM (194).png,সবাই জান্নাতে যেতে চায় কিন্তু কেউ মরতে চায় না !! তেমনি সবাই ভাল রেজাল্ট করতে চায় কিন্তু কেউ পড়তে চায় না !!,0,0,0,NoAg,0.42399278,0.21388406,0.098750144,0.0441578,0.21921524
tangaila (171).jpg,পোলা গেছিলো সখিপুর বিয়া করতে অতঃপর তার অবস্তা :-,0,0,0,NoAg,0.35356024,0.16757925,0.10546125,0.2200469,0.15335234
Halal Memes (293).jpg,ক্লাসে প্রেজেন্ট দিয়ে বেঞ্চে বসতে যাওয়া বন্ধু* *পিছন থেকে কলম খাঁড়া করে রাখা আমি,4,4,1,GAg,0.15879065,0.33004057,0.20999776,0.030650463,0.2705206
in 220.jpg,এবার নিয়োগ দুর্নীতিতে ধৃত কুন্তল ঘোষের স্ত্রীকে তলব ইডির কুন্তলেরও কি আমার মতো ফ্যামিলি প্যাকেজ??,2,2,2,PAg,0.2529791,0.09623044,0.36639667,0.07827132,0.20612243
blog 47.jpg,"কুকুর গাধা নারী ইছলামে এরা এক কাতারে নবীজি বলেছে, নামাজরত মানুষের সামনে দিয়ে কুকুর, গাধা বা নারী হেঁটে গেলে সেই নামাজ আল্যা গ্রহণ করে না । ( বুখারি খণ্ড ১, বই ৯, হাদিস ৪৯০)",3,3,3,RAg,0.26865825,0.14224522,0.037538555,0.46409342,0.08746463
ovodro_img (284).jpg,শুনলাম তুই নাকি প্রেম করছিস ? অত চিন্তা করিস না । ব্রেকআপ হলে পাড়ার ছেলেদের দিয়েই কাজ চালাব ।,1,1,0,NoAg,0.33790818,0.08517736,0.27907217,0.009248676,0.2885935
blog 136.jpg,"আল্যা যদি মানুষকে স্বাধীন ইচ্ছাশক্তি দিয়েই থাকে, তাহলে সবকিছুই আল্যার পরিকল্পনার অংশ হয় কীভাবে? আর সবকিছু যদি আল্যার পরিকল্পনার অংশই হয়ে থাকে, তাহলে মানুষের স্বাধীন ইচ্ছাশক্তি থাকে কীভাবে?",3,3,3,RAg,0.06097408,0.065707706,0.038393494,0.7825812,0.05234353
Halal Memes (45).jpg,ক্রাশকে চার পাচটা ম্যাসেজ দেওয়ার পর ক্রাশ যখন বিরক্ত হয়ে যায় এতো কম সহ্য শক্তি নিয়ে বেঁচে আছো কি করে,0,0,0,NoAg,0.38422522,0.17552954,0.15360656,0.14326249,0.14337611
pin 53.jpg,কেবলমাত্র আর একটা 'সেস' কেবলমাত্র আর একটা 'কড়ি নিন্দা' কেবলমাত্র আর একটা বিদেশ ভ্রমণ কেবলমাত্র আর একটা 'ডিচক্যাও',2,2,3,RAg,0.22776479,0.15610634,0.11983641,0.36413962,0.1321529
fb 1660.jpg,জীব্রিল ! উপ্রের দুইদল তো পরিচিত ! নীচের গুলান কারা ..? হুজুর এরা হলু নিরপেক্ষতার আড়ালে থাকা সুবিধাবাদিরা... এজিদ বাহিনী হোসেন বাহিনী বিশ্বের ছুন্নি এক হও শোহদায়ে কারবালার স্মরনে উজ্জীবিত হয়ে আমরাও শহীদ হইতে চাই !,3,3,3,RAg,0.00571951,0.0046163965,0.014855291,0.97026676,0.004542098
fb 1401.jpg,মৌলানা: হোমোসেক্সুয়ালিটি হারাম হোমোসেক্সুয়ালরা জাহান্নামের আগুনে পুড়বে। মৌলানা যখন সে মাদ্রাসার কোনো ছাত্রের সাথে কিছুক্ষণ একা থাকার সুযোগ পায়:-,3,3,1,GAg,0.19848627,0.26815173,0.14328246,0.24994375,0.1401358
fb 25.jpg,যখন তুমি পাশের বাসার আন্টির হারমোনিয়াম সংগীতের জ্বালায় ঘুমাতে পারো না,0,0,0,NoAg,0.269973,0.26738393,0.16623019,0.13888595,0.15752696
fb 2012.jpg,ইনি ৫-০ গোলে ম্যাচ জিতে ৫ আঙ্গুল দেখান আর ইনি ম্যাচ হেরে গিয়ে দম্ভ নিয়ে ইতিহাস টেনে আনে যা কিনা সে সাবেক ক্লাব গুলোর হয়ে জিতেছে,4,4,0,NoAg,0.30655813,0.17860606,0.18220904,0.09805994,0.2345668
Halal Memes (10).jpg,যৌতুক নেয়া নিষেধ' বলতে থাকা হেডস্যার: যৌতুকে পাওয়া মোটরসাইকেল নিয়ে স্কুলে আসা ক্লাসটিচার:,0,0,0,NoAg,0.6172349,0.1562707,0.04744753,0.037983444,0.14106342
in 393.jpg,"চপ ভেজে ও ঝালমুড়ি বিক্রি করে বিক্ষোভ প্রদর্শন গ্রুপ ডি চাকরিপ্রার্থীদের.... এরা চাকরিপ্রার্থী নয়, এরা সিপিমের এজেন্ট!",2,2,2,PAg,0.23743214,0.12773913,0.38180166,0.05928175,0.19374527
fb 2003.jpg,মহাবিশ্বের কিছু অপ্রয়োজনীয় জিনিস-,4,4,0,NoAg,0.2954753,0.11606197,0.20222501,0.19812444,0.1881133
Halal Memes (276).jpg,*আমি ব্যবহারিক খাতা ওকে নিয়ে আমি এখন কোথায় যাবো ?,0,0,1,GAg,0.16443679,0.41698942,0.20408309,0.07096945,0.14352128
fb 1135.jpg,সাধারণ মানুষের আদি পিতা মাতা শাহবাগীদের আদি পিতা মাতা,4,4,3,RAg,0.13974614,0.08650395,0.034661174,0.6483575,0.090731196
fb 1087.jpg,"শুনলাম প্রতিভার নামে নাকি এক পোলা নিজের পুরুষত্ব বিসর্জনে দিছে, হু কাকা এই পোলায়",4,4,4,Oth,0.25138104,0.13217664,0.23211716,0.021103235,0.36322194
fb 641.jpg,তার মন ছিলো একদম লোকাল বাস এর মতো যখন যার ইচ্ছা উঠে পড়ত,0,0,1,GAg,0.20883645,0.44378045,0.10773762,0.027806628,0.21183884
Bangla Thug Life (199).jpg,বিদেশ ফেরত স্বামী যখন পাঁচ বছর পর দেশে এসে স্ত্রীর সাথে প্রথম রাত্রিযাপনের পর স্ত্রী: পাছাডা ধ্বংস কইরা লাইছিরে ভাই,1,1,0,NoAg,0.3087546,0.29011095,0.13253261,0.054408632,0.21419314
fb 1795.jpg,কাচ্চি ভাই জর্দা রঙের নাম করে 'কৃত্রিম রং' খাওয়ায় দিবো* খাশির মাংসের নাম করে কুত্তা-বিলাই খাওয়ায় দিবো,4,4,0,NoAg,0.25791183,0.16341369,0.15569682,0.17699568,0.24598195
fb 718.jpg,প্রাইভেট না পড়ায় পিটিয়ে ছাত্রীর হাত ভাঙলেন শিক্ষক! প্রাইভেট না পড়া ছাত্রীগণঃ একি বিপদে পড়লাম!,0,0,0,NoAg,0.34599444,0.10955393,0.2258912,0.13477851,0.183782
fb 110.jpg,দুনিয়ায় দুই টাইপের পাবলিক আছে রেগুলার সকালে উঠা পাবলিক পার্ট-টাইম সকালে উঠা পাবলিক,0,0,3,RAg,0.10215175,0.041657485,0.022450047,0.7748399,0.05890085
fb 1230.jpg,সেকু নেতাদের মিলন কেন্দ্র ওস্তাদ! !! বায়ে চাপায়া যান সামনে কিছু অব্যবহৃত মগজ পইড়া আছে! চাক্কা লাগলে ক্ষতি হইতে পারে!,3,3,2,PAg,0.20726903,0.21508467,0.2208871,0.21769014,0.13906907
blog 384.jpg,"জগদীস বসু নাকি আবিষ্কার করসে গাছের প্রাণ আছে! অথচ তার ১০০০ বছর আগে ইছলামের নবী বইলা গেছে, গাছ কথা কইতে পারে গাছ প্রাণহীন হইলে সেইটা সম্ভব হইতো? (বুখারি, খণ্ড ৫, বই ৫৮, হাদিস ১৯৯)",3,3,3,RAg,0.08761919,0.042703528,0.02331802,0.82297647,0.023382833
in 632.jpg,ভালো করে জুম করে দেখুন নিন্দুকেরা বলবে উনি ক্যামেরার দিকে তাকিয়ে আছেন আসলে উনি লক্ষীট্যারা,2,2,0,NoAg,0.33911538,0.16611871,0.22321327,0.11392144,0.15763123
fb 1520.jpg,"ইসলাম শান্তির ধর্ম। সব ধর্মই শান্তির ধর্ম ভাই | চুপ ল্যাওড়া, বলছি ইসলাম শান্তির ধর্ম মানে শুধুমাত্র ইসলামই হলো শান্তির ধর্ম |",3,3,3,RAg,0.23182474,0.087489866,0.05559543,0.47386765,0.15122232
fb 927.jpg,ভার্সিটিতে শুধু চিল আর চিল !,0,0,3,RAg,0.2800566,0.07157886,0.06399181,0.36829704,0.21607575
blog 169.jpg,"""কোরান থেকে তথ্য উদ্ধৃত করে আপনি আমার যুক্তিকে কুপোকাত করেছেন"" গোঁড়া নাস্তিকেরা এ কথাটা স্বীকারই করতে চায় না!",3,3,3,RAg,0.22356912,0.20240568,0.06865401,0.38841406,0.11695713
fb 146.jpg,কলেজের এডমিশন এর রেসাল্ট দিবে বলছিল,0,0,0,NoAg,0.2901059,0.15733247,0.19764444,0.17020081,0.18471634
ovodro_img (398).jpg,দয়া পাতা লাগাও দিদির ধর্নায় বসার মূল উদ্দেশ্য কী ?? পিছনে ল্যাংটো মাগা লেলিয়ে দেব বোকাসোডা,2,2,4,Oth,0.31343958,0.19291933,0.14758268,0.010204624,0.3358538
fb 2070.jpg,"রিয়েল মাদ্রিদে জয়েন করবো ভাবছি ভাই, তাই একটু ওই আর কি হে হে ... হ্যাঁরে, আজ ওভাবে নাটক করলি কেন ?",4,4,4,Oth,0.15863352,0.2561301,0.21551432,0.10782458,0.26189747
blog 292.jpg,"এটা গঙ্গার জল, তা বুঝলাম কিন্তু এতে তো পয়ঃনিষ্কাশন আর নর্দমার ময়লাই দেখছি শুধু! পাপ কই?",3,3,3,RAg,0.12801184,0.16377735,0.07819373,0.53773105,0.09228604
fb 2013.jpg,এইবার বুঝলাম চেলসির এই অবস্থা কেন??,4,4,2,PAg,0.21131484,0.20653856,0.24004026,0.14480412,0.19730222
fb 1719.jpg,"মা আমি বড় হয়ে জ্ঞ্যানী এবং ধার্মিক হব না বাবা, দুটো একসাথে হওযা যায় না",3,3,3,RAg,0.14029741,0.19023225,0.060543757,0.512637,0.096289426
in 432.jpg,সৌরভ গাঙ্গূলির বিরুদ্ধে অন্যায় হয়েছে আর আমাদের সাথে ন্যায় হয়েছে!?,2,2,2,PAg,0.15318577,0.2964775,0.30169502,0.05009009,0.19855167
bangla-troll (8).jpg,"এর মালিক আম্মু, আমার ঘুম হারাম হওয়ার কারণ একমাত্র ওই হালা জুকার !",0,0,0,NoAg,0.31107616,0.23770693,0.17493907,0.053748358,0.22252946
fb 1938.jpg,ছেলে কি করে? ছেলে সারাদিন পমপম পমপম করে বাবা আমি রাজি,1,1,1,GAg,0.12834324,0.5195448,0.16128184,0.0139133185,0.17691696
in 327.jpg,আপনারা কারা? আমরা দিদির দূত দিদির ভূত? ভূত নয় দূত,2,2,2,PAg,0.1593672,0.07118566,0.4826698,0.035458848,0.25131845
Halal Memes (29).jpg,"শিক্ষক:- সবাই সবার হোমওয়ার্ক বের করো, আমি উত্তর বলতেছি সবাই মিলাইয়া নেও । ব্যাকবেঞ্চার:-",0,0,0,NoAg,0.38137615,0.14668687,0.12420273,0.17176872,0.1759655
direct-offense (17).jpg,তুই একটা বাইঞ্চোদের ছেলে তুই একটা খানকির ছেলে তুই একটা বারোভাতারির ছেলে তুই শ্রাবন্তির ছেলে ছিঃ ছিঃ এত বড় অপমান ,4,4,2,PAg,0.22044267,0.2224748,0.23535639,0.111902356,0.20982386
fb 745.jpg,বাথরুমে ঢুকে লাইট বন্ধ করে দিয়েছি কারণ আগেরবার আফ্রিকার জঙ্গল পরিষ্কার করার সময় বন্ধু ভিডিও করে আমাকে ব্লাকমেইল করছিলো,0,0,0,NoAg,0.29328254,0.21660227,0.13053316,0.21228519,0.1472969
ovodro_img (108).jpg,"চল মধু , আমরা ঠাকুর দেখতে যাব তোমরা যাও তাহলে এটাই ছিল তোমার প্লান ? হ্যাঁ, সুযোগ পেলে ওভারটাইমে ইনকাম করি লা এ হতে পালে লা",4,4,4,Oth,0.20248263,0.30438998,0.15404816,0.025246061,0.3138332
in 97.jpg,কাকলি ফার্নিচারের মালিকের ছেলে : এমন কোনো মিমার বাদ নেই যে আমার বাবার কোম্পানিকে প্রমোট করেনি,4,4,2,PAg,0.27282327,0.11482481,0.2798932,0.079895645,0.25256306
fb 202.jpg,ট্রেন টু বুসান ট্রেন টু মোহাম্মদপুর,4,4,0,NoAg,0.3153576,0.1669821,0.26475,0.030053006,0.22285727
tangaila (91).jpg,যখন আপনি মেহেদী লাগাতে চান কিন্তু মেহেদী আপনাকে উল্টো লাগিয়ে দেয়,1,1,1,GAg,0.1984309,0.5404129,0.04554649,0.07296552,0.14264408
blog 376.jpg,মুছলিম জঙ্গি আমার দোষ নাই। সে প্রথমে লিখসে।,3,3,3,RAg,0.12022006,0.1423616,0.052136846,0.61688644,0.06839507
ovodro_img (79).jpg,এশিয়া কাপে অংশগ্রহন করব । আসছি আমি ......,4,4,4,Oth,0.21600448,0.2660087,0.19319907,0.042708382,0.28207943
tangaila (325).jpg,বিন্দুবাসিনী গার্লস ছুটি দেওয়া বিদ্যমান লে ফাকবয় :-,1,1,4,Oth,0.23753728,0.15346596,0.18275435,0.08106229,0.3451801
fb 1706.jpg,ধুপ দুই প্রকার.... এক মশা মারার জন্য দুই ভগবান ডাকার জন্য পার্থক্য একটাই মশা যায়না আর ভগবান আসেনা,3,3,3,RAg,0.19541086,0.19797932,0.11490767,0.3701323,0.12156987
in 621.jpg,"অচেনা 'ঐক্য' বড়তলায়, থানার সামনে একসঙ্গে অবরোধে বিজেপি, সিপিএম, কংগ্রেস অবাধ ও শান্তিপূর্ণ ভোট হচ্ছে আর সিপেম, কংগ্রেস, বিজেপি জোট করে কুৎসা করছে... ওরে বোকাদাদা, ওটা অবাধ সন্ত্রাসপূর্ণ হবে...",2,2,2,PAg,0.159596,0.16911487,0.36357042,0.12921795,0.17850079
KAM (152).png,জমিদার সাহেব.... শুধু টাকা দিয়ে ফেসবুক চালানো যায় তা ঠিক না গ্রামিন ফোনে ফেসবুক ফ্রি !!!,0,0,0,NoAg,0.37637734,0.15783389,0.14262944,0.116259664,0.2068997
Bangla Thug Life (234).jpg,যে রাধে সেই পা কাধে তুলে দেয়,1,1,0,NoAg,0.28772947,0.26050267,0.215176,0.03247803,0.2041138
ovodro_img (461).jpg,"দিপিকাকে কিস করেছিস ? হ্যাঁ, আজকেও লিপ কিস করে এসেছি ! অতঃপর রনবীর কাপুর",4,4,2,PAg,0.18961832,0.26359844,0.2641508,0.051590875,0.2310416
fb 1583.jpg,আমি মিলিয়ন বছর ধরে বিবর্তন হয়ে আজকে মুক্তচিন্তা করে নাস্তিক্যধর্মের অনুসারী হয়েছি।,3,3,0,NoAg,0.4141251,0.15346755,0.06906671,0.20177376,0.16156676
fb 347.jpg,"তুমি কি আমার জন্য এখনও কবিতা লিখো? নাহ, চটি লিখি শুনবা?",1,1,4,Oth,0.27256784,0.18866831,0.20817582,0.03558307,0.295005
tangaila (274).jpg,পেনাল্টি রোনালদো তুই আর আমি তো একই,4,4,1,GAg,0.20121086,0.3317922,0.14854649,0.018101104,0.3003493
ovodro_img (139).jpg,"পাওলি আজ দিবি চাটতে ? হ্যাঁ, যেকোন সময় আয় খা*কি মা* বলিস নি কেন ? আজ তোর টেস্ট ম্যাচ চলছে !",1,1,1,GAg,0.16248804,0.33149496,0.20822386,0.017523995,0.2802691
fb 1021.jpg,মামা সামনে আমার এক্স উপর দিয়া তুইলা দেন আচ্ছা দশ টাকা বেশি দিয়েন ওস্তাদ উপর দিয়া দেন তুইলা,4,4,0,NoAg,0.3421119,0.24490605,0.07830868,0.20095667,0.13371676
chosha (67).jpg,জান বিয়ে করবা তো ... ? হ্যাঁ জান করবো তাহলে ভিতরে ফেলো,1,1,1,GAg,0.21862072,0.28873327,0.1961835,0.10592341,0.19053908
fb 1015.jpg,ভাই তুই একা না আমাদেরও বিটিএস হেটার মেয়ে ভাল লাগে,4,4,0,NoAg,0.6016405,0.11299789,0.029118735,0.015468671,0.24077414
KAM (389).jpg,"ছোটবেলায় আম্মু কপালে কালো টিপ দিয়ে দিত, যাতে কারো নজর না লাগে শালার টিপে এত কার্যকারিতা যে, বয়স এত হয়ে গেল তাও কোন মেয়ের নজরে পড়লাম না",0,0,0,NoAg,0.3464368,0.12088114,0.1875375,0.035682186,0.30946243
fb 1628.jpg,???? ???? যখন নাস্তিকদের কাছে ভালো আর খারাপের মানদন্ড কি জানতে চাওয়া হয়,3,3,2,PAg,0.22438626,0.13526994,0.40896308,0.06132116,0.17005959
ovodro_img (362).jpg,"যখন কাছে ব্লাউজ থাকে না আর ক্রাশ পাস দিয়ে যায়, তাই রোমাল দিয়ে ব্লাউজ বানিয়ে নেয় !!",1,1,1,GAg,0.19210327,0.56545424,0.053809363,0.01939851,0.16923465
fb 1018.jpg,সাইকোপ্যাথ সিরিয়াল কিলার যারা স্কুল / কলেজ গিয়ে টিকটক করে,4,4,0,NoAg,0.40991268,0.25149408,0.09302779,0.06946567,0.17609975
fb 1360.jpg,বিজেপি মুখপাত্র তাজিন্দর পাল বাগা:- যারা হিটলারের মতো আচরণ করবে; তাদের মৃত্যুও হিটলারের মতো হবে হিটলারকে আদর্শ হিসেবে মেনে চলা আরএসএস:-,2,2,0,NoAg,0.32144225,0.13209958,0.18330644,0.15714437,0.20600742
fb 373.jpg,কে আবার রটাচ্ছে যে এবার মহালয়া মোদির জন্মদিনের দিন পড়েছে বলে মা দুর্গা মহালয়ার এক মাস পরে আসবে বলেছে,2,2,0,NoAg,0.26570708,0.21036519,0.16781956,0.15996963,0.19613858
blog 269.jpg,"নবীজি বলসে, পৃথিবী আর বেহেশতের দূরত্ব ৭১, ৭২ অথবা ৭৩ বছর (সময় দিয়া দূরত্ব মাপা!)। আর সাত আসমানের উপ্রে আছে সমুদ্র, যেইটার গভীরতা দুই বেহেশতের ভিত্রের দূরত্বের সমান তারও উপ্রে আছে ৮ খান পাহাড়ি ছাগল, তাগো খুর আর পাছার দূরত্বও দুই বেহেশতের ভিত্রের দূরত্বের সমান। এবং তার উপ্রে আল্যা। (আবু দাউদ ৪০:৪৭০৫)",3,3,3,RAg,0.08715245,0.040520277,0.022499617,0.82774746,0.022080116
fb 1239.jpg,বন্যেরা বনে সুন্দর; শিশুরা মতৃক্রোড়ে আর মোদি তার চায়ের দোকানে,2,2,1,GAg,0.23992957,0.25251883,0.17166415,0.10550309,0.2303844
fb 1821.jpg,কি করছো সৎ ভাইয়া,1,1,1,GAg,0.11205623,0.6615624,0.06874286,0.019407984,0.13823067
in 473.jpg,"চালানি' মাছ খেলেই উঠছে লম্বা ঢেকুর, খাওয়ার পাতে দেশি মুরগি, টাটকা পোনার আবদার কেষ্টর জেলের খাবার খাচ্ছে না জামাইষষ্ঠী খাচ্ছে ধরতে পারবেন না",2,2,2,PAg,0.2997692,0.108658254,0.3500522,0.043141775,0.19837856
fb 1743.jpg,মিথিলার ব্লাউজের হুক লাগিয় দিচ্ছেন স্বপন তারপরই চলে গেলেন বাথরুমে...,1,1,0,NoAg,0.3520617,0.19807717,0.19439195,0.09474721,0.16072191
bamboo-vaiya (330).jpg,উচ্চবিত্ত মধ্যবিত্ত নিম্মবিত্ত সমকামি-বিত্ত,4,4,3,RAg,0.20291054,0.15162677,0.13843292,0.31543234,0.19159749
ovodro_img (759).jpg,হুমায়ন এর বাবার নাম বাবর হলে দাদুর নাম দাদার নয় কেন ? জটিল মাগি,1,1,1,GAg,0.17448914,0.27453128,0.19813918,0.20990597,0.14293446
fb 1632.jpg,নারীবাদে নারীর অধিকার ইসলামে নারীর অধিকার,1,1,2,PAg,0.18049978,0.18594311,0.24170391,0.20042513,0.19142804
blog 355.jpg,"নাতনি? না, আমার নয়া বিবি।",3,3,3,RAg,0.11948783,0.118853815,0.07782391,0.56696326,0.11687119
bamboo-vaiya (421).jpg,আমাদের সমাজকে এই শিক্ষা দিতে হবে যে আমি তোমার সাথে একমত নই তারমানে এই নয় আমি তোমাকে ঘৃণা করি,0,0,1,GAg,0.22896872,0.37928897,0.15504722,0.053193312,0.18350188
blog 321.jpg,ওইটা কী? গুনাহ।,3,3,3,RAg,0.030652437,0.066361554,0.025439061,0.85676444,0.020782487
blog 113.jpg,"একদিন গাছতলায় বিশ্রাম নেয়ার সময় ইছলামের নবীকে কামড়ে দিলো এক পিঁপড়ে । বাধা সৃষ্টিকারী ও অবাধ্য সমস্ত গোত্র-সম্প্রদায় নিশ্চিহ্ন করে দেয়ায় অভ্যস্ত ন্যায়বাদী, করুণার সাগর ও দয়াময় নবী তখন সেই পিঁপড়ের 'অপরাধের' শাস্তি হিসেবে সেই গাছতলার সমস্ত পিঁপড়ের বাসস্থানে আগুন জ্বালিয়ে দেয়ার আদেশ দিলো । (বুখারি, খণ্ড ৪, বই ৫৪, হাদিস ৫৩৬)",3,3,3,RAg,0.0850227,0.1374123,0.0800512,0.6310434,0.06647042
ovodro_img (635).jpg,যখন কোন মেয়েকে জিজ্ঞেস করা হয় পানু দ্যাখার পরে জল খসাস কীভাবে ?? মেয়টির উত্তর :- এইভাবে,1,1,0,NoAg,0.34685066,0.26075554,0.13801356,0.049134046,0.20524617
chosha (18).jpg,আমি তোমাকে ভালবাসি ভালোবাসা বলতে কিছুই নাই সবই পুক্কি মারার ধান্দা,1,1,1,GAg,0.30522797,0.36341566,0.075091965,0.02001844,0.23624597
blog 147.jpg,"ডাক্তার সাহেব, আমার শরীরটা ঠিক করে দিন, আমি আপনার সুস্বাস্থ্য কামনা জন্যে প্রার্থনা করবো ।",3,3,3,RAg,0.051635016,0.03177558,0.030137436,0.8730355,0.013416526
tangaila (241).jpg,বালুপাস দাড়িয়ে বালু খাচ্ছি বালুর সাথে বালুকন্যা ভেসে আসবে এই আশায়...,0,0,0,NoAg,0.26505268,0.14068307,0.216994,0.18019268,0.1970775
tangaila (216).jpg,বিসিএস ক্যাডার জামাই হাসানের বফ কুমুদিনী ফজিলাতুন্নেছার মেয়ে,1,1,0,NoAg,0.27836108,0.17875254,0.13478184,0.17285386,0.23525073
pin 23.jpg,"শুধু পিসি কবিতা লিখতে পারে আমি কি লিখতে পারি না ? #যদিও_লেখাটি_আমার_অনেক_দিনের_পুরোনো | পিসি গেছে মাছ ধরতে উথাল পাথাল নদী! ছিপ নিয়ে যায় আমফানে, মছ নিয়ে যায় মোদী",2,2,2,PAg,0.18380053,0.19708128,0.29763392,0.13341044,0.18807393
tangaila (278).jpg,কালিহাতি,0,0,0,NoAg,0.274243,0.14880703,0.19665603,0.12584823,0.25444573
fb 1379.jpg,ওহ; তুই মার্ক্স-লেনিনের নাম করে মেয়েদের শ্লীলতাহানি করিস? ঠিকাছে; এবার তাহলে দেওয়ালের দিকে মুখ করে দাঁড়া,2,2,0,NoAg,0.250487,0.19896238,0.11821945,0.19907638,0.23325478
nurani-memes (190).jpg,ঘূর্ণিঝড়* ফনি *ছাত্রলীগ,2,2,3,RAg,0.1597928,0.1573051,0.044595297,0.5466334,0.09167342
ovodro_img (137).jpg,যখন কোন মেয়ে দিনভোরে খাই খাই করে কিন্তু রোগা হওয়ার জন্য ডায়েটকন্ট্রোল করবে বলে ঠিক করে একবারে যতটা খায়,0,0,1,GAg,0.23981386,0.29672694,0.19567992,0.06957509,0.19820419
fb 1775.jpg,প্রতিটি ছেলের স্বপ্ন,1,1,1,GAg,0.20421115,0.40268221,0.14598773,0.06076071,0.18635824
fb 1693.jpg,যদি আমি একটা ছেলেকে কিস করি?? নরকে যাবি যদি আপনাকে কিস করি?? তাহলে .... হে হে হে... চালাক মেয়ে স্বর্গে যেতে চাস!,3,3,3,RAg,0.03376375,0.05878628,0.03947274,0.81097806,0.056999225
Bangla Thug Life (37).jpg,"যখন আমি কারো কল রিসিভ করে অন্য রুমের দিকে যাই, আম্মু:",0,0,0,NoAg,0.80642045,0.07779972,0.0060245306,0.059806924,0.049948413
in 25.jpg,আমার পরীক্ষার খাতা,0,0,3,RAg,0.18827827,0.21409982,0.114869736,0.3098628,0.17288932
Halal Memes (75).jpg,"আমরা পুরোনো হয়ে গেছি, না ?",0,0,1,GAg,0.2093966,0.47839782,0.095085986,0.041812204,0.17530744
tangaila (342).jpg,ভাসানী ভাসানী ভাসানী ভাসানী ভাসানী মাওলানা ভাসানী বিজ্ঞান ও প্রযুক্তি বিশ্ববিদ্যালয়,0,0,2,PAg,0.14895286,0.11958975,0.4169218,0.028839318,0.2856964
fb 285.jpg,"উফ লাগছে বললেই জদি ছেড়ে দিত, তাহলে দেশের জনসংখা এত বড়তো না",1,1,1,GAg,0.23089814,0.36568218,0.13774768,0.03342643,0.23224556
Halal Memes (122).jpg,গেমের মধ্যে মাইক অন করে উরাধুরা গালি দেওয়া আমি পাশের ঘরে থেকে আব্বু,0,0,0,NoAg,0.28930068,0.24961957,0.1505079,0.081555076,0.22901683
fb 1601.jpg,"কুকুর রে তোর মতামত নিয়ে তোর সাথে সেক্স করতে চাই, ওরে নাস্তিকের বাচ্চা, তোর মায়ের মতামত নিয়ে তার সাথে সেক্স করিস আমাকে ছেড়ে দে?",3,3,1,GAg,0.23003314,0.28610012,0.15492392,0.18410333,0.1448395
fb 1489.jpg,"- আসসালাম ওয়ালাইকুম, একটু দ্বীনের কথা... -নমস্কার!",3,3,0,NoAg,0.31911096,0.2806167,0.095711626,0.15466087,0.1498998
bangla-gag (14).jpg,রমজান মাসে ঈদ এর দিন,1,1,1,GAg,0.12380657,0.5538173,0.09242143,0.026909642,0.20304517
blog 83.jpg,"আল্যা সব পয়গম্বরকে সমান চোখে দেখে । (সুরা আন নিসা, ৪:১৫২) আল্যা সব পয়গম্বরকে সমান চোখে দেখে না । (সুরা বনী ইসরাঈল, ১৭:৫৫)",3,3,3,RAg,0.14695917,0.11049735,0.09268685,0.5035006,0.14635608
Halal Memes (315).jpg,নানু বেঁচে থাকা অবস্থায় নানু বাড়িতে কাটানো দিনগুলোর কথা মনে পড়ার পর আমি: কি মজাই না হইতো !,0,0,3,RAg,0.265444,0.17812605,0.11640829,0.32743382,0.112587884
in 585.jpg,নেতাজি সম্পর্কিত সমস্ত ফাইল প্রকাশ্যে আনা হবে' আশ্বাস প্রধানমন্ত্রীর । কবে ফাইল প্রকাশ করবে কিছু বললো? না! ২০১৪-এর আগে থেকেই এই ঢপ দিয়ে যাচ্ছে !,2,2,0,NoAg,0.31134683,0.21361414,0.17707561,0.11538528,0.18257807
fb 212.jpg,কাশিমপুর কারাগারে নেয়া হচ্ছে পরীমণিকে পাশা ভাই : আনন্দ,1,1,2,PAg,0.18469332,0.20636825,0.28024292,0.11191295,0.21678266
tangaila (250).jpg,টাংগাইলে আমার একটা প্রিয় জায়গা আছে টাংগাইলের কই কান্দাপাড়া চিনস ? সালা তুই আমারে চিনস ?,0,0,0,NoAg,0.3743364,0.20638354,0.13563994,0.056742877,0.22689725
in 272.jpg,একটা কবিতা বলতো ম্যাম আমি বলছি... কবিতার নাম 'ভাইপো' কয়লা খেলি গরু খেলি খেলি নদীর বালি ! নিজে খেলি বউকে দিলি বাদ গেল না শালী। দুষ্টু,2,2,2,PAg,0.12819393,0.327896,0.3279257,0.034241024,0.1817433
fb 1115.jpg,যারা স্টোরিতে টিকটক ভিডিও দেয়,4,4,1,GAg,0.24130984,0.31231534,0.11127345,0.08258335,0.25251806
fb 986.jpg,"ভেবেছিলাম সব শেষ কিন্তু আজ জানলাম ব্যাটিং, বোলিং, ফিল্ডিং কিছু না পারলেও বিডি জাতীয় দলে এ চান্স পাওয়া সম্ভব !",4,4,0,NoAg,0.48064908,0.24808198,0.040640388,0.020063728,0.21056479
fb 2007.jpg,রিয়াল মাদ্রিদ সমর্থকদের বর্তমান অবস্থা -,4,4,4,Oth,0.26220107,0.09782458,0.20125708,0.13784291,0.30087435
Bangla Thug Life (299).jpg,আমি: আম্মু ঈদের সালামি দিবা না ? আম্মু: ভাত খা ! চাইলাম কী ? কইলো কী :),0,0,0,NoAg,0.44593528,0.13938212,0.15760463,0.04512835,0.21194966
fb 139.jpg,ভাই বইন থামেন ! ঈদে রেস্টুরেন্টে না খাইয়া বাসায় আম্মার রান্না খাবার খান সব রেস্টুরেন্টেই এখন বাসি খাবার দিবে,0,0,0,NoAg,0.32842395,0.21425377,0.0634051,0.23687391,0.15704326
in 184.jpg,আপনি এতদিন কলকাতায় থেকে বাংলা কিছু শিখেছেন? বাংলাতে আমি শুধু দুটো ওয়ার্ডই বলতে পারি... চোর ট্রিনোমূল,2,2,2,PAg,0.1998736,0.18371363,0.28630823,0.052289803,0.27781475
bamboo-vaiya (3).jpg,বরিশাইল্যা গো উৎপত্তির ইতিহাস মেনশন হপে,4,4,3,RAg,0.16173652,0.086710885,0.103488274,0.5146251,0.13343929
fb 1642.jpg,"দুইজনের সম্মতিভে ভালবাসার মধুর সম্পর্ক হারাম ! হালাল হারাম ৯ টা বউ, ২ টা দাসি, পালিত পুত্রের স্ত্রী, পালিত কন্যা, শিশু বিবাহ আরাম!",3,3,3,RAg,0.1938493,0.1666345,0.08399239,0.42978773,0.12573607
fb 978.jpg,আমার ছেলে লিটন বাসায় খাবার খায় না; কিন্তু মাঠে বল খায়,4,4,4,Oth,0.23089209,0.238332,0.23057342,0.044529736,0.25567272
ovodro_img (731).jpg,কী হলো ? থেমে গেলে কেনো ? জল পড়ে গেছে গো !,1,1,1,GAg,0.0092500355,0.9458167,0.004133772,0.00041903547,0.04038053
fb 1735.jpg,"একটা আঙ্গুল, দুইটা আঙ্গুল, তিনটা আঙ্গুল, যে কোন একটা বেছে নাও!",1,1,1,GAg,0.15678057,0.4910784,0.09832444,0.09275089,0.16106576
chosha (51).jpg,"মামা ডায়েট কনডম থাকলে দেও ডায়েট কনডম কেন ? গালফ্রেন্ড ডায়েট করে তো, তাই বলছে কনডমে জেনো মিষ্টি না থাকে",1,1,0,NoAg,0.28079045,0.1937208,0.21436952,0.045316,0.26580322
fb 1034.jpg,হ্যা হ্যা আমিই সেই মেহেদি!! যে পরিমনিকে রিমান্ডেও লাগিয়েছে,4,4,0,NoAg,0.26247016,0.23462889,0.1987814,0.08470449,0.2194151
fb 561.jpg,ক্লাসে বাংলা রিডিং পরতে না পারা বন্ধুকে যখন দেখি বই মেলায় গিয়ে বই কিনতে! আমি : তুই তাইলে শিক্ষিত!,0,0,0,NoAg,0.32140157,0.29530263,0.10516203,0.038371,0.23976275
Halal Memes (302).jpg,স্কুলের টিচারকে যখন মা বাসায় টিউশনের জন্য রাখে আর স্যার বাসায় এসে দেখে নানা টেবিলে ভাত খায় লে স্যার* তোর নানা তাহলে মরে নাই?,0,0,0,NoAg,0.30515477,0.22591585,0.14158486,0.0874214,0.23992313
ovodro_img (182).jpg,বিরাট অনুষ্কাকে বিয়ে করল রনবীর ও দীপিকা কে বিয়ে করবে আর আমি শালা বিয়ে করা তো দুরের কথা এখনো একটা প্রেম করতেও পারলাম না,0,0,1,GAg,0.1633415,0.31871524,0.21414174,0.049874067,0.2539274
fb 1117.jpg,প্রধানমন্ত্রীর কুমড়ার বেগুনি নিয়ে পোষ্ট করার ০.০০১ সেকেন্ড পর-,2,2,3,RAg,0.29637504,0.12583333,0.07067126,0.4061452,0.10097511
KAM (337).jpg,ছেলেরা আমার জন্য পাগল সবাই আমার পিছনে পিছনে ঘুরে! কারণ বাজারে সস্তা পণ্যের চাহিদা বেশি!,1,1,1,GAg,0.20517953,0.49699184,0.075290576,0.010648892,0.21188909
fb 1312.jpg,*নিরলস সাহিত্যচর্চার জন্য বাংলা অ্যাকাডেমির পুরস্কার পেলেন মমতা বন্দ্যোপাধ্যায়*,2,2,1,GAg,0.113444485,0.46101156,0.22468586,0.025944838,0.17491326
fb 161.jpg,এসএসসি ফেইল করা নিব্বি রিকশাওয়ালা,1,1,0,NoAg,0.4224803,0.2574088,0.049686514,0.16514549,0.10527886
fb 1414.jpg,শুনলাম আপনাদের দেশের লোকেরা আমার দেশের জিনিসপত্র বয়কট করার কথা বলছে? ওরা তো আর জানেনা যে নিও লি বেড়াল পলিসির কারণে আমি আগেই আপনাদের দেশের কোম্পানিগুলোকে আমাদের দেশে ব্যবসা করার অনুমতি দিয়ে রেখেছি,2,2,2,PAg,0.2197719,0.1804749,0.24522687,0.11727981,0.23724656
chosha (47).jpg,প্রথম ছ্যাকা খাওয়া পর...! আমি: কেনো তুমি আই আই আই !,0,0,2,PAg,0.23915724,0.19475554,0.27355298,0.08720621,0.20532805
fb 305.jpg,আজকাল ট্রিট মানে ছেলেরা চুদা দেয় -মেয়েরা চুদা নেয়়,1,1,1,GAg,0.20230316,0.5079989,0.059485294,0.042664137,0.18754858
fb 1104.jpg,"চিন্তা নেই, আমি খুব ধীরে ধীরে করি",1,1,1,GAg,0.07853863,0.7850555,0.03678468,0.003909096,0.09571205
fb 4.jpg,আমি : দোস্ত আমিতো আলিশার উপর চরম ক্রাশ খাইছি কাউকে বলিস না কিন্তু! দোস্ত : সুপ্রিয় ভাই ও বোনেরা আমার! সবাই শুনেন!! রিফাত আলিশার উপর ক্রাশ খাইছে!!,0,0,0,NoAg,0.27422166,0.10547246,0.24006696,0.1327174,0.2475215
in 328.jpg,মনে হয় আমার কথা ভাবছে.... কালকে গ্রামে ঢুকে যদি বলি আমি দিদির দূত তাহাল আবার তাড়া করবে,2,2,1,GAg,0.10052112,0.63437504,0.10205377,0.029393872,0.1336562
tangaila (84).jpg,যারা একদিনে অনেক টাকা আয় করে যারা এই গরমে রাস্তার পাশে লেবুর শরবতের দোকান দিয়েছে,0,0,2,PAg,0.30836985,0.07849625,0.366427,0.062430356,0.18427655
bangla-memes (167).jpg,নির্বাচনী পোস্টার ঢাকা,0,0,1,GAg,0.1708479,0.4230832,0.18813568,0.03473768,0.18319562
Halal Memes (239).jpg,যখন জনগণকে চা ঢেলে দেওয়ার পর তারা সেই চা না খেয়ে উল্টা ট্রল করে আমি কিতার মধ্যে চা ঢালতাছি,4,4,4,Oth,0.2585278,0.089983195,0.21347828,0.05583225,0.38217854
in 307.jpg,"এখনও মনে করি অনুব্রত বীরভূমের বাঘ' , দলের জেলা সভাপতির পাশে দাঁড়িয়ে ফের ফিরহাদ-মন্তব্য 'অনুব্রত প্রভাবশালী নন', দাবি ফিরহাদের; দিলেন কেষ্ট-হীন পোস্টারের ব্যাখ্যাও",2,2,2,PAg,0.16728735,0.09713348,0.47909695,0.08195644,0.17452587
direct-offense (69).jpg,স্যার: কিরে পরিক্ষার খাতায় তোর আর তোর বন্ধুর উত্তর এক ক্যান ! আমি: স্যার প্রশ্নওতো এক ! * স্যার * আমি,0,0,0,NoAg,0.5341093,0.25100675,0.038540754,0.076511905,0.09983129
blog 85.jpg,"দোয়া-মোনাজাত বিশ্বাসসূচক নয়, বরং সংশয়সূচক কারণ সর্বজ্ঞ আল্যাহর বিচক্ষণতা ও তার ঐশী পরিকল্পনার প্রতি আপনার পূর্ণ আস্থা যদি থাকতো, আপনি কি তার সেই পরিকল্পনা পুনর্বিবেচনাপূর্বক পরিবর্তনের অনুরোধ করে দোয়া-মোনাজাত করতেন?",3,3,3,RAg,0.24405402,0.12186081,0.06106213,0.42142412,0.15159887
fb 42.jpg,এসএসসি রেজাল্টের ৩ বছর পর... এই পোলায় এসএসসি তে গোল্ডেন পাইছিলো! দেখছোস কেউ এখন আর বেইল দেয়না?,0,0,2,PAg,0.17017317,0.1855975,0.3522366,0.027452495,0.2645403
fb 1274.jpg,একজন বোকা লোক এক নারির পশ্চাতের গন্ধ এড়িয়ে যাবো কিন্তু একটি সুশীল লোক বলিবে আপনার পুটকিতে অনেক গন্ধ আপনার পুটকি মারতে চাই,1,1,1,GAg,0.12658548,0.31144673,0.2212392,0.050684556,0.2900441
in 66.jpg,মেহেদীর মা মেহেদী আজকে রাতে মেহেদী লাগাবো বলা মেয়েরা,1,1,0,NoAg,0.28343272,0.21764995,0.09766935,0.22100325,0.18024474
fb 1062.jpg,তুমি জানো আমি কে? আপনাকে জানার মায়েরে চু#,4,4,4,Oth,0.22569712,0.1446943,0.1395381,0.122565664,0.36750484
in 389.jpg,"এই সোনা জানো, বাবা গত সপ্তাহে লটারি জিতেছিল আবার এই সপ্তাহেও জিতেছে..... তোমার বাবা তৃণমূল করে? ঠিক ধরেছো, আমি তো তোমাকে বলিনি, তুমি কী করে জানলে!",2,2,3,RAg,0.09901915,0.15881227,0.14265153,0.5152872,0.08422987
chosha (91).jpg,বলতো সবাই দুয়ে (২) + দুয়ে (২) = কি হয় ? ম্যাডাম দুয়ে দুয়ে দুধ বেড় হয়,1,1,1,GAg,0.1409278,0.5638762,0.076560944,0.017946571,0.20068854
fb 1701.jpg,অবিশ্বাসীদের যেখানেই পাবে সেখানেই হত্যা করবে আল কুরান (২ : ১৯১) তোমার ধর্ম তোমার কাছে আমার ধর্ম আমার কাছে আল কুরান (১০৯ : ৬),3,3,4,Oth,0.24112862,0.059375282,0.101265065,0.29688174,0.30134937
fb 1553.jpg,"হকিং যখন বলেছিল, ব্ল্যাকহোলের মধ্যে তথ্য চিরতরে হারিয়ে যায় হকিং যখন বলেছিল, স্রষ্টা বলতে কেউ নেই",3,3,2,PAg,0.267241,0.107236736,0.27935213,0.091297865,0.2548723
bangla-gag (81).jpg,প্রিয়তমা পরী ছিল ডানা কাটা ছিল না ! তাই উড়ে চলে গেল পাত্তাই দিল না !!,0,0,0,NoAg,0.37717116,0.17526177,0.1454784,0.02983739,0.27225134
fb 62.jpg,আমার ডিএসএলআর আছে আমি বিরাট ফটোগ্রাফার তাইলে আমার কলম আছে আমি হুমায়ূন আহমেদ,4,4,3,RAg,0.22532345,0.178476,0.08051872,0.37868083,0.137001
blog 377.jpg,আল্যা পরম করুণাময় তিনি শুধু কাফিরহত্যার নির্দেশ দিয়েছেন,3,3,2,PAg,0.23890328,0.14854902,0.24679618,0.12242462,0.24332689
tangaila (173).jpg,কুমুদিনীর মেয়েরা বিয়ের আগে কুমুদিনীর মেয়েরা বিয়ের পরে,1,1,1,GAg,0.20843606,0.3536381,0.16304722,0.020833462,0.2540451
blog 322.jpg,একখান কামের কাম করসে টাইম ম্যাগাজিন। পোপের মাথায় ডেভিলের শিং বসাইয়া দিসে ।,3,3,2,PAg,0.2175271,0.11909457,0.3329305,0.1624524,0.16799538
fb 277.jpg,এইরকম একটা মেয়ে যদি আমার বেটার বউ হতো নাউজুবিল্লাহ,1,1,1,GAg,0.25728872,0.333324,0.112927824,0.0855143,0.21094517
in 532.jpg,মশাই ইডির তদন্ত দেখে আপনার কি মনে হচ্ছে?! ইডি নিজেও এখন কনফিউজড আগে বেআইনি সম্পত্তি খুঁজে বের করবে? নাকি বান্ধবী খুঁজে বের করবে!?,2,2,2,PAg,0.27040184,0.17648031,0.28055775,0.0669536,0.2056066
tangaila (300).jpg,আমার লুচু বন্ধু বেবিস্ট্যান্ডের দিকে রওনা দেওয়ার আগে - আজকে রেট কত কইরা ?,0,0,0,NoAg,0.35758585,0.22211054,0.12855105,0.0723866,0.21936594
fb 1796.jpg,"সব মন খারাপের একটাই সমাধান, এক প্লেট সুলতানি কাচ্চি । আজকে আমার মন ভালো নেই চলো কাচ্চি খাই",4,4,4,Oth,0.24825998,0.15970431,0.13238996,0.20986049,0.2497853
blog 432.jpg,হালা নাস্তিক আমগোর ধর্মরে ধ্বংস করার ধান্দা?,3,3,3,RAg,0.11631045,0.07332026,0.022916662,0.72233033,0.06512226
fb 1580.jpg,নাস্তিকীয় লজিক নারী পুরুষ আফ্রিকান ফর্সা কালো ধনী গরীব প্রতিবন্ধি নাস্তিক,3,3,3,RAg,0.21865232,0.113553606,0.0715497,0.44821194,0.1480325
bangla-memes (150).jpg,যখন পরীক্ষার রেসাল্ট ভালো হওয়ার পর মনে পড়ে যায় যে আসল রেসাল্ট দেওয়া হবে হাশরের ময়দানে:,0,0,0,NoAg,0.33886448,0.11842563,0.1936532,0.1170807,0.23197587
fb 16.jpg,বাসায় একা থাকলে যা করবো ভাবি আসলে যা করি,0,0,3,RAg,0.27361745,0.03662633,0.08333332,0.45334467,0.15307826
blog 397.jpg,তুমিও কি আমার মতোই বসন্তকালের অপেক্ষায় আছো? তা তো জানি না । আমার স্বামীকে জিজ্ঞেস করে নিতে হবে।,3,3,3,RAg,0.010442537,0.0050709466,0.0027824333,0.9775252,0.0041788598
KAM (103).jpg,কিরে জলিল কাল নাকি পাবলিক তোকে গন ধোলাই দিছে হুম... কি অপরাধ করলি আবার আর বলিসনা এক মাহিলার পায়ের নিছে আমার একটা ফটো পরছিল মাইর দিল কেন আমি শুধু কইছি আফা শাড়ী টা উপরে তুলেন ফটো তোলব তো...,4,4,1,GAg,0.1560313,0.391281,0.17095044,0.014061721,0.26767552
fb 944.jpg,তোর না বেগুনে এলার্জি? তাইলে প্রতি সপ্তাহে যে এত বেগুন কিনি সেগুলা কে খায়?,1,1,1,GAg,0.24494228,0.30787504,0.13995776,0.0064729815,0.30075192
in 217.jpg,"""সিপেম সব চাকরি খেয়ে নিচ্ছে' বলে কান্নাকাটি করা পিসি বিকাশরঞ্জন ভট্টাচার্য",2,2,0,NoAg,0.5063625,0.20630448,0.11090871,0.04500873,0.13141562
fb 837.jpg,চোখে ঘুম আসলে লুঙ্গিটাই কন্ট্রোল করতে পারি না আর তুমি বলতেছো তোমাকে আগলে রাখতে,0,0,1,GAg,0.26966655,0.36569285,0.06331765,0.10892133,0.19240166
ovodro_img (54).jpg,তোর নাম কী ? যস দেখ কান্ড যার শরীরে নাই কোন রস তার নাম আবার যস,4,4,2,PAg,0.20970263,0.12579776,0.40326592,0.019656347,0.24157734
in 71.jpg,আর্জেন্টিনার এবার কোপা জিতলে আমার দুইটা বিচি কেটে কুত্তা দিয়ে খাওয়াবো আর্জেন্টিনা জিতার পর কুত্তা: বিচি দুইটা দিলেন না স্যার?,4,4,2,PAg,0.23064388,0.19183648,0.24365874,0.16716127,0.16669966
Bangla Thug Life (201).jpg,নারীবাদ পিরিয়ডের পেইন এইসব নিয়া স্ট্যাটাস দেয়ার পর মেয়েদের মন জয় করা ফাকবয় বি লাইক: এ শহরে আমার মতো ক্রিমিনাল একটা ও নাই,1,1,0,NoAg,0.41855034,0.14513172,0.13764727,0.10195405,0.19671658
chosha (44).jpg,"ভাই আমি বিয়ের আগে কোনোদিনও বউয়ের সাথে সেক্স করিনি, তুই করছিলি ? মনে পড়ছেনা , তোর বউয়ের নাম বল হয়তো মনে পড়তে পারে",0,0,0,NoAg,0.300283,0.22276653,0.16107443,0.0581858,0.2576902
fb 679.jpg,উচ্চ মাধ্যমিক মাধ্যমিক,0,0,0,NoAg,0.28644097,0.24332067,0.21720085,0.047347978,0.20568962
fb 56.jpg,মেয়েরা যেভাবে ছবি তুলে,1,1,0,NoAg,0.30450645,0.15968579,0.1256364,0.22618178,0.18398955
tangaila (164).jpg,হাসানিয়ানদের বউ সৃষ্টিয়ানদের বউ,4,4,1,GAg,0.15081862,0.56488717,0.052948803,0.018756652,0.21258882
fb 470.jpg,খুবই ভাগ্যবান রুগী,1,1,1,GAg,0.16805717,0.52756006,0.14313798,0.032526884,0.12871791
ovodro_img (201).jpg,বল পাগলু পাদলু উচ্চারন তো মহানায়ক দেবের মত,4,4,0,NoAg,0.2983682,0.1880049,0.20054993,0.069618054,0.24345908
in 642.jpg,আজ লন্ডভন্ড দিবসের বর্ষপূর্তি,2,2,2,PAg,0.15544163,0.14105894,0.46408215,0.070662655,0.16875467
blog 326.jpg,ঈশ্বর সত্য। আপনি আমার কথা বিশ্বাস করছেন না? এই ইউটিউব লিংকটা দেখুন । এর অর্থ - সেই অতিলৌকিক সত্তার অস্তিত্বের প্রমাণ আছে ইউটিউবে?,3,3,3,RAg,0.16402856,0.1059039,0.05811016,0.56705374,0.10490365
fb 829.jpg,"বন্ধু আমার পদধূলি নিচ্ছে কারণ সে ও আমার মতো এলিয়েন; জাদুকর..."" এর ট্যাগ পেতে চায়",4,4,4,Oth,0.2744353,0.10188378,0.2050954,0.067418255,0.35116723
ovodro_img (692).jpg,ভালোবাসা খুজে পেয়েছি !,0,0,4,Oth,0.26517826,0.15517265,0.1697897,0.041803893,0.36805552
KAM (256).jpg,তামিমের রান্না করা নুডলস শ্রীলঙ্কা ০ রান স্কটল্যান্ড ৯৫ রান ইংল্যান্ড ২ রান,4,4,3,RAg,0.17595828,0.111821145,0.24011624,0.28966585,0.1824385
in 101.jpg,"দামে কম নরম বেশি... টেপে কম, ঠাপে বেশি.... জনি ফার্নিচার...",4,4,0,NoAg,0.28769365,0.20846726,0.15836059,0.19485253,0.15062596
Bangla Thug Life (17).jpg,যখন দেখি ক্লাস নাইন এর ছেলে আর ক্লাস ৭ এর মেয়ে একসাথে হাত ধরে হাটতেসে আমি: এই জীবনে কি করলাম ?,0,0,0,NoAg,0.36656305,0.15133733,0.19603437,0.09275496,0.19331029
KAM (46).jpg,"পোলাপাইনের রি-অ্যাকশন যখন ক্লাসের সবচেয়ে সুন্দরী মেয়েটি, ""ইন এ রিলেশনশীপ"" হয়ে যায়",0,0,4,Oth,0.25704995,0.050058775,0.216611,0.015560528,0.46071973
Bangla Thug Life (162).jpg,তরকারিতে লবণ বেশি হওয়ায় এগুলা গরু খায় নাকি বলে চিল্লাতে থাকা শাশুড়ী এ দিকে দুই প্লেট ভাত খেয়ে ফেলা তার ছেলে,0,0,0,NoAg,0.4503452,0.29968947,0.062246166,0.0632607,0.124458484
direct-offense (4).jpg,ও মাঠে খেলুক বা যেখানেই খেলুক না কেনো খেলুক তাহলে আজ না-হয় বাসাতেই হয়ে যাক?,4,4,1,GAg,0.19849893,0.38575333,0.18838984,0.033838175,0.19351973
tangaila (96).jpg,ফজিলাতুন্নেছা কুমুদিনী,1,1,1,GAg,0.0978378,0.6127759,0.10467635,0.010839335,0.17387065
fb 1327.jpg,অসংখ্য হিন্দুত্ববাদী ফাসিস্ত-কে সহ্য করার চেয়ে পুঁজিবাদী রাষ্ট্রকে একেবারে উচ্ছেদ করে দেওয়া ভালো,2,2,1,GAg,0.21995027,0.3136219,0.13157828,0.097407125,0.23744243
blog 49.jpg,মূর্তিপূজার অভিযোগে অভিযুক্ত মুসা নবীর অনুসারীদের আল্লাহ ক্ষমা করেছে (সুরা আল বাকারাহ; ২:৫২) মূর্তিপূজার অভিযোগে অভিযুক্ত মুসা নবীর অনুসারীদের আল্লাহ শাস্তি দিয়েছে (সুরা আল আরাফ; ৭:১৫২),3,3,3,RAg,0.0836123,0.08028072,0.058180816,0.66101485,0.11691125
fb 2069.jpg,চাঞ্চল্যকর তথ্য ডলার বিনিময়ে জয়ী অবশেষে রিয়াল মাদ্রিদে ।,4,4,2,PAg,0.23413958,0.07856315,0.36220813,0.08806697,0.23702213
ovodro_img (121).jpg,*পাগলাচোদা গালফ্রেন্ড বাড়ার মাথা বাড়া,1,1,1,GAg,0.17295034,0.43950617,0.12159362,0.034307748,0.23164213
KAM (178).png,আমাদের টিমে আছে ১১টা খেলোয়াড় !! আর ইন্ডিয়ান টিমে ১৪ টা খেলোয়াড়!! ১১ জন মাঠে খেলে আর ৩ জন সিদ্ধান্ত নিয়ে খেলে!,4,4,0,NoAg,0.39130592,0.1264594,0.2010067,0.018550538,0.2626774
in 339.jpg,আরে ও সাম্বা ঐ তিনু বিধায়কের ঘরে কতো টাকা পাওয়া গেছে? সর্দার... পুরো ১১ কোটি নগদ,2,2,0,NoAg,0.28380424,0.10065697,0.19666818,0.2542162,0.16465443
blog 312.jpg,বিশ্ব উষ্ণায়ণ হ্রাসে হিন্দুধর্মের উদ্যোগ,3,3,2,PAg,0.20285669,0.14313073,0.2753957,0.13333705,0.24527986
fb 1717.jpg,এইডা ইহুদি নাসারাগো কাজ দুষ্টু কোথাকার,3,3,1,GAg,0.26902598,0.30128232,0.17132841,0.035775583,0.22258776
fb 1281.jpg,১০০ টাকা ডোনেশন পেয়ে ২০ টাকা সাহায্য করার পর বিদ্যানন্দঃ বাকিডা আমারে দিয়া দিতে কইছে,4,4,2,PAg,0.18163587,0.09123803,0.4251125,0.08859634,0.21341725
fb 438.jpg,আমি বিমান পোকাসোদা,2,2,3,RAg,0.2136472,0.17555371,0.19083714,0.2339145,0.18604742
tangaila (134).jpg,জাস্টফ্রেন্ড গালফ্রেন্ড,0,0,0,NoAg,0.37952545,0.1637266,0.04624306,0.2508974,0.15960748
fb 807.jpg,বন্ধুর ১৪ই ফেব্রুয়ারীর পরিকল্পনা ওমিক্রন,0,0,0,NoAg,0.3944711,0.18504837,0.082560524,0.19602467,0.14189534
fb 1258.jpg,"পহেলা বৈশাখ বাঙালির সংস্কৃতি; যারা পহেলা বৈশাখ পালন করেনা, তারা খাঁটি বাঙালি নাহ পহেলা বৈশাখ মুসলমানদের জন্য নয় জ্ঞান বুদ্ধি হওয়ার পর থেকে কখনো পহেলা বৈশাখ নিয়ে লাফালাফি করি নাই",3,3,3,RAg,0.024954751,0.039607756,0.008652284,0.9147249,0.012060327
bamboo-vaiya (17).jpg,"আর চুপ থাকা যায় না দেশে নারী নির্যাতন বন্ধ করতেই হবে দেখুন, যৌতুকের টাকা দেওয়ার পর ও বার বার বলে বাপের বাড়ি থেকে টাকা আনতে আর না দেওয়াতে প্রতিদিন ঠিক এইভাবে মারধর করে, চরম প্রতিবাদ যানাই , মানবতা আজ কোথায় ??",1,1,2,PAg,0.22198792,0.2415867,0.26872495,0.124926925,0.14277357
tangaila (196).jpg,আমার সেরা দল হতে পারতাম যা এর আগে পৃথিবী দেখে নি,0,0,4,Oth,0.2228452,0.08450229,0.19071941,0.035453547,0.46647963
chosha (107).jpg,"আপনার মেয়েকে আমার ছেলে পছন্দ করেছে, তা আপনার মেয়ে কি পর্দাশীল ? অবশ্যই , মেয়ের ফেসবুক প্রোফাইল লক করা",1,1,4,Oth,0.2596193,0.2432866,0.19793598,0.02687692,0.27228123
fb 487.jpg,কিরে খনিকের পুতেরা? এখন বল আমি বেশি হট নাকি নোরা ফাতেহি বেশি হট?,4,4,0,NoAg,0.26416388,0.21105243,0.21734618,0.08288882,0.22454864
Bangla Thug Life (4).jpg,যখন ভল্লুক এসে পড়ে এবং আপনি এবং আপনার বেস্টফ্রেন্ড দুজনের কেউই জানেন না কিভাবে গাছে চড়তে হয়,0,0,4,Oth,0.24122383,0.25446564,0.18997563,0.01655967,0.29777515
fb 367.jpg,"গুজরাটে শিল্প আছে, নতুন শিল্প হচ্ছে, এগিয়ে বাংলায় নেই | বরঞ্চ গুজরাটি ভাষাটা জানা থাকলে বাঙালীদেরও গুজরাটে চাকরি পেতে সুবিধা হবে | বাংলা ভাষাটা আপাতত সাহিত্য চর্চার জন্যই ঠিক আছে দেশী গরুর মূত্র ঘটিত ব্যাপার বলে মনে হচ্ছে",4,4,3,RAg,0.18401949,0.1503525,0.14912507,0.40302542,0.113477506
fb 1361.jpg,এদিকে আয় তোর চিকিৎসা করবো,4,4,3,RAg,0.13905004,0.20553662,0.24271324,0.3093892,0.10331095
ovodro_img (289).jpg,"মিথ্যা বললি ক্যানো আমায়? বাথরুমে ওটা স্যাম্পু ছিল না ।। আপনি কী করে বুঝলেন যে , ওটা স্যাম্পু ছিল না ? ? মাথায় মেখেছিলাম কোন ফ্যানা হয়নি রে ঢ্যামনা ।",0,0,1,GAg,0.14995717,0.4850337,0.11351231,0.010056545,0.24144027
