image_name,Captions,Label,true_id,pred_id,pred_label,prob_NoAg,prob_GAg,prob_PAg,prob_RAg,prob_Oth
fb 554.jpg,ভালোই তো এতদিন ভুলে ছিলি,0,0,3,RAg,0.054132048,0.04967328,0.010175134,0.86253065,0.023488864
in 375.jpg,দুই বাসের রেষারেষিতে কুণাল ঘোষের গাড়িতে ধাক্কা! আমি খোজ নিয়েছি বাস ড্রাইভার দুটো সিপেম করে...,2,2,2,PAg,0.037066866,0.007833998,0.91290915,0.0068161488,0.035373893
in 137.jpg,চিন্তা করো না বাবা; আমি আসছি,2,2,0,NoAg,0.5724033,0.060450513,0.28441602,0.009340418,0.07338975
in 351.jpg,ক্ষুদ্র শিল্পে দেশে এক নম্বরে পশ্চিমবঙ্গ' সবই ওনার অনুপ্রেরণায়....,2,2,2,PAg,0.080926046,0.0043471116,0.6156958,0.004223714,0.29480743
Bangla Thug Life (350).jpg,সকালের মিষ্টি রোদে ছবি অন্যদের আমার,0,0,0,NoAg,0.25106263,0.2385426,0.12694554,0.1426768,0.24077241
KAM (19).jpg,অনেকদিন ঘুরতে যাওয়া হইনি চলো কথাও যায় নারায়াঙ্গঞ্জ খুব সুন্দর ... চলো যাই থাক তাহলে যাবো না,4,4,1,GAg,0.1835062,0.6894183,0.007184619,0.005909202,0.113981724
nurani-memes (131).jpg,"আম্মুঃ তোর বয়সের সবাই টিউশনি করায়া টাকা কামায় আর তুই এখনো বাপের উপরে চলস , লজ্জা করেনা ? আমিঃ লজ্জা ? হেইডাতেও প্রিজারভেটিভ দেওয়া আছে",0,0,0,NoAg,0.83979416,0.018950395,0.092668846,0.014949005,0.033637557
KAM (65).png,"এই ছেলে তোমরা কই ভাই-বোন? আমরা ২ ভাই, আমি আর আমার বড় ভাই কি করে তোমার বড় ভাই? জার্মানি করে! জব এর কথা জিজ্ঞেস করছি, ফুটবল টিম না!",0,0,4,Oth,0.18514167,0.07562244,0.28577968,0.008332506,0.4451237
KAM (121).jpg,"শরীরটা ভালো না... কেমন জানি লাগতেছে ! তাই মাথা ঘুরায়... বমি বমি ভাব, তেঁতুল খাইতে মন চায়.... তাইনা!",0,0,4,Oth,0.38254794,0.032563865,0.044250883,0.0023166905,0.53832066
bangla-troll (19).jpg,তুমার নাম কি ? অপূর্ব পইন্নির ঘরে পইন্নি রুপের প্রশংসা করস কেরে ?,4,4,4,Oth,0.078754134,0.15973113,0.24162248,0.0418436,0.47804874
fb 603.jpg,*২০২২ ২০২৩ সালে ভালো কিছু হবে আশায় আমি,0,0,3,RAg,0.2901035,0.12034145,0.07724354,0.4374849,0.074826635
ovodro_img (46).jpg,আমরা যাদের একসাথে দেখতে চাই কিন্তু যাদের একসাথে দেখতে পাই,4,4,0,NoAg,0.46469685,0.05760247,0.041219044,0.0026749987,0.43380663
Halal Memes (346).jpg,চিনছো আমারে ? চিনবা কেমনে! নতুন বন্ধু পাইলে পুরাতন বন্ধুর খোজ কে রাখে-,0,0,4,Oth,0.23127255,0.097647004,0.17557642,0.029416732,0.4660873
fb 1150.jpg,শাহবাগী পোশাকের স্বাধীনতা চাই। আমরা সবসময় পোশাক বিরোধী আন্দোলন করব। কিন্তু শীতকালে আন্দোলন করব না শীতকালে খুব ঠান্ডা লাগে।,4,4,0,NoAg,0.5825926,0.06727743,0.08559336,0.12203625,0.1425003
fb 709.jpg,আচ্ছা ভাই মোবাইলে তো এতদিন ক্লাস নিত তাইলে এখন ক্লাসে কেন মোবাইল নিতে দেয় না,0,0,1,GAg,0.22878608,0.31518847,0.1376416,0.07714602,0.24123786
fb 1280.jpg,"বিদ্যানন্দ পড়বো, খেলবো, শিখবো",4,4,1,GAg,0.03772901,0.5628932,0.24925017,0.10688559,0.043241996
blog 190.jpg,"নিজেরে যখনই আবাল মনে হবে তখন মনে কইরেন, এই দুনিয়া গিজগিজ করতেসে আপনের চাইতে বহুত গুণ বেশি আবালে, যারা এই যুগেও বিচিত্র সব ভগবানেশ্বরাল্যায় বিশ্বাস করে",3,3,3,RAg,0.0013304317,0.0011539216,0.00026931494,0.9970425,0.00020385881
in 21.jpg,আম্মুর থিওরি দুধ খেলে মানুষ ফর্সা হয়,0,0,0,NoAg,0.46782118,0.06327207,0.1336997,0.021717064,0.31348997
fb 1556.jpg,"যখন একজন নাস্তিক বলে, আমি প্রমাণ ছাড়া কিছুই বিশ্বাস করি না! কিন্তু সে বিবর্তনবাদে বিশ্বাস...",3,3,0,NoAg,0.51777506,0.015265728,0.032595824,0.42894092,0.00542256
fb 1871.jpg,জগ জাগি মগ মাগি,1,1,3,RAg,0.10105424,0.22340684,0.09888643,0.46666217,0.10999037
in 336.jpg,আমি দিদির দূত... গ্রামে ঢোকার পর *গ্রামবাসী,2,2,0,NoAg,0.63825685,0.0343018,0.13419402,0.0056369626,0.18761031
bamboo-vaiya (195).jpg,"যখন আপনি ঈদে দুই সেট জামা গিফট পান, এবং একটি পছন্দ হয় অপরটি হয় না",4,4,0,NoAg,0.8910795,0.0019837262,0.014308855,0.00022151136,0.092406504
fb 442.jpg,কি ব্যাপার অঞ্জন দা এত উদাস কেন? কতদিন দার্জিলিং যাই না। এই গরমে কলকাতায় থাকা যায়! চলো তোমায় দার্জিলিং ঘুরিয়ে আনি সত্যি নিয়ে যাবি আমাকে? আলবৎ কিন্তু গাড়িটা আমি চালাবো | বানসোদ দার্জিলিং যাওয়ার কথা বলছি কেওড়াতলা নয়!,4,4,2,PAg,0.0033939884,0.027986223,0.9130851,0.04380115,0.011733523
blog 173.jpg,"আমরা, নাস্তিকেরা, আপনের বিশ্বাস নিয়া রঙ্গ করি বইলা আপনের মন খারাপ হয়? কিন্তু কন তো, আপনের বিশ্বাস এমুন বিনুদুনী টাইপ হইলে সেইটা আমগো দোষ?",3,3,3,RAg,0.007675133,0.0068945196,0.0035731595,0.9786574,0.0031998039
chosha (126).jpg,এতো ভাব দেখায় কি লাভ ? দিনশেষে তো চোদা-ই খাওয়া লাগবে,1,1,1,GAg,0.11632887,0.4770125,0.13199204,0.24608973,0.02857685
fb 1411.jpg,তোর বয়ফ্রেন্ডের বাবা-মা তো আজ বিয়ের কথা বলতে আসবেন? হ্যাঁ। উনি তো আবার তৃণমূল করেন। আগেই বলে রাখছি; বিয়ের খরচ থেকে কাটমানি চাইলে কিন্তু আমি এই বিয়েতে মত দেবো না। এইরকম বোলো না মা। সব তৃণমূল নেতারা মোটেই কাটমানি চায় না। তুমি বরং বাড়ির চালের পাত্রটা লুকিয়ে রাখো।,2,2,1,GAg,0.004942351,0.93594205,0.03380032,0.003405089,0.021910185
pin 25.jpg,"বলতো, পশ্চিমবঙ্গের কোন সেতুটা সবচেয় সুরক্ষিত? কি রে বল! বল! পারলি না তো! দ্বিতীয় হুগলী সেতু; পিসি ওটা দিয়েই নবান্নযায়!",2,2,4,Oth,0.025402224,0.030659128,0.18016021,0.08980035,0.6739781
fb 290.jpg,লিকা তোমার দুই পায়ের মাঝখানে আমাকে একটু ঘুমাতে দিবা সকালে উঠে গোসল করে চলে যাব,1,1,1,GAg,0.05276763,0.8860088,0.023558883,0.018616548,0.019048112
fb 1897.jpg,মধু যখন তার বফ কে কাঁচকলা দেখিয়ে কোনো সরকারি চাকরিজীবীকে বিয়ে করে ফেলে! মধুর বফ মধুর বিয়েতে : আমার মধু বেশ্যা!,1,1,0,NoAg,0.79479164,0.055907413,0.06774233,0.018067202,0.063491344
direct-offense (81).jpg,যেরকম আমরা চোখে দেখি সেটা দেখার পর যেটা ভাবি,1,1,1,GAg,0.19199462,0.6834938,0.020504285,0.026856245,0.077151045
fb 1275.jpg,উনি কওমি মাদ্রাসার হুজুর তাড়াতাড়ি সালাম দিন নাহলে,3,3,3,RAg,0.1748446,0.043870308,0.015804343,0.73171437,0.033766307
Bangla Thug Life (35).jpg,পড়ালেখা ভালো রেজাল্ট আমি আমি পড়ালেখা ভালো রেজাল্ট,0,0,1,GAg,0.23047401,0.4026131,0.007786207,0.001203641,0.35792303
blog 283.jpg,কী যে রহমতের মাস রমজান! সারাটা মাস আমি দরিদ্র আর ক্ষধার্তদের প্রতি প্রকৃত সহমর্মিতা অনুভব করি।,3,3,3,RAg,0.00060674356,0.0007659405,0.0005981931,0.9979717,5.7356694e-05
KAM (791).jpg,আমি ফ্যান নিয়া আসছিলাম আমি টিউবলাইট লইয়া আইছি আমি কি তাহলে কারেন্টবিলের কাগজ লইয়া আমু?,4,4,4,Oth,0.21852879,0.090091474,0.18308747,0.031488474,0.4768038
in 554.jpg,"খড়ার পুরসভায় বিজেপির সমর্থনে তৃণমূলের চেয়ারম্যান! অস্বস্তিতে শাসক দল আমি তো কবেই বলেছি, ভারতীয় জনতা পার্টি মানেই তৃণমূল",2,2,2,PAg,0.00070622715,0.0011446539,0.99089897,0.006372952,0.0008771576
fb 1044.jpg,পিতা পুত্রের অঙ্কের ভুলের ফসল,4,4,4,Oth,0.18634199,0.11099469,0.077833354,0.025566489,0.5992635
fb 106.jpg,যখন তুমি ভিপিএন এর ব্যবসা করো আর সরকার ফেসবুক ও অন্য মেসেঞ্জারগুলা বন্ধ করে দেয়,0,0,4,Oth,0.28607705,0.08120676,0.0022653711,0.020773867,0.6096769
bamboo-vaiya (406).jpg,কিসে পড়েন ? ফার্মেসীতে কেন বাসায় পড়ার জায়গা নাই,0,0,0,NoAg,0.5224743,0.02541137,0.39086562,0.044104744,0.017144073
KAM (245).png,"বলোতো, বায়ুমণ্ডল কাকে বলে? মণ্ডল বাড়ির উপর দিয়ে যে বায়ু প্রবাহিত হয় তাকেই বায়ুমণ্ডল বলে।",0,0,2,PAg,0.02408575,0.2011751,0.47904962,0.20658195,0.08910757
KAM (101).png,"এইযে তুই বল, এবারের ফুটবল ওয়ার্ল্ডকাপ কোথায় অনুষ্ঠিত হবে? স্যার ওয়ার্ল্ডকাপ তো ওয়ার্ল্ডেই হবে, আর কই হবে?",0,0,0,NoAg,0.9477654,0.008555465,0.009994305,0.0033938887,0.030290943
in 509.jpg,"চাপে পড়ে এসেছি, দাদা, কিছু একটা করুন... সবই বুঝি... তবে বারবার এভাবে এসো না লোকে বুঝে যাবে!",2,2,1,GAg,0.26105177,0.2667253,0.19945736,0.17071658,0.102048926
fb 1992.jpg,প্রেম জেগেছে আমার মনে বলছি আমি তাই তোমায় আমি ভালবাসি তোমায় আমি চাই উঁরি উঁরি বাবা কি দারুণ,1,1,1,GAg,0.099470526,0.4197688,0.16958842,0.022565344,0.2886069
Halal Memes (252).jpg,সিরিয়ালে নায়িকা যখন শ্বাশুড়ির সাথে বিদ্রোহ করে * বাঙালি শ্বাশুড়ি কিন্তু যখন নিজের ছেলের বউ কোনো একটা ভুল করে,4,4,0,NoAg,0.35263625,0.12773028,0.0865121,0.16306317,0.27005818
fb 299.jpg,বাবু ব্যথা করছে না তো ? না সোনা একদম না... কিন্তু প্রথমবার তো ব্যথা করা উচিত! ও হ্যাঁ তাই তো!! আহ! আহ! আহ!,1,1,0,NoAg,0.33922413,0.2756936,0.109138876,0.1372048,0.13873862
blog 285.jpg,সব মুছলিম টেররিষ্ট নয়... প্রায় সব টেররিষ্টই মুছলিম ।,3,3,3,RAg,0.103115454,0.03547603,0.03131581,0.81527144,0.014821221
KAM (35).jpg,"হাতের লেখাটা একটু ভালো করো নইলে ভবিষ্যত জীবনে কষ্ট পাবে না, স্যার! আমি ঠিক করেছি ডাক্তার হব",0,0,0,NoAg,0.70475936,0.012177207,0.026640216,0.001297002,0.2551263
blog 179.jpg,"এ কথা খুবই সত্য যে, আমি এখন অহংবোধ থেকে মুক্ত। তাহলে লোক-দেখানো এই আলাদা ধরনের পোশাকের কি প্রয়োজন? যাতে অন্যেরা বুঝতে পারে, আমি অহংবোধ থেকে মুক্ত ।",3,3,3,RAg,0.057586636,0.031173555,0.009432492,0.8984373,0.003369985
in 505.jpg,লক্ষ লক্ষ টাকা আত্মসাতের অভিযোগ 'সরকারি চাকরি দেওয়ার টোপ দিয়ে লক্ষ লক্ষ টাকা গ্রাস' ! মারের মুখে তৃণমূলের নেত্রী দুয়ারে ক্যা লা নি চলছে...,2,2,2,PAg,0.002700048,0.012664379,0.9515298,0.0059051346,0.027200619
chosha (24).jpg,আজকে নাকি হাগ ডে আমার কি আমি তো প্রতিদিন হাগি,0,0,0,NoAg,0.97408706,0.006482732,0.0033638305,0.0002377954,0.015828487
fb 1470.jpg,যখন আপনি শয়তানের প্ররোচনায় ফেজবুক চালান কিন্তু আয়াতুল কুর্সি শেয়ার দিয়ে টাইমলাইনে রেখে দেন শয়তান:-,3,3,0,NoAg,0.3829406,0.07112953,0.27945754,0.16854703,0.09792521
in 560.jpg,উপনির্বাচনে খেলা হবে... বাবুলের প্রচারে বেআব্রু গোষ্ঠীদ্বন্দ্ব! তৃণমূলের কর্মিসভায় রক্তারক্তি,2,2,4,Oth,0.034075603,0.11219731,0.2807977,0.010172301,0.56275713
blog 341.jpg,বিজ্ঞানের মতে এর বয়স ১৮ মিলিয়ন বছর ধর্মগুলোর মতে এর বয়স ৬-১০ হাজার বছর দুটোই সত্য হতে পারে না,3,3,3,RAg,0.016509466,0.010775152,0.007234947,0.9635761,0.0019043675
fb 1859.jpg,"""আরেহ ভাইভাতে মুখ খুললেই পাশ""",1,1,4,Oth,0.12350152,0.09937365,0.1737135,0.04458655,0.5588248
fb 1665.jpg,"আজকের এই দিনে আঙ্গুলের ঈশারায় মতান্তরে তরবারি দিয়ে চাঁদকে দুই টুকরা করা হয়েছিল। বিশ্বাস না করলে তুই নাস্তিক। কিয়ামত আসন্ন এবং চন্দ্র দিখন্ডিত হয়েছে, তারা কোন নিদর্শন প্রত্যক্ষ করলেও বিমুখ হয়ে থাকে এবং বলে এতো চিরাচরিত জাদু! আজ ১৪ই যিলহজ্জ শরীফ চন্দ্র দ্বিখন্ডিত হওয়ার দিবস",3,3,3,RAg,0.0147392675,0.002379757,0.0020792142,0.9785994,0.002202427
blog 446.jpg,"আল্লা যা করে, সব ভালোর জন্যই করে... অসুখও আল্লা ভালোর জন্যই দেয়, তাই ডাক্তার-বদ্যি দেখিয়ে সুস্থ হওয়া স্পষ্ট কুফুরি! - থাবা বাবা",3,3,3,RAg,0.0045376443,0.008824584,0.006139994,0.97887623,0.0016214881
KAM (132).jpg,অনেকদিন পর বৃষ্টি হলো এতগুলো ভালো লাগছে কবে যে এই স্টেটাস দিবো?,0,0,1,GAg,0.2521063,0.42201295,0.007880242,0.002468983,0.31553164
fb 1408.jpg,চীনা অ্যাপ ভারতে ব্যবহার করা নিষিদ্ধ হলো; চীনের অর্থনীতি:-,2,2,0,NoAg,0.463259,0.03085968,0.06777883,0.2660539,0.17204855
fb 1152.jpg,শাহবাগ গার্লস স্কুল এন্ড কলেজ ছেলে হয়ে মেয়েদের স্কুলে কি? স্যার আমি দেখতে ছেলে হলেও মনে মনে মেয়ে,1,1,4,Oth,0.10146415,0.11062375,0.03717523,0.20468344,0.54605347
ovodro_img (470).jpg,যখন বৌদিরা দাদাদের কাছে কথায় হেরে যায় তখন বৌদিরা দাদাদেরকে যেভাবে আউট করে ! এটা বৌদিদের নৈতিক জয়,1,1,1,GAg,0.16865918,0.7929835,0.0013503717,0.0009984174,0.03600856
fb 1525.jpg,এটা আবার কি? এক বছর থেকে পড়ে থাকতে থাকতে জং পড়ে গেছে। গত কুরবানীর পর আর বাজানো হয় নি... পশু ! জবাই অমানবিক,3,3,3,RAg,0.060376614,0.042031083,0.0030207555,0.88191193,0.012659608
KAM (449).jpg,আজকে বাংলাদেশের সাথে ক্রিকেট খেলা সবাই ব্যাটিং পাবো!,4,4,0,NoAg,0.70170337,0.037352666,0.01747794,0.00351304,0.23995292
fb 1649.jpg,বিজ্ঞান কোনও তত্ত্ব ভুল প্রমাণ হলে স্বীকার করে ধর্ম নিজেকে সত্য প্রমাণ করতে হত্যা করে,3,3,0,NoAg,0.3130173,0.27174377,0.04379402,0.2596817,0.11176318
fb 1295.jpg,"ঘর সামলাই, রোকেয়ারেও সামলাই",4,4,4,Oth,0.1181036,0.014379625,0.039125293,0.003422988,0.8249685
ovodro_img (713).jpg,আপনি কী মহানায়ক হওয়ার যোগ্য ? এটা নির্ভর করে দর্ষকদের উপর... সবার মতামতের ভিত্তিতে ! আমার ফ্যানদের কাছে আমি ভগবান বুদ্ধিমান লোকেদের কাছে - আমি ঘাটালের ছাগল,4,4,4,Oth,0.058414638,0.06481073,0.32390204,0.014158389,0.5387142
KAM (115).jpg,"তোমার বেস্ট ফ্রেন্ড এর ওপর ইংরেজীতে একটি প্যারাগ্রাফ লিখো ম্যাডাম একটা প্রশ্ন, হারামি ইংলিশ কি??",0,0,4,Oth,0.28584617,0.08895037,0.06291459,0.007552494,0.5547363
tangaila (314).jpg,১৪-ই ফ্রেব্রুয়ারী প্ল্যান নিয়ে ভাবতেছি কি ভাবতাছোস হাওয়ার ভাবনা নিয়া গাড়িতে উঠছে,0,0,2,PAg,0.06395927,0.092389435,0.615851,0.13462697,0.093173325
fb 1114.jpg,আমি জুড়ে সব ক্রিঞ্জ কন্টেন্ট,4,4,4,Oth,0.09018694,0.04097538,0.3081935,0.028048577,0.5325956
fb 511.jpg,"*আব্বুর বানানো স্পেশাল, বাঙির শরবত; *রুহ আফজা, ট্যাং ও অন্যান্য শরবত...",0,0,3,RAg,0.22031912,0.050811313,0.10803348,0.5192933,0.10154282
tangaila (124).jpg,আমি পুলিশ লাইনের মেয়ে আমি* পুলিশ লাইনের মেয়ে*,1,1,2,PAg,0.114860155,0.09308514,0.70275193,0.057098646,0.032204114
in 306.jpg,তিনু নেতাদের 'ঘর ঘর কী কাহানি' মনে হয় আমার কথা ভাবছে! কুন্তলের টাকার গানমারা গেছে। যদি এবার আমার টাকার যায়!,2,2,1,GAg,0.15000421,0.30930826,0.22593965,0.11595145,0.19879648
in 92.jpg,চাইনা বেস্টু তুমি অন্য কারো হও আমি চাই সারা জীবন তুমি অবিবাহিত রও,0,0,4,Oth,0.22148137,0.2987939,0.068753235,0.024283675,0.38668776
KAM (164).jpg,ঘুমাতে যাওয়ার সময় যা বলে গুডনাইট সুইট ড্রিমস ডার্লিং দরজা জানালা ঠিকমত লাগিয়েছ তো ?,0,0,4,Oth,0.11904034,0.14376901,0.28753382,0.13692218,0.31273466
in 352.jpg,কোথায় টাকা রাখবেন কী ভাবে টাকা রাখলে ধনী হওয়া যায়? কী বলে জ্যোতিষশাস্ত্র? পিএম কেয়ার আছে তো!,2,2,2,PAg,0.029150177,0.013531431,0.73252237,0.012598089,0.21219797
fb 832.jpg,গার্জিয়ান বেতন দেয় নাই বলে স্যারকে ভুল-বাল বুঝানো আমি আর আমার বন্ধু এদিকে আমাদের গার্জিয়ানদের ফোন দিয়ে আগে থেকেই বেতন এর খবর জেনে রাখা স্যার,0,0,3,RAg,0.05921202,0.12960698,0.08163686,0.7208498,0.008694345
fb 676.jpg,ঈদের অনেক শপিং করেছেন দেখি হ্যা ভাই চাকরির প্রথম বেতন পাইছি তো তাই বাবা; মা; ভাই বোন সবার জন্য কাপড় কিনছি মাশআল্লাই...,0,0,1,GAg,0.25316587,0.36783925,0.011627752,0.019729666,0.3476374
fb 1974.jpg,ওয়াশ রুম শিক্ষক ও ছাত্রীদের ব্যাবহারের জন্য সাধারন মানুষ হর্ণি মানুষ,1,1,1,GAg,0.21689714,0.54786325,0.050007846,0.038024403,0.14720738
bangla-gag (10).jpg,কি মনে করসিলা দুই একটা ম্যাচ ভাল খেললে সব ম্যাচে ভাল খেলবো ?!,4,4,1,GAg,0.3497136,0.4737785,0.0077798385,0.0038106928,0.16491735
bangla-troll (5).jpg,গরম কালে আমরা শীত কালে আমরা,0,0,4,Oth,0.2335076,0.05496573,0.110215224,0.12063759,0.48067382
KAM (145).png,সবাই এখন যা করতেসে আর আমি এখন যা করতেসি,0,0,0,NoAg,0.4246231,0.26569757,0.018707812,0.037475,0.25349656
blog 73.jpg,"সুন্দর শাহ হুজুরের দোয়া শকুনের দোয়ায় গরু মরে না, কিন্তু হুজুরের দোয়ায়...",3,3,3,RAg,0.0874347,0.16421643,0.14784944,0.39307436,0.207425
in 446.jpg,মানিক ভট্টাচার্যর সাথে তৃণমূলের কোনো সম্পর্ক নেই !,2,2,2,PAg,0.09767766,0.19768006,0.49889392,0.069383085,0.13636525
blog 96.jpg,"আমি একজন মডারেট মুছলিম । আমি ঘৃণা, সহিংসতা বৈষম্যের বিরুদ্ধে । তবে আমার জীবনে আছে পথনির্দেশক এক কিতাব, যাতে ঘৃণা, সহিংসতা ও বৈষম্যের কথা আছে পদে পদে ।",3,3,3,RAg,0.0029274551,0.0048748893,0.0012001214,0.99079925,0.00019832856
fb 1141.jpg,সমকামীতা সেক্যুলারিজম ইসলাম বিদ্বেষ নারীবাদ নাস্তিক্যবাদ ইতিহাস বিকৃতি ট্রান্সজেন্ডার হিন্দুত্ববাদ প্রথম আলো তোমারা জেনে অবাক হবে যে সপ্তম শ্রেণীর বিজ্ঞান বই কপি করা হয়েছে প্রথম আলো একটু চালাক না হলে দুনিয়াতে টেকা মুশকিল।,4,4,3,RAg,0.05025609,0.10650755,0.33839914,0.40088233,0.103954904
ovodro_img (197).jpg,ঘরে বাবা ঢুকিয়ে দেব ! চন্দন নগরের মাল :- ওই যে মেয়েটা দেখতে পাচ্ছ ওরা আমার থেকেও বেশি ভয়ানক । ।,1,1,1,GAg,0.13957648,0.6724331,0.012614795,0.005376302,0.16999935
tangaila (323).jpg,যাই একটু এসপি পার্ক দিয়ে ঘুরে আসি দূর বাল যাইয়া কি হবে আমার তো কেউ নাই,0,0,0,NoAg,0.6795528,0.02516268,0.012844837,0.27070647,0.011733201
fb 685.jpg,রমজানের পর দায়িত্বে আসা শয়তান! রমজান মাসে শয়তান কে নিয়ে মিমস বানিয়ে মজা নেওয়া আমি!,0,0,1,GAg,0.19238219,0.58002514,0.03661176,0.022661759,0.1683192
fb 1252.jpg,রমদ্বানে অর্জিত তাক্কওয়া ঈদ উপলক্ষে 'অমুক' টিভির ৭দিনের বিশেষ আয়োজন রমদ্বানে অর্জিত তাক্কওয়া,3,3,3,RAg,0.048328724,0.007815325,0.036879655,0.89558387,0.011392419
blog 279.jpg,আহমেদের আছে তিনটি আপেল। দুটো সে দিলো মুহাম্মদ কে । এখন বিস্ফোরণের ব্যাসার্ধ নির্ণয় করো।,3,3,3,RAg,0.15632735,0.10367696,0.08195934,0.46384576,0.19419065
fb 1149.jpg,বাইরে বাইরে ছেলে ভিতরে ভিতরে মেয়ে,1,1,1,GAg,0.30452833,0.44292805,0.10191723,0.055451583,0.09517475
pin 30.jpg,"ভাঙলি তো ভাঙলি আর ১ টা বছর পর ভাঙতে পারলিনা?? ভোট টা হয়ে যেত, এখন লোকে ছিঃ ছিঃ করছে",2,2,2,PAg,0.034232646,0.1916329,0.44792262,0.21699986,0.109211974
blog 37.jpg,সন্ত্রাস ইছলামী দ্বীনের একটি অংশ ।,3,3,3,RAg,0.028942013,0.034321688,0.14471556,0.75080186,0.041218854
fb 1093.jpg,আমারে স্যার ডাকবা,4,4,4,Oth,0.13599366,0.06914929,0.044497196,0.011348822,0.73901105
fb 1488.jpg,*ভারতীয় মুসলমানরা গরু কুরবানি দিয়ে কুরবানি পালন করবে* উগ্রু হিন্দু:,3,3,0,NoAg,0.70751625,0.12860246,0.05072833,0.024349812,0.08880312
fb 2064.jpg,রেফারি ও রেফারি তুই অপরাধী রে,4,4,4,Oth,0.0915244,0.035666432,0.05505461,0.011176615,0.8065779
ovodro_img (240).jpg,"তার শরীরে চারটে টাট্টু আছে , হাতে গোল্ডেন ড্রাগন ও সামুরাই ওয়ারিওর, যেটা তাকে ভালো ভাগ্য এনে দিয়েছে ।",0,0,4,Oth,0.08152231,0.0008698309,0.049015112,0.0009833856,0.8676094
KAM (220).png,আমি এখন বিরাট কুলী,4,4,4,Oth,0.086820565,0.031808663,0.048522,0.008437165,0.8244116
KAM (98).png,কলোম্বিয়া কলাম বিয়া,0,0,4,Oth,0.036330074,0.005354586,0.005552461,0.013555543,0.9392073
fb 1824.jpg,-মেয়ে : ছেলেরা কি চায় ? -আমি : সুন্দর চরিত্র পরীর মতো চেহারা বড় দুধ আধুনিক মেয়ে,1,1,0,NoAg,0.40813366,0.32073185,0.046136435,0.024467336,0.20053071
fb 203.jpg,সাইজ কত ? ৭ অমি রাজি,1,1,0,NoAg,0.54119456,0.17255795,0.110801704,0.040262602,0.13518314
bamboo-vaiya (514).jpg,রোজ নিয়মিত পানি পান করে শরীর সুস্থ রাখায় আমাকে ধন্যবাদ দেয়া আমার কিডনি* আইফোন ১২ কেনার উদ্দেশ্যে নিয়মিতভাবে কিডনির পরিচর্যা করা আমি*,0,0,2,PAg,0.24210487,0.14476095,0.42743632,0.15032963,0.035368174
KAM (232).jpg,"কোনোদিন কোনো বন্ধুর সাথে ঝগড়া মারামারি করবি না, কেন বলতো ? কারণ বলা তো যায় না... পরীক্ষার হলে কার পেছনে সিট পড়বে !",0,0,0,NoAg,0.8917529,0.057003707,0.0067712544,0.0021871983,0.04228492
KAM (123).jpg,বৃষ্টি হয়না কেন? কি করা যায়... ম্যাডাম মেঘকে নাড়া দিয়ে দেখেন,2,2,0,NoAg,0.488683,0.066083595,0.21944794,0.023183955,0.20260146
fb 688.jpg,মেয়েটা নিশ্চই অনেক সুন্দর হবে !! এটা তো রাফসান,4,4,0,NoAg,0.50608456,0.04198244,0.2639182,0.018742727,0.16927212
in 537.jpg,"রাজ্যপাল নন, এ বার মুখ্যমন্ত্রীই বিশ্ববিদ্যালয়ের আচার্য, প্রস্তাবে সিলমোহর মমতা মন্ত্রিসভার সাম্মানিক ডিলিট এবার পেয়েই যাবো",2,2,2,PAg,0.109832995,0.02147259,0.68138367,0.06708285,0.1202279
fb 846.jpg,আরে সাবধানে মুকুট পড়া ফেসবুকে ওর নাম 'এঞ্জেল' সাদিয়া ছিলো,0,0,1,GAg,0.045764815,0.9410506,0.00037734106,0.0004471309,0.012360029
fb 1952.jpg,মেয়েটার কোমরে ব্যাথা তাই ব্যাম করাচ্ছে ডাক্তারে।,1,1,1,GAg,0.13386044,0.52885467,0.052939005,0.07183355,0.21251228
KAM (363).jpg,পড়া মুখস্ত করতে ৩০মিনিট লাগলেও সেটা ভুলতে ৩ সেকেণ্ড ই যথেষ্ট!,0,0,4,Oth,0.40507612,0.005293358,0.021476807,0.00038548798,0.5677683
fb 410.jpg,"অনুপম রায়---- ""এই স্টেশনের চত্বরে হারিয়ে গেছি শেষ ট্রেনে ঘরে ফিরবো না-না-না"" শেষ ট্রেন এর চালক--- চুদে চাটনি, বেকার খাটনি |",0,0,0,NoAg,0.86133826,0.006799086,0.05610327,0.049673457,0.02608584
chosha (117).jpg,গায়ে হলুদের সময় বিয়ের সময় শাশুড়ির সামনে শশুরের সামনে দেওরের সামনে ফুলশয্যার পর,1,1,1,GAg,0.04017179,0.94276005,0.0005362837,0.0004024898,0.016129352
in 253.jpg,তৃণমূলের সততা তৃণমূলের দুর্নীতি,2,2,1,GAg,0.28139147,0.52107483,0.045226097,0.050242785,0.10206474
blog 442.jpg,হারামির বাচ্চা আমাকে কোরবানি না দিয়ে তোর বাচ্চাকে কোরবানি করে দেখা তো তোর আল্লাহ প্রেম... তুই আর তোর খোদা জাহান্নামে যা... পরের ধনে পুদ্দারি... !!,3,3,3,RAg,0.04620661,0.024715638,0.0071642096,0.9104098,0.011503758
blog 112.jpg,"আল্যার কসম, আমি নিজে সাক্ষী ক্যান্সার-আক্রান্ত হওয়ার কয়েকটি ঘটনার, যেগুলোর পেছনে প্রত্যক্ষ কারণ ছিলো - সোশ্যাল মিডিয়াতে ছবি পোষ্ট করা । আল্যার কসম, আমি এসব নিজের চোখে দেখেছি, অনলাইনে ছবি প্রচার হবার কারণে শিশুরা ক্যান্সারে আক্রান্ত হয়েছে । - শেখ সা'দ আল-আতিক (চৌদি ইছলামবাজ)",3,3,3,RAg,0.0740419,0.065034375,0.044141933,0.74096084,0.075821
fb 1100.jpg,"নিজের গফ কে বন্ধুকে দিয়ে দিলাম কারন ""ভোগে নয় ত্যাগেই প্রকৃত সুখ""",1,1,0,NoAg,0.3961417,0.18467906,0.042828515,0.09756663,0.27878416
fb 1243.jpg,আমাকে কিছু বল্লে সমস্যা নেয় মাফ করে দিবো কিন্তু আমার ধর্ম আমার নবীকে নিয়ে কিছু বল্লে তোর অস্তিত্ব খতম করে ফেলবো,3,3,0,NoAg,0.36473212,0.23144588,0.020927986,0.066797346,0.31609672
in 30.jpg,নামাজ-রোজা নাই খালি ইফতার পার্টি অ্যারেঞ্জ করা,0,0,4,Oth,0.30656025,0.03653197,0.19116147,0.010478177,0.4552682
ovodro_img (38).jpg,"আমার বয়স আরো বেশি হলেও কী আমাকে বিয়ে করতি ? হ্যাঁ, কিন্তু বিয়ের পর কোনরকম দ্বিধাবোধ না করে মা বলে ডাকতাম ।",4,4,1,GAg,0.22295845,0.35787925,0.113777325,0.035028137,0.27035683
bamboo-vaiya (219).jpg,আজকে চান রাইত কালকে থকে গালি দিমু,4,4,0,NoAg,0.399526,0.073568314,0.20195912,0.030907294,0.29403925
fb 525.jpg,বর্তমানে বাংলাদেশ বিশ্বে ধান উৎপাদনে তৃতীয়: প্রধানমন্ত্রী কৃষিবিদ দিবস উপলক্ষে দেওয়া এক বাণীতে প্রধানমন্ত্রী শেখ হাসিনা বলেছেন বর্তমানে... ৭৫ টাকা কেজি চাল কিনে খাওয়া সাধারণ জনগণ :-,2,2,2,PAg,0.23420097,0.062384475,0.27760085,0.14945242,0.2763613
in 22.jpg,যখন আম্মু প্রথমবারের মতো স্কুলে রেখে চলে আসে *আম্মু আমারে বাসায় নিয়া চলো* *আমি এই বালের স্কুলে কোনোদিনও ক্লাস করবোনা*,0,0,1,GAg,0.2160608,0.68541396,0.033603646,0.020014891,0.04490675
bamboo-vaiya (167).jpg,যখন আপনার বন্ধুরা আপনার ক্রাশের সামনে আপনার নাম ধরে ডাকতে থাকে ভাই এগুলা বন্ধ করেন আল্লাহর ওয়াস্তে,0,0,0,NoAg,0.73085546,0.042657405,0.027617596,0.0052356534,0.19363384
KAM (230).png,মানুষ প্রেম করতেসে... আর আমি... তারা বিয়ে করতেসে... আর আমি... তাদের বাচ্চা হচ্ছে... আর আমি...,0,0,0,NoAg,0.45608017,0.15544519,0.07165927,0.012718429,0.30409697
bamboo-vaiya (166).jpg,আরে এই ছেলে তো অসম্ভব জ্ঞানী !,4,4,1,GAg,0.28015828,0.5300336,0.048899684,0.03587552,0.105032966
pin 12.jpg,হঠাৎ করে আমার ঠান্ডা হাতটা বন্ধুর গায়ে দেয়ার পর বন্ধু - বাবাগো!!,1,1,0,NoAg,0.8681995,0.043451786,0.023910161,0.021209331,0.043229207
fb 1471.jpg,বিরিয়ানির প্যাকেট* সাপ্তাহিক মুসল্লী*,3,3,3,RAg,0.115642615,0.029615004,0.14481616,0.70051134,0.009414901
fb 1864.jpg,সে : শুভ জন্মদিন!! আমি : ধন্যবাদ। আমার গিপ্ট কোথায়? সে :,1,1,1,GAg,0.2439761,0.5110803,0.0246701,0.03327582,0.1869976
in 481.jpg,"বাড়িতে নগদ ৮০ লক্ষ টাকা! সিবিআইয়ের জালে হালিশহর পুরসভা তৃণমূল চেয়ারম্যান স্যার, এবার কী বলবেন? অসম্ভব ধারাবাহিকতা বজায় রেখে খেলছে দলটা",2,2,2,PAg,0.0017675715,0.060710512,0.8977955,0.033012446,0.0067138765
fb 1050.jpg,হ্যাঁ ভাই আমিই সেই ডিম যাকে পরীমনির রিমান্ডে ব্যবহার করা হয়েছিলো,4,4,1,GAg,0.26220846,0.44693634,0.011459778,0.025098821,0.25429657
fb 621.jpg,তোর জন্য একটা মেয়ে দেখছি না না ভাই আমার ছেলে পছন্দ,1,1,4,Oth,0.22310846,0.0067239227,0.13349223,0.0005372603,0.6361382
KAM (52).jpg,"মামা ভাল্লাগসে এফবি থেকে পাওয়া ছবি মাননীয় রেল মন্ত্রী জনাব মুজিবুল হক ও তার স্ত্রী এইটা কি আমাগো ভাবি,নাকি চাচী,নাকি নানী হইবো",2,2,4,Oth,0.12874869,0.13151139,0.08745112,0.01894685,0.6333419
in 611.jpg,"একটা ওয়ার্ডে নির্দল প্রার্থী এগিয়ে ছিলেন... ফলে সেখানে দেড় ঘণ্টা ধরে বন্ধ গণনা, খোঁজ পাওয়া যাচ্ছে না ইভিএমের!!! মন্ত্রী ঘনিষ্ঠ এক মহিলা প্রার্থী একটি ওয়ার্ডে ৩৮ হাজার ভোটে জিতছেন!!! এসব কী চলছে মশাই!? গণতন্ত্রের অন্নপ্রাশন চলছে!",2,2,2,PAg,0.0013065274,0.013143583,0.9547486,0.027725885,0.0030754285
fb 2027.jpg,পৌনে এক ঘণ্টা ধরে শুধুমাত্র ক্যাচই প্র্যাক্টিস করলেন লিটন একটু চালাক না হইলে দুনিয়াতে টেকা খুব কঠিন,4,4,4,Oth,0.2174839,0.07937947,0.2676667,0.016957788,0.4185122
blog 468.jpg,"প্রমাণ তো নেই, তবু 'গড আছে' চিল্লাও গড যদি থেকে থাকে, আছে গডজিল্লাও",3,3,3,RAg,0.32667816,0.082204916,0.0766657,0.48880032,0.025650926
in 123.jpg,"শিক্ষক স্যার আপনি এটা ভুল বলেছেন হয়তো আসোলেই, থ্যাংকস ভুল ধরিয়ে দেওয়ার জন্য হুজুর হুজুর আপনার এই ফতুয়া ভুল ভন্ড, আমার চেয়ে বেশি ফতুয়া জানো?",3,3,3,RAg,0.040924873,0.04012016,0.030824203,0.85714096,0.030989803
fb 1557.jpg,কিয়ামতের দিন নাস্তিকরা যেভাবে স্টিফেন হকিংয়ের দিকে তাকাবে...,3,3,2,PAg,0.24539346,0.09141327,0.2794066,0.25194716,0.13183948
bamboo-vaiya (385).jpg,লক ডাউনের পরে বন্ধুদের সাথে ট্যুরে যাবার জন্য আবদার করা আমি আমার কলিজাটা কত্ত বড় সেটা ভাবতে থাকা আমার মা,0,0,0,NoAg,0.5335618,0.0856915,0.049082007,0.11762463,0.21404004
fb 278.jpg,তেমন কিছু না সৎ ভাবে অনলাইনে হাফ ইয়ার্লি পরিক্ষা দাওয়ার পর আমার ও আমার বন্ধুদের খাতা-,0,0,0,NoAg,0.7139556,0.03864526,0.09555064,0.008677228,0.14317136
fb 1799.jpg,আপা ইফতারে নতুন কি রেসিপি খাওয়াবেন ? ইফতারে তোদের আমি খাওয়াবো কাঠালের আমসত্ত্বা ।তাড়াতাড়ি মটিদে আমারে ।,4,4,4,Oth,0.16799746,0.15454404,0.10276397,0.009047661,0.5656469
in 586.jpg,"করোনা তাড়াতে হরিনাম সংকীর্তনে মাতলেন তৃণমূল প্রার্থী, দুর্গার দল ভালোই কাজ করছে ...",2,2,2,PAg,0.0031377554,0.025372364,0.9059526,0.040394112,0.025143147
fb 206.jpg,অর্থ থাকলে গর্তের অভাব হয় না গর্ত থাকলে অর্থের অভাব হয় না... হেডা থাকলে বেডার অভাব হয় না :3,1,1,3,RAg,0.0017098442,0.032990724,0.013785952,0.9483458,0.0031677117
fb 1303.jpg,বন্ধুটা ভালোই ছিল কিন্তু ১৪ই ফেব্রুয়ারি গফ নিয়ে ঘুরতে যাওয়ার প্ল্যান করছিল,4,4,1,GAg,0.28417915,0.355816,0.01589766,0.007431694,0.3366755
fb 1235.jpg,নিরীহ প্রাণীদের অবৈধভাবে হত্যা করার সময় পশুপ্রেমী কুরবানির সময় পশুপ্রেমী,4,4,3,RAg,0.08317473,0.20329669,0.15299828,0.50211513,0.058415137
fb 1208.jpg,বিয়ে করলেন 'লোকে কেন বিয়ে করে' জিজ্ঞাসা করা মালালা। তার আদর্শ মেনে বিয়ে না করে বুড়ি হয়ে যাওয়া নারীবাদী এটা দেখার পর,1,1,0,NoAg,0.61270547,0.08045018,0.10432041,0.034223214,0.16830075
blog 298.jpg,এইখানে পষ্ট কইরা লেখা আছে: আল্যার ছাড়পত্র ছাড়া মহাশূন্যে ভ্রমণ করা অসম্ভব। (সুরা ৫৫:৩৩),3,3,3,RAg,1.812353e-05,0.00012625667,9.336519e-06,0.99984574,5.246418e-07
bamboo-vaiya (7).jpg,একজন ভালো বয়ফ্রেন্ড সবসময় গালফ্রেন্ডের মুখে হাসি ফুটিয়ে রাখার চেষ্টা করে,1,1,1,GAg,0.27700529,0.31190997,0.0628867,0.07022011,0.27797788
in 48.jpg,ছোট ভাই নাচতাছে কারন দুপুরের খাবার পর তার দুই রোজা হয়ে গেছে,0,0,1,GAg,0.29887378,0.39750928,0.023395915,0.24797711,0.03224396
blog 93.jpg,ঈশ্বর না থাকলে আমরা তার নামে এমন মেগা-ব্যবসা এতো সফলতার সঙ্গে যুগ যুগ ধরে চালিয়ে যাচ্ছি কীভাবে?,3,3,3,RAg,0.00034733664,0.00042812238,0.00020171246,0.9990188,4.034951e-06
blog 439.jpg,কোরানের মতে মানবজাতির বংশবৃদ্ধি প্রথমে শুরু হয়েছিল একটি পরিবারে ইনসেষ্ট চর্চার মাধ্যমে দ্বিতীয়বারেও ভরসা ছিলো ইনসেষ্টই,3,3,3,RAg,0.0007049411,0.0019199483,0.0016342384,0.9957,4.091753e-05
direct-offense (48).jpg,উপরে সৌদি আর নিচে জার্মানি,1,1,2,PAg,0.10263691,0.15864891,0.3620641,0.15540454,0.22124553
fb 1078.jpg,চেয়ারে কলম রাখার পর যখন বন্ধু সেখানে বসে পড়ে তখন বন্ধুর অবস্থা*,4,4,0,NoAg,0.4817113,0.22954279,0.06886052,0.027377518,0.19250786
fb 1113.jpg,নির্বাচনী প্রচারণা* নির্বাচনে অংশগ্রহন করা প্রার্থী এলাকাবাসী,2,2,1,GAg,0.07188397,0.8385968,0.024872862,0.0192663,0.045379996
in 487.jpg,জেলে বসে খাসির মাংস খেলেন অনুব্রত!,2,2,2,PAg,0.039690766,0.26581344,0.48043883,0.058436204,0.15562072
fb 728.jpg,"হ্যলো বাবু, একটু তারাতাড়ি ইফতারি করে নিও নাইলে তোমার কষ্ট হবে",0,0,4,Oth,0.2248521,0.008612538,0.2903585,0.024770433,0.45140642
fb 955.jpg,সকাল বিকাল রাত্রি বেলা জেসমিন আপার দরজা খোলা,1,1,0,NoAg,0.46709985,0.10570468,0.16518858,0.036779236,0.22522761
fb 868.jpg,দোস্ত আজকের কনসার্ট কিন্তু অনেক জমজমাট হইছে হ্যা বন্ধু আতশবাজিগুলা অনেক সুন্দর সারাবছরের গ্লানি ভুলে গেলাম এখানে এসে,0,0,1,GAg,0.28384557,0.39575797,0.018336913,0.009898456,0.29216102
pin 13.jpg,বাবা খায় ধার করে বিড়ি মেয়ে বলে আমি ডানা কাটা পরি এ কেমন মেয়ে,1,1,1,GAg,0.2721242,0.36013553,0.097163185,0.1014974,0.16907972
in 640.jpg,"""ত্রিপুরায় গণতন্ত্রের হত্যা হয়েছে। বিপ্লব দেব সরকার মানুষের অধিকার সুরক্ষা দিতে ব্যর্থ।"" তোপ ফিরহাদ হাকিমের... পশ্চিমবঙ্গে পঞ্চায়েত ভোটে তো গণতন্ত্র পাগলু ডান্স করছিল!",2,2,2,PAg,0.016550027,0.04450679,0.79083645,0.12543008,0.02267658
fb 1170.jpg,ছিঃ! আমি তো পা*খানায় পা দিয়ে ফেললাম,4,4,0,NoAg,0.3532122,0.15744607,0.09769267,0.07752454,0.3141244
fb 1253.jpg,বেশি করে ঘাস খেয়ে নিচ্ছি কারণ; তারাবীর নামাজ ৮ রাকাত নাকি ২০ রাকাত সেটা নিয়ে তর্ক করতে হবে !,3,3,3,RAg,0.029228797,0.0023031703,0.00061307685,0.94544697,0.022407943
bangla-troll (10).jpg,"কিরে মামুর বেটা, তুই নাকি প্রেমে পড়লি ? ওরে ফইন্নি, প্রেমে পড়মু ক্যারে ? আমি তো মাত্র কলেজে পড়ি !",0,0,4,Oth,0.20064424,0.05136611,0.07757699,0.004935729,0.6654769
fb 266.jpg,এখন না লকডাউন তুই বাইরে কি? স্যার বইমেলায় যাই,2,2,2,PAg,0.13166219,0.08644781,0.69210964,0.059360422,0.030419922
nurani-memes (203).jpg,রিক্সা চালক *ব্যাটারি ওয়ালা রিক্সাচালক আমারে স্যার ডাকবা,0,0,4,Oth,0.13964827,0.11284707,0.10359373,0.03578685,0.6081241
fb 648.jpg,২০ টাকায় এক হাজার ফলোয়ার বিক্রি করার পর! ফলোয়ার ব্যবসায়ী:,4,4,0,NoAg,0.91887194,0.03233021,0.02475172,0.0021079283,0.02193822
fb 1505.jpg,"গরুপাচার কাণ্ডে এবার দেবকে নোটিস সিবিআইয়ের, মঙ্গলবার হাজিরার নির্দেশ",4,4,4,Oth,0.20816123,0.07291512,0.22633755,0.104542404,0.38804373
in 346.jpg,পিসি- সবাই মিলেমিশে ভাগ করে খাও একা খাবো সেটা হবে না আমি খেতে তো মানা করছি না। *তিনু নেতা,2,2,0,NoAg,0.42412284,0.02257763,0.29726568,0.0029765319,0.2530573
tangaila (280).jpg,"সার্কাজম করে বিটিএসের পক্ষ নিয়ে পোষ্ট করে পচানোর পর যখন কোন বিটিএস ফ্যান ইমপ্রেস হয়ে প্রপোজ করে বসে তুই একটা বোদাই , আমি নিজেও একটা বোদাই",4,4,0,NoAg,0.4092478,0.12163338,0.13824898,0.028487619,0.3023822
KAM (306).jpg,সাকিব বলদ দেখবি? কই? দেখা! আয়নার সামনে দাঁড়া দেখতে পাবি,4,4,4,Oth,0.1505001,0.12558359,0.092684805,0.016744634,0.61448693
fb 726.jpg,"৭ বছর বয়সী আমি : ছারো আমাকে, আমিও তোমাদের সাথে রোজা রাখবো",0,0,0,NoAg,0.53627664,0.37113127,0.021849655,0.02040563,0.050336853
in 335.jpg,যখন দিদি বলে গ্রামে গ্রামে দূত হিসাবে যেতে হবে... গ্রামে ঢুকে তাড়া খাওয়ার পর,2,2,0,NoAg,0.42158863,0.21802397,0.08386464,0.15138231,0.12514044
fb 1975.jpg,যখন আপনার ঐটা তার ভুল গর্তে ডুকে যায় বাবা গো,1,1,0,NoAg,0.45962715,0.18197855,0.035619274,0.15883124,0.16394378
in 433.jpg,বিশ্বের সেরা অভিনেতা অমিতাভ বচ্চনকে জন্মদিনের শুভেচ্ছা জানাচ্ছেন,2,2,4,Oth,0.14264151,0.12086764,0.107988864,0.2790933,0.34940866
in 45.jpg,আম পাতা জোড়া জোড়া মারবো চাবুক চড়বো ঘোড়া,1,1,2,PAg,0.09659584,0.24584228,0.28651878,0.11030684,0.2607363
fb 219.jpg,ছেরা টাকা দিয়ে বিস্কুট কিনে আনা আমি মেয়াদ উত্তীর্ণ বিস্কুট দেয়া দোকানদার,0,0,4,Oth,0.037071362,0.086635515,0.37381542,0.014990875,0.48748678
in 540.jpg,"নরেন্দ্র মোদী আর ললিত মোদী এদের মধ্যে মিল কোথায় বলুন তো? এদের মধ্যে আবার কিসের মিল! ও মিত্তির মশাই, আছে নাকি মিল! দুজনেই বাংলার মেয়েকেই চায়...",2,2,2,PAg,0.008257132,0.00948846,0.9640511,0.011981327,0.006221972
fb 332.jpg,বার্গার খাবে কেউ?,1,1,0,NoAg,0.35547048,0.22698757,0.111612774,0.26431108,0.0416181
KAM (149).png,"এক ছাত্র ৪টা সাবজেক্টে ফেল করার পর... শিক্ষক: কিরে ৪টা তেই কিভাবে ফেল করলি? ১ম টাতে অন্তত পাশ করতে পারতি, এতোদিন বন্ধ ছিল! স্যার ১মটার জন্য পরীক্ষার আগের দিন পড়তে বসছি বন্ধে ২য় টায় কিভাবে ফেল করলি? ২য় টার জন্য পড়সিলাম স্যার ২য়টার জন্য এতো পড়সি যে ভাবসি আর পড়াই লাগবে না তাই পরীক্ষার আগের দিন উলালা করে হলে সব ভুলে গেসি ৩য় টায় কেন ফেল করেছো বাবা? ২য়টা খারাপ হইসে এই দুঃখে স্যার 8র্থ টাও কি ৩য়টা খারাপ হওয়ার দুঃখে খারাপ হয়েছে? না স্যার শেষ পরীক্ষার খুশিতে, পড়তেই মন চায় না!",0,0,4,Oth,0.11398528,0.13716333,0.2986783,0.14809388,0.3020792
Halal Memes (202).jpg,"আমার পোস্টগুলি দেখার পরে, রিলেটিভ:-",0,0,0,NoAg,0.5955879,0.34370175,0.010031552,0.007633331,0.043045495
Halal Memes (21).jpg,আমি - আওয়ামীলীগ করি করোনাভাইরাস যখন জানতে পারে,2,2,0,NoAg,0.5860626,0.1255376,0.0800598,0.07234164,0.13599834
in 485.jpg,"কখনও যদি দেখেন ববির অত সম্পত্তি পাওয়া গিয়েছে, বিশ্বাস করবেন না', আগেই বঙ্গবাসীকে সতর্ক করে রাখলেন নেত্রী বলছিলাম, কার কার সম্পত্তির হদিশ পাওয়া গেলে বিশ্বাস করবো না, যদি বলে দেন... একটা নামের লিস্ট পেতাম তাহলে নিশ্চিন্তে থাকা যেত|",2,2,2,PAg,0.021646708,0.06753145,0.7661174,0.043340012,0.101364344
fb 272.jpg,একটিভ স্যাস্টাস বন্ধ করার পর আমার বন্ধু : ভাই দেখ তো আমারে এক্টিভ দেখায় নাকি,0,0,0,NoAg,0.63536966,0.13049395,0.09615077,0.06273416,0.075251535
in 573.jpg,"নেতাজির স্বপ্নের স্বাধীন ভারত এখনও গড়ে ওঠেনি, আমরাই গড়ব', মূর্তি উন্মোচনে শপথ মোদির রেল তেল বিমান খনি সবই তো বেচা হয়ে গেছে এবার কি বেচে স্বপ্নের ভারত গড়া হবে!?",2,2,2,PAg,0.004246227,0.022005735,0.8777419,0.015391977,0.080614164
fb 1368.jpg,দেশের জিডিপি কমে যাওয়া কোরোণা আবহে পরীক্ষা নেওয়ার কথা বলার পর ছাত্রছাত্রীদের সুস্থভাবে বেঁচে থাকার সম্ভাবনা,2,2,4,Oth,0.21553934,0.03297925,0.012249119,0.0026734374,0.7365589
tangaila (307).jpg,কানিজ ফাতেমা তুই আর আমি তো একই,0,0,4,Oth,0.14980695,0.008740934,0.0033641504,3.1589498e-05,0.83805645
fb 1159.jpg,আমেরিকা যাচ্ছে রোহিঙ্গারা #শাহবাগী ১৫ দিনে রোয়াঈঙ্গা ভাষা শিক্ষা,4,4,4,Oth,0.088440664,0.106649555,0.09609098,0.31585312,0.39296573
chosha (90).jpg,আয় বৃষ্টি ঝেপে ধোন দিবো মেপে,1,1,1,GAg,0.038782522,0.54212016,0.24500565,0.06605353,0.108038165
ovodro_img (162).jpg,জানিস বোন কাল সারারাত চোষার পরেও দাঁড় করাতে পারিনি কাঁদিস না দিদি আমার টারও একই অবস্থা,1,1,1,GAg,0.053663146,0.89627385,0.0047457595,0.0035106118,0.04180662
blog 479.jpg,একটি দারুণ মিল ভগবান ও ভক্তে এক্সিবিশনিজম উভয়েরই রক্তে,3,3,4,Oth,0.19979599,0.04881935,0.064885855,0.254916,0.4315828
blog 342.jpg,"যে-আসনেই প্রার্থনা করা হােক না কেন, ফলাফল - লবডঙ্কা",3,3,3,RAg,0.14935435,0.016879553,0.017074153,0.77393436,0.042757582
tangaila (152).jpg,বিন্দুবাসিনীর কোনো সুন্দরী মেয়ে যখন বলে আমি সিঙ্গেল লে আমি :- প্রমাণ দাও !,1,1,0,NoAg,0.8735198,0.0066746334,0.049470223,0.0005583394,0.06977695
fb 1788.jpg,স্বামি বিদেশ,1,1,1,GAg,0.112421274,0.509996,0.09436409,0.22624306,0.056975637
tangaila (335).jpg,উদ্যানের চা আড্ডাবাজ পোলাপান,1,1,1,GAg,0.061240014,0.7958398,0.032287426,0.01559582,0.09503693
Halal Memes (73).jpg,হঠাত ছোট বোনের আদর্শ লিপি বই নিয়ে ঘাটাঘাটি করার কারন জানতে চাওয়া আমার আম্মু ২মাস পড়াশুনা না করে বাংলা অক্ষর ভুলে যাওয়ায় আদর্শ লিপি বই পড়া আমি,0,0,1,GAg,0.34418964,0.65240145,0.002569575,0.0002441897,0.00059515226
ovodro_img (548).jpg,অনেক মেয়ে মিলে একজন পুরুষের উপর নির্যাতন করাকে বলে পুরুষ নির্জাতন,1,1,1,GAg,0.2191569,0.6564035,0.018291505,0.020219497,0.085928604
Bangla Thug Life (401).jpg,আম্মা আমি প্রেগনেন্ট চুদসে এইটা একটা দুর্ঘটনা ছিলো মানে তুই বলতে চাস ! তুই রাস্তা দিয়া হাঁটতে গিয়া উষ্টা খাইয়া সোনার উপর পইড়া গেসিলি ???,1,1,3,RAg,0.020757675,0.20703663,0.08022384,0.6847367,0.0072451495
fb 1210.jpg,ন্যূড আর্ট বাবা সিম্পানন্দ* পিরিয়ড কবিতা*,2,2,4,Oth,0.15679374,0.06913466,0.12047778,0.016805258,0.63678855
blog 101.jpg,"আস্তিকীয় যুক্তিবাহার কোনও প্রাকৃতিক বিপর্যয় বা দুর্ঘটনার পরে তারা দোয়া করে সাহায্য চায় তার কাছে, যে কিনা সেই ঘটনাটি ঘটিয়েছে বলে তারাই মনে করে ! কেউ কেউ আবার তাকে শুকরিয়াও জানায় !",3,3,3,RAg,0.17005254,0.06601488,0.19015928,0.55203915,0.021734117
Bangla Thug Life (397).jpg,ছেলে: আই লাভ ইউ মেয়ে: কি করতে পারবে আমার জন্য ? লুইচ্চা ছেলে মনে মনে ২১ দিনে দুদু ডবল,1,1,0,NoAg,0.92940295,0.027617762,0.019773688,0.0011123109,0.02209342
KAM (270).jpg,সম্প্রতি এক গবেষণায় প্রমাণিত হয়েছে যে... ঘুমের ট্যাবলেট এর চেয়ে পড়ার টেবিল বেশি কার্যকরী!,0,0,0,NoAg,0.68766534,0.0056733415,0.016950635,0.0022521801,0.28745854
blog 488.jpg,"আমি কবে বড়ো হবো? মাদ্রাসায় বলেছে, বড়ো হলে আমি এইসব প্রতিমা ভাঙতে পারবো, মালাউন তাড়াতে পারবো দেশ থেকে।",3,3,0,NoAg,0.55612123,0.09603957,0.05403729,0.16472939,0.12907249
Halal Memes (32).jpg,"আমি যখন ক্লাসে কথা বলি, কিন্তু স্যার এসে সাথে বসা আমার বন্ধুকে মারে । লেঃ আমি",0,0,0,NoAg,0.8383407,0.008360053,0.09121446,0.002456356,0.059628524
fb 704.jpg,রমজান মাসে যখন কেউ বাংলা বা ইংরেজি তারিখ জিজ্ঞেস করেঃ কত রমজান চলে সেটা মনে রাইখাই কূল পাই না ইংরেজি বাংলা তারিখ মনে রাখবো কোন সময়,0,0,0,NoAg,0.5651806,0.04378842,0.27895164,0.015654683,0.09642463
bangla-troll (49).jpg,ডিপ ফ্রিজে আইস্ক্রিমের বক্স দেকসিলাম কিন্তু খুলে দেখি বক্সটা আদা-রশুন এ ভরা,0,0,0,NoAg,0.43528596,0.034853067,0.14922613,0.048470497,0.33216435
fb 1083.jpg,এই বালের গানে এতো ভিউস কেমনে? বাংলাদেশে কামলাদের সংখ্যা দিন দিন বাড়তেসে,4,4,4,Oth,0.21408467,0.054769535,0.086620726,0.034181055,0.610344
in 645.jpg,"এগিয়ে আসছে জাওয়াদ দুয়ারে ঝড়, পকেট ভর",2,2,2,PAg,0.04992077,0.085186675,0.57845,0.039211508,0.24723099
fb 1215.jpg,ধর্ম যার যার উৎসব সবার| ধর্ম যার যার উৎসব ও তার,3,3,0,NoAg,0.70460176,0.011090033,0.20445983,0.024214946,0.055633426
ovodro_img (257).jpg,সেই মুুহুর্ত যখন তোমার বর চা বানিয়ে আনে কিন্তু চায়ে দুধ নয় নিজের ঘী দিয়ে চা বানিয়ে খাওয়ায় আর সেটা তুমি বুঝতে পেরে যাও,1,1,1,GAg,0.124625005,0.77419555,0.028396701,0.021739589,0.051043056
bangla-gag (11).jpg,সেহেরি ৩:৩০ ! কিন্তু ১২ টায় পুরা ইন্ডিয়া টিমরে খাইয়া শেষ করে দিসি !,4,4,1,GAg,0.20982155,0.56779283,0.029291844,0.040928233,0.15216556
in 606.jpg,বর্ষসেরা অভিনয় পিসি,2,2,2,PAg,0.004575718,0.0067068595,0.93841815,0.049975954,0.0003232589
ovodro_img (45).jpg,"পাগলউউউ... থোড়াসা কারলে রোমান্স ধুর বাল, পাগল হলেও সম্মান আছে । তোদের মত পাগলু ড্যান্স করি না ।",4,4,2,PAg,0.032825273,0.048724163,0.765091,0.05992493,0.09343457
fb 895.jpg,জমিতে ক্রিকেট খেলার সময় বল যখন কোন ঝোপ-ঝাড়ে গিয়ে পড়ে বল:-,0,0,0,NoAg,0.70269877,0.021717085,0.03938983,0.0027986353,0.23339568
fb 126.jpg,"১০০০ এর ৭.৫% ৭৫০ টাকা বস, হিসাবে একটু গোলমাল আছে তাই নাকি? আচ্ছা তাইলে... ১০০০ এর ৭.৫% ৭৫ টাকা হ, এখন ঠিক আছে পরের দিন... ১০০০ এর ৭৫% ৭৫০০০ টাকা হালা মরতে চাস?",2,2,2,PAg,0.03411704,0.061559375,0.7816383,0.09792284,0.024762455
fb 87.jpg,এন্ড্রয়েড ডেভেলপার রেসিপি এন্ড্রয়েড স্টুডিও ইন্সটল করা অন্যর আইডিয়া চুরি করা অন্য এপের কোড ও ইন্টারফেস কপি করা নিজের আইডিয়া দিয়ে নতুন কিছু বানানো উপস!,4,4,3,RAg,0.06462337,0.09255836,0.08053706,0.44535497,0.31692627
KAM (367).jpg,আগে আমার কিছুই ভালো লাগতো না! ঘুরতে যাওয়া/খেলাধুলা/টিভি দেখা! তারপর আমার জীবনে এলো পড়ালেখা! এখন আমার সব কিছু করতে ভালো লাগে!,0,0,0,NoAg,0.50005877,0.18637113,0.018597668,0.003590491,0.29138196
fb 1167.jpg,নারীবাদীরা সারাবছর শীতকালে,1,1,4,Oth,0.2059181,0.29139686,0.09099028,0.07120387,0.34049085
blog 317.jpg,"-ইয়া মাবূদ, তোমার গলা না শোনা পর্যন্ত আমি এই জায়গা ছেড়ে উঠবো না ।",3,3,3,RAg,0.002227532,0.0044942833,0.00028737637,0.99232835,0.0006624584
bangla-gag (43).jpg,আগে শুধু আমরা মানুষের হৃদয় জয় করতাম ! আর এখন হৃদয় এর সাথে সাথে সিরিজও জয় করি !,0,0,4,Oth,0.32115895,0.040140346,0.04353015,0.001848898,0.5933216
blog 77.jpg,"আপনার সঙ্গে যুদ্ধ করছে যে-কাফের, তাকে হত্যা করা যায়েজ । আপনার কাছে যদি অন্য কোনও কারণ থাকে, তখনও তাকে হত্যা করা যায়েজ । এমনকি কোনও কারণ না থাকলেও তাকে হত্যা করা যায়েজ ।",3,3,3,RAg,0.25582492,0.11533832,0.08372657,0.4076337,0.13747652
blog 34.jpg,"বর্তমান পৃথিবীতে সর্বমোট ধর্মের সংখ্যা ৪২০০ । তন্মধ্যে শুধুমাত্র একটি ধর্মই সঠিক । আপনার ধর্মই সত্য ধর্ম এমন হবার সম্ভাবনা: ১/৪২০০ = ০.০০০২৩ = ০.০২৩ % অপরপক্ষে, ভুল ধর্মে বিশ্বাসের কারণে দোযখে যাবার সম্ভাবনা: ১০০ - ০.০২ = ৯৯.৯৭ % ঘাবড়ে গেলেন? ঘাবড়ানোর কিছু নেই, সকল ধর্মের মধ্যে শুধুমাত্র আপনার ধর্মটিই সঠিক । এবার ঘুমান ।",3,3,3,RAg,0.000267782,0.002121611,0.0005116973,0.99700385,9.502894e-05
fb 1084.jpg,আমারে স্যার ডাকবা,4,4,4,Oth,0.1543811,0.016905645,0.10723997,0.003604798,0.7178685
blog 306.jpg,"যখনই আপনার মনে হবে, আপনি নিরর্থক কোনও কাজ করছেন, তখন এই ছবিটায় চোখ বুলিয়ে নেবেন",3,3,3,RAg,0.011395867,0.024813082,0.0026023702,0.9594869,0.001701775
fb 1189.jpg,আরে থাম ভাই! আর কতদিন এভাবে প্যান্ট ভালো না বলে নামজ বাদ দিবি!,3,3,4,Oth,0.3100419,0.1953281,0.0519613,0.034851443,0.40781716
direct-offense (47).jpg,"কি করছো জানু ? তোমাকে খুব মিস করছি আমি বান্ধবীর বাড়িতে আসছি বাবু, নোট লিখছি পরে কথা বলবো",1,1,2,PAg,0.0141387535,0.17049673,0.71585333,0.0304827,0.06902847
Halal Memes (270).jpg,ছাত্রলীগ নিয়ে কোন মিম বানানো বিদ্যমান* ছাত্রলীগ নেতা: তুই কারে লইয়া ছিনিমিনি খেলতাসস বুঝোস নাই !,2,2,0,NoAg,0.5331117,0.08861729,0.2060494,0.057692587,0.11452902
in 284.jpg,মোরাল অফ দ্য স্টোরি 'দিদি' দিয়ে 'মোদি'-কে কাটা যায়না।,2,2,2,PAg,0.004605978,0.0012078997,0.9662632,0.0024866338,0.025436323
blog 111.jpg,"আম্মু, আম্মু, নিনজা ! অথচ তুমি বলসিলা, নিনজা নাকি কল্পকাহিনী !",3,3,3,RAg,0.0063341646,0.0049300613,0.00091442466,0.9865936,0.0012277875
fb 1755.jpg,বিচি ঠান্ডা না করে মাথা ঠান্ডা করে ক্রিকেট খেলুন,4,4,1,GAg,0.082444675,0.3203962,0.16043018,0.2379032,0.19882572
direct-offense (32).jpg,"ও হ্যান্ডেল মারে তা নিয়ে প্রবলেম নেই । প্রবলেমটা হচ্ছে, ও হ্যান্ডেল মারার পর বাথরুমে জল না দিয়ে চলে এসেছিলো",0,0,1,GAg,0.19747487,0.6719701,0.01149232,0.009601109,0.10946154
ovodro_img (173).jpg,মধু তোমার এই সজ্জিত রূপ বজায় থাকার রহস্য কী ? কাউকেই ভিতরে ফেলতে দিই না ।।,1,1,4,Oth,0.18706785,0.14510769,0.14388596,0.03323921,0.49069938
in 288.jpg,ত্রিপুরার মানুষ পরিবর্তন চায় ২৫ বছরের বাম আমলের থেকেও বড় ক্ষতি করেছে সরকার ত্রিপুরা যাওয়ার আগে চাঁচাছোলা অভিষেক হাফ সিটে কান্ডিডেট খুঁজে পায়না আবার সরকার গড়ার প্রতিশ্রুতি দিচ্ছে!,2,2,2,PAg,0.00085662276,0.0013229954,0.992986,0.0015396528,0.0032947245
fb 782.jpg,প্রমিজ করলাম* প্রমিজ করলাম* নিজের সর্বোচ্চ দিয়ে হলেও বাবা মায়ের মুখে হাসি ফুটানোর চেষ্টা করবো,0,0,2,PAg,0.058607765,0.15407078,0.5510996,0.18596211,0.050259773
fb 444.jpg,টাচ করুন তুই মাওবাদী!,2,2,0,NoAg,0.38835588,0.11858565,0.22903873,0.05387711,0.21014257
in 414.jpg,এরা এদের মৃত্যুর জন্য নিজেরাই দায়ী অলিম্পিকের মেডেল থেকে মঙ্গলযান সব কৃতিত্বই এনার,2,2,2,PAg,0.0681471,0.13701503,0.735354,0.016536662,0.042947207
fb 2022.jpg,আজকে থেকে আয়নাতে খেলা দেখা,4,4,0,NoAg,0.6279847,0.078593254,0.16040273,0.07087251,0.06214676
fb 1535.jpg,ইশশ ! অসহায় পাখি ! পাখিটাকে ছেড়ে দে! নির্দয় বিড়াল ! কিছুক্ষণ পর... আহ ! কী সুগন্ধ !,4,4,3,RAg,0.022154184,0.011049941,0.009885428,0.9490925,0.007817982
bamboo-vaiya (335).jpg,যখন আপনি বাসা থেকে টাকা নিয়ে বাজার করে আনেন কিন্তু আপনাকে টিভি চ্যানেলে করোনা ত্রান সহায়তার লাইনে দাঁড়ানো দেখায়,0,0,0,NoAg,0.6388535,0.16688885,0.081180826,0.013000731,0.10007611
fb 418.jpg,আমি বেশি মেয়ে পটিয়েছি না আমি বেশি মেয়ে পটিয়েছি,4,4,1,GAg,0.06545905,0.58459514,0.19003005,0.02430834,0.1356075
blog 133.jpg,ভাবসিলাম সাথে ভায়াগ্রা নিয়া আসছো !,3,3,3,RAg,0.0003108694,7.9204634e-05,3.26002e-05,0.99954516,3.2144068e-05
in 334.jpg,গ্রামবাসীরা ক্ষেপে আগুন হয়ে আছে তাই গ্রামে গ্রামে দিদির দূত হিসাবে যাওয়া থেকে এটা অনেক কম রিস্কের কাজ,2,2,3,RAg,0.34495014,0.0670607,0.106046766,0.47101662,0.010925856
bangla-gag (87).jpg,লাক্স কোটি টাকা খরচ করে দীপিকাকে বাংলাদেশে আনসে আর বিসিবি ইন্ডিয়ান টিমকে খেলতে ডাকসে সেখানে ইন্ডিয়ান টিম সাথে আনুসকা ফ্রি আসতেসে,4,4,4,Oth,0.14285119,0.23818512,0.04124539,0.035452902,0.5422654
bangla-troll (29).jpg,একটা সুন্দরি মেয়ে পেছবুকে রিকুয়েস্ট পাঠাইছিল... মাগার ... ওইটা ফেক আইডি ছিল,0,0,0,NoAg,0.83869773,0.0015260933,0.023402832,0.00028597596,0.13608733
fb 1469.jpg,আজকে জুম্মার পরে বিরিয়ানি দিবে,3,3,2,PAg,0.09213103,0.24610074,0.4044369,0.09638091,0.16095048
ovodro_img (73).jpg,যখন কোন বাচ্চার মা বাবা দুজনেই ট্রেনে উঠে যায় কিন্তু বাচ্চা টা উঠতে পারে না,0,0,0,NoAg,0.4626668,0.17410089,0.053741712,0.019511806,0.28997886
tangaila (57).jpg,বের হলেই চাকরি বেতন ১২ হাজার টাকা,0,0,0,NoAg,0.85294116,0.012403931,0.058077678,0.039814457,0.036762826
blog 162.jpg,"দোয়া হচ্ছে হস্তমৈথুনের মতো: যে করে, সে তৃপ্তি পায়, কিন্তু যার কথা ভেবে করা হয়, তার কোনও কাজেই লাগে না",3,3,3,RAg,2.5298286e-06,5.934804e-07,7.666907e-08,0.9999968,5.158569e-09
Halal Memes (206).jpg,নির্দিষ্ট জায়গায় থুথু ফেলবো ।,0,0,2,PAg,0.09571642,0.12943226,0.45677125,0.12009936,0.19798063
fb 760.jpg,স্কুলের ১২০০ টাকা বেতন যে কিভাবে দিবো আব্বু তো বেতন পায় না তিন মাস থেকে আল্লাহ তুমি ১২০০ টাকার ব্যবস্থা করাই দাও প্লিজ না ছেলেটা আর্থিক সমস্যায় আছে কাল ওরে কিছু টাকা দিয়ে সাহায্য করবো বাবা এই ১০০০ টাকা রাখো তোমার বেতন দিতে কাজে লাগবে কিন্তু আমি তো আল্লাহর থেকে ১২০০ টাকা চাইছি তার মানে আপনি বাকি ২০০ টাকা মেরে দিয়েছেন,4,4,1,GAg,0.108675554,0.2727631,0.2668253,0.16563633,0.18609962
fb 1976.jpg,ডিসেম্বর ৩১ ১১ : ৫৯ ২ : ৩০,1,1,4,Oth,0.31230515,0.07707169,0.1387918,0.14876215,0.3230692
fb 1385.jpg,এদিকে আয় মোদী। তোকে আমাদের অনুমতি ছাড়া জঙ্গল কাটার অধিকার দিচ্ছি।,2,2,3,RAg,0.15657945,0.16878241,0.16633579,0.45189714,0.05640527
fb 1858.jpg,ছ্যাদা খুজে পাইতেছি না,1,1,0,NoAg,0.30172208,0.088826865,0.28420505,0.21810107,0.10714483
fb 295.jpg,"ছেলেটির নাম জনি সিন্স| গরিব, তাই পড়াশোনার পাশাপাশি পিজ্জা ডেলিভারি বয় হিসেবে কাজ করে।একদিন মিরপুরের রাস্তায় মেট্রোরেল এর জ্যাম থাকায় ২০ মিনিট এর জায়গায় ৩০ মিনিট লেট হয়ে যাওয়ায় এই মেয়ে টি জনি সিপ্স কে কলার ধরে মারল| মানবতা আজ কোথায় ???",1,1,0,NoAg,0.68820316,0.06719152,0.10488022,0.043958284,0.09576683
blog 447.jpg,ওরা বেশরিয়তী কাম করে! ইছলামে এইসব হারাম! যৌনদাসী,3,3,3,RAg,2.6549396e-05,3.9479e-05,4.7687818e-06,0.99992776,1.4384916e-06
fb 303.jpg,~কিছু কিছু মাগি আছে সাংগা হওয়ার পরেও বারো জনের দোচা না খাইলে নাভীর নিচে শান্তি হয় না,1,1,1,GAg,0.33442932,0.4810824,0.014793995,0.02239046,0.14730382
fb 1380.jpg,যখন মাছ খাওয়ার জন্য বাঙালিদের ঘৃণা করা গুজ্জু মহিলা জানতে পারে তার লিপস্টিকে মাছের আঁশ আছে,4,4,0,NoAg,0.33177093,0.29160714,0.07639454,0.052862123,0.24736524
in 436.jpg,"হাসপাতালে নিয়ে যাওয়া হল মানিককে ওসব করে কোনো লাভ হবেনা মানকে, আমি নিজের অভিজ্ঞতা থেকে বলছি |",2,2,2,PAg,0.0476134,0.05341637,0.73933625,0.019149873,0.14048415
fb 1622.jpg,নাস্তিক্যধর্ম,3,3,3,RAg,0.047908064,0.011722625,0.10944971,0.8291831,0.0017365145
Halal Memes (240).jpg,আমার মা: এরকম একটা মেয়ে যদি আমার বেটার বউ হতো আমার মা: নাউযুবিল্লাহ,1,1,1,GAg,0.031683322,0.9592789,0.0003166425,0.0001560783,0.0085650645
fb 1244.jpg,আমার শরীর আমার অধিকার। আমি যেটা ইচ্ছে সেটা পরবো যদি নগ্নতাকে সভ্য ধরা হয় | তবে বন্য পশুরা সবচেয়ে বেশী সভ্য,1,1,0,NoAg,0.31218633,0.2196916,0.12272011,0.10322035,0.24218157
KAM (326).jpg,এটা ফটোগ্রাফি নাকি বগল-গ্রাফি! ফহিন্নির ঘরে ফহিন্নি!,4,4,4,Oth,0.03411314,0.020375326,0.3107139,0.0060300045,0.62876767
in 169.jpg,"পঞ্চায়েত ভোট আসছে... মাসিমরা আমাকে চিনতে পারছেন তো? কেন চিনতে পারবোনা! কতবার টিভিতে হাত পেতে টাকা নিয়ে ""থ্যাংক ইউ"" বলতে দেখেছি",2,2,2,PAg,0.023897288,0.010351434,0.9161326,0.018394241,0.031224376
ovodro_img (10).jpg,একদিন আমিও অস্কার পাব এক্সপ্রেশন পাল্টাবে কী তোর দাদু ? কপি করা ছাড়বে কি তোর বাবা ?,4,4,2,PAg,0.018017858,0.00886266,0.7884402,0.005933047,0.17874618
nurani-memes (222).jpg,গাাছ কোপানোর অন্যায়ের শাস্তি চাওয়া মানুষজন মানুষ কুপিয়ে পার পেয়ে যাওয়া হেলমেট বাহিনি,2,2,4,Oth,0.045299582,0.14331508,0.25327006,0.14735025,0.41076505
bamboo-vaiya (486).jpg,কোরবানির ঈদ আসলে তোমার যা মনে পড়ে: কোরবানির ঈদ আসলে আমার যা মনে পড়ে:,4,4,0,NoAg,0.34474713,0.23693354,0.11437053,0.045095533,0.25885317
blog 458.jpg,হুরের ইষ্টক শ্যাষ। তয় ৭২টা মুমিনার লগে ওয়েবক্যামে চ্যাটের ব্যবস্থা কইরা দিতারি।,3,3,3,RAg,0.0003710559,0.0005073032,0.0001783074,0.998906,3.7278576e-05
blog 164.jpg,"ভালো মানুষেরা করে ভালো কাজ, খারাপেরা খারাপ কাজ। কিন্তু ভালো মানুষকে দিয়ে খারাপ কাজ করিয়ে নিতে প্রয়োজন ধর্মের ।",3,3,0,NoAg,0.45255074,0.04764802,0.011524705,0.4337191,0.05455746
blog 38.jpg,এবং তার উম্মতেরা শান্তি প্রতিষ্ঠায় নিরলস,3,3,3,RAg,0.05490092,0.052947905,0.024102049,0.8171433,0.050905798
fb 1584.jpg,"চিন্তার মুক্তির আন্দোলন কানিজ আমার যৌনসাথী| সে যখন চাবে, যার সাথে চাবে তার সাথেই সম্মতিতে যৌনকর্ম করতে পারবে | এমনকি মুক্তচিন্তায় নিজের ছেলের সাথেও কারণ আমাদের নাস্তিক্যধর্মে এসব বৈধ |",3,3,3,RAg,0.107619405,0.053070396,0.047667842,0.68890244,0.10273983
in 308.jpg,চাড্ডি পরিবারে যখন কোনো নতুন সদস্য আসে.... মেরা বেটা 'ব্যয়কট গ্যাং' কা মেম্বার বোনেগা....,2,2,0,NoAg,0.61413753,0.031714704,0.11072565,0.034492522,0.2089297
ovodro_img (388).jpg,"বাবা ফেব্রুয়ারি মাস স্পেশাল ক্যানো ?? জানি না, তোর মাকে বিয়ে করার আগে আমিও সিঙ্গেল ছিলাম ।। কাঁদিস না বাবু । বুকে আয় ; একদিন তোকেও বিয়ে দিয়ে মিঙ্গেল করে দেব ।",0,0,4,Oth,0.23978664,0.3307122,0.04494356,0.008134094,0.37642357
fb 993.jpg,*ইন্ডিয়া সাপোর্ট করলে দালাল *পাকিস্তান সাপোর্ট করলে রাজাকার *বাংলাদেশের জনগন,4,4,4,Oth,0.09288782,0.06294576,0.13694648,0.0217511,0.6854689
bangla-memes (154).jpg,তো আমরা কী করবো ?,0,0,0,NoAg,0.5013951,0.13471343,0.1736664,0.038002167,0.15222287
fb 727.jpg,ব্যবসায় উদ্যোগ ব.উ.,0,0,4,Oth,0.24710663,0.025164835,0.28717208,0.022173623,0.41838285
KAM (307).jpg,ও বলেছিল জাতীয় বিশ্ববিদ্যালয় হতে পড়াশুনা করে চলে আসবে ! কিন্তু ও পড়াশুনা শেষ করতে পারেনি আমি এখনও অপেক্ষায় আছি!!!,0,0,4,Oth,0.1327758,0.047659464,0.14091581,0.012233798,0.6664152
blog 240.jpg,"বোকা জঙ্গি চালাক জঙ্গি বুদ্ধিমান হোন, সঠিক কাজটি করুন",3,3,3,RAg,0.08170068,0.07680316,0.08194856,0.538824,0.22072358
blog 485.jpg,মেয়েদের কাছে সবচেয়ে প্রধান হচ্ছে তাদের স্বকীয়তা।,3,3,3,RAg,0.06277018,0.032984752,0.0012300041,0.7704833,0.13253172
ovodro_img (270).jpg,তোমার মা কী তোমাকে খুব বকাবকি করছে ? আর সহ্য হচ্ছে না ? ঝগড়া করতেই হবে ? মা এর সাথে ঝগড়া কর না । বাড়ি থেকে বেড়িয়ে যাও দেখবে মা নিজেই তোমাকে ফোন করে করে বাড়ি ফেরানোর জন্য পিছনে লেগে পড়বে ।।,0,0,4,Oth,0.11843418,0.01351741,0.42288637,0.0028372677,0.4423248
in 267.jpg,"গোমাংস খাই বিজেপিও করি অসুবিধা কিসের!' , ভোটের মুখে স্পষ্টবক্তা মেঘালয়ের পদ্মসভাপতি ইনি বিজেপি নন ইনি দেশদ্রোহী",2,2,2,PAg,0.0114449905,0.002227699,0.65862596,0.0018104822,0.3258909
fb 1881.jpg,বিড়ালটা শুধু বাসররাতে বিড়াল মারার ইতিকথা জানতে চেয়েছিল। বাকিটা ইতিহাস!,1,1,1,GAg,0.29239777,0.35064483,0.09908083,0.14817345,0.10970312
bamboo-vaiya (169).jpg,জান চলো পালিয়ে বিয়ে করি তিন বেলা বিড়ি খেয়ে থাকতে পারবি ?,0,0,1,GAg,0.35262656,0.39212802,0.035422478,0.028747877,0.19107504
pin 11.jpg,এটা কি রুচি না কি ইঁদুর দ্বারা ধর্ষিত বুঝাই যাচ্ছে না,1,1,1,GAg,0.15690395,0.56211644,0.0038765525,0.006760628,0.27034235
chosha (114).jpg,ওরা কারা ? যারা রাতে আমাকে স্বপ্নে দেখে ।,1,1,1,GAg,0.17063822,0.6181252,0.06713596,0.05045526,0.09364531
bamboo-vaiya (364).jpg,তর কি ঘরে বসে ৫-৬ মিনিটে ৫০০ টাকা লাগবো ?,0,0,3,RAg,0.20056677,0.24103552,0.054518577,0.34679905,0.15708004
blog 106.jpg,"তোমার থেকে একটু টুকতে দিবা? আচ্ছা, টোকো । তবে একেবারে হুবহু কপি কইরো না ।",3,3,3,RAg,0.013620913,0.012786259,0.0038491539,0.9588053,0.010938403
fb 1866.jpg,পাবলিক বিশ্ববিদ্যালয়* ১ম বর্ষ 8র্থ বর্ষ,1,1,4,Oth,0.17916253,0.20075302,0.0403222,0.004930525,0.57483166
fb 1068.jpg,"""একটা ভালো যুবকের জীবন শেষ করে দিবো """,4,4,2,PAg,0.045602623,0.14771983,0.49584264,0.30366647,0.007168493
fb 937.jpg,রাস্তায় বাইকার দেখার পর সার্জেন্ট নাস্তার টাকা দিলেন না স্যার?,2,2,0,NoAg,0.86547035,0.014508497,0.047836393,0.002589319,0.06959551
fb 549.jpg,"নেন ভাই এক গ্লাস পানি খেয়ে নিন, প্রত্যয় হিরনের রোস্ট ভিডিও বানিয়ে পোস্ট করতে করতে হাপিয়ে গেছেন",4,4,4,Oth,0.20346819,0.24656071,0.14882767,0.08963464,0.31150883
fb 1112.jpg,প্যান্ট পড়ে শুয়ার রাতে; রুমে থাকা জ্বিন লুঙ্গি পড়ে শুয়ার রাতে; রুমে থাকা জ্বিন,4,4,0,NoAg,0.3195293,0.13148442,0.18326248,0.11534779,0.25037602
in 85.jpg,সেই মুহূর্ত যখন আপনি জানতে পারেন দুর্গাপুজোয় আপনার অফিসে মাত্র দুইদিন ছুটি,0,0,1,GAg,0.3184912,0.34402436,0.101698585,0.05794545,0.17784043
in 248.jpg,দাদা একটা ফুটেজপ্রেমী দেখান.... সস্তার কিছু নেই?,2,2,2,PAg,0.0041112397,0.033928234,0.8796621,0.009395567,0.072902836
Halal Memes (60).jpg,লকডাউন লকডাউন শেষে,0,0,4,Oth,0.16254565,0.20607983,0.08159623,0.17343909,0.37633923
blog 157.jpg,ইহুদি ও খ্রিষ্টানেরা নোংরা । জিহাদের সময় তাদের জীবন ও ধনসম্পদ মুছলিমরা কেড়ে নেয়ার অধিকার রাখে। (আমেরিকাবাসী ইছলামবাজ),3,3,3,RAg,0.030191578,0.14800131,0.09098162,0.70805156,0.022774013
Halal Memes (43).jpg,শান্তিপূর্ণভাবে পড়াশোনায় মনোযোগ বসানো বিদ্যমান মাই বৃক্ক টু মি: তোর কি বাথরুমে যাওন লাগবো ?,0,0,0,NoAg,0.9171133,0.0028230695,0.054464217,0.00411969,0.021479608
fb 1197.jpg,এই হচ্ছে আমার ছেলে মানকি যে কিনা নাস্তিক কিন্তু তার কোনো গুরু মারা গেলে আবার বলে ওপারে ভালো থাকবেন স্যার,3,3,4,Oth,0.14893241,0.04075581,0.022664417,0.015166062,0.7724813
chosha (42).jpg,তুমি এখানে ইন্টার্ভিউ দিতে এসেছো নার্ভাস হবার কিছু নেই রিলেক্স করো স্যার একটা বিড়ি হবে নাকি?,0,0,0,NoAg,0.4014233,0.07673982,0.19766134,0.010531497,0.31364405
fb 1305.jpg,গোল্ডেল গ্লাভস ফেরত দিতে যাচ্ছি কারন ময়মনসিংহের জবলেস মিন্টু বলেছে আমি অসভ্য আনকাচার্ড,4,4,4,Oth,0.037983716,0.011366813,0.07435409,0.001589522,0.8747059
KAM (2).jpg,"একজন বিশ্ববিদ্যালয় পড়ুয়ার জীবনের লক্ষ্যের ক্রমপরিবর্তন ভার্সিটি ভর্তির আগে ধুর এগুলা আর কি এমন কঠিন পড়া? এই লাইনে আমি বিশ্বসেরা হমু! ১ম বর্ষ একটু কষ্ট করা লাগবো দেখতেসি তয় ব্যাপার না, এই লাইনে আমি বাংলাদেশের সেরা হমুই হমু ২য় বর্ষ পড়া তো দেখি মোটামুটি কঠিন আছে, যে লাইনে পড়তেসি ঐ লাইনে বাংলাদেশের ১ নম্বর কোম্পানিতে জব পাইতেই হইবো ৩য় বর্ষ পড়া গুলা এত্তো কঠিন ক্যারে? যে লাইনে পড়তেসি ঐ লাইনের মোটামোটি ভাল জব পাইলেই চলবো ৪র্থ বর্ষ খোদা, ভালো রেজাল্টের খ্যাতা পুড়ি, শুধু পাস করাই দিও। আর লাইন বেলাইন বুঝি না, কোনরকম একটা জব পাইলেই চলবো পাশ করার পর ভাই ভাল লেভেলের জব লাগবো না, পিয়ন নাইলে ঝাড়ুদারের চাকরি হইলেও দেন!",0,0,4,Oth,0.10573504,0.027190331,0.40971985,0.036704585,0.4206502
in 84.jpg,শেষ কবে বন্ধুরা মিলে মাঠে ক্রিকেট / ফুটবল খেলতে গিয়েছিলে ? *আমি অনেক অনেক দিন আগের কথা,0,0,0,NoAg,0.4331517,0.26855025,0.020679794,0.07771055,0.19990773
bangla-troll (38).jpg,"আমাদের প্রত্যেকের জীবনে এমন কিছু কিছু বন্ধু আছে, যারা আমাদের থেকে আমাদের ফেইসবুক পাসওয়ার্ড এর উপর বেশী নজর রাখে",0,0,0,NoAg,0.5852294,0.009158091,0.056469575,0.003585927,0.34555703
nurani-memes (88).jpg,কই ? তর নানির পুটকির সই,4,4,2,PAg,0.033739645,0.017018324,0.5997636,0.3389104,0.010568116
fb 805.jpg,ভয়ানক কিছু অনুভব করার সময়* *আয়াতুল কুরসি পড়ার পর আমার সাহস *আয়াতুল কুরসি পড়ার আগে আমার সাহস,0,0,0,NoAg,0.81715685,0.029274598,0.052719083,0.06965381,0.031195765
Halal Memes (207).jpg,নিব্বি: ভাবছি বিয়ের পর চিনি খাওয়া ছেড়ে দিব ! নিব্বি: ক্যান? নিব্বা: ঘরে মিষ্টি বউ আর চায়ে চিনি যদি ডায়বেটিস হয়ে যায় ! লে : নিব্বা লে : নিব্বি ইশ আপনিও নাহ,0,0,0,NoAg,0.35686588,0.2726038,0.12513752,0.06290275,0.18249002
blog 413.jpg,হাঁউমাঁউখাঁউ কাফিরের গন্ধ পাঁউ।,3,3,3,RAg,0.030592503,0.012303751,0.013137813,0.9314213,0.0125447875
bangla-troll (52).jpg,"আব্রাহাম লিঙ্কন বেচে থাকলে গণতন্ত্রের বর্তমান সংজ্ঞা হতো- ডেমোক্রেসি ইজ এ গভর্নমেন্ট অফ দ্যা বালুর ট্রাক, বাই দ্যা বালুর ট্রাক, ফর দ্যা বালুর ট্রাক !",2,2,3,RAg,0.21945132,0.09263224,0.24461578,0.31177232,0.13152826
fb 1793.jpg,"বাবা-মা: আমার মেয়ে ডাক্তার হবে, আমার মেয়ে ইঞ্জিনিয়ার হবে মেয়ে: আমি বাঁড়া হবো",1,1,0,NoAg,0.67255557,0.22282848,0.019391658,0.013482126,0.0717422
bamboo-vaiya (20).jpg,গিটার বাজানোর পরে: এ আমি কি করলাম কাজটা ভালো হয় নাই সব ভিডিও ডিলেট দিয়া দিমু আজ থেকে ভালো হয়ে যামু,0,0,0,NoAg,0.54873365,0.09519442,0.13760722,0.04939545,0.16906928
fb 1160.jpg,দোস্ত কোথায় আছিস জানিনা কিন্তু এইখানে হিন্দি গান বাজিয়ে 'বিজয় দিবস' পালন করা হয়,4,4,0,NoAg,0.5056492,0.054246634,0.19750164,0.01923588,0.22336662
in 205.jpg,তৃণমূলের আশিস বেরোতেই জল দিয়ে উঠোন ধুয়ে দিল বগটুইয়ে নিহতের পরিবার জানাল অপবিত্র হয়েছিল,2,2,2,PAg,0.0028248066,0.026290895,0.8965064,0.022190567,0.05218727
fb 1635.jpg,হযরত মোহাম্মদ সঃ এর ব্যবহার করা তলোয়ার। আপনার ইচ্ছা হলে করে সবাই কে দেখানোর সুযোগ করে উপহার দিতে পাড়েন। প্রশ্ন : ইসলাম ধর্ম প্রতিস্টায় কি তলোয়ার লাগে ??????? যিশু অথবা বুদ্ধ তলোয়ার ছাড়াই ধর্ম প্রচার করেনি ?,3,3,3,RAg,0.009039938,0.012815053,0.009887682,0.9655397,0.0027177113
KAM (118).png,"জান, তুমি রোদে দাঁড়িয়ে আছো কেন? আরে দেখছ না, ঘাম শুকাচ্ছি যে...",4,4,4,Oth,0.19170125,0.29804155,0.04894244,0.01627957,0.44503525
KAM (357).jpg,আপনি যতই বড় হয়ে যান না কেন মায়ের চোখে সবসময় ছোটই থাকবেন!,0,0,1,GAg,0.09343591,0.87368286,0.0021911648,0.0024239568,0.028266225
direct-offense (72).jpg,"ব্যাকরন না বুঝলে মুড়ি খা , শ্লা মাতা মুটারে কে বুঝাইতো",4,4,4,Oth,0.11232068,0.11685109,0.3542612,0.047067776,0.3694993
blog 43.jpg,"আল্লাহর একদিন মানুষের এক হাজার বছরের সমান । (সূরা হাজ্জ্ব, ২২:৪৭) আল্লাহর একদিন মানুষের পঞ্চাশ হাজার বছরের সমান । (সূরা আল মা'আরিজ, ৭০:8)",3,3,3,RAg,0.041636374,0.105920166,0.0229989,0.8233604,0.0060841227
Halal Memes (228).jpg,"গ্রাম থেকে শহরে ঘুরতে আসা চাচা ধানমন্ডি, বসুন্ধরা এলাকায় ওড়না ছাড়া মেয়েদের ঘুরাঘুরি করতে দেখার পর কেয়ামতের আলামত শুরু হয়ে গেসে",1,1,0,NoAg,0.27347258,0.11999628,0.20174769,0.23016873,0.17461473
ovodro_img (260).jpg,দেবের মত অভিনয় করতে হলে ৫০০ আমির খান কে আরও বার জন্ম নিতে হবে,4,4,4,Oth,0.14086892,0.0320649,0.13519558,0.011094765,0.6807759
fb 269.jpg,নানা: নাতি আমার ডাক্তার হবে। মা: না! ছেলে আমার ইঞ্জিনিয়ার হবে | বাবা: আরে না! ছেলে আমার... এদিকে ছেলে... আায় কে আবি: খামকির পোলারা!,4,4,0,NoAg,0.5343046,0.08189734,0.09330948,0.0162611,0.2742275
in 633.jpg,মোদীজি ইস্মাইল...,2,2,0,NoAg,0.3887547,0.16683732,0.24150416,0.023860168,0.17904365
in 187.jpg,তৃণমূলের নেতার বাড়ির সামনে ছাগল বিক্রি করে দেওয়ার অভিযোগ আমরা ছাগলকেও ছাড়িনা,2,2,4,Oth,0.22034939,0.045455474,0.32324284,0.0064728567,0.4044795
bangla-memes (26).jpg,যখন তোমার ছেলেরা আর্জেন্টিনা সাপোর্ট করা ছেড়ে দেয় মাদককে 'না' বলো 'আমার ছেলেরা এখন মাদকমুক্ত' তিনি একজন যুদ্ধজয়ী বাবা । মাদকাসক্ত দুই ছেলেকে সুস্থ জীবনে ফিরিয়ে,4,4,0,NoAg,0.3699326,0.1847741,0.058790617,0.16001827,0.22648436
chosha (129).jpg,এসেছিলাম একা যেতে হবে একা মাঝখানে ভাইয়ের সাথে দেখা,1,1,4,Oth,0.25201115,0.34755707,0.028492207,0.005673296,0.3662662
in 60.jpg,পঙ্গপাল বাংলাদেশে আসার পর যখন জানতে পারে পঙ্গপাল খাওয়া হালাল পঙ্গপাল- এ কি বিপদে পড়লাম!,0,0,0,NoAg,0.86391157,0.024184424,0.04954451,0.0036960614,0.058663387
fb 1549.jpg,"স্যার, বিবর্তনবাদ তো যাস্ট একটা থিওরি! চুপচাপ গিলে যা! কোনো কথা বলবি না!",4,4,3,RAg,0.052858595,0.030193672,0.034906268,0.8653679,0.016673546
Bangla Thug Life (190).jpg,বউমা একটু সকালে ঘুম থেকে উঠতে পারোনা কথাটা আমাকে না বলে আপনার ছেলেকে বলুন কেন ? গোটাবছর আমি জোর করতাম এজন্যই লকডাউন পেয়ে আপনার ছেলে আমার কোমরটা শেষ করে দিচ্ছে,1,1,1,GAg,0.029120525,0.51044524,0.093384854,0.34324574,0.023803512
fb 286.jpg,মাইার ওজন হয় না ৩২ দু* বানাইছে ৩৬,1,1,1,GAg,0.24977747,0.4048481,0.041872475,0.050499864,0.2530021
fb 81.jpg,প্রোগ্রামার হওয়ার রেসিপি রাতে না ঘুমানো বন্ধুমহলে পার্ট নেওয়া কোড কপি পেস্ট করা প্রোগ্রামিং চর্চা করা উপস!,4,4,3,RAg,0.07915098,0.107259355,0.10281865,0.37743074,0.33334023
tangaila (95).jpg,যখন হাসানের ছেলে রাস্তায় বের হয়... তখন কুমুদিনীর মেয়েদের অবস্থা !,1,1,1,GAg,0.0466789,0.9428105,0.0007625669,0.00042591363,0.009322103
blog 410.jpg,"নিজেরে যখনই আবাল মনে হবে তখন মনে কইরেন, আপনের চাইতে বহুত গুণ বেশি আবাল এই দুনিয়ায় অগুন্তি, যারা বিশ্বাস করে, ইউনুস নবী মাছের পেটের ভিত্রে জীবন্ত আছিলো চল্লিশ দিন",3,3,3,RAg,0.013202413,0.013845639,0.008400384,0.9592872,0.005264326
fb 159.jpg,আমি বিএনপি (২) আর আমি আওয়ামিলীগ (৩) যে বিরিয়ানি আর কোক দিবে আমি তার |,2,2,2,PAg,0.2130937,0.17070012,0.3777285,0.2000233,0.038454384
in 340.jpg,*ভাইপো কয়লা কয়লা কয়লা *ভাইপো আমি একদম পছন্দ করিনা কয়লা *ভাইপো কিন্তু কয়লা আমাকে ছাড়া থাকতে পরেনা,2,2,1,GAg,0.13104671,0.35969588,0.2699772,0.050093368,0.18918675
KAM (364).jpg,একটা মেয়েকে শিক্ষিত করলে ৪টা মানুষ শিক্ষিত হয় আর একটা মেয়ে স্কুল কলেজ আর ভার্সিটিতে গেলে ৪০টা ছেলের জীবন যে নষ্ট হয় তা কে কইবো?,1,1,4,Oth,0.26583993,0.23193824,0.15659332,0.036487572,0.30914095
fb 1057.jpg,৫ম ম্যাচে সুযোগ পাওয়ার আশা করার পরও যখন মিথুনকে না নিয়ে বাজে ফর্মে থাকা সেই সৌম্যকেই আবার নেওয়া হয়* মিথুন: ফাইট্টা যায় বুকটা ফাইট্টা যায়,4,4,0,NoAg,0.62089014,0.038393654,0.11995122,0.0061580627,0.21460699
fb 1890.jpg,১ : আজকাল দুধ অনেক পাতলা হয় ২ : আমকে কেন বলতেছেন ভালো কোনো ডক্টর দেখান ৩ : ওই তুই কি বললি ৪ : ভাগোওওও,1,1,1,GAg,0.21593913,0.4459495,0.08188866,0.17318875,0.08303397
fb 557.jpg,সুন্নতে খৎনা শুনে সারাদিন চিল করার পর পিচ্চি যখন বুঝতে পারে একটু পর তার সম্পদ কেটে দেয়া হবে ..,4,4,0,NoAg,0.4734234,0.07041065,0.021693716,0.04053935,0.39393285
ovodro_img (385).jpg,সরস্বতী পূজোর সময় মেয়েরা মেকাপ এর আগে মেকাপ এর পরে,1,1,0,NoAg,0.7264759,0.16729358,0.014269793,0.0056506493,0.08631005
KAM (175).png,আনুশকা এখন বিরাট কুলি কে ছেরে রুবেল এর সঙ্গে,4,4,4,Oth,0.22992484,0.08960244,0.0238938,0.0045129717,0.65206593
pin 56.jpg,"মুম্বইয়ে চাকরির দাবিতে পড়ুয়াদের রেল অবরোধ এরা দেশদ্রোহী, মোদী বিরোধী, এদের পাকিস্থানে পাঠানো হোক...",2,2,2,PAg,0.06501629,0.04942899,0.7496377,0.056897946,0.07901911
fb 1328.jpg,"সরকারি অনুষ্ঠানে আমাকে ডেকে এনে ""জয় শ্রী রাম"" স্লোগান তুলে আমাকে অপমান করা হয়েছে। আমি এর প্রতিবাদে কোনো বক্তৃতা দেবো না। ""আমরা সবাই অযোধ্যায় রাম মন্দির গড়তে টাকা দেবো""",2,2,2,PAg,0.05898336,0.26658967,0.4066777,0.14870396,0.11904535
fb 1834.jpg,সূর্যের নজর টাও আমার মতো দুষ্টু,1,1,1,GAg,0.1244081,0.7822108,0.009616679,0.010934454,0.072829925
in 636.jpg,"টাকা চাইছেন কর্মীরা, হতাশ প্রার্থী, পুরভোটের প্রচারে বিজেপি যেন ঢাল-তলোয়ারহীন 'নিধিরাম'",2,2,2,PAg,0.0021080603,0.010529823,0.9351402,0.047229413,0.004992463
KAM (251).png,আজ শুক্রবার কাঁপলদের জন্য রোমান্সের দিন । আর ব্যাচেলরদের জন্য কাপড় ধোয়ার দিন।,0,0,0,NoAg,0.3406195,0.1348497,0.21876931,0.040956292,0.26480517
fb 1573.jpg,"সব পদার্থেরই ধর্ম আছে । কিন্তু, নাস্তিকদের কোন ধর্ম নেই । সুতরাং, তারা অপদার্থ !",3,3,3,RAg,0.16314624,0.089701146,0.036475185,0.627372,0.08330544
fb 812.jpg,ভাত খাওয়ার সময় কোন তরকারি পছন্দ না হওয়ায় যখন ডিম ভেজে খাই | ডিমঃ এইটা বলতে গেলে -আমাদের জমিদারি,4,4,0,NoAg,0.9596173,0.011149806,0.009454464,0.001785402,0.017993134
fb 1467.jpg,"নিজেদের টাইমলিনে কুরআন ও কাবা শরিফের ছবি, মিজানুর রহমান আল-আজহারী এর ওয়াজের ভিডিও শেয়ার দেওয়ার পর: সাওয়াব",3,3,3,RAg,0.24309072,0.08522076,0.21166943,0.34804288,0.11197619
in 279.jpg,৩% বাড়িয়েছি এটাই অনেক; বেশি ঘেউ ঘেউ করবেন না!,2,2,2,PAg,0.077371016,0.21799695,0.46668378,0.07653162,0.16141674
fb 1299.jpg,পাবলিক বিশ্ববিদ্যালয়* ১ম বর্ষ ৪র্থ বর্ষ,1,1,4,Oth,0.17671971,0.21420561,0.036062084,0.0046873405,0.56832534
KAM (14).png,আমারও সিক্স প্যাক অ্যাবস আছে যাতে কেউ নজর দিতে না পারে সেই জন্য ভুঁড়ি দিয়া ঢাইকা রাখি,0,0,0,NoAg,0.9963882,0.00052416313,0.0005005929,1.4836648e-05,0.002572124
fb 1874.jpg,এটা আমরা হতে পারতাম কিন্তু তোমারগুলা তো আমারগুলার থেকেও ছোট,1,1,1,GAg,0.11103592,0.4174136,0.1337458,0.2431187,0.09468603
fb 865.jpg,পোলাপান ভাত পায়না খাইতে আর জামাই নববর্ষের রচনা ফরোয়ার্ড করে রাইতে,4,4,4,Oth,0.09401726,0.08799356,0.04331903,0.025833417,0.7488367
tangaila (143).jpg,যখন হঠাত করে হাসানিয়ান বড় ভাই কল দেয় মি : আপনার কি সাদিয়ার নম্বর লাগবো ?,0,0,0,NoAg,0.971493,0.005275618,0.0098065715,0.0006419517,0.012782925
fb 196.jpg,আমেরিকার ড্রাইভিং লাইসেন্স বাংলাদেশের ড্রাইভিং লাইসেন্স,2,2,3,RAg,0.0534714,0.07504035,0.09052452,0.68138164,0.09958208
in 116.jpg,বেগম রোকেয়া বেশি পণ্ডিতগিরি না করলে প্রতিটা মেয়ের আজ একটা করে সুখের সংসার থাকতো,1,1,1,GAg,0.13631798,0.4363141,0.13423805,0.13541666,0.15771325
ovodro_img (432).jpg,আরে ও দাদু বলছি সাপ ফনা তোলে তো ??,1,1,1,GAg,0.15517578,0.4054434,0.10808492,0.23871425,0.09258161
fb 448.jpg,"কিছুদিন পরপর একেকজন মা হয়, আর বাবা খুঁজে দিতে হয় সাংবাদিকদের",1,1,4,Oth,0.24451321,0.23396654,0.18519886,0.034866504,0.30145487
ovodro_img (109).jpg,"ডিয়ার বাংলাদেশ , কাপ জেতার আশা ছেড়ে দাও এটা ভেবে খুশি হও যে, তোমরা ভারতের সাথে ফাইনাল খেলছো",4,4,4,Oth,0.034806125,0.0064336546,0.34862402,0.00151924,0.608617
fb 667.jpg,১ম-৫ম শ্রেণী পর্যন্ত পরীক্ষার প্রস্তুতি ৬ষ্ঠ-১০ম শ্রেণী পর্যন্ত পরীক্ষার প্রস্তুতি কলেজ ও ভাসিটি পরীক্ষার প্রস্তুতি,0,0,2,PAg,0.038646337,0.06466206,0.6905008,0.073434375,0.13275646
fb 1012.jpg,কি ভাই সুরা ফাতিহার অর্থ ঠিক মতো পারেন না আবার প্রতি শুক্রবারে জুম্মা মোবারক মারান,3,3,4,Oth,0.29577532,0.024048712,0.11498728,0.09812867,0.46706
fb 1279.jpg,হ্যালো জানু এখন রাখি; পরে কথা হবে ভোক্তা অধিকার সংরক্ষণ ভ্লগ দেখতেছি,2,2,2,PAg,0.058787756,0.13223495,0.47156247,0.051207677,0.28620714
blog 411.jpg,এইখানে পষ্ট কইরা লেখা আছে: পাহাড়গুলা শক্ত কইরা বসানো আছে বইলা পৃথিবী হেইলা-দুইলা পড়ে না। (সুরা ১৬:১৫),3,3,3,RAg,1.4263639e-05,0.00011031009,1.3356606e-05,0.9998616,5.3445586e-07
fb 494.jpg,"*আমার ছেলেকে আমি বেশি ভালো জানি ! মা; *না তার থেকে ভালো তো আমিই জানি ! গার্লফ্রেন্ড; *সারাবছর হোস্টেলে একসাথে থাকা রুমমেট বন্ধু; কিছুই বলার নহে, কিন্তু চালিয়ে যাও...",0,0,1,GAg,0.24811402,0.6208527,0.03414856,0.033055004,0.063829765
ovodro_img (785).jpg,"কীরে এত কাঁদছিস কেন ? পূজোর শপিং করতে গিয়েছিলাম এটা তো সুখের বিষয় ! কান্না কেন করছিস... ১০,০০০ টাকার জিনিষ কিনেছি তাহলে তোর প্রবলেম কী ? তুই কান্না কেন করছিস ? জামা প্যান্ট কেনা হয়নি শুধু মেকাপের সব কিছু কিনতেই ১০,০০০ লেগেছে",0,0,2,PAg,0.1366517,0.146123,0.55496514,0.080522776,0.08173729
blog 166.jpg,প্রার্থনাবদ্ধ দুটো হাতের চেয়ে কর্মরত দুটো হাত সব সময়ই সহস্রগুণ শ্রেয়।,3,3,3,RAg,0.14975819,0.05992859,0.034677822,0.6410557,0.11457969
in 423.jpg,বেঞ্জিমা পিসিমা,2,2,2,PAg,0.020927915,0.06000835,0.7738395,0.10038039,0.044843853
ovodro_img (665).jpg,রঞ্জনা আমি আর আসবো না । রঞ্জনা আমি আর আসবো না ।,0,0,0,NoAg,0.47239283,0.25432423,0.037742086,0.011715312,0.22382563
blog 509.jpg,"পায়ের গোড়ালি ঢাকো, নাইলে আমার ঈমানদণ্ড খাড়ায়া যাইতেসে। মমিন মুসলিম",3,3,3,RAg,0.01790927,0.013387911,0.05218281,0.88905376,0.027466228
fb 780.jpg,"গোসলে গিয়ে পানি ঢালার পর টেংকিতে যখন পানি শেষ হয়ে যায় আমার লাভ-লস নাই, আমার লাইফটাই লস",0,0,0,NoAg,0.33273107,0.2549042,0.05849354,0.063908964,0.28996223
in 20.jpg,ঠিকই ধরেছেন আব্বু আম্মুর বিয়ের একটি ছবি খুজে পেলাম (ভাবছি নিলামে তুলবো ছবিটি কিনতে হলে যোগাযোগ করুন আমার সাথে ),4,4,0,NoAg,0.75069964,0.081003554,0.062712535,0.031873804,0.07371055
fb 890.jpg,শীতের ভয়ে সাতদিন পর একদিন গোসল করিস আবার কে গোসল করলো কি করলো না এসব নিয়ে এলাকায় মারামারি করোস কেন!,0,0,1,GAg,0.26578563,0.35803413,0.08957826,0.06226485,0.22433712
bamboo-vaiya (234).jpg,যখন তুমি টাইম মেশিন দিয়ে ভবিষ্যতে যাও আর গিয়ে দ্যাখো তোমার ছেলে সব মিম এ লাইক দেয় আর নাইচ অল কমেন্ট করে তুমি-,4,4,0,NoAg,0.6892194,0.12168953,0.04849248,0.017675571,0.12292313
in 618.jpg,"তৃণমূল করে খাওয়ার জায়গা নয়, পুরভোটের প্রচারে হুঁশিয়ারি অভিষেকের অভিষেক এটা একদম ঠিক বলেছে ...",2,2,2,PAg,0.0034689992,0.0049591064,0.9409681,0.002278168,0.048325673
Halal Memes (99).jpg,যে দিন স্কুলে না গিয়ে স্কুলের সামনে দিয়ে কথাও বেরাতে যাই,0,0,4,Oth,0.29478055,0.097885475,0.09808346,0.024781413,0.484469
chosha (73).jpg,"মুলো না গাজর ? চাইনা গাজর , চাইনা মুলো যদি থাকে বাড়াতে জোর",1,1,1,GAg,0.13246699,0.69249684,0.014832613,0.011214784,0.14898877
bamboo-vaiya (23).jpg,"আমি তোমাকে ছাড়া বাঁচবো নাহ হ্যাঁ, চুদে দেওয়ার আগে সবাই এই কথাই বলে",1,1,1,GAg,0.058595303,0.8951415,0.0057120556,0.0022555708,0.038295582
blog 74.jpg,"আমি তোমার জন্য দোয়া করবো । ইয়া মাবুদ, বিতর্কের সময় আমার দেখানো সব পয়েন্টই যে সঠিক, তুমি বোকচোদ নাস্তিকটারে সেইটা বোঝার তওফিক দান করো । আমিন ।",3,3,3,RAg,0.049091313,0.024506163,0.0069956896,0.8795158,0.039891016
ovodro_img (626).jpg,বাকী জায়গায় লোক দেব কে ৫ বছর যেভাবে দেখেছে ! ঘাটালের লোক দেবকে ৫ বছর যেভাবে দেখেছে !,4,4,0,NoAg,0.34125283,0.2756694,0.092231944,0.048878342,0.24196751
fb 1508.jpg,"মহাদেশের সর্বোচ্চ কালীমন্দির ভেঙে যারা করে দিলো সাফ ঢাকার রমনা কালীমন্দির সাফ করে মুজিব নির্মিত সুরাবর্দি উদ্যান বাঙালি তোমার শত্রু চেনে, কোন দিনও তাদের করো নাকো মাফ",3,3,3,RAg,0.025005352,0.0051171947,0.0144581655,0.9497345,0.005684777
fb 1607.jpg,নাস্তিকরা যখন ফ্যামিলিতে নাস্তিক যখন মার্কেটিং এ নাস্তিক যখন ফেসবুকে ও পার্টতে,3,3,3,RAg,0.2333268,0.19109832,0.13923605,0.40190467,0.034434155
blog 29.jpg,কোরান না পড়ে ইছলামের সমালোচনা করার অধিকার কারুর নেই | বিষ্ঠা না খেয়ে বিষ্ঠার সমালোচনা করার অধিকার কারুর নেই ।,3,3,1,GAg,0.00883587,0.58695096,0.15713768,0.23362662,0.013448876
ovodro_img (64).jpg,ও নিশ্চয় অন্য মেয়েদের কথা ভাবছে ! কিছুদিন বাদেই দুর্গা পূজো সবার জন্য সোপিং করতে হবে,0,0,1,GAg,0.14723726,0.34400666,0.16551438,0.17382328,0.16941836
in 13.jpg,মানুষ কোলবালিশ নিয়ে ঘুমায় আমি বই নিয়ে ঘুমাই,0,0,4,Oth,0.1680494,0.139397,0.059425693,0.12664711,0.5064808
fb 874.jpg,শীতকালে দিন ছোট হয় শীতকালে আরো অনেক কিছু ছোট হয়,0,0,0,NoAg,0.8312758,0.04807675,0.04024559,0.022555284,0.057846565
in 247.jpg,দেখতে পাচ্চো বিনোদ... ভোটের আগে দলীয় ক্যাডারদের কিভাবে কনস্টেবল করার ছক করা হচ্ছে,2,2,2,PAg,0.00164104,0.012862061,0.9563078,0.015481042,0.013708062
fb 1266.jpg,ভাই! ওরা পুরুষকে গালি দিছে। ভাই! ওরা নারীকে গালি দিছে।,1,1,1,GAg,0.20089515,0.4989029,0.08849609,0.09956812,0.11213783
in 387.jpg,"অতিরিক্ত শূন্যপদ তৈরি হয় ব্রাত্য বসুর নির্দেশে', দাবি শিক্ষাসচিবের বিধানসভায় বিজেপি বিধায়কদের নিয়ে মুখ্যমন্ত্রীর ঘরে শুভেন্দু ..... ক্রিয়ার সাথে সাথেই প্রতিক্রিয়া ঘটে",2,2,2,PAg,1.2933506e-05,0.0019624322,0.9947471,0.002458,0.00081949396
fb 342.jpg,দুধ বড় করলেই মাগি হওয়া যায় না মাগি হতে হলে ছিদ্র বড় করতে হয়,1,1,1,GAg,0.011049032,0.98799825,1.9664838e-05,4.981977e-05,0.0008832202
ovodro_img (511).jpg,জেঠ্যু একবার হবে নাকি ? বেল্ট দিয়ে ছাল ছাড়াতে ডাকছে না কী চা টা খেতে ডাকছে ?,1,1,1,GAg,0.1490185,0.6621478,0.020360257,0.012860613,0.1556128
fb 656.jpg,"নিজের পায়ে দাঁড়ানোটাই জরুরি, বিয়ে করা জরুরি না!' শারমিন আক্তার পুরুষ জাতি:",1,1,2,PAg,0.0016662368,0.1173137,0.8088866,0.012903204,0.05923029
fb 1792.jpg,"অন্য কিছু নাহ পিল্টার থেকে কি ভাবে পিওর পানি বের করতে হয় এটাই দেখানো হচ্ছে এখানে, তাও কিছু লিজেন্ড ঐ টাই বলবে",1,1,1,GAg,0.06589387,0.90748674,0.0038718246,0.0032123514,0.019535244
fb 776.jpg,ছোটবেলায় মেলা থেকে আমার জন্য আব্বু কোনো খেলনা কিনে আনার পর *খেলনা *আমি *ছোটভাই,4,4,4,Oth,0.14240582,0.0016846111,0.09571013,0.0003318539,0.75986755
bangla-troll (59).jpg,"১০% মেয়ে ফুটবল, ক্রিকেট এই খেলাগুলা পছন্দ করে আর বাকি ৯০% মেয়ে ছেলেদের জীবন নিয়ে খেলতে পছন্দ করে !",1,1,0,NoAg,0.9082932,0.008497285,0.027228676,0.00090125087,0.055079665
fb 1680.jpg,হুজুর ! ইসলাম অর্থ শান্তি আর মুসলমান মানেই শান্তিকামি .. নয় কী ? চুবানাল্লাহ ! অবশ্যই ঠিক কইসেন .. তো হুজুর ! 'সমকামি' ও 'পায়ুকামি'র মতো 'শান্তিকামি' মানে 'শান্তি'রে ধরি বলাৎকার করা বুঝাবেনা কেনু ? হালার নাস্টেক ! আজকেই ধড় থিকা তুর কল্লা নামাইয়া দিমু..,3,3,3,RAg,0.0006032465,0.00013784482,0.00012367155,0.99902534,0.00010992852
fb 1846.jpg,১৪ই ফেব্রুয়ারি ১৫ই ফেব্রুয়ারি,1,1,4,Oth,0.11016968,0.09108034,0.03333664,0.029333485,0.73607993
fb 921.jpg,পাবনা পাগলা গারদ,4,4,2,PAg,0.19872835,0.12539423,0.29121107,0.13421278,0.2504536
fb 100.jpg,ভূমিকম্প হইলেই বাঙালী ধার্মিক হয়ে যায়,3,3,4,Oth,0.3011741,0.19131482,0.033161152,0.06257008,0.4117799
Halal Memes (24).jpg,যখন আপনার বাসার বাথরুমে টাইলস না থাকার ফলে বাথরুমে কয়টা টাইলস আছে সেটা গুনে এফবিতে স্ট্যাটাস দিতে পারেন না-,0,0,0,NoAg,0.4704302,0.020944208,0.4069791,0.034363784,0.06728272
Bangla Thug Life (48).jpg,*ছোট ভাই *আব্বু *আমি *আম্মু *কনডমের অ্যাড,0,0,1,GAg,0.28939784,0.5235794,0.003480049,0.004325563,0.17921714
tangaila (235).jpg,যখন ঘাটাইলের মেয়ে জানতে পারে তার এক্স এখন অনেক টাকার মালিক :- তার এক্স ঘাটাইলের মেয়ে*,1,1,0,NoAg,0.9612302,0.0030096166,0.030915694,0.0005849863,0.004259392
Bangla Thug Life (274).jpg,কাজে দেরি করে আসায় শিশুটিতে কি নির্যাতন করা হচ্ছে,1,1,4,Oth,0.24607247,0.18792187,0.12145314,0.049769044,0.39478347
fb 158.jpg,নারীকে শাড়ি দিবেন জ্ঞান নয়।,1,1,0,NoAg,0.3972805,0.09887035,0.059895966,0.17123361,0.2727196
Bangla Thug Life (99).jpg,ম্যাথ ক্লাস শেষ হওয়ার পর আমার মাথায় আসমান ভাইঙ্গা পরসে,0,0,4,Oth,0.253063,0.030058447,0.019833714,0.0034301493,0.6936147
blog 2.jpg,জাপানি পর্ন মুভিগুলোয় পুরুষ ও নারীর যৌনাঙ্গ যেভাবে অস্পষ্ট করে দেয়া হয়ে থাকে; জার্মানির চ্যান্সেলর মেরকেলের চুলের ওপরে সেই একই পদ্ধতি প্রয়োগ করেছে চৌদি সরকারী টিভি-চ্যানেল একমাত্র ইছলামই নারীর চুলকে দিয়েছে যৌনাঙ্গের মর্যাদা,3,3,3,RAg,0.110274,0.07774134,0.18126453,0.3721061,0.25861406
fb 1250.jpg,বাংলাদেশ-ভারত ভাই ভাই,2,2,1,GAg,0.29692382,0.64289105,0.009322839,0.019470438,0.031391855
blog 237.jpg,"তোমরা পাথর নিক্ষেপ করে নারীহত্যা করো আল্লাহ, নবী ও ইছলামের নামে",3,3,3,RAg,0.16128844,0.0895205,0.05498106,0.6540521,0.040157907
in 178.jpg,এমন ফ্রেম সম্ভব হলেও হতে পারে কিন্তু দূর্নীতিমুক্ত তৃণমূল কোনোদিনই সম্ভব নয়,2,2,4,Oth,0.19093458,0.22305882,0.021221755,0.017013742,0.5477711
fb 382.jpg,বিয়েবাড়িতে মেয়েরা বেশি খাওয়া যাবে না ডায়েটে আসি; যাদের বিয়ে তাদের সাথে ছবি তুলতে হবে হ্যা এত সেজেগুজে আর মেকাপ করে এসেছি ছবি তুলতে হবে খাওয়া দওয়া বাদ ছেলেরা ভাই প্রথমেই বসে যেতে হবে খেতে কোনো কথা নাই হ্যা ভাই তারপর দাঁড়়িয়ে মেয়ে দেখা যাবে,0,0,4,Oth,0.18959045,0.28504255,0.12157568,0.10786476,0.29592648
fb 1850.jpg,যত্ন নিলে মরা গাছেও ফুল ফুটে,1,1,1,GAg,0.10724907,0.8089778,0.004543419,0.004652911,0.07457676
direct-offense (10).jpg,তিতলি কী পারবে ? আমাকে একটা গালফ্রেন্ড এনে দিতে ,4,4,1,GAg,0.02207922,0.7812674,0.034292016,0.054601353,0.107760035
in 213.jpg,পিসি সততার প্রতীক দূর্নীতি,2,2,4,Oth,0.16118143,0.023063444,0.1051311,0.011300266,0.6993238
fb 1712.jpg,মঙ্গল শোঙাযাত্রা করছেো? মঙ্গল তুমি রাখো ! শোভা'রে পাঠায় দাও আমার কাছে..,3,3,3,RAg,0.07982224,0.2318735,0.05763227,0.4050044,0.22566755
fb 2078.jpg,যে যেটা পছন্দ করে হেটারসরা বলবে আমি নাকি রোনাল্ডোকে ট্রোল করছি,4,4,0,NoAg,0.5286107,0.04518492,0.16972442,0.11281158,0.14366834
bamboo-vaiya (11).jpg,আরে ভাই একটা দল ছিল যারা কিনা এবারের লিগ জেতার স্বপ্ন এখনও দেখে নাম বললে মান সম্মান থাকবে না তুমি আবার রিয়াল মাদ্রিদ সুদাও কেন ?,4,4,2,PAg,0.058236912,0.036833867,0.82785004,0.037825577,0.03925353
Halal Memes (14).jpg,*রিটেক *আমি *পাশ,4,4,4,Oth,0.24078697,0.14452302,0.07598841,0.012315435,0.5263862
fb 1609.jpg,মানব ধর্মের মানুষ গুলো দেখতে এমন,3,3,2,PAg,0.20063387,0.048917443,0.6486291,0.05082585,0.050993662
Halal Memes (227).jpg,প্রিন্সিপাল ম্যাডাম যখন আমাকে উনার অফিসে ডাকেন লে আমার বন্ধুরা:,0,0,0,NoAg,0.84541214,0.09303009,0.012738028,0.0014364789,0.0473833
tangaila (182).jpg,ট্যুরে যাওয়ার প্লান করার সময় বন্ধুরা সহ ট্যুরের দিন আমি একা,0,0,4,Oth,0.11966637,0.03874403,0.2713846,0.004998041,0.565207
in 595.jpg,বলছি বিধিনিষেধ বড়দিনের আগেই চালু করতে হতো... তবে মদ বেচে এতো কোটি টাকা কোথা থেকে আসতো ? টাকা না এলে লক্ষীভাণ্ডার ভরবে কিসে?,2,2,2,PAg,0.06606993,0.063734934,0.59637445,0.021137947,0.25268275
fb 1377.jpg,বামপন্থী আন্দোলনের ভিতরে থাকা দক্ষিণপন্থী মনোভাবাপন্ন লোকদের সমালোচনা করা বামপন্থীরা। কোনোরকম রাজনৈতিক জ্ঞান না থাকা মাথামোটা দক্ষিণপন্থী আইটি সেল কর্মী।,2,2,2,PAg,0.034287438,0.114251986,0.48969656,0.20658,0.155184
fb 1446.jpg,"সুইডেনে কোরআন পুড়িয়ে কট্ররপন্থিদের বিক্ষভ অনলাইন ডেস্ক । ২২ জানুয়ারি, ২০২৩ ১২:৩৯",3,3,1,GAg,0.2967003,0.5097607,0.061602462,0.055860937,0.076075695
fb 1262.jpg,ইসলামিক দেশের বই-মেলাতে ইসলামিক বই নিষিদ্ধ করে কি শান্তির ঘুম ঘুমাচ্ছে কু#ত্তার বাচ্চা গুলো,3,3,3,RAg,0.3148141,0.072454356,0.06174314,0.46872044,0.08226799
in 605.jpg,বর্ষসেরা ব্যবসায়ী (কয়লা /বালি) ভাইপো,2,2,2,PAg,0.0005170213,0.002031114,0.9939029,0.0032421313,0.00030688551
bamboo-vaiya (16).jpg,-মনে করো আমি তোমার বন্ধু এখন বলো আমি কি খারাপ ? - না দোস্ত তুই একটা মাদারচোদ,4,4,0,NoAg,0.42784926,0.21583268,0.12385253,0.030659592,0.20180596
Halal Memes (317).jpg,সরকার যদি আপনার বাসার নিচে তেলের খনি পায় তাহলে সেটা সরকারের কিন্তু যদি গাঁজা পায় সেটা আপনার,0,0,0,NoAg,0.81280804,0.011072926,0.122142665,0.001456703,0.05251965
in 152.jpg,সামনে পঞ্চায়েত ভোট আসছে মাসিমা আমাকে চিনতে পারছেন তো? কেন চিনতে পারবো না! টিভিতে কতবার দেখেছি টাকার বান্ডিল নিতে,2,2,2,PAg,0.101917714,0.047668025,0.51601994,0.019208908,0.31518546
fb 1771.jpg,আর্জেন্টিনাদের খেলার জন্য মাঠ প্রস্তুত,1,1,4,Oth,0.19599368,0.3059583,0.042298462,0.021240612,0.43450898
Bangla Thug Life (378).jpg,গার্লফ্রেন্ড পেয়ে ফ্রেন্ডদের ভুলে যাওয়া ফ্রেন্ডের যখন ব্রেকাপ হয় ফ্রেন্ডরা: এটাও আল্লাহ তায়ালার একটা নিয়ামত,0,0,0,NoAg,0.76990575,0.026153335,0.1269808,0.012818704,0.06414139
bangla-troll (33).jpg,মেয়েটা আমাকে দেখে চোখ টিপ দিয়েছে ... নিশ্চয়ই তার চোখে সমস্যা আছে !,0,0,1,GAg,0.3240228,0.35852134,0.04639,0.027117457,0.24394837
fb 1961.jpg,কৃষি শিক্ষা ক্লাস করাচ্ছে স্যারে,1,1,4,Oth,0.15538472,0.10628917,0.055664435,0.07928118,0.6033805
bamboo-vaiya (180).jpg,দুর্বল হওয়ার থেকে মাদারচোদ হওয়া উত্তম । -নুনুকাটা গ্রেজয়,4,4,1,GAg,0.20499791,0.39490497,0.12681708,0.11436835,0.15891168
in 488.jpg,একটা যুবরাজ দেখান তো! সস্তার কিছু দেখান...,2,2,2,PAg,0.0068402025,0.013304349,0.8525237,0.0024739043,0.124857835
blog 161.jpg,-বেহেশতে গিয়ে পুণ্যবতী মুছলিম জেনানার প্রধান কাজ কী হবে? -তার স্বামীর ৭২ হুরের কাপড়চোপড় ধোওয়া ও ইস্ত্রি করার জন্য বুয়া লাগবে না!,3,3,1,GAg,0.05656281,0.76028764,0.014762686,0.08882888,0.07955791
KAM (72).jpg,বাবা আমি সত্যি বলছি বাথরুমে ঐটা শ্যাম্পু পড়ে আছে হইছে আর মিথ্যা বলা লাগবে না তোমার ওই বয়সে থাকতে আমিও এইরকম অনেক শ্যাম্পু ফেলেছি,0,0,0,NoAg,0.6038168,0.10762373,0.02208045,0.008545436,0.2579335
bamboo-vaiya (110).jpg,বিশ্বাসের ভাইরাস অভিজিৎ রায়,4,4,4,Oth,0.0749165,0.2080192,0.115545176,0.010802861,0.59071636
tangaila (288).jpg,হ্যাপি নিউ ইয়ার জুমা মোবারক,3,3,0,NoAg,0.25143057,0.21341476,0.19738303,0.14944284,0.18832879
fb 460.jpg,যাকে ভালোবাসা যায় তাকে ময়লা কাপড় আর ছেড়া জামাতেও ভালোবাসা যায়!,0,0,1,GAg,0.18721965,0.58360726,0.04758097,0.025896994,0.15569508
ovodro_img (436).jpg,আমি বাললায় গান গাই আমি বাললায় গান গাই আগে বাংলা টা ঠিক করে বল তারপর না হয় বাংলায় গান করিস,4,4,0,NoAg,0.70069563,0.025410086,0.039428677,0.0012624103,0.2332033
fb 1330.jpg,বাবা বলেছেন আপনি নাকি আমাদের পার্সোনাল ডাটা চুরি করেন? উনি তোমার আসল বাবা নন,4,4,4,Oth,0.06830026,0.20949556,0.30930716,0.008721389,0.40417564
in 145.jpg,লোকটা কালীঘাটে শুধু জানতে গিয়েছিলো তৃণমূলের দলীয় প্রার্থীর নাম ঠিক করার ভোটও অবাধ; শান্তিপূর্ণ করার জন্য কেন্দ্রীয় বাহিনী মোতায়েন করতে হবে!?,2,2,2,PAg,0.01122452,0.028963884,0.8039023,0.14403388,0.011875513
blog 102.jpg,"অমুছলিম যুদ্ধবন্দী নারীদের লজ্জা দিতে ও অবমানিত করতে তাদেরকে ধর্ষণ করার অধিকার আল্যা মুছলিম পুরুষদের দিয়েছেন - সুয়াদ সালেহ (ইছলামী অধ্যাপক, আল-আজহার বিশ্ববিদ্যালয়)",3,3,3,RAg,0.0165588,0.018683953,0.009216369,0.93209326,0.02344762
fb 66.jpg,সেই খুশির মুহূর্ত যখন দুই বন্ধু একসাথে ফেইল করি,0,0,0,NoAg,0.45887393,0.17785002,0.03030649,0.2039918,0.1289778
in 596.jpg,"আবার বিধিনিষেধ চালু হলো! খেটে খাওয়া মানুষ গুলো কোথায় যাবে!? বিধিনিষেধ আরোপ মানেই বাবুদের সাইড ইনকাম পথেঘাটে পেটিকেস, কালীঘাটে স্যুটকেস!",2,2,2,PAg,0.07982625,0.12252051,0.75133693,0.009077826,0.037238453
pin 24.jpg,শিক্ষা মন্ত্রী টুকে পাশ শিল্প টাইম পাস অর্থ মন্ত্রী দিচ্ছে বাঁশ ক্রীড়ামন্ত্রী কারাবাস নগর মন্ত্রী ঘুষ খাস কৃষি মন্ত্রী ফোর পাস বাকি গুলো দলদাস মুখ্য মন্ত্রী সর্বনাশ বঙ্গবাসীর লন্ডন বাস,2,2,3,RAg,0.0092435,0.020923357,0.15920478,0.7616211,0.049007215
fb 1766.jpg,বন্ধুর শালীর পমপম আমি,1,1,4,Oth,0.17044054,0.13051146,0.091464624,0.025206668,0.5823767
KAM (105).jpg,এক চুটকি সিন্দুর কি কিমাত তুম ক্যায়া জানো রামেশ বাবু আমি জনব কেমনে? আমি লাগাই নাকি?,0,0,4,Oth,0.15978512,0.08130632,0.022279557,0.0028042067,0.7338248
blog 390.jpg,"নিজেরে যখনই আবাল মনে হবে তখন মনে কইরেন, আল্যার দুনিয়ায় আপনের চেয়ে বহুত গুণ বেশি আবাল আছে কোটি কোটি, যারা বিশ্বাস করে, একদিন সূর্য উঠবে পচ্চিম দিকে",3,3,3,RAg,0.021425713,0.041569937,0.0072047114,0.9168988,0.012900759
fb 1677.jpg,মানলাম আমি হারাম । কিন্তু সৃষ্টিকর্তা কতবড় হারামি হলে আমার মত হারাম প্রাণীর সৃষ্টি করতে পারে?,3,3,2,PAg,0.117748715,0.2567056,0.26999995,0.16537821,0.19016752
Bangla Thug Life (66).jpg,ডাটা প্যাক না কিনেই যখন আপনি ব্রাউজিং শুরু করেন সিম কোম্পানি: আপনি:,0,0,0,NoAg,0.5077826,0.027130477,0.27160516,0.01854559,0.17493622
in 182.jpg,হু হু করে নাকি কমে যেত বয়স! বাদরের অন্ডুকোষ মানবদেহে প্রতিস্থাপন করে চমকে দেন চিকিৎসক এইটে আগে জানানো উচিং ছিল....,2,2,2,PAg,0.0014783185,0.013170512,0.90267545,0.0091166245,0.07355915
fb 539.jpg,শাহীন কী ন'টির পোলাকে ধরতে পারছিলো?,4,4,1,GAg,0.065254994,0.7427192,0.058898844,0.060898203,0.072228834
fb 1838.jpg,আরেকটু খাও বাবু । না খেয়ে দিনদিন শুকিয়ে যাচ্ছো যে ।,4,4,1,GAg,0.15536942,0.5568927,0.06592182,0.055089228,0.16672684
in 377.jpg,"আডবাণীর নেতৃত্বে বিজেপি এসে উদ্ধার করে! দাবি শুভেন্দুর| সিঙ্গুর আন্দোলন কোনও আন্দোলনই ছিল না, দাবি শুভেন্দুর এইভাবে সব বলে দিলে দুজনের কারোরই লাভ হবেনা",2,2,2,PAg,0.1170119,0.122546144,0.450297,0.21684037,0.09330453
fb 142.jpg,সেই প্যারাময় মুহূর্ত : যখন পিজ্জা খেতে গিয়ে কামড় পিজ্জাতে না লেগে নিজের হাতেই লাগে!,0,0,4,Oth,0.22352934,0.25464433,0.024000568,0.007860401,0.48996544
fb 1088.jpg,স্যার কোনভাবে দুই দলকেই হারিয়ে দেওয়া যায় না!,4,4,0,NoAg,0.4046223,0.051190745,0.19794573,0.016704204,0.3295371
in 28.jpg,ঘরের সব কাজ করার পর যখন বুঝতে পারি যে ঘরের সব কাজ আমি একাই করে ফেলেছি আম্মু আমাকে কি তোমার বুয়া মনে হয়? থাকমোনা আমি তোমার ঘরে আমি কোরিয়া আমার ইয়ের কাছে যামোগা,0,0,0,NoAg,0.46067768,0.3596979,0.04490533,0.034723602,0.09999541
tangaila (108).jpg,তার হাজবেন্ড বিন্দুবাসিনীর মেয়ে,1,1,4,Oth,0.18404949,0.15645835,0.07122493,0.032617815,0.55564946
bamboo-vaiya (334).jpg,*৯ বছরের আমি *বিস্কুটের ক্রিম,1,1,1,GAg,0.24112807,0.62360555,0.034145787,0.0333425,0.067778125
fb 1128.jpg,"মাদখালী, সরকারপন্থী দেওবন্দী, তাদের জিহাদোফোব সমর্থকবৃন্দ। জিহাদিস্ট, ইসলামিস্ট মিলিটারি অর্গানাইজেশন, তাদের সমর্থকবৃন্দ।",3,3,2,PAg,0.013890711,0.011788224,0.55002105,0.021389298,0.4029108
in 471.jpg,"জামিন দিন, আমাকে বাঁচতে দিন! শুনানিতে কেঁদে ফেললেন পার্থ, ফের জেল হেফাজত চাইল ইডি আপনি একদম চাপ নেবেন না... পিসি ঠিক ভিতরে ভিতরে আপনার জামিন করে দেবেন",2,2,2,PAg,0.004088003,0.007891085,0.9567352,0.018163376,0.013122286
fb 1434.jpg,"কেবল হোঃ হোঃ হোঃ, কেষ্টদাসের পিসি- বেচত খালি কুমডো কচু হাঁসের ডিম আর তিসি।",2,2,2,PAg,0.0037793363,0.022938285,0.74551183,0.0048491834,0.22292133
fb 1482.jpg,কি দিন আইলো রে ভাই! হুজুররাও নাকি ইত্যাদি তেলেসমাতি জিনিসের নাম জানে!,3,3,4,Oth,0.20300098,0.061611984,0.07971045,0.022261996,0.6334146
pin 19.jpg,"ভদ্রমহিলা ছাতা সারাতে গেছেন আপনার উপরের কাপড় খুলতে হবে; আর নিচে ডান্ডাও লাগাতে হবে| যা করার করো, শুধু মনে রেখো ভিতরে জল না পড়ে!",1,1,2,PAg,0.14607354,0.0615912,0.55371904,0.07361029,0.16500595
bangla-memes (50).jpg,বাজারের সবচেয়ে* কমদামী গরু *আমার আব্বু,0,0,0,NoAg,0.5252491,0.14867967,0.15608765,0.038621195,0.1313624
Halal Memes (245).jpg,নতুন শার্ট নিয়ে আসা বিদ্যমান । আম্মু: কত নিছে ? আমি: ফ্রী'তে পাইছি আম্মু । আম্মু: তাও ঠকছোস । আমি হইলে ফ্রী'তে দুইটা নিতাম লে আমি:,0,0,2,PAg,0.05960695,0.21085191,0.59473187,0.034244925,0.10056431
blog 494.jpg,রিজিকের মালিক আল্লাহ,3,3,3,RAg,0.07310258,0.021538189,0.014327444,0.8446891,0.04634278
KAM (415).jpg,বাথরুমে এতক্ষণ কি করছ? বিয়ে-শাদি দাও না বাথরুমে তো সময় লাগবেই,0,0,0,NoAg,0.5628439,0.071428016,0.022664847,0.0034664795,0.3395968
blog 297.jpg,সজাগ হোন আল্লাহু আকবর ! ঘুমিয়ে থাকুন ইছলামের সমালোচনা করা হীনতা ।,3,3,3,RAg,0.0020947638,0.00084160466,0.00042852672,0.9963593,0.00027576974
blog 32.jpg,কুরান ৬:১১৫/১৮:২৭ কেউ আল্লার কথা বিকৃত করতে পারে না । তাইলে... মডারেটরা যে বলে জংগিরা কুরানের অর্থ বিকৃত করে জংগী হয়ে উঠে এইটা কার কুরান ?!,3,3,3,RAg,0.08954052,0.014397091,0.02170529,0.86397916,0.010377929
fb 1973.jpg,*একটা হট ছবি পাঠাও* বয়ফ্রেন্ডের জন্য বেস্টফ্রেন্ডের জন্য জাস্টফ্রেন্ডের জন্য,1,1,1,GAg,0.1997216,0.4212408,0.09146964,0.10637376,0.18119414
KAM (795).jpg,বিউটি পার্লারে যাওয়ার আগে: বিউটি পার্লার থেকে বের হওয়ার পর,4,4,4,Oth,0.15839103,0.13232972,0.15064555,0.01111345,0.5475203
KAM (92).png,আড়াই টাকার পারফর্মেন্স হাজার টাকার ফায়দা!,4,4,4,Oth,0.111159734,0.043473847,0.34574947,0.020720614,0.47889635
fb 601.jpg,"""আন্টি আপনার মেয়ের নাম ছোট করে রাখা উচিত ছিল। আমার বন্ধুর হাত কেটে লিখতে কষ্ট হয়""",4,4,1,GAg,0.3691455,0.4516995,0.086548045,0.038343336,0.054263674
in 314.jpg,তৃণমূল ভবনের দরজা সৎ লোকেদের জন্য দুর্নীতিগ্রস্তদের জন্য,2,2,0,NoAg,0.3961007,0.24068287,0.15018581,0.030275218,0.18275544
in 82.jpg,উচ্চতা সষ্পন্ন পঞ্জাবি পরিহিত চাপ দাড়ি রাখা ছেলে অস্তিত্ব রাখে *বাঙালি মেয়ে উফফ আমি এরকম ঘেমে যাচ্ছি কেন ? আমার মনটা এরকম দুর্বল হয়ে পড়ছে কেন,1,1,0,NoAg,0.35959268,0.25514898,0.07128514,0.047804788,0.26616833
KAM (117).png,ক্লাসের সব চেয়ে ব্রিলিয়ান্ট স্টুডেন্টের পাশে পরীক্ষার হলে সিট পরছিল! কিন্তু শালা তার হাতের লেখা এত সুন্দর যে বুঝতেই পারি না!,0,0,4,Oth,0.19354524,0.08654778,0.13372897,0.020294724,0.5658832
bamboo-vaiya (240).jpg,"জীবনে প্রথম প্রেমটা রিয়েল হয়, আর সেটা ও হয় এক বারোভাতারি মালের সাথে",1,1,1,GAg,0.045228038,0.84721017,0.012317621,0.00077357236,0.09447075
bangla-gag (80).jpg,"আসলামুল হক আসলাম সংসদ সদস্য, ঢাকা-১৪ আসন মজা পাইলাম !",2,2,2,PAg,0.07379871,0.07370297,0.3898924,0.07790073,0.38470528
ovodro_img (272).jpg,"সেদিন ঝাল লাগলো কেনরে আমার ওখানে ? হুহু , জানেও না আমার বাড়ী শ্রীলঙ্কা ঝাল তো লাগবেই",1,1,1,GAg,0.112478256,0.724955,0.028949762,0.024864133,0.108752795
in 552.jpg,গত ৭০ বছরে কংগ্রেস দেশের জন্য কি করেছে? বলবো না। কেন? বললেই আপনি সেগুলো বিক্রি করে দেবেন!,2,2,3,RAg,0.036182836,0.26342404,0.22873546,0.3726171,0.09904057
fb 334.jpg,দোস্ত ভিতরে পরে গেছে! ! সমস্যা নাই! তুই চালিয়ে যা বয়ফ্রেন্ডের উপর দোষ চাপিয়ে দিবো!,1,1,0,NoAg,0.6083087,0.07930156,0.019919842,0.24950737,0.042962518
Bangla Thug Life (246).jpg,কচি দেবর দেখা বিদ্যমান সাবিতা ভাবি বি লাইক:,1,1,0,NoAg,0.4192585,0.25443834,0.18659867,0.041249014,0.09845556
in 102.jpg,করোনায় আক্রান্ত 'টুম্পাসোনা',4,4,4,Oth,0.023245806,0.053711947,0.14780879,0.22043279,0.55480075
fb 1721.jpg,তুমি কামের ফাঁদে পড়েছ তুমি রামের ফাঁদে পড়েছ,3,3,4,Oth,0.28777495,0.1934499,0.10771806,0.055601336,0.3554557
blog 299.jpg,"পলিনেশিয়ান ঈশ্বর লোনোর কথা শুনলে আপনার হাসি পায়, ঠিক না? জানেন, আপনার ঈশ্বরের কথা শুনলে আমারও ঠিক একই অবস্থা হয় ।",3,3,3,RAg,0.0039098286,0.0009063477,0.00037913,0.9945966,0.00020812883
ovodro_img (541).jpg,"কোম্পানিতে জয়েন করলে ১০,০০০ আর ছয়মাস এর পরের থেকেই ২০,০০০ হবে মাইনে ! তাহলে কবে থেকে জয়েন করবে ? ছয়মাস পরে থেকেই করব জয়েন",0,0,2,PAg,0.047277424,0.09851469,0.70797616,0.057004884,0.08922683
Halal Memes (56).jpg,*দোকানের বেগুনি *বাসার বেগুনি,0,0,1,GAg,0.35084388,0.37989935,0.013666288,0.035879433,0.219711
fb 1661.jpg,"কৃষ্ণ এখন সখীদের নিয়ে ফষ্টিনষ্টিতে ব্যস্ত, আবাল ভক্তদের দিকে তাকানোর সময় নেই জন্মাষ্টমীর উৎসবে দুর্ঘটনা, কচুয়ায় পদপিষ্ট হয়ে মৃত ৬, খবর ফটাফট বৃষ্টিতে হুড়োহুড়ি, মৃত্যু",3,3,0,NoAg,0.48639825,0.031032922,0.1770355,0.16520222,0.14033107
fb 108.jpg,তুমি যদি এই কাজটি করে থাকো তাহলে তোমার শৈশব অনেক জোশ ছিলো,0,0,3,RAg,0.106526464,0.096267805,0.021133924,0.75518405,0.020887757
fb 1124.jpg,ইংরেজি ভাষায় বাংলা ভাষা শহীদদের স্মরণ ব্র্যাক ইউনিভার্সিটির *ব্র্যাক ইউনিভার্সিটি এই শহরে আমার মত দেশ প্রেমিক আর একটাও নাই,4,4,2,PAg,0.0060816742,0.051345717,0.8233282,0.07588805,0.043356318
fb 740.jpg,গাঁজার আগুনে পোড়ানো হলো প্রেমিকার লাশ গাঁজাখোর দের গার্লফ্রেন্ডঃ,4,4,2,PAg,0.11993933,0.14640199,0.31029463,0.20204394,0.2213201
bangla-gag (6).png,"পড়াশুনা না করলে আমও যাবে, ছালাও যাবে ছালা দিয়ে কি করবো?",0,0,4,Oth,0.18811132,0.098823965,0.23770577,0.052848052,0.42251092
in 105.jpg,ফেসবুকঃ আমি সব কিছু জানি গুগলঃআমার কাছে সব কিছু আছে ইন্টারনেটঃ আমি ছাড়া তোরা কিছুই না চার্জারঃ আওয়াজ নিচে *লে কারেন্টঃ,0,0,4,Oth,0.18973869,0.12893699,0.2826229,0.045843497,0.3528579
ovodro_img (662).jpg,পারবো না হতে আমি রোমিও,0,0,2,PAg,0.20456925,0.21494019,0.28169653,0.0855889,0.21320513
chosha (118).jpg,যখন আমরা গালফ্রেন্ডের মুখে ললিপপ চুষতে দেই,1,1,1,GAg,0.054719318,0.88876307,0.008084504,0.03470549,0.013727695
in 460.jpg,বড়ো হয়ে তোমরা কি করবে? চায়ের স্টল ঘুগনির দোকান তেলেভাজা দোকান,2,2,4,Oth,0.06979973,0.031158809,0.1909793,0.0018961625,0.70616597
in 519.jpg,এই যে মন্ত্রীসভায় রদবদল মনেহয় পরিবর্তন কিছু হবে? প্রথম ব্যাচের খাওয়া শেষ এবার দ্বিতীয় ব্যাচ খাবে,2,2,2,PAg,0.0064853095,0.030635186,0.89711505,0.042941403,0.022823066
fb 404.jpg,তুমি তো আমারে টেনশন এ ফেলায় দিলে মিয়া,2,2,2,PAg,0.12761652,0.07729061,0.49766764,0.034001097,0.2634241
direct-offense (49).jpg,বারোবাতারী সীমিত আকারে বারোবাতারী,1,1,4,Oth,0.16665755,0.22803469,0.18462501,0.07489604,0.34578675
in 161.jpg,আমি সোম বুধ শুক্র তৃণমূলে থাকি আর মঙ্গল বৃহ শনি বিজেপিতে থাকি রবিবার ছুটিতে থাকি,2,2,2,PAg,0.006450785,0.12289949,0.6944632,0.15941057,0.016775945
blog 236.jpg,এইখানে পষ্ট কইরা লেখা আছে: এই দুনিয়ায় চতুষ্পদ জন্তু আছে সর্বমোট ৮ প্রকার। (সুরা ৩৯:৬),3,3,3,RAg,1.0007868e-05,6.854907e-05,8.413209e-06,0.9999126,3.4330452e-07
ovodro_img (794).jpg,একজন ডাক্তার তার রোগীর সেবা করতে কোন ত্রুটি রাখে না,1,1,1,GAg,0.34902707,0.36802268,0.019327177,0.04323772,0.22038536
ovodro_img (656).jpg,গরমে সিদ্ধ হচ্ছিল বলে জামা খুলে ফেললেন একজন বং ক্রাশ,1,1,1,GAg,0.05773182,0.92701757,0.001817235,0.0026576978,0.010775628
fb 191.jpg,বন্ধুর সাইজ বন্ধুর বউয়ের সাইজ,1,1,1,GAg,0.09995646,0.56916094,0.07553826,0.027620047,0.22772431
in 216.jpg,বিদ্যুৎ দফতরের চাকরি থেকে সাসপেন্ড শান্তনু বন্দ্যোপাধ্যায় দুর্নীতি দূর করলেন মমতা ব্যানার্জী এবার বিদ্যুৎ-এর দাম কমবে...,2,2,2,PAg,0.009423673,0.05254492,0.74378246,0.012752109,0.18149677
fb 595.jpg,"বাতাস যাতে নষ্ট না হয়ে যায়, তাই ফ্রিতে কিছু চিপস ও দিয়ে দিছে দেখছি",4,4,4,Oth,0.34013402,0.1931353,0.055503078,0.013341096,0.3978865
in 257.jpg,"তুমি আমাকে 'কয়লা ভাইপো' বলে ডাকলে আমার খুব কষ্ট হয় পিসি আমাকে 'গদ্দার' বললে আমারও কষ্ট হয় সামনে পঞ্চায়েত ভোট চাপ নিস না, হিন্দু মুসলিম খেলা খেলে এটাও পার করে দেবো",2,2,1,GAg,0.17024402,0.3548649,0.14369851,0.096001655,0.23519084
Bangla Thug Life (220).jpg,বাপের বাড়ি থেকে বউ ফিরে এসে স্বামীর সাথে প্রথম রাত্রিযাপনের পর *বউ,1,1,1,GAg,0.34109002,0.5761962,0.008760532,0.007347958,0.0666053
fb 1435.jpg,অষ্ট প্রহর গাইত পিসি আওয়াজ করে মিহি; *এসব সিপিয়েমের চক্রান্ত* ম্যাও ম্যাও ম্যও বাকুম বাকুম ভৌ ভৌ চীহি,2,2,2,PAg,0.0007700457,0.03430925,0.86457074,0.0071826377,0.09316749
ovodro_img (373).jpg,বই মেলায় আমার লেখা বই পাওয়া যাচ্ছে !! কিনবেন সবাই । মরন হবে কত দিনে ??,2,2,4,Oth,0.35363245,0.10681034,0.16812944,0.0123247085,0.35910305
pin 39.jpg,দূর্বল সেতুর ওপর ভারী যানবাহন চলাচল নিষেধ করা হোক !,4,4,3,RAg,0.1340897,0.11944749,0.26932013,0.3353868,0.1417558
ovodro_img (707).jpg,তোদের বাবা কোথায় গিয়ে লুকিয়ে পড়ল ! আসছেই না তাড়াতাড়ি কর । তোমার বৌ আর ছেলে মেয়ে তোমার কথাই বলছে,1,1,1,GAg,0.19360483,0.5511112,0.051850818,0.028079737,0.17535344
fb 1406.jpg,"তারপর সে বললো; ""চীনা অ্যাপ ব্যান করে দিলে ভবিষ্যতে ভারতবর্ষ সস্তা এবং সহজলভ্য দেশীয় পণ্য তৈরি করতে পারবে""",2,2,3,RAg,0.010934881,0.01539085,0.014560469,0.94733554,0.011778256
Halal Memes (93).jpg,নাসির খান সীমিত আকারের নাসির খান,4,4,4,Oth,0.17317297,0.19277045,0.16266097,0.08043978,0.3909558
tangaila (112).jpg,যখন ঈদে কেউ সেলামী না দেয় তখন আমি :,0,0,0,NoAg,0.9030197,0.00612771,0.036432587,0.00056368776,0.05385637
Halal Memes (197).jpg,বার্ষিক পরীক্ষায় কম নাম্বার পেয়েও মা-বাবাকে বুঝিয়ে শুনিয়ে বেঁচে যাওয়া আমি পাশের বাসার আন্টি,0,0,3,RAg,0.1955666,0.029218795,0.1865835,0.5683168,0.020314325
blog 328.jpg,"ইছলামের নবী সবাইরে সতর্ক কইরা দিয়া বলসে, পিচ্চি ইন্দুরও কিন্তু বাড়িতে আগুন ধরায়ে দিতে পারে। জেরির এমন ক্ষমতার কথা পইড়া টম... (সহি মুসলিম, বই ২৩, হাদিস ৪৯৯৪)",3,3,3,RAg,0.00015556622,0.00027095003,9.3014365e-05,0.9994758,4.710159e-06
fb 1916.jpg,লু পোস্ত এভাবে কি দেখেন ভাই? ক্রাশ বলেছে 'তাকে পেতে হলে রান্না শিখতে হবে' তাই রান্না শিখছি,1,1,0,NoAg,0.38601992,0.03734629,0.25306496,0.016288998,0.30727983
blog 331.jpg,"প্রার্থনার চূড়ান্ত মুহূর্তে আপনের চেহারা দেখলে মনে হয়, কোষ্ঠকাঠিন্য আক্রান্ত অবস্থায় আপনে টয়লেটে বইসা রইসেন।",3,3,2,PAg,0.14906414,0.20169306,0.34386718,0.21084428,0.09453147
ovodro_img (749).jpg,মোদিজি কাশ্মীরে আমাকে বাড়ি বানানোর জন্য ১০ কাঠা জায়গা দিয়ে দিন প্লিজ তুই ভারতে পার রাখলেই তোকে জুতোর মালা পরিয়ে পোঁদে মিসাইল বেধে পাকিস্তানে পাঠিয়ে দেব শালা,2,2,2,PAg,0.13466553,0.042720012,0.43601283,0.004354672,0.38224697
Bangla Thug Life (124).jpg,"যখন তুমি কিউট ইন্সটা কুইন হইতে যাইয়া ভাত পাও না, কিন্তু দুধ শো-অফ কইরা অনেক গুলা লাইক কামাই ফেলো",1,1,3,RAg,0.19901522,0.24540602,0.092949085,0.3317998,0.13082981
fb 1291.jpg,রেস্টুরেন্ট সামলাই ছাগলের চাহিদাও সামলাই,4,4,4,Oth,0.17983586,0.20330779,0.02420023,0.10789715,0.484759
fb 1621.jpg,নাস্তিকদের যুক্তি কোরআন মিথ্যা কারন কোরআন অসম্পূর্ণ কেনোনা কোরআনে আমার নাম নেই এবং আমার বাপ ১৪ গোষ্ঠীর নাম নেই তাই কোরআন মিথ্যা অসম্পূর্ণ,3,3,3,RAg,0.20276648,0.04786013,0.018174369,0.697319,0.033880007
fb 1008.jpg,অর্থের পাহাড় করেছি কারণ অর্থ থাকলে গর্তের অভাব পরেনা!,1,1,3,RAg,0.110536285,0.032354716,0.09679093,0.74029934,0.020018661
in 333.jpg,দেখতে পাচ্চো বিনোদ দিদির ভুতেরা কেমন পাড়ায় পাড়ায় বাটাম খাচ্ছে...,2,2,2,PAg,0.009165361,0.017179392,0.89202076,0.012630682,0.06900377
ovodro_img (539).jpg,আমার এবার তিনজন ছেলেকে বিয়ে করা হবে এরম বারে বারে বিয়ে না করে আমাকে বলতে পারিস তো একসাথে কয়েকটা ছেলে পাঠিয়ে দিতাম,4,4,4,Oth,0.08480448,0.09935934,0.08156787,0.0066253836,0.7276429
bamboo-vaiya (275).jpg,*১০০০ টাকা দাম বলা দোকানদার *৩০০ টাকা দাম বলা আমি* *৩০০ টাকায় রাজি হয়ে যাওয়া দোকানদার* *মজা করতে গিয়ে মাইনকা চিপায় পরা আমি*,0,0,2,PAg,0.12592028,0.097061194,0.57485855,0.0207681,0.18139195
blog 156.jpg,"অদৃশ্য ও কাল্পনিক কিছু সত্তার উপাসনা করতে গির্জা, মসজিদ, মন্দির, প্যাগোডা, সিনাগগ ও অন্যান্য উপাসনালয় নির্মাণের পেছনে ব্যয় করা হয়েছে ট্রিলিয়ন ট্রিলিয়ন ডলার... কল্পনা করে দেখুন, এই পরিমাণ অর্থ যদি ব্যয় করা হতো স্কুল, হাসপাতাল ও আশ্রয়স্থল নির্মাণের পেছনে...",3,3,3,RAg,0.049873684,0.009685118,0.039690495,0.8806063,0.020144416
KAM (194).png,সবাই জান্নাতে যেতে চায় কিন্তু কেউ মরতে চায় না !! তেমনি সবাই ভাল রেজাল্ট করতে চায় কিন্তু কেউ পড়তে চায় না !!,0,0,0,NoAg,0.5115244,0.13266848,0.039730705,0.0062619504,0.30981445
tangaila (171).jpg,পোলা গেছিলো সখিপুর বিয়া করতে অতঃপর তার অবস্তা :-,0,0,0,NoAg,0.42419982,0.13983026,0.16228461,0.07978272,0.19390261
Halal Memes (293).jpg,ক্লাসে প্রেজেন্ট দিয়ে বেঞ্চে বসতে যাওয়া বন্ধু* *পিছন থেকে কলম খাঁড়া করে রাখা আমি,4,4,4,Oth,0.13438854,0.1403779,0.15851824,0.03781382,0.5289015
in 220.jpg,এবার নিয়োগ দুর্নীতিতে ধৃত কুন্তল ঘোষের স্ত্রীকে তলব ইডির কুন্তলেরও কি আমার মতো ফ্যামিলি প্যাকেজ??,2,2,2,PAg,0.053030964,0.032512136,0.8258064,0.015540158,0.07311038
blog 47.jpg,"কুকুর গাধা নারী ইছলামে এরা এক কাতারে নবীজি বলেছে, নামাজরত মানুষের সামনে দিয়ে কুকুর, গাধা বা নারী হেঁটে গেলে সেই নামাজ আল্যা গ্রহণ করে না । ( বুখারি খণ্ড ১, বই ৯, হাদিস ৪৯০)",3,3,3,RAg,7.4043404e-05,7.2935174e-05,3.6447298e-05,0.9998154,1.2002967e-06
ovodro_img (284).jpg,শুনলাম তুই নাকি প্রেম করছিস ? অত চিন্তা করিস না । ব্রেকআপ হলে পাড়ার ছেলেদের দিয়েই কাজ চালাব ।,1,1,4,Oth,0.21853232,0.11858961,0.06999811,0.011853927,0.581026
blog 136.jpg,"আল্যা যদি মানুষকে স্বাধীন ইচ্ছাশক্তি দিয়েই থাকে, তাহলে সবকিছুই আল্যার পরিকল্পনার অংশ হয় কীভাবে? আর সবকিছু যদি আল্যার পরিকল্পনার অংশই হয়ে থাকে, তাহলে মানুষের স্বাধীন ইচ্ছাশক্তি থাকে কীভাবে?",3,3,3,RAg,0.006703015,0.008574595,0.0022229885,0.98077434,0.0017250855
Halal Memes (45).jpg,ক্রাশকে চার পাচটা ম্যাসেজ দেওয়ার পর ক্রাশ যখন বিরক্ত হয়ে যায় এতো কম সহ্য শক্তি নিয়ে বেঁচে আছো কি করে,0,0,0,NoAg,0.9605482,0.007856314,0.012400432,0.0064059845,0.012789141
pin 53.jpg,কেবলমাত্র আর একটা 'সেস' কেবলমাত্র আর একটা 'কড়ি নিন্দা' কেবলমাত্র আর একটা বিদেশ ভ্রমণ কেবলমাত্র আর একটা 'ডিচক্যাও',2,2,3,RAg,0.14936148,0.10617894,0.07021552,0.6042295,0.070014484
fb 1660.jpg,জীব্রিল ! উপ্রের দুইদল তো পরিচিত ! নীচের গুলান কারা ..? হুজুর এরা হলু নিরপেক্ষতার আড়ালে থাকা সুবিধাবাদিরা... এজিদ বাহিনী হোসেন বাহিনী বিশ্বের ছুন্নি এক হও শোহদায়ে কারবালার স্মরনে উজ্জীবিত হয়ে আমরাও শহীদ হইতে চাই !,3,3,3,RAg,0.0007522355,4.0123716e-05,8.8085195e-05,0.9990847,3.483719e-05
fb 1401.jpg,মৌলানা: হোমোসেক্সুয়ালিটি হারাম হোমোসেক্সুয়ালরা জাহান্নামের আগুনে পুড়বে। মৌলানা যখন সে মাদ্রাসার কোনো ছাত্রের সাথে কিছুক্ষণ একা থাকার সুযোগ পায়:-,3,3,2,PAg,0.10379678,0.06053411,0.49225125,0.3241349,0.019283013
fb 25.jpg,যখন তুমি পাশের বাসার আন্টির হারমোনিয়াম সংগীতের জ্বালায় ঘুমাতে পারো না,0,0,0,NoAg,0.31797436,0.2535309,0.1848468,0.18184541,0.061802592
fb 2012.jpg,ইনি ৫-০ গোলে ম্যাচ জিতে ৫ আঙ্গুল দেখান আর ইনি ম্যাচ হেরে গিয়ে দম্ভ নিয়ে ইতিহাস টেনে আনে যা কিনা সে সাবেক ক্লাব গুলোর হয়ে জিতেছে,4,4,4,Oth,0.19850874,0.07753604,0.15351664,0.030980272,0.53945833
Halal Memes (10).jpg,যৌতুক নেয়া নিষেধ' বলতে থাকা হেডস্যার: যৌতুকে পাওয়া মোটরসাইকেল নিয়ে স্কুলে আসা ক্লাসটিচার:,0,0,2,PAg,0.2165002,0.056023028,0.34542418,0.055193715,0.32685897
in 393.jpg,"চপ ভেজে ও ঝালমুড়ি বিক্রি করে বিক্ষোভ প্রদর্শন গ্রুপ ডি চাকরিপ্রার্থীদের.... এরা চাকরিপ্রার্থী নয়, এরা সিপিমের এজেন্ট!",2,2,2,PAg,0.02568929,0.1924942,0.5209396,0.04506282,0.21581413
fb 2003.jpg,মহাবিশ্বের কিছু অপ্রয়োজনীয় জিনিস-,4,4,3,RAg,0.13068518,0.031028235,0.17706774,0.6460001,0.0152187385
Halal Memes (276).jpg,*আমি ব্যবহারিক খাতা ওকে নিয়ে আমি এখন কোথায় যাবো ?,0,0,1,GAg,0.13908727,0.7146762,0.025857555,0.053275343,0.0671035
fb 1135.jpg,সাধারণ মানুষের আদি পিতা মাতা শাহবাগীদের আদি পিতা মাতা,4,4,3,RAg,0.12729286,0.027415868,0.064064935,0.64147544,0.13975099
fb 1087.jpg,"শুনলাম প্রতিভার নামে নাকি এক পোলা নিজের পুরুষত্ব বিসর্জনে দিছে, হু কাকা এই পোলায়",4,4,4,Oth,0.12245985,0.014757307,0.0882332,0.0025120014,0.7720376
fb 641.jpg,তার মন ছিলো একদম লোকাল বাস এর মতো যখন যার ইচ্ছা উঠে পড়ত,0,0,0,NoAg,0.51026374,0.12721835,0.027852412,0.0056223786,0.3290431
Bangla Thug Life (199).jpg,বিদেশ ফেরত স্বামী যখন পাঁচ বছর পর দেশে এসে স্ত্রীর সাথে প্রথম রাত্রিযাপনের পর স্ত্রী: পাছাডা ধ্বংস কইরা লাইছিরে ভাই,1,1,0,NoAg,0.87388414,0.016881585,0.01968333,0.0018166314,0.087734245
fb 1795.jpg,কাচ্চি ভাই জর্দা রঙের নাম করে 'কৃত্রিম রং' খাওয়ায় দিবো* খাশির মাংসের নাম করে কুত্তা-বিলাই খাওয়ায় দিবো,4,4,3,RAg,0.052380707,0.06350781,0.0977752,0.77644575,0.009890528
fb 718.jpg,প্রাইভেট না পড়ায় পিটিয়ে ছাত্রীর হাত ভাঙলেন শিক্ষক! প্রাইভেট না পড়া ছাত্রীগণঃ একি বিপদে পড়লাম!,0,0,2,PAg,0.391464,0.017135125,0.48143157,0.0152680725,0.09470125
fb 110.jpg,দুনিয়ায় দুই টাইপের পাবলিক আছে রেগুলার সকালে উঠা পাবলিক পার্ট-টাইম সকালে উঠা পাবলিক,0,0,3,RAg,0.12358518,0.1679585,0.022654891,0.40278128,0.2830201
fb 1230.jpg,সেকু নেতাদের মিলন কেন্দ্র ওস্তাদ! !! বায়ে চাপায়া যান সামনে কিছু অব্যবহৃত মগজ পইড়া আছে! চাক্কা লাগলে ক্ষতি হইতে পারে!,3,3,3,RAg,0.034482468,0.03429992,0.069916606,0.84170204,0.019599006
blog 384.jpg,"জগদীস বসু নাকি আবিষ্কার করসে গাছের প্রাণ আছে! অথচ তার ১০০০ বছর আগে ইছলামের নবী বইলা গেছে, গাছ কথা কইতে পারে গাছ প্রাণহীন হইলে সেইটা সম্ভব হইতো? (বুখারি, খণ্ড ৫, বই ৫৮, হাদিস ১৯৯)",3,3,3,RAg,0.00022073444,0.0003522714,0.00010317859,0.9993186,5.2327746e-06
in 632.jpg,ভালো করে জুম করে দেখুন নিন্দুকেরা বলবে উনি ক্যামেরার দিকে তাকিয়ে আছেন আসলে উনি লক্ষীট্যারা,2,2,0,NoAg,0.52719086,0.06205381,0.10699522,0.040849805,0.2629103
fb 1520.jpg,"ইসলাম শান্তির ধর্ম। সব ধর্মই শান্তির ধর্ম ভাই | চুপ ল্যাওড়া, বলছি ইসলাম শান্তির ধর্ম মানে শুধুমাত্র ইসলামই হলো শান্তির ধর্ম |",3,3,3,RAg,0.1859898,0.23426843,0.08215308,0.40301612,0.09457264
fb 927.jpg,ভার্সিটিতে শুধু চিল আর চিল !,0,0,0,NoAg,0.36694553,0.12571102,0.29141533,0.15170904,0.06421911
blog 169.jpg,"""কোরান থেকে তথ্য উদ্ধৃত করে আপনি আমার যুক্তিকে কুপোকাত করেছেন"" গোঁড়া নাস্তিকেরা এ কথাটা স্বীকারই করতে চায় না!",3,3,3,RAg,0.029922254,0.015538254,0.008625694,0.94270706,0.003206766
fb 146.jpg,কলেজের এডমিশন এর রেসাল্ট দিবে বলছিল,0,0,0,NoAg,0.42072755,0.07037556,0.14549075,0.08449785,0.27890825
ovodro_img (398).jpg,দয়া পাতা লাগাও দিদির ধর্নায় বসার মূল উদ্দেশ্য কী ?? পিছনে ল্যাংটো মাগা লেলিয়ে দেব বোকাসোডা,2,2,2,PAg,0.04635167,0.02905471,0.47636864,0.020112026,0.42811295
fb 2070.jpg,"রিয়েল মাদ্রিদে জয়েন করবো ভাবছি ভাই, তাই একটু ওই আর কি হে হে ... হ্যাঁরে, আজ ওভাবে নাটক করলি কেন ?",4,4,1,GAg,0.074747875,0.47643065,0.16424869,0.14129789,0.14327484
blog 292.jpg,"এটা গঙ্গার জল, তা বুঝলাম কিন্তু এতে তো পয়ঃনিষ্কাশন আর নর্দমার ময়লাই দেখছি শুধু! পাপ কই?",3,3,3,RAg,0.021448204,0.017324848,0.0113478415,0.9265041,0.023375006
fb 2013.jpg,এইবার বুঝলাম চেলসির এই অবস্থা কেন??,4,4,4,Oth,0.12727763,0.09337478,0.26077238,0.09161684,0.4269584
fb 1719.jpg,"মা আমি বড় হয়ে জ্ঞ্যানী এবং ধার্মিক হব না বাবা, দুটো একসাথে হওযা যায় না",3,3,3,RAg,0.087552115,0.2533095,0.017053016,0.55253434,0.08955109
in 432.jpg,সৌরভ গাঙ্গূলির বিরুদ্ধে অন্যায় হয়েছে আর আমাদের সাথে ন্যায় হয়েছে!?,2,2,2,PAg,0.020357432,0.06403996,0.7729025,0.044233188,0.09846697
bangla-troll (8).jpg,"এর মালিক আম্মু, আমার ঘুম হারাম হওয়ার কারণ একমাত্র ওই হালা জুকার !",0,0,4,Oth,0.29956585,0.105521776,0.031959195,0.026614806,0.5363384
fb 1938.jpg,ছেলে কি করে? ছেলে সারাদিন পমপম পমপম করে বাবা আমি রাজি,1,1,1,GAg,0.074127056,0.5988898,0.08233654,0.0049826824,0.2396639
in 327.jpg,আপনারা কারা? আমরা দিদির দূত দিদির ভূত? ভূত নয় দূত,2,2,2,PAg,0.0023106127,0.0046652476,0.9611399,0.00907921,0.022805005
Halal Memes (29).jpg,"শিক্ষক:- সবাই সবার হোমওয়ার্ক বের করো, আমি উত্তর বলতেছি সবাই মিলাইয়া নেও । ব্যাকবেঞ্চার:-",0,0,0,NoAg,0.63217825,0.07029527,0.020588854,0.021848578,0.255089
direct-offense (17).jpg,তুই একটা বাইঞ্চোদের ছেলে তুই একটা খানকির ছেলে তুই একটা বারোভাতারির ছেলে তুই শ্রাবন্তির ছেলে ছিঃ ছিঃ এত বড় অপমান ,4,4,2,PAg,0.11797955,0.24101162,0.43287838,0.17887607,0.029254382
fb 745.jpg,বাথরুমে ঢুকে লাইট বন্ধ করে দিয়েছি কারণ আগেরবার আফ্রিকার জঙ্গল পরিষ্কার করার সময় বন্ধু ভিডিও করে আমাকে ব্লাকমেইল করছিলো,0,0,0,NoAg,0.41521156,0.1032499,0.14325911,0.29637358,0.041905906
ovodro_img (108).jpg,"চল মধু , আমরা ঠাকুর দেখতে যাব তোমরা যাও তাহলে এটাই ছিল তোমার প্লান ? হ্যাঁ, সুযোগ পেলে ওভারটাইমে ইনকাম করি লা এ হতে পালে লা",4,4,4,Oth,0.19237716,0.14072898,0.053400785,0.010334335,0.6031588
in 97.jpg,কাকলি ফার্নিচারের মালিকের ছেলে : এমন কোনো মিমার বাদ নেই যে আমার বাবার কোম্পানিকে প্রমোট করেনি,4,4,0,NoAg,0.5810467,0.08694454,0.12979013,0.03866171,0.16355695
fb 202.jpg,ট্রেন টু বুসান ট্রেন টু মোহাম্মদপুর,4,4,4,Oth,0.15033814,0.12811221,0.17126055,0.017885119,0.532404
tangaila (91).jpg,যখন আপনি মেহেদী লাগাতে চান কিন্তু মেহেদী আপনাকে উল্টো লাগিয়ে দেয়,1,1,1,GAg,0.31182298,0.47349277,0.036060665,0.027672954,0.1509507
blog 376.jpg,মুছলিম জঙ্গি আমার দোষ নাই। সে প্রথমে লিখসে।,3,3,3,RAg,0.0055105556,0.0035002863,0.00015285639,0.9904179,0.00041845423
ovodro_img (79).jpg,এশিয়া কাপে অংশগ্রহন করব । আসছি আমি ......,4,4,4,Oth,0.17757212,0.017531523,0.052368477,0.0015599849,0.7509679
tangaila (325).jpg,বিন্দুবাসিনী গার্লস ছুটি দেওয়া বিদ্যমান লে ফাকবয় :-,1,1,4,Oth,0.4700718,0.01784511,0.029914318,0.0012129045,0.4809558
fb 1706.jpg,ধুপ দুই প্রকার.... এক মশা মারার জন্য দুই ভগবান ডাকার জন্য পার্থক্য একটাই মশা যায়না আর ভগবান আসেনা,3,3,3,RAg,0.024519356,0.11756561,0.051045112,0.7856122,0.021257691
in 621.jpg,"অচেনা 'ঐক্য' বড়তলায়, থানার সামনে একসঙ্গে অবরোধে বিজেপি, সিপিএম, কংগ্রেস অবাধ ও শান্তিপূর্ণ ভোট হচ্ছে আর সিপেম, কংগ্রেস, বিজেপি জোট করে কুৎসা করছে... ওরে বোকাদাদা, ওটা অবাধ সন্ত্রাসপূর্ণ হবে...",2,2,2,PAg,0.00076373795,0.003978193,0.9734892,0.018881278,0.0028876076
KAM (152).png,জমিদার সাহেব.... শুধু টাকা দিয়ে ফেসবুক চালানো যায় তা ঠিক না গ্রামিন ফোনে ফেসবুক ফ্রি !!!,0,0,0,NoAg,0.7234297,0.10505668,0.023031408,0.015897553,0.13258466
Bangla Thug Life (234).jpg,যে রাধে সেই পা কাধে তুলে দেয়,1,1,0,NoAg,0.70688045,0.11619428,0.07424638,0.01631773,0.08636114
ovodro_img (461).jpg,"দিপিকাকে কিস করেছিস ? হ্যাঁ, আজকেও লিপ কিস করে এসেছি ! অতঃপর রনবীর কাপুর",4,4,2,PAg,0.032890815,0.10073644,0.48645923,0.048371937,0.33154166
fb 1583.jpg,আমি মিলিয়ন বছর ধরে বিবর্তন হয়ে আজকে মুক্তচিন্তা করে নাস্তিক্যধর্মের অনুসারী হয়েছি।,3,3,4,Oth,0.21200906,0.11714674,0.07231664,0.24438822,0.3541393
fb 347.jpg,"তুমি কি আমার জন্য এখনও কবিতা লিখো? নাহ, চটি লিখি শুনবা?",1,1,4,Oth,0.08130212,0.08605188,0.19096987,0.018441876,0.6232343
tangaila (274).jpg,পেনাল্টি রোনালদো তুই আর আমি তো একই,4,4,4,Oth,0.14030495,0.009026912,0.004450305,6.3754575e-05,0.84615403
ovodro_img (139).jpg,"পাওলি আজ দিবি চাটতে ? হ্যাঁ, যেকোন সময় আয় খা*কি মা* বলিস নি কেন ? আজ তোর টেস্ট ম্যাচ চলছে !",1,1,1,GAg,0.05372295,0.45552552,0.21828005,0.019099684,0.2533718
fb 1021.jpg,মামা সামনে আমার এক্স উপর দিয়া তুইলা দেন আচ্ছা দশ টাকা বেশি দিয়েন ওস্তাদ উপর দিয়া দেন তুইলা,4,4,3,RAg,0.047392614,0.014912385,0.007250644,0.887577,0.04286738
chosha (67).jpg,জান বিয়ে করবা তো ... ? হ্যাঁ জান করবো তাহলে ভিতরে ফেলো,1,1,4,Oth,0.242708,0.054143075,0.0026517285,0.005770837,0.6947264
fb 1015.jpg,ভাই তুই একা না আমাদেরও বিটিএস হেটার মেয়ে ভাল লাগে,4,4,0,NoAg,0.89608413,0.018315958,0.01482792,0.0010512654,0.06972084
KAM (389).jpg,"ছোটবেলায় আম্মু কপালে কালো টিপ দিয়ে দিত, যাতে কারো নজর না লাগে শালার টিপে এত কার্যকারিতা যে, বয়স এত হয়ে গেল তাও কোন মেয়ের নজরে পড়লাম না",0,0,0,NoAg,0.4806827,0.025965283,0.06093327,0.0012882014,0.43113053
fb 1628.jpg,???? ???? যখন নাস্তিকদের কাছে ভালো আর খারাপের মানদন্ড কি জানতে চাওয়া হয়,3,3,4,Oth,0.15023312,0.25167876,0.2597048,0.041563727,0.29681963
ovodro_img (362).jpg,"যখন কাছে ব্লাউজ থাকে না আর ক্রাশ পাস দিয়ে যায়, তাই রোমাল দিয়ে ব্লাউজ বানিয়ে নেয় !!",1,1,1,GAg,0.12142459,0.83702385,0.00073832646,0.0006514348,0.04016175
fb 1018.jpg,সাইকোপ্যাথ সিরিয়াল কিলার যারা স্কুল / কলেজ গিয়ে টিকটক করে,4,4,0,NoAg,0.46317914,0.2155722,0.048730485,0.06909065,0.20342752
fb 1360.jpg,বিজেপি মুখপাত্র তাজিন্দর পাল বাগা:- যারা হিটলারের মতো আচরণ করবে; তাদের মৃত্যুও হিটলারের মতো হবে হিটলারকে আদর্শ হিসেবে মেনে চলা আরএসএস:-,2,2,2,PAg,0.05499249,0.036774635,0.6474665,0.21593167,0.044834662
fb 373.jpg,কে আবার রটাচ্ছে যে এবার মহালয়া মোদির জন্মদিনের দিন পড়েছে বলে মা দুর্গা মহালয়ার এক মাস পরে আসবে বলেছে,2,2,1,GAg,0.21010806,0.26002073,0.17433448,0.15749587,0.19804092
blog 269.jpg,"নবীজি বলসে, পৃথিবী আর বেহেশতের দূরত্ব ৭১, ৭২ অথবা ৭৩ বছর (সময় দিয়া দূরত্ব মাপা!)। আর সাত আসমানের উপ্রে আছে সমুদ্র, যেইটার গভীরতা দুই বেহেশতের ভিত্রের দূরত্বের সমান তারও উপ্রে আছে ৮ খান পাহাড়ি ছাগল, তাগো খুর আর পাছার দূরত্বও দুই বেহেশতের ভিত্রের দূরত্বের সমান। এবং তার উপ্রে আল্যা। (আবু দাউদ ৪০:৪৭০৫)",3,3,3,RAg,0.00021498208,0.00037395622,0.00013291885,0.9992716,6.5736594e-06
fb 1239.jpg,বন্যেরা বনে সুন্দর; শিশুরা মতৃক্রোড়ে আর মোদি তার চায়ের দোকানে,2,2,2,PAg,0.17130409,0.02973384,0.54420316,0.15108834,0.103670575
fb 1821.jpg,কি করছো সৎ ভাইয়া,1,1,1,GAg,0.12079108,0.5394943,0.09552526,0.044046845,0.20014256
in 473.jpg,"চালানি' মাছ খেলেই উঠছে লম্বা ঢেকুর, খাওয়ার পাতে দেশি মুরগি, টাটকা পোনার আবদার কেষ্টর জেলের খাবার খাচ্ছে না জামাইষষ্ঠী খাচ্ছে ধরতে পারবেন না",2,2,2,PAg,0.0022526043,0.007299566,0.9388502,0.004631599,0.04696612
fb 1743.jpg,মিথিলার ব্লাউজের হুক লাগিয় দিচ্ছেন স্বপন তারপরই চলে গেলেন বাথরুমে...,1,1,0,NoAg,0.3759843,0.36790714,0.03370168,0.051632892,0.170774
bamboo-vaiya (330).jpg,উচ্চবিত্ত মধ্যবিত্ত নিম্মবিত্ত সমকামি-বিত্ত,4,4,2,PAg,0.06578426,0.20408905,0.30101094,0.27537933,0.15373647
ovodro_img (759).jpg,হুমায়ন এর বাবার নাম বাবর হলে দাদুর নাম দাদার নয় কেন ? জটিল মাগি,1,1,1,GAg,0.12747335,0.77898556,0.0071622324,0.0042901505,0.082088694
fb 1632.jpg,নারীবাদে নারীর অধিকার ইসলামে নারীর অধিকার,1,1,4,Oth,0.26831374,0.15743682,0.15127516,0.10519723,0.3177771
blog 355.jpg,"নাতনি? না, আমার নয়া বিবি।",3,3,3,RAg,0.034619015,0.02243441,0.0018941335,0.9326659,0.008386511
bamboo-vaiya (421).jpg,আমাদের সমাজকে এই শিক্ষা দিতে হবে যে আমি তোমার সাথে একমত নই তারমানে এই নয় আমি তোমাকে ঘৃণা করি,0,0,1,GAg,0.19651155,0.55610484,0.068272464,0.10447255,0.0746386
blog 321.jpg,ওইটা কী? গুনাহ।,3,3,3,RAg,0.045900825,0.011164741,0.0015270704,0.93772537,0.0036820408
blog 113.jpg,"একদিন গাছতলায় বিশ্রাম নেয়ার সময় ইছলামের নবীকে কামড়ে দিলো এক পিঁপড়ে । বাধা সৃষ্টিকারী ও অবাধ্য সমস্ত গোত্র-সম্প্রদায় নিশ্চিহ্ন করে দেয়ায় অভ্যস্ত ন্যায়বাদী, করুণার সাগর ও দয়াময় নবী তখন সেই পিঁপড়ের 'অপরাধের' শাস্তি হিসেবে সেই গাছতলার সমস্ত পিঁপড়ের বাসস্থানে আগুন জ্বালিয়ে দেয়ার আদেশ দিলো । (বুখারি, খণ্ড ৪, বই ৫৪, হাদিস ৫৩৬)",3,3,3,RAg,0.00024996864,0.00026558977,0.00019988681,0.99927264,1.1952673e-05
ovodro_img (635).jpg,যখন কোন মেয়েকে জিজ্ঞেস করা হয় পানু দ্যাখার পরে জল খসাস কীভাবে ?? মেয়টির উত্তর :- এইভাবে,1,1,0,NoAg,0.75048774,0.17494972,0.012147574,0.005414021,0.057001036
chosha (18).jpg,আমি তোমাকে ভালবাসি ভালোবাসা বলতে কিছুই নাই সবই পুক্কি মারার ধান্দা,1,1,1,GAg,0.05965387,0.9198258,0.0028849945,0.0021158252,0.015519439
blog 147.jpg,"ডাক্তার সাহেব, আমার শরীরটা ঠিক করে দিন, আমি আপনার সুস্বাস্থ্য কামনা জন্যে প্রার্থনা করবো ।",3,3,3,RAg,0.04751424,0.004134065,0.003411119,0.9442271,0.0007135741
tangaila (241).jpg,বালুপাস দাড়িয়ে বালু খাচ্ছি বালুর সাথে বালুকন্যা ভেসে আসবে এই আশায়...,0,0,2,PAg,0.24141596,0.014036614,0.3853097,0.3281032,0.03113456
tangaila (216).jpg,বিসিএস ক্যাডার জামাই হাসানের বফ কুমুদিনী ফজিলাতুন্নেছার মেয়ে,1,1,4,Oth,0.068833545,0.15330885,0.00090704527,0.02873666,0.74821395
pin 23.jpg,"শুধু পিসি কবিতা লিখতে পারে আমি কি লিখতে পারি না ? #যদিও_লেখাটি_আমার_অনেক_দিনের_পুরোনো | পিসি গেছে মাছ ধরতে উথাল পাথাল নদী! ছিপ নিয়ে যায় আমফানে, মছ নিয়ে যায় মোদী",2,2,2,PAg,0.25537622,0.059176464,0.3142253,0.17546602,0.19575602
tangaila (278).jpg,কালিহাতি,0,0,0,NoAg,0.49311396,0.12030954,0.10961066,0.15412176,0.12284402
fb 1379.jpg,ওহ; তুই মার্ক্স-লেনিনের নাম করে মেয়েদের শ্লীলতাহানি করিস? ঠিকাছে; এবার তাহলে দেওয়ালের দিকে মুখ করে দাঁড়া,2,2,3,RAg,0.2279114,0.17232528,0.18235296,0.25561938,0.16179098
nurani-memes (190).jpg,ঘূর্ণিঝড়* ফনি *ছাত্রলীগ,2,2,0,NoAg,0.50714505,0.20311402,0.11450834,0.09741591,0.07781666
ovodro_img (137).jpg,যখন কোন মেয়ে দিনভোরে খাই খাই করে কিন্তু রোগা হওয়ার জন্য ডায়েটকন্ট্রোল করবে বলে ঠিক করে একবারে যতটা খায়,0,0,1,GAg,0.17182773,0.70091623,0.02533364,0.024615288,0.07730713
fb 1775.jpg,প্রতিটি ছেলের স্বপ্ন,1,1,0,NoAg,0.5928923,0.23999089,0.046986062,0.044482637,0.07564814
fb 1693.jpg,যদি আমি একটা ছেলেকে কিস করি?? নরকে যাবি যদি আপনাকে কিস করি?? তাহলে .... হে হে হে... চালাক মেয়ে স্বর্গে যেতে চাস!,3,3,3,RAg,0.065424375,0.29413974,0.048306383,0.58833355,0.003795999
Bangla Thug Life (37).jpg,"যখন আমি কারো কল রিসিভ করে অন্য রুমের দিকে যাই, আম্মু:",0,0,0,NoAg,0.76604563,0.04738772,0.09290175,0.04942235,0.0442425
in 25.jpg,আমার পরীক্ষার খাতা,0,0,0,NoAg,0.5192185,0.23007943,0.14131115,0.045841917,0.063549004
Halal Memes (75).jpg,"আমরা পুরোনো হয়ে গেছি, না ?",0,0,4,Oth,0.23233323,0.21225238,0.14934775,0.047790997,0.35827562
tangaila (342).jpg,ভাসানী ভাসানী ভাসানী ভাসানী ভাসানী মাওলানা ভাসানী বিজ্ঞান ও প্রযুক্তি বিশ্ববিদ্যালয়,0,0,2,PAg,0.002308135,0.004259579,0.88648534,0.0046119904,0.102334954
fb 285.jpg,"উফ লাগছে বললেই জদি ছেড়ে দিত, তাহলে দেশের জনসংখা এত বড়তো না",1,1,1,GAg,0.2650497,0.49146196,0.02830785,0.009784872,0.20539564
Halal Memes (122).jpg,গেমের মধ্যে মাইক অন করে উরাধুরা গালি দেওয়া আমি পাশের ঘরে থেকে আব্বু,0,0,0,NoAg,0.66027683,0.011239674,0.1466868,0.0036842264,0.17811249
fb 1601.jpg,"কুকুর রে তোর মতামত নিয়ে তোর সাথে সেক্স করতে চাই, ওরে নাস্তিকের বাচ্চা, তোর মায়ের মতামত নিয়ে তার সাথে সেক্স করিস আমাকে ছেড়ে দে?",3,3,1,GAg,0.33149686,0.49233145,0.02034763,0.1340368,0.021787245
fb 1489.jpg,"- আসসালাম ওয়ালাইকুম, একটু দ্বীনের কথা... -নমস্কার!",3,3,1,GAg,0.14039856,0.27852413,0.21069685,0.1767947,0.19358574
bangla-gag (14).jpg,রমজান মাসে ঈদ এর দিন,1,1,1,GAg,0.21195742,0.73252773,0.0019744204,0.0025930505,0.050947297
blog 83.jpg,"আল্যা সব পয়গম্বরকে সমান চোখে দেখে । (সুরা আন নিসা, ৪:১৫২) আল্যা সব পয়গম্বরকে সমান চোখে দেখে না । (সুরা বনী ইসরাঈল, ১৭:৫৫)",3,3,3,RAg,0.023342306,0.052121602,0.008395835,0.91269785,0.003442346
Halal Memes (315).jpg,নানু বেঁচে থাকা অবস্থায় নানু বাড়িতে কাটানো দিনগুলোর কথা মনে পড়ার পর আমি: কি মজাই না হইতো !,0,0,0,NoAg,0.43105045,0.13365497,0.20668803,0.091621175,0.13698539
in 585.jpg,নেতাজি সম্পর্কিত সমস্ত ফাইল প্রকাশ্যে আনা হবে' আশ্বাস প্রধানমন্ত্রীর । কবে ফাইল প্রকাশ করবে কিছু বললো? না! ২০১৪-এর আগে থেকেই এই ঢপ দিয়ে যাচ্ছে !,2,2,2,PAg,0.122777864,0.08228698,0.5237281,0.21298024,0.058226854
fb 212.jpg,কাশিমপুর কারাগারে নেয়া হচ্ছে পরীমণিকে পাশা ভাই : আনন্দ,1,1,2,PAg,0.027650895,0.06483006,0.68979955,0.16023722,0.057482224
tangaila (250).jpg,টাংগাইলে আমার একটা প্রিয় জায়গা আছে টাংগাইলের কই কান্দাপাড়া চিনস ? সালা তুই আমারে চিনস ?,0,0,0,NoAg,0.46869153,0.05329941,0.27718464,0.092853285,0.107971124
in 272.jpg,একটা কবিতা বলতো ম্যাম আমি বলছি... কবিতার নাম 'ভাইপো' কয়লা খেলি গরু খেলি খেলি নদীর বালি ! নিজে খেলি বউকে দিলি বাদ গেল না শালী। দুষ্টু,2,2,2,PAg,0.060641505,0.19247635,0.541252,0.03789422,0.16773595
fb 1115.jpg,যারা স্টোরিতে টিকটক ভিডিও দেয়,4,4,1,GAg,0.2694216,0.35492024,0.06221906,0.0439469,0.26949215
fb 986.jpg,"ভেবেছিলাম সব শেষ কিন্তু আজ জানলাম ব্যাটিং, বোলিং, ফিল্ডিং কিছু না পারলেও বিডি জাতীয় দলে এ চান্স পাওয়া সম্ভব !",4,4,0,NoAg,0.5563978,0.011575227,0.11897672,0.002974538,0.3100757
fb 2007.jpg,রিয়াল মাদ্রিদ সমর্থকদের বর্তমান অবস্থা -,4,4,4,Oth,0.21483387,0.037354738,0.2934772,0.018743087,0.4355911
Bangla Thug Life (299).jpg,আমি: আম্মু ঈদের সালামি দিবা না ? আম্মু: ভাত খা ! চাইলাম কী ? কইলো কী :),0,0,0,NoAg,0.59205604,0.2946595,0.015174571,0.004200997,0.09390896
fb 139.jpg,ভাই বইন থামেন ! ঈদে রেস্টুরেন্টে না খাইয়া বাসায় আম্মার রান্না খাবার খান সব রেস্টুরেন্টেই এখন বাসি খাবার দিবে,0,0,3,RAg,0.039905563,0.0007010064,0.00033087216,0.95706767,0.0019948494
in 184.jpg,আপনি এতদিন কলকাতায় থেকে বাংলা কিছু শিখেছেন? বাংলাতে আমি শুধু দুটো ওয়ার্ডই বলতে পারি... চোর ট্রিনোমূল,2,2,4,Oth,0.081702195,0.07534119,0.2971025,0.015093582,0.5307606
bamboo-vaiya (3).jpg,বরিশাইল্যা গো উৎপত্তির ইতিহাস মেনশন হপে,4,4,3,RAg,0.10356948,0.041500065,0.050336815,0.7027598,0.1018339
fb 1642.jpg,"দুইজনের সম্মতিভে ভালবাসার মধুর সম্পর্ক হারাম ! হালাল হারাম ৯ টা বউ, ২ টা দাসি, পালিত পুত্রের স্ত্রী, পালিত কন্যা, শিশু বিবাহ আরাম!",3,3,3,RAg,0.013368429,0.012804107,0.005537663,0.9533721,0.014917706
fb 978.jpg,আমার ছেলে লিটন বাসায় খাবার খায় না; কিন্তু মাঠে বল খায়,4,4,4,Oth,0.28135845,0.067743614,0.010370457,0.001760741,0.63876677
ovodro_img (731).jpg,কী হলো ? থেমে গেলে কেনো ? জল পড়ে গেছে গো !,1,1,1,GAg,0.0019847848,0.997299,0.00010824948,3.3756547e-05,0.0005741005
fb 1735.jpg,"একটা আঙ্গুল, দুইটা আঙ্গুল, তিনটা আঙ্গুল, যে কোন একটা বেছে নাও!",1,1,1,GAg,0.06274495,0.54009944,0.17833306,0.09533062,0.12349199
chosha (51).jpg,"মামা ডায়েট কনডম থাকলে দেও ডায়েট কনডম কেন ? গালফ্রেন্ড ডায়েট করে তো, তাই বলছে কনডমে জেনো মিষ্টি না থাকে",1,1,4,Oth,0.05560131,0.048091352,0.25076255,0.006366832,0.6391779
fb 1034.jpg,হ্যা হ্যা আমিই সেই মেহেদি!! যে পরিমনিকে রিমান্ডেও লাগিয়েছে,4,4,4,Oth,0.20348373,0.34267822,0.039844166,0.04592272,0.36807123
fb 561.jpg,ক্লাসে বাংলা রিডিং পরতে না পারা বন্ধুকে যখন দেখি বই মেলায় গিয়ে বই কিনতে! আমি : তুই তাইলে শিক্ষিত!,0,0,0,NoAg,0.48962945,0.016448686,0.15992847,0.0034117792,0.33058164
Halal Memes (302).jpg,স্কুলের টিচারকে যখন মা বাসায় টিউশনের জন্য রাখে আর স্যার বাসায় এসে দেখে নানা টেবিলে ভাত খায় লে স্যার* তোর নানা তাহলে মরে নাই?,0,0,0,NoAg,0.60695314,0.019299274,0.16092445,0.0047131004,0.2081101
ovodro_img (182).jpg,বিরাট অনুষ্কাকে বিয়ে করল রনবীর ও দীপিকা কে বিয়ে করবে আর আমি শালা বিয়ে করা তো দুরের কথা এখনো একটা প্রেম করতেও পারলাম না,0,0,4,Oth,0.14881684,0.2160627,0.1958989,0.051696695,0.3875249
fb 1117.jpg,প্রধানমন্ত্রীর কুমড়ার বেগুনি নিয়ে পোষ্ট করার ০.০০১ সেকেন্ড পর-,2,2,0,NoAg,0.78592736,0.03639014,0.07775401,0.054989904,0.044938568
KAM (337).jpg,ছেলেরা আমার জন্য পাগল সবাই আমার পিছনে পিছনে ঘুরে! কারণ বাজারে সস্তা পণ্যের চাহিদা বেশি!,1,1,1,GAg,0.19779447,0.38909903,0.02693509,0.0096296705,0.37654176
fb 1312.jpg,*নিরলস সাহিত্যচর্চার জন্য বাংলা অ্যাকাডেমির পুরস্কার পেলেন মমতা বন্দ্যোপাধ্যায়*,2,2,2,PAg,0.032231245,0.083121866,0.57573897,0.21189101,0.097017
fb 161.jpg,এসএসসি ফেইল করা নিব্বি রিকশাওয়ালা,1,1,0,NoAg,0.52614605,0.08860953,0.29527688,0.02967909,0.060288493
fb 1414.jpg,শুনলাম আপনাদের দেশের লোকেরা আমার দেশের জিনিসপত্র বয়কট করার কথা বলছে? ওরা তো আর জানেনা যে নিও লি বেড়াল পলিসির কারণে আমি আগেই আপনাদের দেশের কোম্পানিগুলোকে আমাদের দেশে ব্যবসা করার অনুমতি দিয়ে রেখেছি,2,2,0,NoAg,0.39367747,0.151298,0.07364404,0.061556816,0.31982365
chosha (47).jpg,প্রথম ছ্যাকা খাওয়া পর...! আমি: কেনো তুমি আই আই আই !,0,0,0,NoAg,0.94949824,0.023094276,0.0063672652,0.000965956,0.020074254
fb 305.jpg,আজকাল ট্রিট মানে ছেলেরা চুদা দেয় -মেয়েরা চুদা নেয়়,1,1,1,GAg,0.1327908,0.79584473,0.007754808,0.0075423145,0.05606735
fb 1104.jpg,"চিন্তা নেই, আমি খুব ধীরে ধীরে করি",1,1,1,GAg,0.08901332,0.83270055,0.010367554,0.008762478,0.059156064
fb 4.jpg,আমি : দোস্ত আমিতো আলিশার উপর চরম ক্রাশ খাইছি কাউকে বলিস না কিন্তু! দোস্ত : সুপ্রিয় ভাই ও বোনেরা আমার! সবাই শুনেন!! রিফাত আলিশার উপর ক্রাশ খাইছে!!,0,0,0,NoAg,0.47712284,0.114638686,0.25035253,0.035554506,0.12233145
in 328.jpg,মনে হয় আমার কথা ভাবছে.... কালকে গ্রামে ঢুকে যদি বলি আমি দিদির দূত তাহাল আবার তাড়া করবে,2,2,1,GAg,0.14441407,0.47313246,0.1500434,0.08041537,0.15199474
tangaila (84).jpg,যারা একদিনে অনেক টাকা আয় করে যারা এই গরমে রাস্তার পাশে লেবুর শরবতের দোকান দিয়েছে,0,0,4,Oth,0.13232066,0.005963511,0.23188712,0.004401944,0.62542677
bangla-memes (167).jpg,নির্বাচনী পোস্টার ঢাকা,0,0,4,Oth,0.18013617,0.040939063,0.07972988,0.004581309,0.6946135
Halal Memes (239).jpg,যখন জনগণকে চা ঢেলে দেওয়ার পর তারা সেই চা না খেয়ে উল্টা ট্রল করে আমি কিতার মধ্যে চা ঢালতাছি,4,4,4,Oth,0.31665024,0.026190665,0.06625909,0.009295319,0.5816047
in 307.jpg,"এখনও মনে করি অনুব্রত বীরভূমের বাঘ' , দলের জেলা সভাপতির পাশে দাঁড়িয়ে ফের ফিরহাদ-মন্তব্য 'অনুব্রত প্রভাবশালী নন', দাবি ফিরহাদের; দিলেন কেষ্ট-হীন পোস্টারের ব্যাখ্যাও",2,2,2,PAg,0.0019507483,0.01563086,0.8762752,0.013529743,0.09261343
direct-offense (69).jpg,স্যার: কিরে পরিক্ষার খাতায় তোর আর তোর বন্ধুর উত্তর এক ক্যান ! আমি: স্যার প্রশ্নওতো এক ! * স্যার * আমি,0,0,0,NoAg,0.85119736,0.078016326,0.03191446,0.00696304,0.031908907
blog 85.jpg,"দোয়া-মোনাজাত বিশ্বাসসূচক নয়, বরং সংশয়সূচক কারণ সর্বজ্ঞ আল্যাহর বিচক্ষণতা ও তার ঐশী পরিকল্পনার প্রতি আপনার পূর্ণ আস্থা যদি থাকতো, আপনি কি তার সেই পরিকল্পনা পুনর্বিবেচনাপূর্বক পরিবর্তনের অনুরোধ করে দোয়া-মোনাজাত করতেন?",3,3,3,RAg,0.058528073,0.0036096901,0.012102045,0.91273403,0.013026208
fb 42.jpg,এসএসসি রেজাল্টের ৩ বছর পর... এই পোলায় এসএসসি তে গোল্ডেন পাইছিলো! দেখছোস কেউ এখন আর বেইল দেয়না?,0,0,4,Oth,0.1745386,0.14052841,0.13262089,0.032189656,0.52012247
fb 1274.jpg,একজন বোকা লোক এক নারির পশ্চাতের গন্ধ এড়িয়ে যাবো কিন্তু একটি সুশীল লোক বলিবে আপনার পুটকিতে অনেক গন্ধ আপনার পুটকি মারতে চাই,1,1,4,Oth,0.12757072,0.08198276,0.037247483,0.12837021,0.6248288
in 66.jpg,মেহেদীর মা মেহেদী আজকে রাতে মেহেদী লাগাবো বলা মেয়েরা,1,1,0,NoAg,0.67343605,0.16098294,0.02989366,0.06461799,0.07106945
fb 1062.jpg,তুমি জানো আমি কে? আপনাকে জানার মায়েরে চু#,4,4,0,NoAg,0.4792765,0.19667786,0.15793219,0.09895226,0.06716108
in 389.jpg,"এই সোনা জানো, বাবা গত সপ্তাহে লটারি জিতেছিল আবার এই সপ্তাহেও জিতেছে..... তোমার বাবা তৃণমূল করে? ঠিক ধরেছো, আমি তো তোমাকে বলিনি, তুমি কী করে জানলে!",2,2,2,PAg,0.01802798,0.209341,0.44605616,0.31757125,0.009003521
chosha (91).jpg,বলতো সবাই দুয়ে (২) + দুয়ে (২) = কি হয় ? ম্যাডাম দুয়ে দুয়ে দুধ বেড় হয়,1,1,4,Oth,0.24103327,0.15032083,0.09651794,0.015252489,0.4968755
fb 1701.jpg,অবিশ্বাসীদের যেখানেই পাবে সেখানেই হত্যা করবে আল কুরান (২ : ১৯১) তোমার ধর্ম তোমার কাছে আমার ধর্ম আমার কাছে আল কুরান (১০৯ : ৬),3,3,0,NoAg,0.42369634,0.008584635,0.40947306,0.13595487,0.022291176
fb 1553.jpg,"হকিং যখন বলেছিল, ব্ল্যাকহোলের মধ্যে তথ্য চিরতরে হারিয়ে যায় হকিং যখন বলেছিল, স্রষ্টা বলতে কেউ নেই",3,3,4,Oth,0.20410113,0.17485292,0.18854819,0.073310755,0.35918698
bangla-gag (81).jpg,প্রিয়তমা পরী ছিল ডানা কাটা ছিল না ! তাই উড়ে চলে গেল পাত্তাই দিল না !!,0,0,0,NoAg,0.59656644,0.022325184,0.055996366,0.004940481,0.3201716
fb 62.jpg,আমার ডিএসএলআর আছে আমি বিরাট ফটোগ্রাফার তাইলে আমার কলম আছে আমি হুমায়ূন আহমেদ,4,4,3,RAg,0.13901965,0.042067647,0.00888372,0.6673974,0.14263156
blog 377.jpg,আল্যা পরম করুণাময় তিনি শুধু কাফিরহত্যার নির্দেশ দিয়েছেন,3,3,4,Oth,0.15294859,0.085682206,0.16490431,0.022524016,0.57394093
tangaila (173).jpg,কুমুদিনীর মেয়েরা বিয়ের আগে কুমুদিনীর মেয়েরা বিয়ের পরে,1,1,0,NoAg,0.46681508,0.26253226,0.041026715,0.03160402,0.19802192
blog 322.jpg,একখান কামের কাম করসে টাইম ম্যাগাজিন। পোপের মাথায় ডেভিলের শিং বসাইয়া দিসে ।,3,3,3,RAg,0.17453223,0.096173644,0.22029206,0.3631093,0.14589278
fb 277.jpg,এইরকম একটা মেয়ে যদি আমার বেটার বউ হতো নাউজুবিল্লাহ,1,1,0,NoAg,0.5536285,0.096714206,0.023816256,0.0017389819,0.324102
in 532.jpg,মশাই ইডির তদন্ত দেখে আপনার কি মনে হচ্ছে?! ইডি নিজেও এখন কনফিউজড আগে বেআইনি সম্পত্তি খুঁজে বের করবে? নাকি বান্ধবী খুঁজে বের করবে!?,2,2,2,PAg,0.043786496,0.0505469,0.7570367,0.13283695,0.01579295
tangaila (300).jpg,আমার লুচু বন্ধু বেবিস্ট্যান্ডের দিকে রওনা দেওয়ার আগে - আজকে রেট কত কইরা ?,0,0,0,NoAg,0.6178292,0.18190125,0.07956568,0.022139423,0.098564476
fb 1796.jpg,"সব মন খারাপের একটাই সমাধান, এক প্লেট সুলতানি কাচ্চি । আজকে আমার মন ভালো নেই চলো কাচ্চি খাই",4,4,0,NoAg,0.23936522,0.20842709,0.23747277,0.1360436,0.17869136
blog 432.jpg,হালা নাস্তিক আমগোর ধর্মরে ধ্বংস করার ধান্দা?,3,3,3,RAg,0.100418225,0.015365054,0.013091652,0.8609296,0.0101954
fb 1580.jpg,নাস্তিকীয় লজিক নারী পুরুষ আফ্রিকান ফর্সা কালো ধনী গরীব প্রতিবন্ধি নাস্তিক,3,3,3,RAg,0.10713,0.028483413,0.039852552,0.7923737,0.032160338
bangla-memes (150).jpg,যখন পরীক্ষার রেসাল্ট ভালো হওয়ার পর মনে পড়ে যায় যে আসল রেসাল্ট দেওয়া হবে হাশরের ময়দানে:,0,0,4,Oth,0.31158182,0.105549276,0.19242513,0.01953722,0.37090662
fb 16.jpg,বাসায় একা থাকলে যা করবো ভাবি আসলে যা করি,0,0,3,RAg,0.012866952,0.0016976176,0.00030549773,0.9849318,0.00019808093
blog 397.jpg,তুমিও কি আমার মতোই বসন্তকালের অপেক্ষায় আছো? তা তো জানি না । আমার স্বামীকে জিজ্ঞেস করে নিতে হবে।,3,3,3,RAg,0.011616265,0.0058793663,0.0014389833,0.9801001,0.00096535
KAM (103).jpg,কিরে জলিল কাল নাকি পাবলিক তোকে গন ধোলাই দিছে হুম... কি অপরাধ করলি আবার আর বলিসনা এক মাহিলার পায়ের নিছে আমার একটা ফটো পরছিল মাইর দিল কেন আমি শুধু কইছি আফা শাড়ী টা উপরে তুলেন ফটো তোলব তো...,4,4,2,PAg,0.02366577,0.18840717,0.5456732,0.12801771,0.114236236
fb 944.jpg,তোর না বেগুনে এলার্জি? তাইলে প্রতি সপ্তাহে যে এত বেগুন কিনি সেগুলা কে খায়?,1,1,4,Oth,0.11980467,0.1670823,0.25423568,0.033869013,0.42500833
in 217.jpg,"""সিপেম সব চাকরি খেয়ে নিচ্ছে' বলে কান্নাকাটি করা পিসি বিকাশরঞ্জন ভট্টাচার্য",2,2,1,GAg,0.10401007,0.8685706,0.006169278,0.0085450625,0.012704887
fb 837.jpg,চোখে ঘুম আসলে লুঙ্গিটাই কন্ট্রোল করতে পারি না আর তুমি বলতেছো তোমাকে আগলে রাখতে,0,0,1,GAg,0.19544722,0.66790956,0.017417364,0.015192874,0.104033
ovodro_img (54).jpg,তোর নাম কী ? যস দেখ কান্ড যার শরীরে নাই কোন রস তার নাম আবার যস,4,4,1,GAg,0.17380407,0.3862225,0.058631744,0.00133517,0.38000655
in 71.jpg,আর্জেন্টিনার এবার কোপা জিতলে আমার দুইটা বিচি কেটে কুত্তা দিয়ে খাওয়াবো আর্জেন্টিনা জিতার পর কুত্তা: বিচি দুইটা দিলেন না স্যার?,4,4,2,PAg,0.053039744,0.098043755,0.55545384,0.08819544,0.2052673
Bangla Thug Life (201).jpg,নারীবাদ পিরিয়ডের পেইন এইসব নিয়া স্ট্যাটাস দেয়ার পর মেয়েদের মন জয় করা ফাকবয় বি লাইক: এ শহরে আমার মতো ক্রিমিনাল একটা ও নাই,1,1,0,NoAg,0.8726412,0.00876314,0.049484927,0.004767095,0.06434365
chosha (44).jpg,"ভাই আমি বিয়ের আগে কোনোদিনও বউয়ের সাথে সেক্স করিনি, তুই করছিলি ? মনে পড়ছেনা , তোর বউয়ের নাম বল হয়তো মনে পড়তে পারে",0,0,1,GAg,0.19031785,0.37368193,0.0744303,0.019981734,0.3415881
fb 679.jpg,উচ্চ মাধ্যমিক মাধ্যমিক,0,0,1,GAg,0.18086958,0.4964926,0.017377943,0.009362706,0.29589713
fb 56.jpg,মেয়েরা যেভাবে ছবি তুলে,1,1,0,NoAg,0.42491674,0.2912819,0.046718325,0.02060613,0.21647689
tangaila (164).jpg,হাসানিয়ানদের বউ সৃষ্টিয়ানদের বউ,4,4,0,NoAg,0.44894132,0.2620086,0.06618749,0.040248107,0.18261445
fb 470.jpg,খুবই ভাগ্যবান রুগী,1,1,0,NoAg,0.4145267,0.24521704,0.11870206,0.072173856,0.14938027
ovodro_img (201).jpg,বল পাগলু পাদলু উচ্চারন তো মহানায়ক দেবের মত,4,4,4,Oth,0.16915399,0.040315762,0.37528446,0.015872305,0.39937338
in 642.jpg,আজ লন্ডভন্ড দিবসের বর্ষপূর্তি,2,2,2,PAg,0.033920668,0.007334414,0.8246685,0.005740986,0.12833543
blog 326.jpg,ঈশ্বর সত্য। আপনি আমার কথা বিশ্বাস করছেন না? এই ইউটিউব লিংকটা দেখুন । এর অর্থ - সেই অতিলৌকিক সত্তার অস্তিত্বের প্রমাণ আছে ইউটিউবে?,3,3,3,RAg,0.018791351,0.014944942,0.0071216305,0.9551682,0.0039738445
fb 829.jpg,"বন্ধু আমার পদধূলি নিচ্ছে কারণ সে ও আমার মতো এলিয়েন; জাদুকর..."" এর ট্যাগ পেতে চায়",4,4,4,Oth,0.16030726,0.204218,0.22759709,0.038075384,0.3698023
ovodro_img (692).jpg,ভালোবাসা খুজে পেয়েছি !,0,0,4,Oth,0.107447214,0.016388047,0.022761324,0.004418825,0.8489846
KAM (256).jpg,তামিমের রান্না করা নুডলস শ্রীলঙ্কা ০ রান স্কটল্যান্ড ৯৫ রান ইংল্যান্ড ২ রান,4,4,3,RAg,0.033032976,0.02773082,0.06826592,0.8659059,0.005064424
in 101.jpg,"দামে কম নরম বেশি... টেপে কম, ঠাপে বেশি.... জনি ফার্নিচার...",4,4,0,NoAg,0.49805352,0.29569474,0.025808211,0.1505953,0.029848227
Bangla Thug Life (17).jpg,যখন দেখি ক্লাস নাইন এর ছেলে আর ক্লাস ৭ এর মেয়ে একসাথে হাত ধরে হাটতেসে আমি: এই জীবনে কি করলাম ?,0,0,0,NoAg,0.87771237,0.04889036,0.023387348,0.003946908,0.04606303
KAM (46).jpg,"পোলাপাইনের রি-অ্যাকশন যখন ক্লাসের সবচেয়ে সুন্দরী মেয়েটি, ""ইন এ রিলেশনশীপ"" হয়ে যায়",0,0,0,NoAg,0.5010313,0.03895831,0.011166162,0.00039251306,0.44845167
Bangla Thug Life (162).jpg,তরকারিতে লবণ বেশি হওয়ায় এগুলা গরু খায় নাকি বলে চিল্লাতে থাকা শাশুড়ী এ দিকে দুই প্লেট ভাত খেয়ে ফেলা তার ছেলে,0,0,1,GAg,0.28312692,0.71138567,0.0041097463,0.0006115039,0.00076615415
direct-offense (4).jpg,ও মাঠে খেলুক বা যেখানেই খেলুক না কেনো খেলুক তাহলে আজ না-হয় বাসাতেই হয়ে যাক?,4,4,1,GAg,0.100303866,0.37437555,0.23153883,0.06949426,0.22428757
tangaila (96).jpg,ফজিলাতুন্নেছা কুমুদিনী,1,1,1,GAg,0.08348429,0.44105473,0.19020534,0.062288582,0.22296709
fb 1327.jpg,অসংখ্য হিন্দুত্ববাদী ফাসিস্ত-কে সহ্য করার চেয়ে পুঁজিবাদী রাষ্ট্রকে একেবারে উচ্ছেদ করে দেওয়া ভালো,2,2,0,NoAg,0.6260106,0.18575156,0.028848313,0.04761545,0.111774094
blog 49.jpg,মূর্তিপূজার অভিযোগে অভিযুক্ত মুসা নবীর অনুসারীদের আল্লাহ ক্ষমা করেছে (সুরা আল বাকারাহ; ২:৫২) মূর্তিপূজার অভিযোগে অভিযুক্ত মুসা নবীর অনুসারীদের আল্লাহ শাস্তি দিয়েছে (সুরা আল আরাফ; ৭:১৫২),3,3,3,RAg,0.015122296,0.04268712,0.008372469,0.9326235,0.0011945994
fb 2069.jpg,চাঞ্চল্যকর তথ্য ডলার বিনিময়ে জয়ী অবশেষে রিয়াল মাদ্রিদে ।,4,4,4,Oth,0.023184882,0.0011754133,0.05970087,0.0014975354,0.9144413
ovodro_img (121).jpg,*পাগলাচোদা গালফ্রেন্ড বাড়ার মাথা বাড়া,1,1,1,GAg,0.22056524,0.6534608,0.035928797,0.015445644,0.074599594
KAM (178).png,আমাদের টিমে আছে ১১টা খেলোয়াড় !! আর ইন্ডিয়ান টিমে ১৪ টা খেলোয়াড়!! ১১ জন মাঠে খেলে আর ৩ জন সিদ্ধান্ত নিয়ে খেলে!,4,4,0,NoAg,0.87282085,0.008039832,0.06407261,0.0031585589,0.051908165
in 339.jpg,আরে ও সাম্বা ঐ তিনু বিধায়কের ঘরে কতো টাকা পাওয়া গেছে? সর্দার... পুরো ১১ কোটি নগদ,2,2,2,PAg,0.23037556,0.17910996,0.26940382,0.18400039,0.13711026
blog 312.jpg,বিশ্ব উষ্ণায়ণ হ্রাসে হিন্দুধর্মের উদ্যোগ,3,3,3,RAg,0.0554513,0.14300467,0.038354553,0.6611572,0.10203233
fb 1717.jpg,এইডা ইহুদি নাসারাগো কাজ দুষ্টু কোথাকার,3,3,4,Oth,0.17646742,0.11850075,0.17763665,0.042638853,0.48475626
fb 1281.jpg,১০০ টাকা ডোনেশন পেয়ে ২০ টাকা সাহায্য করার পর বিদ্যানন্দঃ বাকিডা আমারে দিয়া দিতে কইছে,4,4,4,Oth,0.28363374,0.1601156,0.040384125,0.016806236,0.49906024
fb 438.jpg,আমি বিমান পোকাসোদা,2,2,2,PAg,0.15363488,0.08732357,0.37352645,0.03336244,0.35215265
tangaila (134).jpg,জাস্টফ্রেন্ড গালফ্রেন্ড,0,0,0,NoAg,0.7350505,0.21683535,0.019722844,0.008198181,0.020193098
fb 807.jpg,বন্ধুর ১৪ই ফেব্রুয়ারীর পরিকল্পনা ওমিক্রন,0,0,3,RAg,0.18272543,0.021525545,0.16235761,0.6124019,0.020989612
fb 1258.jpg,"পহেলা বৈশাখ বাঙালির সংস্কৃতি; যারা পহেলা বৈশাখ পালন করেনা, তারা খাঁটি বাঙালি নাহ পহেলা বৈশাখ মুসলমানদের জন্য নয় জ্ঞান বুদ্ধি হওয়ার পর থেকে কখনো পহেলা বৈশাখ নিয়ে লাফালাফি করি নাই",3,3,3,RAg,0.0071517117,0.0032705253,0.0006028332,0.9884117,0.00056319125
bamboo-vaiya (17).jpg,"আর চুপ থাকা যায় না দেশে নারী নির্যাতন বন্ধ করতেই হবে দেখুন, যৌতুকের টাকা দেওয়ার পর ও বার বার বলে বাপের বাড়ি থেকে টাকা আনতে আর না দেওয়াতে প্রতিদিন ঠিক এইভাবে মারধর করে, চরম প্রতিবাদ যানাই , মানবতা আজ কোথায় ??",1,1,1,GAg,0.066298395,0.46469268,0.27925834,0.08114608,0.10860451
tangaila (196).jpg,আমার সেরা দল হতে পারতাম যা এর আগে পৃথিবী দেখে নি,0,0,4,Oth,0.24275175,0.055500474,0.03519584,0.0015378299,0.66501415
chosha (107).jpg,"আপনার মেয়েকে আমার ছেলে পছন্দ করেছে, তা আপনার মেয়ে কি পর্দাশীল ? অবশ্যই , মেয়ের ফেসবুক প্রোফাইল লক করা",1,1,1,GAg,0.18733491,0.7234045,0.014170641,0.005996379,0.069093585
fb 487.jpg,কিরে খনিকের পুতেরা? এখন বল আমি বেশি হট নাকি নোরা ফাতেহি বেশি হট?,4,4,4,Oth,0.19388889,0.30891353,0.06632323,0.07516768,0.3557067
Bangla Thug Life (4).jpg,যখন ভল্লুক এসে পড়ে এবং আপনি এবং আপনার বেস্টফ্রেন্ড দুজনের কেউই জানেন না কিভাবে গাছে চড়তে হয়,0,0,0,NoAg,0.37538934,0.18489847,0.14070296,0.08280467,0.21620458
fb 367.jpg,"গুজরাটে শিল্প আছে, নতুন শিল্প হচ্ছে, এগিয়ে বাংলায় নেই | বরঞ্চ গুজরাটি ভাষাটা জানা থাকলে বাঙালীদেরও গুজরাটে চাকরি পেতে সুবিধা হবে | বাংলা ভাষাটা আপাতত সাহিত্য চর্চার জন্যই ঠিক আছে দেশী গরুর মূত্র ঘটিত ব্যাপার বলে মনে হচ্ছে",4,4,2,PAg,0.1283002,0.09789485,0.43361583,0.12132279,0.2188663
fb 1361.jpg,এদিকে আয় তোর চিকিৎসা করবো,4,4,1,GAg,0.17685422,0.4607738,0.03956195,0.00984863,0.31296137
ovodro_img (289).jpg,"মিথ্যা বললি ক্যানো আমায়? বাথরুমে ওটা স্যাম্পু ছিল না ।। আপনি কী করে বুঝলেন যে , ওটা স্যাম্পু ছিল না ? ? মাথায় মেখেছিলাম কোন ফ্যানা হয়নি রে ঢ্যামনা ।",0,0,0,NoAg,0.32660866,0.32329735,0.04161405,0.012309758,0.29617018
