image_name,Captions,Label,true_id,pred_id,pred_label,prob_NoAg,prob_GAg,prob_PAg,prob_RAg,prob_Oth
fb 554.jpg,ভালোই তো এতদিন ভুলে ছিলি,0,0,3,RAg,0.10143198,0.0060372762,0.0011146739,0.70814383,0.18327224
in 375.jpg,দুই বাসের রেষারেষিতে কুণাল ঘোষের গাড়িতে ধাক্কা! আমি খোজ নিয়েছি বাস ড্রাইভার দুটো সিপেম করে...,2,2,2,PAg,4.8154084e-06,3.537053e-06,0.999343,3.0107728e-07,0.0006483624
in 137.jpg,চিন্তা করো না বাবা; আমি আসছি,2,2,0,NoAg,0.4771044,0.089769006,0.04713815,0.104553305,0.2814352
in 351.jpg,ক্ষুদ্র শিল্পে দেশে এক নম্বরে পশ্চিমবঙ্গ' সবই ওনার অনুপ্রেরণায়....,2,2,2,PAg,3.7937622e-07,1.2236759e-06,0.9999963,4.461941e-09,2.0913367e-06
Bangla Thug Life (350).jpg,সকালের মিষ্টি রোদে ছবি অন্যদের আমার,0,0,0,NoAg,0.5385071,0.06133361,0.12004091,0.011587217,0.26853123
KAM (19).jpg,অনেকদিন ঘুরতে যাওয়া হইনি চলো কথাও যায় নারায়াঙ্গঞ্জ খুব সুন্দর ... চলো যাই থাক তাহলে যাবো না,4,4,1,GAg,0.05494079,0.46433926,0.13434173,0.0014123754,0.34496582
nurani-memes (131).jpg,"আম্মুঃ তোর বয়সের সবাই টিউশনি করায়া টাকা কামায় আর তুই এখনো বাপের উপরে চলস , লজ্জা করেনা ? আমিঃ লজ্জা ? হেইডাতেও প্রিজারভেটিভ দেওয়া আছে",0,0,0,NoAg,0.7060895,0.0004251232,0.15267447,0.01363365,0.12717724
KAM (65).png,"এই ছেলে তোমরা কই ভাই-বোন? আমরা ২ ভাই, আমি আর আমার বড় ভাই কি করে তোমার বড় ভাই? জার্মানি করে! জব এর কথা জিজ্ঞেস করছি, ফুটবল টিম না!",0,0,0,NoAg,0.61776656,0.0025600826,0.028795447,0.0030567825,0.34782106
KAM (121).jpg,"শরীরটা ভালো না... কেমন জানি লাগতেছে ! তাই মাথা ঘুরায়... বমি বমি ভাব, তেঁতুল খাইতে মন চায়.... তাইনা!",0,0,4,Oth,0.0745704,0.00024029915,0.14125629,0.00051611144,0.7834169
bangla-troll (19).jpg,তুমার নাম কি ? অপূর্ব পইন্নির ঘরে পইন্নি রুপের প্রশংসা করস কেরে ?,4,4,4,Oth,0.09169657,3.1520203e-06,0.046662647,5.8642894e-05,0.861579
fb 603.jpg,*২০২২ ২০২৩ সালে ভালো কিছু হবে আশায় আমি,0,0,3,RAg,0.11504748,0.03510278,0.0013555054,0.8416457,0.006848602
ovodro_img (46).jpg,আমরা যাদের একসাথে দেখতে চাই কিন্তু যাদের একসাথে দেখতে পাই,4,4,4,Oth,0.11440834,0.15366004,0.086813,0.009869394,0.6352492
Halal Memes (346).jpg,চিনছো আমারে ? চিনবা কেমনে! নতুন বন্ধু পাইলে পুরাতন বন্ধুর খোজ কে রাখে-,0,0,4,Oth,0.22360031,0.07960859,0.26870525,0.018294131,0.40979168
fb 1150.jpg,শাহবাগী পোশাকের স্বাধীনতা চাই। আমরা সবসময় পোশাক বিরোধী আন্দোলন করব। কিন্তু শীতকালে আন্দোলন করব না শীতকালে খুব ঠান্ডা লাগে।,4,4,3,RAg,0.14759292,0.05526339,0.014332753,0.5667718,0.21603914
fb 709.jpg,আচ্ছা ভাই মোবাইলে তো এতদিন ক্লাস নিত তাইলে এখন ক্লাসে কেন মোবাইল নিতে দেয় না,0,0,1,GAg,0.13776031,0.76505864,0.048056237,0.009414619,0.039710253
fb 1280.jpg,"বিদ্যানন্দ পড়বো, খেলবো, শিখবো",4,4,1,GAg,0.0027124307,0.94792485,0.045763522,0.0033172315,0.00028182488
blog 190.jpg,"নিজেরে যখনই আবাল মনে হবে তখন মনে কইরেন, এই দুনিয়া গিজগিজ করতেসে আপনের চাইতে বহুত গুণ বেশি আবালে, যারা এই যুগেও বিচিত্র সব ভগবানেশ্বরাল্যায় বিশ্বাস করে",3,3,3,RAg,1.683614e-06,7.4955888e-06,5.049696e-05,0.99956447,0.00037578586
in 21.jpg,আম্মুর থিওরি দুধ খেলে মানুষ ফর্সা হয়,0,0,0,NoAg,0.83260125,0.015740767,0.054754283,0.0004240052,0.09647974
fb 1556.jpg,"যখন একজন নাস্তিক বলে, আমি প্রমাণ ছাড়া কিছুই বিশ্বাস করি না! কিন্তু সে বিবর্তনবাদে বিশ্বাস...",3,3,3,RAg,0.26345506,0.004692632,7.739059e-05,0.7230947,0.008680244
fb 1871.jpg,জগ জাগি মগ মাগি,1,1,0,NoAg,0.7783384,0.16172338,0.0009343485,0.04742671,0.0115772
in 336.jpg,আমি দিদির দূত... গ্রামে ঢোকার পর *গ্রামবাসী,2,2,0,NoAg,0.591843,0.3328674,0.03976454,0.0005889815,0.034936093
bamboo-vaiya (195).jpg,"যখন আপনি ঈদে দুই সেট জামা গিফট পান, এবং একটি পছন্দ হয় অপরটি হয় না",4,4,0,NoAg,0.6330538,0.00050326454,0.23110439,0.00042029622,0.13491826
fb 442.jpg,কি ব্যাপার অঞ্জন দা এত উদাস কেন? কতদিন দার্জিলিং যাই না। এই গরমে কলকাতায় থাকা যায়! চলো তোমায় দার্জিলিং ঘুরিয়ে আনি সত্যি নিয়ে যাবি আমাকে? আলবৎ কিন্তু গাড়িটা আমি চালাবো | বানসোদ দার্জিলিং যাওয়ার কথা বলছি কেওড়াতলা নয়!,4,4,2,PAg,0.06465887,0.0022086818,0.61130834,0.040649753,0.2811744
blog 173.jpg,"আমরা, নাস্তিকেরা, আপনের বিশ্বাস নিয়া রঙ্গ করি বইলা আপনের মন খারাপ হয়? কিন্তু কন তো, আপনের বিশ্বাস এমুন বিনুদুনী টাইপ হইলে সেইটা আমগো দোষ?",3,3,3,RAg,0.0009915411,0.0011464772,0.0008493727,0.99569017,0.0013223637
chosha (126).jpg,এতো ভাব দেখায় কি লাভ ? দিনশেষে তো চোদা-ই খাওয়া লাগবে,1,1,1,GAg,0.0077747293,0.98924714,0.002535284,0.00013029898,0.0003124595
fb 1411.jpg,তোর বয়ফ্রেন্ডের বাবা-মা তো আজ বিয়ের কথা বলতে আসবেন? হ্যাঁ। উনি তো আবার তৃণমূল করেন। আগেই বলে রাখছি; বিয়ের খরচ থেকে কাটমানি চাইলে কিন্তু আমি এই বিয়েতে মত দেবো না। এইরকম বোলো না মা। সব তৃণমূল নেতারা মোটেই কাটমানি চায় না। তুমি বরং বাড়ির চালের পাত্রটা লুকিয়ে রাখো।,2,2,1,GAg,0.0052738218,0.9909937,0.00078819774,5.735931e-06,0.002938504
pin 25.jpg,"বলতো, পশ্চিমবঙ্গের কোন সেতুটা সবচেয় সুরক্ষিত? কি রে বল! বল! পারলি না তো! দ্বিতীয় হুগলী সেতু; পিসি ওটা দিয়েই নবান্নযায়!",2,2,4,Oth,0.071054935,0.0077874875,0.34490794,0.009413874,0.5668358
fb 290.jpg,লিকা তোমার দুই পায়ের মাঝখানে আমাকে একটু ঘুমাতে দিবা সকালে উঠে গোসল করে চলে যাব,1,1,1,GAg,0.00044059695,0.9988136,0.00055448327,0.00011346117,7.785952e-05
fb 1897.jpg,মধু যখন তার বফ কে কাঁচকলা দেখিয়ে কোনো সরকারি চাকরিজীবীকে বিয়ে করে ফেলে! মধুর বফ মধুর বিয়েতে : আমার মধু বেশ্যা!,1,1,0,NoAg,0.7983212,0.011819239,0.009055753,0.089550704,0.091253124
direct-offense (81).jpg,যেরকম আমরা চোখে দেখি সেটা দেখার পর যেটা ভাবি,1,1,0,NoAg,0.4089224,0.29047143,0.05086712,0.06876849,0.1809705
fb 1275.jpg,উনি কওমি মাদ্রাসার হুজুর তাড়াতাড়ি সালাম দিন নাহলে,3,3,0,NoAg,0.9475532,0.0067526875,0.00026420158,0.04487704,0.0005528402
Bangla Thug Life (35).jpg,পড়ালেখা ভালো রেজাল্ট আমি আমি পড়ালেখা ভালো রেজাল্ট,0,0,4,Oth,0.008263981,0.095535114,0.0008873912,8.686528e-06,0.89530486
blog 283.jpg,কী যে রহমতের মাস রমজান! সারাটা মাস আমি দরিদ্র আর ক্ষধার্তদের প্রতি প্রকৃত সহমর্মিতা অনুভব করি।,3,3,3,RAg,3.6328551e-09,2.4788382e-09,3.56539e-09,0.99999964,3.0233142e-07
KAM (791).jpg,আমি ফ্যান নিয়া আসছিলাম আমি টিউবলাইট লইয়া আইছি আমি কি তাহলে কারেন্টবিলের কাগজ লইয়া আমু?,4,4,4,Oth,0.16755246,0.003417002,0.14081967,0.0033316438,0.6848792
in 554.jpg,"খড়ার পুরসভায় বিজেপির সমর্থনে তৃণমূলের চেয়ারম্যান! অস্বস্তিতে শাসক দল আমি তো কবেই বলেছি, ভারতীয় জনতা পার্টি মানেই তৃণমূল",2,2,2,PAg,4.12657e-07,9.050394e-06,0.99998105,8.678548e-08,9.465359e-06
fb 1044.jpg,পিতা পুত্রের অঙ্কের ভুলের ফসল,4,4,0,NoAg,0.8192452,0.16925268,0.003154579,0.0074922577,0.00085529673
fb 106.jpg,যখন তুমি ভিপিএন এর ব্যবসা করো আর সরকার ফেসবুক ও অন্য মেসেঞ্জারগুলা বন্ধ করে দেয়,0,0,4,Oth,0.32594195,0.010207879,0.0018215335,0.06788623,0.5941424
bamboo-vaiya (406).jpg,কিসে পড়েন ? ফার্মেসীতে কেন বাসায় পড়ার জায়গা নাই,0,0,0,NoAg,0.7705011,0.044201974,0.006426579,0.17050847,0.008361823
KAM (245).png,"বলোতো, বায়ুমণ্ডল কাকে বলে? মণ্ডল বাড়ির উপর দিয়ে যে বায়ু প্রবাহিত হয় তাকেই বায়ুমণ্ডল বলে।",0,0,2,PAg,0.034355182,0.23739935,0.44467053,0.19335063,0.09022436
KAM (101).png,"এইযে তুই বল, এবারের ফুটবল ওয়ার্ল্ডকাপ কোথায় অনুষ্ঠিত হবে? স্যার ওয়ার্ল্ডকাপ তো ওয়ার্ল্ডেই হবে, আর কই হবে?",0,0,0,NoAg,0.97702867,0.0009869634,0.005034166,0.0021649192,0.01478513
in 509.jpg,"চাপে পড়ে এসেছি, দাদা, কিছু একটা করুন... সবই বুঝি... তবে বারবার এভাবে এসো না লোকে বুঝে যাবে!",2,2,3,RAg,0.27842355,0.0131406095,0.028227463,0.6726799,0.0075284964
fb 1992.jpg,প্রেম জেগেছে আমার মনে বলছি আমি তাই তোমায় আমি ভালবাসি তোমায় আমি চাই উঁরি উঁরি বাবা কি দারুণ,1,1,4,Oth,0.30835438,0.011079575,0.061008707,6.5466215e-06,0.6195508
Halal Memes (252).jpg,সিরিয়ালে নায়িকা যখন শ্বাশুড়ির সাথে বিদ্রোহ করে * বাঙালি শ্বাশুড়ি কিন্তু যখন নিজের ছেলের বউ কোনো একটা ভুল করে,4,4,3,RAg,0.057825595,0.011550065,0.011654597,0.63253117,0.28643855
fb 299.jpg,বাবু ব্যথা করছে না তো ? না সোনা একদম না... কিন্তু প্রথমবার তো ব্যথা করা উচিত! ও হ্যাঁ তাই তো!! আহ! আহ! আহ!,1,1,3,RAg,4.9067516e-05,9.832407e-06,4.4968883e-06,0.9998888,4.7765818e-05
blog 285.jpg,সব মুছলিম টেররিষ্ট নয়... প্রায় সব টেররিষ্টই মুছলিম ।,3,3,3,RAg,9.5199874e-07,1.756295e-08,5.84507e-09,0.99999535,3.6949875e-06
KAM (35).jpg,"হাতের লেখাটা একটু ভালো করো নইলে ভবিষ্যত জীবনে কষ্ট পাবে না, স্যার! আমি ঠিক করেছি ডাক্তার হব",0,0,0,NoAg,0.9945087,0.00058815145,0.00088362914,0.00072831276,0.0032913222
blog 179.jpg,"এ কথা খুবই সত্য যে, আমি এখন অহংবোধ থেকে মুক্ত। তাহলে লোক-দেখানো এই আলাদা ধরনের পোশাকের কি প্রয়োজন? যাতে অন্যেরা বুঝতে পারে, আমি অহংবোধ থেকে মুক্ত ।",3,3,3,RAg,6.1979727e-06,4.7336957e-06,2.2893659e-07,0.9999732,1.5629728e-05
in 505.jpg,লক্ষ লক্ষ টাকা আত্মসাতের অভিযোগ 'সরকারি চাকরি দেওয়ার টোপ দিয়ে লক্ষ লক্ষ টাকা গ্রাস' ! মারের মুখে তৃণমূলের নেত্রী দুয়ারে ক্যা লা নি চলছে...,2,2,2,PAg,2.3267694e-09,9.708145e-12,0.99999535,9.8577584e-11,4.5946945e-06
chosha (24).jpg,আজকে নাকি হাগ ডে আমার কি আমি তো প্রতিদিন হাগি,0,0,0,NoAg,0.9159763,0.0011452871,0.009558943,2.6117272e-05,0.073293336
fb 1470.jpg,যখন আপনি শয়তানের প্ররোচনায় ফেজবুক চালান কিন্তু আয়াতুল কুর্সি শেয়ার দিয়ে টাইমলাইনে রেখে দেন শয়তান:-,3,3,0,NoAg,0.9384903,0.0032262865,0.017120672,0.03564977,0.0055129207
in 560.jpg,উপনির্বাচনে খেলা হবে... বাবুলের প্রচারে বেআব্রু গোষ্ঠীদ্বন্দ্ব! তৃণমূলের কর্মিসভায় রক্তারক্তি,2,2,1,GAg,0.035613637,0.54145217,0.27735656,0.008869201,0.13670835
blog 341.jpg,বিজ্ঞানের মতে এর বয়স ১৮ মিলিয়ন বছর ধর্মগুলোর মতে এর বয়স ৬-১০ হাজার বছর দুটোই সত্য হতে পারে না,3,3,3,RAg,0.04434438,0.23028016,0.202431,0.45513877,0.06780583
fb 1859.jpg,"""আরেহ ভাইভাতে মুখ খুললেই পাশ""",1,1,4,Oth,0.068833254,0.007009553,0.019572077,0.00029475623,0.9042904
fb 1665.jpg,"আজকের এই দিনে আঙ্গুলের ঈশারায় মতান্তরে তরবারি দিয়ে চাঁদকে দুই টুকরা করা হয়েছিল। বিশ্বাস না করলে তুই নাস্তিক। কিয়ামত আসন্ন এবং চন্দ্র দিখন্ডিত হয়েছে, তারা কোন নিদর্শন প্রত্যক্ষ করলেও বিমুখ হয়ে থাকে এবং বলে এতো চিরাচরিত জাদু! আজ ১৪ই যিলহজ্জ শরীফ চন্দ্র দ্বিখন্ডিত হওয়ার দিবস",3,3,3,RAg,0.012633033,4.6289253e-05,0.0075479327,0.93193865,0.047834132
blog 446.jpg,"আল্লা যা করে, সব ভালোর জন্যই করে... অসুখও আল্লা ভালোর জন্যই দেয়, তাই ডাক্তার-বদ্যি দেখিয়ে সুস্থ হওয়া স্পষ্ট কুফুরি! - থাবা বাবা",3,3,3,RAg,4.2473323e-05,0.00018496907,0.0013443774,0.99707913,0.0013491097
KAM (132).jpg,অনেকদিন পর বৃষ্টি হলো এতগুলো ভালো লাগছে কবে যে এই স্টেটাস দিবো?,0,0,1,GAg,0.00056441757,0.9928054,3.9232204e-05,1.576585e-07,0.006590871
fb 1408.jpg,চীনা অ্যাপ ভারতে ব্যবহার করা নিষিদ্ধ হলো; চীনের অর্থনীতি:-,2,2,3,RAg,0.22752304,0.009516751,0.012540728,0.44463742,0.30578205
fb 1152.jpg,শাহবাগ গার্লস স্কুল এন্ড কলেজ ছেলে হয়ে মেয়েদের স্কুলে কি? স্যার আমি দেখতে ছেলে হলেও মনে মনে মেয়ে,1,1,0,NoAg,0.47394413,0.3516623,0.0121056475,0.029991332,0.13229665
ovodro_img (470).jpg,যখন বৌদিরা দাদাদের কাছে কথায় হেরে যায় তখন বৌদিরা দাদাদেরকে যেভাবে আউট করে ! এটা বৌদিদের নৈতিক জয়,1,1,1,GAg,0.00056082837,0.99718326,8.937749e-06,4.8920068e-08,0.0022468977
fb 1525.jpg,এটা আবার কি? এক বছর থেকে পড়ে থাকতে থাকতে জং পড়ে গেছে। গত কুরবানীর পর আর বাজানো হয় নি... পশু ! জবাই অমানবিক,3,3,3,RAg,0.00025919353,0.001086487,0.00016913949,0.99367625,0.0048089228
KAM (449).jpg,আজকে বাংলাদেশের সাথে ক্রিকেট খেলা সবাই ব্যাটিং পাবো!,4,4,0,NoAg,0.5018803,0.036333624,0.008750172,0.002459808,0.45057613
fb 1649.jpg,বিজ্ঞান কোনও তত্ত্ব ভুল প্রমাণ হলে স্বীকার করে ধর্ম নিজেকে সত্য প্রমাণ করতে হত্যা করে,3,3,3,RAg,0.27501553,0.073546045,0.0110317515,0.5937748,0.04663188
fb 1295.jpg,"ঘর সামলাই, রোকেয়ারেও সামলাই",4,4,4,Oth,0.3164275,0.0012806532,0.00912361,0.0026541622,0.6705141
ovodro_img (713).jpg,আপনি কী মহানায়ক হওয়ার যোগ্য ? এটা নির্ভর করে দর্ষকদের উপর... সবার মতামতের ভিত্তিতে ! আমার ফ্যানদের কাছে আমি ভগবান বুদ্ধিমান লোকেদের কাছে - আমি ঘাটালের ছাগল,4,4,4,Oth,0.06946767,0.062047604,0.11289249,0.0064949417,0.7490973
KAM (115).jpg,"তোমার বেস্ট ফ্রেন্ড এর ওপর ইংরেজীতে একটি প্যারাগ্রাফ লিখো ম্যাডাম একটা প্রশ্ন, হারামি ইংলিশ কি??",0,0,4,Oth,0.40746066,5.257323e-05,0.016156657,1.5424812e-05,0.57631475
tangaila (314).jpg,১৪-ই ফ্রেব্রুয়ারী প্ল্যান নিয়ে ভাবতেছি কি ভাবতাছোস হাওয়ার ভাবনা নিয়া গাড়িতে উঠছে,0,0,2,PAg,0.09595207,0.050584216,0.4262982,0.08922587,0.33793965
fb 1114.jpg,আমি জুড়ে সব ক্রিঞ্জ কন্টেন্ট,4,4,1,GAg,0.0026421284,0.68586785,0.17754973,0.00076051947,0.13317978
fb 511.jpg,"*আব্বুর বানানো স্পেশাল, বাঙির শরবত; *রুহ আফজা, ট্যাং ও অন্যান্য শরবত...",0,0,3,RAg,0.0010370682,0.00013421313,0.0044149775,0.80131245,0.19310133
tangaila (124).jpg,আমি পুলিশ লাইনের মেয়ে আমি* পুলিশ লাইনের মেয়ে*,1,1,1,GAg,0.0042524235,0.42531964,0.18555178,0.34162003,0.04325612
in 306.jpg,তিনু নেতাদের 'ঘর ঘর কী কাহানি' মনে হয় আমার কথা ভাবছে! কুন্তলের টাকার গানমারা গেছে। যদি এবার আমার টাকার যায়!,2,2,1,GAg,0.21024157,0.76914644,0.007848002,0.00307725,0.009686702
in 92.jpg,চাইনা বেস্টু তুমি অন্য কারো হও আমি চাই সারা জীবন তুমি অবিবাহিত রও,0,0,1,GAg,0.02410894,0.86149645,0.05686725,2.3770292e-05,0.057503544
KAM (164).jpg,ঘুমাতে যাওয়ার সময় যা বলে গুডনাইট সুইট ড্রিমস ডার্লিং দরজা জানালা ঠিকমত লাগিয়েছ তো ?,0,0,1,GAg,0.16969943,0.38097903,0.082883745,0.25572512,0.11071269
in 352.jpg,কোথায় টাকা রাখবেন কী ভাবে টাকা রাখলে ধনী হওয়া যায়? কী বলে জ্যোতিষশাস্ত্র? পিএম কেয়ার আছে তো!,2,2,2,PAg,0.018693177,9.4746494e-05,0.6415114,0.0004861063,0.3392146
fb 832.jpg,গার্জিয়ান বেতন দেয় নাই বলে স্যারকে ভুল-বাল বুঝানো আমি আর আমার বন্ধু এদিকে আমাদের গার্জিয়ানদের ফোন দিয়ে আগে থেকেই বেতন এর খবর জেনে রাখা স্যার,0,0,3,RAg,0.0005036791,0.0032348174,0.0068197353,0.6335489,0.3558929
fb 676.jpg,ঈদের অনেক শপিং করেছেন দেখি হ্যা ভাই চাকরির প্রথম বেতন পাইছি তো তাই বাবা; মা; ভাই বোন সবার জন্য কাপড় কিনছি মাশআল্লাই...,0,0,4,Oth,0.07135704,0.021773513,0.0040334514,0.0006655512,0.9021704
fb 1974.jpg,ওয়াশ রুম শিক্ষক ও ছাত্রীদের ব্যাবহারের জন্য সাধারন মানুষ হর্ণি মানুষ,1,1,1,GAg,0.057690788,0.9069587,0.0056892317,5.6209337e-05,0.02960509
bangla-gag (10).jpg,কি মনে করসিলা দুই একটা ম্যাচ ভাল খেললে সব ম্যাচে ভাল খেলবো ?!,4,4,4,Oth,0.09278423,0.0029583725,0.023246238,0.00016119564,0.88084996
bangla-troll (5).jpg,গরম কালে আমরা শীত কালে আমরা,0,0,4,Oth,0.16222295,0.000309041,0.004199898,0.021172449,0.81209564
KAM (145).png,সবাই এখন যা করতেসে আর আমি এখন যা করতেসি,0,0,0,NoAg,0.8909922,0.0026127158,0.0018820787,0.037843674,0.066669255
blog 73.jpg,"সুন্দর শাহ হুজুরের দোয়া শকুনের দোয়ায় গরু মরে না, কিন্তু হুজুরের দোয়ায়...",3,3,3,RAg,0.0016780485,0.043240715,0.0569769,0.8946004,0.0035039634
in 446.jpg,মানিক ভট্টাচার্যর সাথে তৃণমূলের কোনো সম্পর্ক নেই !,2,2,2,PAg,0.008865278,0.0074164732,0.88023555,0.01096803,0.092514664
blog 96.jpg,"আমি একজন মডারেট মুছলিম । আমি ঘৃণা, সহিংসতা বৈষম্যের বিরুদ্ধে । তবে আমার জীবনে আছে পথনির্দেশক এক কিতাব, যাতে ঘৃণা, সহিংসতা ও বৈষম্যের কথা আছে পদে পদে ।",3,3,3,RAg,2.6655634e-06,3.1387144e-06,4.2160923e-06,0.99968183,0.000308146
fb 1141.jpg,সমকামীতা সেক্যুলারিজম ইসলাম বিদ্বেষ নারীবাদ নাস্তিক্যবাদ ইতিহাস বিকৃতি ট্রান্সজেন্ডার হিন্দুত্ববাদ প্রথম আলো তোমারা জেনে অবাক হবে যে সপ্তম শ্রেণীর বিজ্ঞান বই কপি করা হয়েছে প্রথম আলো একটু চালাক না হলে দুনিয়াতে টেকা মুশকিল।,4,4,4,Oth,0.0017240185,0.020309644,0.1051277,0.016155493,0.85668314
ovodro_img (197).jpg,ঘরে বাবা ঢুকিয়ে দেব ! চন্দন নগরের মাল :- ওই যে মেয়েটা দেখতে পাচ্ছ ওরা আমার থেকেও বেশি ভয়ানক । ।,1,1,1,GAg,0.0017415815,0.6843946,0.0002789624,1.9351199e-05,0.31356555
tangaila (323).jpg,যাই একটু এসপি পার্ক দিয়ে ঘুরে আসি দূর বাল যাইয়া কি হবে আমার তো কেউ নাই,0,0,0,NoAg,0.96962816,0.0010471299,5.315239e-06,0.029238705,8.064452e-05
fb 685.jpg,রমজানের পর দায়িত্বে আসা শয়তান! রমজান মাসে শয়তান কে নিয়ে মিমস বানিয়ে মজা নেওয়া আমি!,0,0,0,NoAg,0.86126345,0.09699071,0.013593821,0.0015616056,0.026590481
fb 1252.jpg,রমদ্বানে অর্জিত তাক্কওয়া ঈদ উপলক্ষে 'অমুক' টিভির ৭দিনের বিশেষ আয়োজন রমদ্বানে অর্জিত তাক্কওয়া,3,3,3,RAg,0.0020415424,0.0001105784,0.00048752435,0.9971861,0.00017430368
blog 279.jpg,আহমেদের আছে তিনটি আপেল। দুটো সে দিলো মুহাম্মদ কে । এখন বিস্ফোরণের ব্যাসার্ধ নির্ণয় করো।,3,3,4,Oth,0.0005960713,0.0123383645,0.0006912666,0.022039035,0.96433526
fb 1149.jpg,বাইরে বাইরে ছেলে ভিতরে ভিতরে মেয়ে,1,1,1,GAg,0.00014540865,0.9914733,0.0042326828,1.7923277e-05,0.0041305474
pin 30.jpg,"ভাঙলি তো ভাঙলি আর ১ টা বছর পর ভাঙতে পারলিনা?? ভোট টা হয়ে যেত, এখন লোকে ছিঃ ছিঃ করছে",2,2,2,PAg,0.012535815,0.0049148225,0.459626,0.3770706,0.14585273
blog 37.jpg,সন্ত্রাস ইছলামী দ্বীনের একটি অংশ ।,3,3,3,RAg,0.00073838833,6.50572e-05,2.9081786e-05,0.9957099,0.0034575649
fb 1093.jpg,আমারে স্যার ডাকবা,4,4,4,Oth,0.3050716,0.20133607,0.069935925,0.0028318388,0.4208246
fb 1488.jpg,*ভারতীয় মুসলমানরা গরু কুরবানি দিয়ে কুরবানি পালন করবে* উগ্রু হিন্দু:,3,3,0,NoAg,0.987976,0.0026191205,0.0005666388,0.007958038,0.0008803013
fb 2064.jpg,রেফারি ও রেফারি তুই অপরাধী রে,4,4,4,Oth,0.044387482,0.0010104624,7.994277e-05,0.0029546549,0.9515675
ovodro_img (240).jpg,"তার শরীরে চারটে টাট্টু আছে , হাতে গোল্ডেন ড্রাগন ও সামুরাই ওয়ারিওর, যেটা তাকে ভালো ভাগ্য এনে দিয়েছে ।",0,0,4,Oth,0.029124295,0.00014510994,0.021825153,0.085303344,0.86360216
KAM (220).png,আমি এখন বিরাট কুলী,4,4,4,Oth,0.14566717,0.0048428206,0.0024884169,0.008659656,0.83834195
KAM (98).png,কলোম্বিয়া কলাম বিয়া,0,0,0,NoAg,0.3970523,0.000108874774,2.3875731e-05,0.39306062,0.20975435
fb 1824.jpg,-মেয়ে : ছেলেরা কি চায় ? -আমি : সুন্দর চরিত্র পরীর মতো চেহারা বড় দুধ আধুনিক মেয়ে,1,1,1,GAg,0.06455852,0.8169095,0.039682504,0.0020555824,0.07679391
fb 203.jpg,সাইজ কত ? ৭ অমি রাজি,1,1,4,Oth,0.30298978,0.2585793,0.06894771,0.0016662839,0.36781693
bamboo-vaiya (514).jpg,রোজ নিয়মিত পানি পান করে শরীর সুস্থ রাখায় আমাকে ধন্যবাদ দেয়া আমার কিডনি* আইফোন ১২ কেনার উদ্দেশ্যে নিয়মিতভাবে কিডনির পরিচর্যা করা আমি*,0,0,0,NoAg,0.9991173,2.7897731e-05,5.8723082e-05,0.00073006406,6.602999e-05
KAM (232).jpg,"কোনোদিন কোনো বন্ধুর সাথে ঝগড়া মারামারি করবি না, কেন বলতো ? কারণ বলা তো যায় না... পরীক্ষার হলে কার পেছনে সিট পড়বে !",0,0,0,NoAg,0.9616193,0.022694815,0.0021523829,0.000119025295,0.0134146195
KAM (123).jpg,বৃষ্টি হয়না কেন? কি করা যায়... ম্যাডাম মেঘকে নাড়া দিয়ে দেখেন,2,2,0,NoAg,0.7865884,0.0022723956,0.05782088,0.0012600768,0.15205832
fb 688.jpg,মেয়েটা নিশ্চই অনেক সুন্দর হবে !! এটা তো রাফসান,4,4,3,RAg,0.22541103,0.0056336345,0.0003819717,0.7120417,0.056531627
in 537.jpg,"রাজ্যপাল নন, এ বার মুখ্যমন্ত্রীই বিশ্ববিদ্যালয়ের আচার্য, প্রস্তাবে সিলমোহর মমতা মন্ত্রিসভার সাম্মানিক ডিলিট এবার পেয়েই যাবো",2,2,2,PAg,0.0005833082,4.600022e-05,0.92213947,0.0042478098,0.07298338
fb 846.jpg,আরে সাবধানে মুকুট পড়া ফেসবুকে ওর নাম 'এঞ্জেল' সাদিয়া ছিলো,0,0,1,GAg,2.3784844e-06,0.9999094,4.9895556e-07,1.3790097e-09,8.771595e-05
fb 1952.jpg,মেয়েটার কোমরে ব্যাথা তাই ব্যাম করাচ্ছে ডাক্তারে।,1,1,1,GAg,0.008367912,0.98567605,0.00016411513,0.00021328482,0.005578632
KAM (363).jpg,পড়া মুখস্ত করতে ৩০মিনিট লাগলেও সেটা ভুলতে ৩ সেকেণ্ড ই যথেষ্ট!,0,0,0,NoAg,0.967474,0.00032428128,0.0035641121,0.00019964085,0.028437946
fb 410.jpg,"অনুপম রায়---- ""এই স্টেশনের চত্বরে হারিয়ে গেছি শেষ ট্রেনে ঘরে ফিরবো না-না-না"" শেষ ট্রেন এর চালক--- চুদে চাটনি, বেকার খাটনি |",0,0,0,NoAg,0.53926355,0.021866173,0.15527703,0.20868634,0.07490689
chosha (117).jpg,গায়ে হলুদের সময় বিয়ের সময় শাশুড়ির সামনে শশুরের সামনে দেওরের সামনে ফুলশয্যার পর,1,1,1,GAg,8.55793e-05,0.9650687,0.00038294517,8.076437e-06,0.034454644
in 253.jpg,তৃণমূলের সততা তৃণমূলের দুর্নীতি,2,2,1,GAg,0.10109827,0.5807046,0.11472443,0.0010118424,0.20246075
blog 442.jpg,হারামির বাচ্চা আমাকে কোরবানি না দিয়ে তোর বাচ্চাকে কোরবানি করে দেখা তো তোর আল্লাহ প্রেম... তুই আর তোর খোদা জাহান্নামে যা... পরের ধনে পুদ্দারি... !!,3,3,3,RAg,3.834616e-06,1.4002265e-05,5.1455777e-06,0.9998627,0.00011427406
blog 112.jpg,"আল্যার কসম, আমি নিজে সাক্ষী ক্যান্সার-আক্রান্ত হওয়ার কয়েকটি ঘটনার, যেগুলোর পেছনে প্রত্যক্ষ কারণ ছিলো - সোশ্যাল মিডিয়াতে ছবি পোষ্ট করা । আল্যার কসম, আমি এসব নিজের চোখে দেখেছি, অনলাইনে ছবি প্রচার হবার কারণে শিশুরা ক্যান্সারে আক্রান্ত হয়েছে । - শেখ সা'দ আল-আতিক (চৌদি ইছলামবাজ)",3,3,3,RAg,0.0012066159,0.008698375,0.038190268,0.9490214,0.0028832764
fb 1100.jpg,"নিজের গফ কে বন্ধুকে দিয়ে দিলাম কারন ""ভোগে নয় ত্যাগেই প্রকৃত সুখ""",1,1,3,RAg,0.08934991,0.23642078,0.25894526,0.2713066,0.14397742
fb 1243.jpg,আমাকে কিছু বল্লে সমস্যা নেয় মাফ করে দিবো কিন্তু আমার ধর্ম আমার নবীকে নিয়ে কিছু বল্লে তোর অস্তিত্ব খতম করে ফেলবো,3,3,3,RAg,0.022532113,0.0099180695,0.013457414,0.82555103,0.1285414
in 30.jpg,নামাজ-রোজা নাই খালি ইফতার পার্টি অ্যারেঞ্জ করা,0,0,0,NoAg,0.99177814,0.0020421594,0.0030790144,0.0012398248,0.0018608568
ovodro_img (38).jpg,"আমার বয়স আরো বেশি হলেও কী আমাকে বিয়ে করতি ? হ্যাঁ, কিন্তু বিয়ের পর কোনরকম দ্বিধাবোধ না করে মা বলে ডাকতাম ।",4,4,4,Oth,0.120948315,0.036300346,0.0040012333,0.0005917487,0.83815837
bamboo-vaiya (219).jpg,আজকে চান রাইত কালকে থকে গালি দিমু,4,4,1,GAg,0.1909767,0.59591687,0.13145192,0.059363745,0.022290796
fb 525.jpg,বর্তমানে বাংলাদেশ বিশ্বে ধান উৎপাদনে তৃতীয়: প্রধানমন্ত্রী কৃষিবিদ দিবস উপলক্ষে দেওয়া এক বাণীতে প্রধানমন্ত্রী শেখ হাসিনা বলেছেন বর্তমানে... ৭৫ টাকা কেজি চাল কিনে খাওয়া সাধারণ জনগণ :-,2,2,4,Oth,0.015878063,0.0031142097,0.021238454,0.24136548,0.71840376
in 22.jpg,যখন আম্মু প্রথমবারের মতো স্কুলে রেখে চলে আসে *আম্মু আমারে বাসায় নিয়া চলো* *আমি এই বালের স্কুলে কোনোদিনও ক্লাস করবোনা*,0,0,1,GAg,0.018456604,0.97860193,0.0012538059,6.145334e-05,0.0016260782
bamboo-vaiya (167).jpg,যখন আপনার বন্ধুরা আপনার ক্রাশের সামনে আপনার নাম ধরে ডাকতে থাকে ভাই এগুলা বন্ধ করেন আল্লাহর ওয়াস্তে,0,0,4,Oth,0.14454886,0.37042576,0.0047117365,0.0067637553,0.47354996
KAM (230).png,মানুষ প্রেম করতেসে... আর আমি... তারা বিয়ে করতেসে... আর আমি... তাদের বাচ্চা হচ্ছে... আর আমি...,0,0,0,NoAg,0.98827434,0.0015121489,0.0015335102,0.00055450905,0.008125401
bamboo-vaiya (166).jpg,আরে এই ছেলে তো অসম্ভব জ্ঞানী !,4,4,1,GAg,0.00048486912,0.89663726,0.00024637766,5.865571e-05,0.10257287
pin 12.jpg,হঠাৎ করে আমার ঠান্ডা হাতটা বন্ধুর গায়ে দেয়ার পর বন্ধু - বাবাগো!!,1,1,0,NoAg,0.97581714,0.0026535199,0.003841438,0.0032929399,0.01439493
fb 1471.jpg,বিরিয়ানির প্যাকেট* সাপ্তাহিক মুসল্লী*,3,3,3,RAg,0.022842392,0.0012327844,0.009022005,0.958925,0.007977792
fb 1864.jpg,সে : শুভ জন্মদিন!! আমি : ধন্যবাদ। আমার গিপ্ট কোথায়? সে :,1,1,1,GAg,0.0046193777,0.9886857,0.0005143436,2.2683906e-05,0.0061579132
in 481.jpg,"বাড়িতে নগদ ৮০ লক্ষ টাকা! সিবিআইয়ের জালে হালিশহর পুরসভা তৃণমূল চেয়ারম্যান স্যার, এবার কী বলবেন? অসম্ভব ধারাবাহিকতা বজায় রেখে খেলছে দলটা",2,2,2,PAg,5.7884357e-05,0.00066718494,0.99699426,5.1117536e-06,0.0022754977
fb 1050.jpg,হ্যাঁ ভাই আমিই সেই ডিম যাকে পরীমনির রিমান্ডে ব্যবহার করা হয়েছিলো,4,4,2,PAg,0.22977148,0.12211643,0.24646257,0.19607338,0.20557618
fb 621.jpg,তোর জন্য একটা মেয়ে দেখছি না না ভাই আমার ছেলে পছন্দ,1,1,4,Oth,0.1015019,1.1029136e-08,0.015869778,4.952712e-08,0.8826282
KAM (52).jpg,"মামা ভাল্লাগসে এফবি থেকে পাওয়া ছবি মাননীয় রেল মন্ত্রী জনাব মুজিবুল হক ও তার স্ত্রী এইটা কি আমাগো ভাবি,নাকি চাচী,নাকি নানী হইবো",2,2,4,Oth,0.07801707,0.0016155202,0.062920325,8.2551385e-05,0.85736454
in 611.jpg,"একটা ওয়ার্ডে নির্দল প্রার্থী এগিয়ে ছিলেন... ফলে সেখানে দেড় ঘণ্টা ধরে বন্ধ গণনা, খোঁজ পাওয়া যাচ্ছে না ইভিএমের!!! মন্ত্রী ঘনিষ্ঠ এক মহিলা প্রার্থী একটি ওয়ার্ডে ৩৮ হাজার ভোটে জিতছেন!!! এসব কী চলছে মশাই!? গণতন্ত্রের অন্নপ্রাশন চলছে!",2,2,2,PAg,1.2761743e-05,0.0009315759,0.9989644,3.487741e-05,5.6289733e-05
fb 2027.jpg,পৌনে এক ঘণ্টা ধরে শুধুমাত্র ক্যাচই প্র্যাক্টিস করলেন লিটন একটু চালাক না হইলে দুনিয়াতে টেকা খুব কঠিন,4,4,4,Oth,0.035485208,7.156591e-05,0.086206734,5.6910154e-05,0.8781796
blog 468.jpg,"প্রমাণ তো নেই, তবু 'গড আছে' চিল্লাও গড যদি থেকে থাকে, আছে গডজিল্লাও",3,3,0,NoAg,0.6093427,0.004652023,0.001136639,0.37543005,0.009438543
in 123.jpg,"শিক্ষক স্যার আপনি এটা ভুল বলেছেন হয়তো আসোলেই, থ্যাংকস ভুল ধরিয়ে দেওয়ার জন্য হুজুর হুজুর আপনার এই ফতুয়া ভুল ভন্ড, আমার চেয়ে বেশি ফতুয়া জানো?",3,3,3,RAg,8.9016985e-06,1.6360991e-05,6.640426e-06,0.99984384,0.00012418692
fb 1557.jpg,কিয়ামতের দিন নাস্তিকরা যেভাবে স্টিফেন হকিংয়ের দিকে তাকাবে...,3,3,0,NoAg,0.8411478,0.0036063225,0.031550907,0.094189525,0.029505543
bamboo-vaiya (385).jpg,লক ডাউনের পরে বন্ধুদের সাথে ট্যুরে যাবার জন্য আবদার করা আমি আমার কলিজাটা কত্ত বড় সেটা ভাবতে থাকা আমার মা,0,0,0,NoAg,0.76733,0.021657411,0.0014981284,0.19525427,0.014260247
fb 278.jpg,তেমন কিছু না সৎ ভাবে অনলাইনে হাফ ইয়ার্লি পরিক্ষা দাওয়ার পর আমার ও আমার বন্ধুদের খাতা-,0,0,1,GAg,0.2424841,0.28195313,0.19910105,0.043362536,0.23309925
fb 1799.jpg,আপা ইফতারে নতুন কি রেসিপি খাওয়াবেন ? ইফতারে তোদের আমি খাওয়াবো কাঠালের আমসত্ত্বা ।তাড়াতাড়ি মটিদে আমারে ।,4,4,2,PAg,0.009824995,0.1623676,0.7220894,0.0009469132,0.10477109
in 586.jpg,"করোনা তাড়াতে হরিনাম সংকীর্তনে মাতলেন তৃণমূল প্রার্থী, দুর্গার দল ভালোই কাজ করছে ...",2,2,2,PAg,4.250935e-05,2.8050246e-05,0.99047256,0.003209172,0.006247737
fb 206.jpg,অর্থ থাকলে গর্তের অভাব হয় না গর্ত থাকলে অর্থের অভাব হয় না... হেডা থাকলে বেডার অভাব হয় না :3,1,1,2,PAg,1.1714709e-05,0.06065578,0.8925551,0.04524525,0.0015321192
fb 1303.jpg,বন্ধুটা ভালোই ছিল কিন্তু ১৪ই ফেব্রুয়ারি গফ নিয়ে ঘুরতে যাওয়ার প্ল্যান করছিল,4,4,1,GAg,0.47398245,0.51900953,0.0010018272,2.5016721e-05,0.0059812367
fb 1235.jpg,নিরীহ প্রাণীদের অবৈধভাবে হত্যা করার সময় পশুপ্রেমী কুরবানির সময় পশুপ্রেমী,4,4,3,RAg,0.004514738,0.004222774,0.010504541,0.96093255,0.019825416
fb 1208.jpg,বিয়ে করলেন 'লোকে কেন বিয়ে করে' জিজ্ঞাসা করা মালালা। তার আদর্শ মেনে বিয়ে না করে বুড়ি হয়ে যাওয়া নারীবাদী এটা দেখার পর,1,1,0,NoAg,0.35602,0.2431132,0.06803026,0.0534671,0.27936944
blog 298.jpg,এইখানে পষ্ট কইরা লেখা আছে: আল্যার ছাড়পত্র ছাড়া মহাশূন্যে ভ্রমণ করা অসম্ভব। (সুরা ৫৫:৩৩),3,3,3,RAg,3.7760054e-07,1.3821224e-08,2.731578e-08,0.9999988,6.771313e-07
bamboo-vaiya (7).jpg,একজন ভালো বয়ফ্রেন্ড সবসময় গালফ্রেন্ডের মুখে হাসি ফুটিয়ে রাখার চেষ্টা করে,1,1,0,NoAg,0.941282,0.021090267,0.0016167664,0.015162521,0.020848557
in 48.jpg,ছোট ভাই নাচতাছে কারন দুপুরের খাবার পর তার দুই রোজা হয়ে গেছে,0,0,3,RAg,0.07861739,0.02457179,0.00041395318,0.8940225,0.0023743405
blog 93.jpg,ঈশ্বর না থাকলে আমরা তার নামে এমন মেগা-ব্যবসা এতো সফলতার সঙ্গে যুগ যুগ ধরে চালিয়ে যাচ্ছি কীভাবে?,3,3,3,RAg,0.000473642,0.008187168,0.10626859,0.8627719,0.022298679
blog 439.jpg,কোরানের মতে মানবজাতির বংশবৃদ্ধি প্রথমে শুরু হয়েছিল একটি পরিবারে ইনসেষ্ট চর্চার মাধ্যমে দ্বিতীয়বারেও ভরসা ছিলো ইনসেষ্টই,3,3,3,RAg,1.009781e-05,5.1311144e-05,5.9209735e-05,0.99986935,9.9923955e-06
direct-offense (48).jpg,উপরে সৌদি আর নিচে জার্মানি,1,1,4,Oth,0.18725015,0.050561324,0.011360182,0.16320209,0.5876263
fb 1078.jpg,চেয়ারে কলম রাখার পর যখন বন্ধু সেখানে বসে পড়ে তখন বন্ধুর অবস্থা*,4,4,4,Oth,0.10879592,0.06042893,0.012548906,2.1455535e-05,0.8182048
fb 1113.jpg,নির্বাচনী প্রচারণা* নির্বাচনে অংশগ্রহন করা প্রার্থী এলাকাবাসী,2,2,1,GAg,0.032447632,0.93490905,0.007312804,7.026541e-05,0.025260327
in 487.jpg,জেলে বসে খাসির মাংস খেলেন অনুব্রত!,2,2,2,PAg,0.008145296,0.12827331,0.79894775,1.471415e-06,0.064632185
fb 728.jpg,"হ্যলো বাবু, একটু তারাতাড়ি ইফতারি করে নিও নাইলে তোমার কষ্ট হবে",0,0,4,Oth,0.089080654,0.035963196,0.016629325,0.04441367,0.81391317
fb 955.jpg,সকাল বিকাল রাত্রি বেলা জেসমিন আপার দরজা খোলা,1,1,0,NoAg,0.91852754,0.07958174,0.00024717505,9.384669e-05,0.0015497499
fb 868.jpg,দোস্ত আজকের কনসার্ট কিন্তু অনেক জমজমাট হইছে হ্যা বন্ধু আতশবাজিগুলা অনেক সুন্দর সারাবছরের গ্লানি ভুলে গেলাম এখানে এসে,0,0,1,GAg,0.18635133,0.4258426,0.1198814,0.007801649,0.26012304
pin 13.jpg,বাবা খায় ধার করে বিড়ি মেয়ে বলে আমি ডানা কাটা পরি এ কেমন মেয়ে,1,1,0,NoAg,0.83725804,0.040091284,0.00056494784,0.11740194,0.0046838033
in 640.jpg,"""ত্রিপুরায় গণতন্ত্রের হত্যা হয়েছে। বিপ্লব দেব সরকার মানুষের অধিকার সুরক্ষা দিতে ব্যর্থ।"" তোপ ফিরহাদ হাকিমের... পশ্চিমবঙ্গে পঞ্চায়েত ভোটে তো গণতন্ত্র পাগলু ডান্স করছিল!",2,2,2,PAg,0.002275825,0.006979243,0.76532495,0.15748711,0.06793287
fb 1170.jpg,ছিঃ! আমি তো পা*খানায় পা দিয়ে ফেললাম,4,4,4,Oth,0.0069130505,0.06477086,0.009067452,0.21025069,0.70899796
fb 1253.jpg,বেশি করে ঘাস খেয়ে নিচ্ছি কারণ; তারাবীর নামাজ ৮ রাকাত নাকি ২০ রাকাত সেটা নিয়ে তর্ক করতে হবে !,3,3,3,RAg,0.006128225,1.5815278e-06,4.017367e-05,0.52358884,0.4702412
bangla-troll (10).jpg,"কিরে মামুর বেটা, তুই নাকি প্রেমে পড়লি ? ওরে ফইন্নি, প্রেমে পড়মু ক্যারে ? আমি তো মাত্র কলেজে পড়ি !",0,0,4,Oth,0.37098032,0.03817698,0.061923444,0.00055371184,0.5283656
fb 266.jpg,এখন না লকডাউন তুই বাইরে কি? স্যার বইমেলায় যাই,2,2,3,RAg,0.101539634,0.13275877,0.049823273,0.7032211,0.012657278
nurani-memes (203).jpg,রিক্সা চালক *ব্যাটারি ওয়ালা রিক্সাচালক আমারে স্যার ডাকবা,0,0,4,Oth,0.0023733685,0.4862869,0.0005223305,0.00010168307,0.5107157
fb 648.jpg,২০ টাকায় এক হাজার ফলোয়ার বিক্রি করার পর! ফলোয়ার ব্যবসায়ী:,4,4,0,NoAg,0.9989718,0.0004480412,8.0460624e-05,3.9584374e-05,0.00046009527
fb 1505.jpg,"গরুপাচার কাণ্ডে এবার দেবকে নোটিস সিবিআইয়ের, মঙ্গলবার হাজিরার নির্দেশ",4,4,3,RAg,0.0015356238,0.044308573,0.05133888,0.7032349,0.19958206
in 346.jpg,পিসি- সবাই মিলেমিশে ভাগ করে খাও একা খাবো সেটা হবে না আমি খেতে তো মানা করছি না। *তিনু নেতা,2,2,4,Oth,0.3465006,0.00089142343,0.12254652,9.582389e-05,0.5299656
tangaila (280).jpg,"সার্কাজম করে বিটিএসের পক্ষ নিয়ে পোষ্ট করে পচানোর পর যখন কোন বিটিএস ফ্যান ইমপ্রেস হয়ে প্রপোজ করে বসে তুই একটা বোদাই , আমি নিজেও একটা বোদাই",4,4,0,NoAg,0.5129165,0.041127343,0.032705646,0.039469313,0.37378117
KAM (306).jpg,সাকিব বলদ দেখবি? কই? দেখা! আয়নার সামনে দাঁড়া দেখতে পাবি,4,4,4,Oth,0.18925019,0.018195469,0.09561821,0.000724486,0.6962117
fb 726.jpg,"৭ বছর বয়সী আমি : ছারো আমাকে, আমিও তোমাদের সাথে রোজা রাখবো",0,0,0,NoAg,0.6499291,0.33916038,0.00032922745,0.010202777,0.0003784874
in 335.jpg,যখন দিদি বলে গ্রামে গ্রামে দূত হিসাবে যেতে হবে... গ্রামে ঢুকে তাড়া খাওয়ার পর,2,2,4,Oth,0.10068881,0.04161562,0.024456484,0.07214107,0.76109797
fb 1975.jpg,যখন আপনার ঐটা তার ভুল গর্তে ডুকে যায় বাবা গো,1,1,0,NoAg,0.49675345,0.4550695,0.001476921,0.009141643,0.037558366
in 433.jpg,বিশ্বের সেরা অভিনেতা অমিতাভ বচ্চনকে জন্মদিনের শুভেচ্ছা জানাচ্ছেন,2,2,3,RAg,0.031728957,0.003973261,0.0028124559,0.92649174,0.03499361
in 45.jpg,আম পাতা জোড়া জোড়া মারবো চাবুক চড়বো ঘোড়া,1,1,1,GAg,0.05918495,0.50107867,0.41723707,0.0028807982,0.019618554
fb 219.jpg,ছেরা টাকা দিয়ে বিস্কুট কিনে আনা আমি মেয়াদ উত্তীর্ণ বিস্কুট দেয়া দোকানদার,0,0,4,Oth,0.015167851,7.5279684e-05,0.17054181,3.8099436e-06,0.8142113
in 540.jpg,"নরেন্দ্র মোদী আর ললিত মোদী এদের মধ্যে মিল কোথায় বলুন তো? এদের মধ্যে আবার কিসের মিল! ও মিত্তির মশাই, আছে নাকি মিল! দুজনেই বাংলার মেয়েকেই চায়...",2,2,2,PAg,0.00063626916,0.20624925,0.79105467,1.0605542e-05,0.0020492326
fb 332.jpg,বার্গার খাবে কেউ?,1,1,1,GAg,1.57905e-05,0.9683229,0.028236711,0.0030299274,0.00039478924
KAM (149).png,"এক ছাত্র ৪টা সাবজেক্টে ফেল করার পর... শিক্ষক: কিরে ৪টা তেই কিভাবে ফেল করলি? ১ম টাতে অন্তত পাশ করতে পারতি, এতোদিন বন্ধ ছিল! স্যার ১মটার জন্য পরীক্ষার আগের দিন পড়তে বসছি বন্ধে ২য় টায় কিভাবে ফেল করলি? ২য় টার জন্য পড়সিলাম স্যার ২য়টার জন্য এতো পড়সি যে ভাবসি আর পড়াই লাগবে না তাই পরীক্ষার আগের দিন উলালা করে হলে সব ভুলে গেসি ৩য় টায় কেন ফেল করেছো বাবা? ২য়টা খারাপ হইসে এই দুঃখে স্যার 8র্থ টাও কি ৩য়টা খারাপ হওয়ার দুঃখে খারাপ হয়েছে? না স্যার শেষ পরীক্ষার খুশিতে, পড়তেই মন চায় না!",0,0,4,Oth,0.017075596,0.003871223,0.03996763,3.3328422e-05,0.9390522
Halal Memes (202).jpg,"আমার পোস্টগুলি দেখার পরে, রিলেটিভ:-",0,0,0,NoAg,0.9926196,0.0032062032,0.0002693422,1.140341e-05,0.0038935167
Halal Memes (21).jpg,আমি - আওয়ামীলীগ করি করোনাভাইরাস যখন জানতে পারে,2,2,1,GAg,0.13517053,0.34234738,0.18746476,0.17456822,0.16044903
in 485.jpg,"কখনও যদি দেখেন ববির অত সম্পত্তি পাওয়া গিয়েছে, বিশ্বাস করবেন না', আগেই বঙ্গবাসীকে সতর্ক করে রাখলেন নেত্রী বলছিলাম, কার কার সম্পত্তির হদিশ পাওয়া গেলে বিশ্বাস করবো না, যদি বলে দেন... একটা নামের লিস্ট পেতাম তাহলে নিশ্চিন্তে থাকা যেত|",2,2,2,PAg,1.0884251e-05,0.00015847878,0.99760866,3.1795877e-05,0.0021902279
fb 272.jpg,একটিভ স্যাস্টাস বন্ধ করার পর আমার বন্ধু : ভাই দেখ তো আমারে এক্টিভ দেখায় নাকি,0,0,1,GAg,0.27674744,0.71115375,0.0012903778,0.0012370993,0.009571271
in 573.jpg,"নেতাজির স্বপ্নের স্বাধীন ভারত এখনও গড়ে ওঠেনি, আমরাই গড়ব', মূর্তি উন্মোচনে শপথ মোদির রেল তেল বিমান খনি সবই তো বেচা হয়ে গেছে এবার কি বেচে স্বপ্নের ভারত গড়া হবে!?",2,2,2,PAg,0.0041775936,0.0109251,0.76689905,0.081794776,0.13620351
fb 1368.jpg,দেশের জিডিপি কমে যাওয়া কোরোণা আবহে পরীক্ষা নেওয়ার কথা বলার পর ছাত্রছাত্রীদের সুস্থভাবে বেঁচে থাকার সম্ভাবনা,2,2,4,Oth,0.4090404,0.0013027833,0.005913221,0.0011150519,0.58262855
tangaila (307).jpg,কানিজ ফাতেমা তুই আর আমি তো একই,0,0,4,Oth,0.0011638497,5.2843032e-05,0.00016149733,2.155169e-09,0.9986218
fb 1159.jpg,আমেরিকা যাচ্ছে রোহিঙ্গারা #শাহবাগী ১৫ দিনে রোয়াঈঙ্গা ভাষা শিক্ষা,4,4,3,RAg,0.00034266774,0.03916873,0.10580787,0.6997359,0.15494478
chosha (90).jpg,আয় বৃষ্টি ঝেপে ধোন দিবো মেপে,1,1,1,GAg,6.624567e-05,0.9958444,0.0032665061,1.0271222e-05,0.0008125372
ovodro_img (162).jpg,জানিস বোন কাল সারারাত চোষার পরেও দাঁড় করাতে পারিনি কাঁদিস না দিদি আমার টারও একই অবস্থা,1,1,1,GAg,2.1091141e-06,0.9988933,0.00013469114,3.8079233e-09,0.0009699335
blog 479.jpg,একটি দারুণ মিল ভগবান ও ভক্তে এক্সিবিশনিজম উভয়েরই রক্তে,3,3,3,RAg,5.3352546e-06,4.4660464e-05,2.4179706e-05,0.9971054,0.002820383
blog 342.jpg,"যে-আসনেই প্রার্থনা করা হােক না কেন, ফলাফল - লবডঙ্কা",3,3,3,RAg,3.2073985e-06,4.706172e-07,1.3119316e-07,0.9999769,1.9276058e-05
tangaila (152).jpg,বিন্দুবাসিনীর কোনো সুন্দরী মেয়ে যখন বলে আমি সিঙ্গেল লে আমি :- প্রমাণ দাও !,1,1,0,NoAg,0.9345987,0.048813883,0.00030500453,0.0070238602,0.009258489
fb 1788.jpg,স্বামি বিদেশ,1,1,1,GAg,0.004338637,0.99011946,0.00531537,0.00016828031,5.8149355e-05
tangaila (335).jpg,উদ্যানের চা আড্ডাবাজ পোলাপান,1,1,1,GAg,0.00016772262,0.9975694,0.0002994876,1.0582866e-06,0.0019623917
Halal Memes (73).jpg,হঠাত ছোট বোনের আদর্শ লিপি বই নিয়ে ঘাটাঘাটি করার কারন জানতে চাওয়া আমার আম্মু ২মাস পড়াশুনা না করে বাংলা অক্ষর ভুলে যাওয়ায় আদর্শ লিপি বই পড়া আমি,0,0,1,GAg,0.28028607,0.6911098,0.00141799,0.026832027,0.0003542177
ovodro_img (548).jpg,অনেক মেয়ে মিলে একজন পুরুষের উপর নির্যাতন করাকে বলে পুরুষ নির্জাতন,1,1,1,GAg,0.093940005,0.80162346,0.005139241,0.0013080072,0.09798923
Bangla Thug Life (401).jpg,আম্মা আমি প্রেগনেন্ট চুদসে এইটা একটা দুর্ঘটনা ছিলো মানে তুই বলতে চাস ! তুই রাস্তা দিয়া হাঁটতে গিয়া উষ্টা খাইয়া সোনার উপর পইড়া গেসিলি ???,1,1,3,RAg,0.009726868,0.04698039,0.016967861,0.9244155,0.0019092571
fb 1210.jpg,ন্যূড আর্ট বাবা সিম্পানন্দ* পিরিয়ড কবিতা*,2,2,0,NoAg,0.6742484,0.11952814,0.14920823,0.0025657867,0.054449484
blog 101.jpg,"আস্তিকীয় যুক্তিবাহার কোনও প্রাকৃতিক বিপর্যয় বা দুর্ঘটনার পরে তারা দোয়া করে সাহায্য চায় তার কাছে, যে কিনা সেই ঘটনাটি ঘটিয়েছে বলে তারাই মনে করে ! কেউ কেউ আবার তাকে শুকরিয়াও জানায় !",3,3,3,RAg,0.0039817,0.0011785125,0.0011497706,0.94204295,0.051647168
Bangla Thug Life (397).jpg,ছেলে: আই লাভ ইউ মেয়ে: কি করতে পারবে আমার জন্য ? লুইচ্চা ছেলে মনে মনে ২১ দিনে দুদু ডবল,1,1,0,NoAg,0.8629707,0.13468745,0.0004335634,0.0010418436,0.00086639903
KAM (270).jpg,সম্প্রতি এক গবেষণায় প্রমাণিত হয়েছে যে... ঘুমের ট্যাবলেট এর চেয়ে পড়ার টেবিল বেশি কার্যকরী!,0,0,0,NoAg,0.99965966,0.0001244411,5.233642e-06,7.940597e-05,0.0001313529
blog 488.jpg,"আমি কবে বড়ো হবো? মাদ্রাসায় বলেছে, বড়ো হলে আমি এইসব প্রতিমা ভাঙতে পারবো, মালাউন তাড়াতে পারবো দেশ থেকে।",3,3,3,RAg,9.351467e-05,0.00018261658,0.00029148336,0.9976587,0.0017735638
Halal Memes (32).jpg,"আমি যখন ক্লাসে কথা বলি, কিন্তু স্যার এসে সাথে বসা আমার বন্ধুকে মারে । লেঃ আমি",0,0,0,NoAg,0.9286835,0.0054519507,0.057868104,0.0006681491,0.0073282835
fb 704.jpg,রমজান মাসে যখন কেউ বাংলা বা ইংরেজি তারিখ জিজ্ঞেস করেঃ কত রমজান চলে সেটা মনে রাইখাই কূল পাই না ইংরেজি বাংলা তারিখ মনে রাখবো কোন সময়,0,0,3,RAg,0.0009637274,0.0019175207,0.0023909386,0.9181822,0.076545656
bangla-troll (49).jpg,ডিপ ফ্রিজে আইস্ক্রিমের বক্স দেকসিলাম কিন্তু খুলে দেখি বক্সটা আদা-রশুন এ ভরা,0,0,0,NoAg,0.46358743,0.00038817638,0.07124932,0.003428792,0.4613463
fb 1083.jpg,এই বালের গানে এতো ভিউস কেমনে? বাংলাদেশে কামলাদের সংখ্যা দিন দিন বাড়তেসে,4,4,3,RAg,0.053997364,6.9166985e-05,0.00037464316,0.91362196,0.031936858
in 645.jpg,"এগিয়ে আসছে জাওয়াদ দুয়ারে ঝড়, পকেট ভর",2,2,2,PAg,0.0027954485,0.00042325177,0.9914238,6.197931e-07,0.005356962
fb 1215.jpg,ধর্ম যার যার উৎসব সবার| ধর্ম যার যার উৎসব ও তার,3,3,0,NoAg,0.8992507,0.021940282,0.0044221994,0.061795708,0.012591056
ovodro_img (257).jpg,সেই মুুহুর্ত যখন তোমার বর চা বানিয়ে আনে কিন্তু চায়ে দুধ নয় নিজের ঘী দিয়ে চা বানিয়ে খাওয়ায় আর সেটা তুমি বুঝতে পেরে যাও,1,1,1,GAg,0.05017288,0.7421148,0.0010001804,2.1698442e-07,0.20671193
bangla-gag (11).jpg,সেহেরি ৩:৩০ ! কিন্তু ১২ টায় পুরা ইন্ডিয়া টিমরে খাইয়া শেষ করে দিসি !,4,4,4,Oth,0.30585793,0.23019975,0.032996275,0.015189874,0.4157563
in 606.jpg,বর্ষসেরা অভিনয় পিসি,2,2,2,PAg,9.497709e-07,0.00019137147,0.99976295,8.930721e-06,3.573587e-05
ovodro_img (45).jpg,"পাগলউউউ... থোড়াসা কারলে রোমান্স ধুর বাল, পাগল হলেও সম্মান আছে । তোদের মত পাগলু ড্যান্স করি না ।",4,4,1,GAg,0.0058226655,0.60775405,0.06987158,0.16210975,0.15444197
fb 895.jpg,জমিতে ক্রিকেট খেলার সময় বল যখন কোন ঝোপ-ঝাড়ে গিয়ে পড়ে বল:-,0,0,0,NoAg,0.45090157,0.000331059,0.24677815,9.4519004e-05,0.30189472
fb 126.jpg,"১০০০ এর ৭.৫% ৭৫০ টাকা বস, হিসাবে একটু গোলমাল আছে তাই নাকি? আচ্ছা তাইলে... ১০০০ এর ৭.৫% ৭৫ টাকা হ, এখন ঠিক আছে পরের দিন... ১০০০ এর ৭৫% ৭৫০০০ টাকা হালা মরতে চাস?",2,2,2,PAg,0.050808623,0.026934767,0.4573211,0.24664408,0.21829139
fb 87.jpg,এন্ড্রয়েড ডেভেলপার রেসিপি এন্ড্রয়েড স্টুডিও ইন্সটল করা অন্যর আইডিয়া চুরি করা অন্য এপের কোড ও ইন্টারফেস কপি করা নিজের আইডিয়া দিয়ে নতুন কিছু বানানো উপস!,4,4,3,RAg,0.0002033764,0.0025772436,0.0064045503,0.7391864,0.25162843
KAM (367).jpg,আগে আমার কিছুই ভালো লাগতো না! ঘুরতে যাওয়া/খেলাধুলা/টিভি দেখা! তারপর আমার জীবনে এলো পড়ালেখা! এখন আমার সব কিছু করতে ভালো লাগে!,0,0,0,NoAg,0.63917667,0.33282325,0.00023064787,4.639765e-05,0.027723003
fb 1167.jpg,নারীবাদীরা সারাবছর শীতকালে,1,1,0,NoAg,0.701627,7.223018e-07,0.022144625,5.016662e-06,0.27622256
blog 317.jpg,"-ইয়া মাবূদ, তোমার গলা না শোনা পর্যন্ত আমি এই জায়গা ছেড়ে উঠবো না ।",3,3,3,RAg,1.3067873e-06,1.0114971e-07,8.592093e-09,0.9999795,1.9040599e-05
bangla-gag (43).jpg,আগে শুধু আমরা মানুষের হৃদয় জয় করতাম ! আর এখন হৃদয় এর সাথে সাথে সিরিজও জয় করি !,0,0,4,Oth,0.0061196857,0.003400777,0.0019477239,6.1185297e-06,0.9885257
blog 77.jpg,"আপনার সঙ্গে যুদ্ধ করছে যে-কাফের, তাকে হত্যা করা যায়েজ । আপনার কাছে যদি অন্য কোনও কারণ থাকে, তখনও তাকে হত্যা করা যায়েজ । এমনকি কোনও কারণ না থাকলেও তাকে হত্যা করা যায়েজ ।",3,3,3,RAg,0.10155951,0.025717601,0.019632945,0.75387126,0.09921876
blog 34.jpg,"বর্তমান পৃথিবীতে সর্বমোট ধর্মের সংখ্যা ৪২০০ । তন্মধ্যে শুধুমাত্র একটি ধর্মই সঠিক । আপনার ধর্মই সত্য ধর্ম এমন হবার সম্ভাবনা: ১/৪২০০ = ০.০০০২৩ = ০.০২৩ % অপরপক্ষে, ভুল ধর্মে বিশ্বাসের কারণে দোযখে যাবার সম্ভাবনা: ১০০ - ০.০২ = ৯৯.৯৭ % ঘাবড়ে গেলেন? ঘাবড়ানোর কিছু নেই, সকল ধর্মের মধ্যে শুধুমাত্র আপনার ধর্মটিই সঠিক । এবার ঘুমান ।",3,3,3,RAg,1.5279205e-06,2.4115147e-06,1.390903e-05,0.99989474,8.733945e-05
fb 1084.jpg,আমারে স্যার ডাকবা,4,4,4,Oth,0.24489278,0.00050396204,0.0104452055,0.00014372688,0.7440144
blog 306.jpg,"যখনই আপনার মনে হবে, আপনি নিরর্থক কোনও কাজ করছেন, তখন এই ছবিটায় চোখ বুলিয়ে নেবেন",3,3,3,RAg,2.6407739e-07,1.6822393e-06,5.0065773e-06,0.99998724,5.8107453e-06
fb 1189.jpg,আরে থাম ভাই! আর কতদিন এভাবে প্যান্ট ভালো না বলে নামজ বাদ দিবি!,3,3,4,Oth,0.027991226,0.35671902,0.002145254,0.007770055,0.6053744
direct-offense (47).jpg,"কি করছো জানু ? তোমাকে খুব মিস করছি আমি বান্ধবীর বাড়িতে আসছি বাবু, নোট লিখছি পরে কথা বলবো",1,1,2,PAg,0.107116885,0.27476832,0.5471516,0.04221688,0.028746309
Halal Memes (270).jpg,ছাত্রলীগ নিয়ে কোন মিম বানানো বিদ্যমান* ছাত্রলীগ নেতা: তুই কারে লইয়া ছিনিমিনি খেলতাসস বুঝোস নাই !,2,2,2,PAg,0.33139452,0.08459467,0.33224386,0.0014261781,0.25034076
in 284.jpg,মোরাল অফ দ্য স্টোরি 'দিদি' দিয়ে 'মোদি'-কে কাটা যায়না।,2,2,2,PAg,0.12479391,0.021936787,0.4902354,0.002370197,0.36066368
blog 111.jpg,"আম্মু, আম্মু, নিনজা ! অথচ তুমি বলসিলা, নিনজা নাকি কল্পকাহিনী !",3,3,3,RAg,1.4989216e-05,7.1291547e-06,8.737176e-07,0.9999013,7.56729e-05
fb 1755.jpg,বিচি ঠান্ডা না করে মাথা ঠান্ডা করে ক্রিকেট খেলুন,4,4,2,PAg,0.0075156996,0.1167968,0.4587749,0.1166274,0.30028522
direct-offense (32).jpg,"ও হ্যান্ডেল মারে তা নিয়ে প্রবলেম নেই । প্রবলেমটা হচ্ছে, ও হ্যান্ডেল মারার পর বাথরুমে জল না দিয়ে চলে এসেছিলো",0,0,1,GAg,0.06539667,0.9049842,0.0045387917,0.023692494,0.0013877832
ovodro_img (173).jpg,মধু তোমার এই সজ্জিত রূপ বজায় থাকার রহস্য কী ? কাউকেই ভিতরে ফেলতে দিই না ।।,1,1,1,GAg,0.0297339,0.5864219,0.002019801,0.00014363904,0.38168082
in 288.jpg,ত্রিপুরার মানুষ পরিবর্তন চায় ২৫ বছরের বাম আমলের থেকেও বড় ক্ষতি করেছে সরকার ত্রিপুরা যাওয়ার আগে চাঁচাছোলা অভিষেক হাফ সিটে কান্ডিডেট খুঁজে পায়না আবার সরকার গড়ার প্রতিশ্রুতি দিচ্ছে!,2,2,2,PAg,6.0225433e-05,2.6147e-07,0.99724954,7.327813e-06,0.0026825892
fb 782.jpg,প্রমিজ করলাম* প্রমিজ করলাম* নিজের সর্বোচ্চ দিয়ে হলেও বাবা মায়ের মুখে হাসি ফুটানোর চেষ্টা করবো,0,0,3,RAg,0.021608785,0.0022416457,0.015059009,0.96005166,0.0010387807
fb 444.jpg,টাচ করুন তুই মাওবাদী!,2,2,0,NoAg,0.8237466,0.0033184087,0.044754196,0.008946636,0.11923417
in 414.jpg,এরা এদের মৃত্যুর জন্য নিজেরাই দায়ী অলিম্পিকের মেডেল থেকে মঙ্গলযান সব কৃতিত্বই এনার,2,2,2,PAg,0.000592408,0.0028385918,0.9954247,1.076788e-06,0.0011431837
fb 2022.jpg,আজকে থেকে আয়নাতে খেলা দেখা,4,4,1,GAg,0.19422838,0.80086994,0.0013584665,0.00062120944,0.0029219713
fb 1535.jpg,ইশশ ! অসহায় পাখি ! পাখিটাকে ছেড়ে দে! নির্দয় বিড়াল ! কিছুক্ষণ পর... আহ ! কী সুগন্ধ !,4,4,3,RAg,0.00054927566,0.00035444731,0.0017108826,0.99168277,0.0057026376
bamboo-vaiya (335).jpg,যখন আপনি বাসা থেকে টাকা নিয়ে বাজার করে আনেন কিন্তু আপনাকে টিভি চ্যানেলে করোনা ত্রান সহায়তার লাইনে দাঁড়ানো দেখায়,0,0,1,GAg,0.110517606,0.8553307,0.018018473,0.004949802,0.011183481
fb 418.jpg,আমি বেশি মেয়ে পটিয়েছি না আমি বেশি মেয়ে পটিয়েছি,4,4,1,GAg,0.06376868,0.5575769,0.019018738,0.0016461236,0.35798964
blog 133.jpg,ভাবসিলাম সাথে ভায়াগ্রা নিয়া আসছো !,3,3,3,RAg,2.3370657e-08,3.7118244e-08,2.9030826e-08,0.99999654,3.2859457e-06
in 334.jpg,গ্রামবাসীরা ক্ষেপে আগুন হয়ে আছে তাই গ্রামে গ্রামে দিদির দূত হিসাবে যাওয়া থেকে এটা অনেক কম রিস্কের কাজ,2,2,3,RAg,0.0031510459,4.3496624e-05,1.4128628e-05,0.99672985,6.147753e-05
bangla-gag (87).jpg,লাক্স কোটি টাকা খরচ করে দীপিকাকে বাংলাদেশে আনসে আর বিসিবি ইন্ডিয়ান টিমকে খেলতে ডাকসে সেখানে ইন্ডিয়ান টিম সাথে আনুসকা ফ্রি আসতেসে,4,4,4,Oth,0.0011147159,0.4549016,0.03604149,0.00023774459,0.5077044
bangla-troll (29).jpg,একটা সুন্দরি মেয়ে পেছবুকে রিকুয়েস্ট পাঠাইছিল... মাগার ... ওইটা ফেক আইডি ছিল,0,0,0,NoAg,0.9901516,0.00019519926,0.0007569968,3.145229e-05,0.008864748
fb 1469.jpg,আজকে জুম্মার পরে বিরিয়ানি দিবে,3,3,3,RAg,0.044954106,0.16069116,0.032456443,0.7266041,0.035294186
ovodro_img (73).jpg,যখন কোন বাচ্চার মা বাবা দুজনেই ট্রেনে উঠে যায় কিন্তু বাচ্চা টা উঠতে পারে না,0,0,0,NoAg,0.44764736,0.32601708,0.024346057,0.00030906097,0.20168039
tangaila (57).jpg,বের হলেই চাকরি বেতন ১২ হাজার টাকা,0,0,2,PAg,0.31463343,0.06218933,0.472244,0.022235626,0.1286976
blog 162.jpg,"দোয়া হচ্ছে হস্তমৈথুনের মতো: যে করে, সে তৃপ্তি পায়, কিন্তু যার কথা ভেবে করা হয়, তার কোনও কাজেই লাগে না",3,3,3,RAg,2.1157855e-07,5.25977e-10,2.8141855e-11,0.9999895,1.0226159e-05
Halal Memes (206).jpg,নির্দিষ্ট জায়গায় থুথু ফেলবো ।,0,0,4,Oth,0.26546106,0.004303302,0.19911677,0.010681902,0.520437
fb 760.jpg,স্কুলের ১২০০ টাকা বেতন যে কিভাবে দিবো আব্বু তো বেতন পায় না তিন মাস থেকে আল্লাহ তুমি ১২০০ টাকার ব্যবস্থা করাই দাও প্লিজ না ছেলেটা আর্থিক সমস্যায় আছে কাল ওরে কিছু টাকা দিয়ে সাহায্য করবো বাবা এই ১০০০ টাকা রাখো তোমার বেতন দিতে কাজে লাগবে কিন্তু আমি তো আল্লাহর থেকে ১২০০ টাকা চাইছি তার মানে আপনি বাকি ২০০ টাকা মেরে দিয়েছেন,4,4,0,NoAg,0.4514993,0.0093220165,0.10167509,0.0045245728,0.43297902
fb 1976.jpg,ডিসেম্বর ৩১ ১১ : ৫৯ ২ : ৩০,1,1,4,Oth,0.23432077,0.0061537055,0.027760912,0.121247254,0.6105174
fb 1385.jpg,এদিকে আয় মোদী। তোকে আমাদের অনুমতি ছাড়া জঙ্গল কাটার অধিকার দিচ্ছি।,2,2,1,GAg,0.29401594,0.46534315,0.03214116,0.05741384,0.15108582
fb 1858.jpg,ছ্যাদা খুজে পাইতেছি না,1,1,2,PAg,0.113273725,0.036998533,0.83318985,1.9383098e-05,0.01651853
fb 295.jpg,"ছেলেটির নাম জনি সিন্স| গরিব, তাই পড়াশোনার পাশাপাশি পিজ্জা ডেলিভারি বয় হিসেবে কাজ করে।একদিন মিরপুরের রাস্তায় মেট্রোরেল এর জ্যাম থাকায় ২০ মিনিট এর জায়গায় ৩০ মিনিট লেট হয়ে যাওয়ায় এই মেয়ে টি জনি সিপ্স কে কলার ধরে মারল| মানবতা আজ কোথায় ???",1,1,3,RAg,0.035822656,0.069654904,0.11455493,0.41164294,0.36832464
blog 447.jpg,ওরা বেশরিয়তী কাম করে! ইছলামে এইসব হারাম! যৌনদাসী,3,3,3,RAg,1.973658e-09,1.0918153e-09,3.486292e-10,0.99999964,3.346609e-07
fb 303.jpg,~কিছু কিছু মাগি আছে সাংগা হওয়ার পরেও বারো জনের দোচা না খাইলে নাভীর নিচে শান্তি হয় না,1,1,0,NoAg,0.78158194,0.08262339,0.0032094645,0.12980646,0.0027787508
fb 1380.jpg,যখন মাছ খাওয়ার জন্য বাঙালিদের ঘৃণা করা গুজ্জু মহিলা জানতে পারে তার লিপস্টিকে মাছের আঁশ আছে,4,4,1,GAg,0.008588099,0.9753743,9.387402e-05,9.0323365e-06,0.01593473
in 436.jpg,"হাসপাতালে নিয়ে যাওয়া হল মানিককে ওসব করে কোনো লাভ হবেনা মানকে, আমি নিজের অভিজ্ঞতা থেকে বলছি |",2,2,4,Oth,0.0009037216,0.04162596,0.32872653,7.586914e-05,0.6286679
fb 1622.jpg,নাস্তিক্যধর্ম,3,3,3,RAg,0.0017481055,0.16131778,0.16021429,0.6728617,0.003858089
Halal Memes (240).jpg,আমার মা: এরকম একটা মেয়ে যদি আমার বেটার বউ হতো আমার মা: নাউযুবিল্লাহ,1,1,1,GAg,0.00058375194,0.998801,4.3702858e-08,1.973253e-08,0.00061517645
fb 1244.jpg,আমার শরীর আমার অধিকার। আমি যেটা ইচ্ছে সেটা পরবো যদি নগ্নতাকে সভ্য ধরা হয় | তবে বন্য পশুরা সবচেয়ে বেশী সভ্য,1,1,4,Oth,0.15763347,0.31193963,0.031021759,0.06853745,0.43086764
KAM (326).jpg,এটা ফটোগ্রাফি নাকি বগল-গ্রাফি! ফহিন্নির ঘরে ফহিন্নি!,4,4,4,Oth,0.007232276,0.0026826304,0.0017130693,3.361353e-05,0.9883384
in 169.jpg,"পঞ্চায়েত ভোট আসছে... মাসিমরা আমাকে চিনতে পারছেন তো? কেন চিনতে পারবোনা! কতবার টিভিতে হাত পেতে টাকা নিয়ে ""থ্যাংক ইউ"" বলতে দেখেছি",2,2,2,PAg,2.0861817e-06,8.950617e-05,0.9991357,6.4918466e-05,0.0007079053
ovodro_img (10).jpg,একদিন আমিও অস্কার পাব এক্সপ্রেশন পাল্টাবে কী তোর দাদু ? কপি করা ছাড়বে কি তোর বাবা ?,4,4,0,NoAg,0.3588196,0.3444287,0.042253766,0.0005295027,0.25396848
nurani-memes (222).jpg,গাাছ কোপানোর অন্যায়ের শাস্তি চাওয়া মানুষজন মানুষ কুপিয়ে পার পেয়ে যাওয়া হেলমেট বাহিনি,2,2,1,GAg,0.017857397,0.8128683,0.15245454,0.0070974953,0.009722322
bamboo-vaiya (486).jpg,কোরবানির ঈদ আসলে তোমার যা মনে পড়ে: কোরবানির ঈদ আসলে আমার যা মনে পড়ে:,4,4,3,RAg,0.14983237,0.0010570746,0.00012549655,0.5738127,0.2751723
blog 458.jpg,হুরের ইষ্টক শ্যাষ। তয় ৭২টা মুমিনার লগে ওয়েবক্যামে চ্যাটের ব্যবস্থা কইরা দিতারি।,3,3,3,RAg,1.9219472e-07,1.179772e-08,3.8700872e-08,0.99996006,3.9747487e-05
blog 164.jpg,"ভালো মানুষেরা করে ভালো কাজ, খারাপেরা খারাপ কাজ। কিন্তু ভালো মানুষকে দিয়ে খারাপ কাজ করিয়ে নিতে প্রয়োজন ধর্মের ।",3,3,3,RAg,0.00863247,6.209622e-05,3.8715502e-06,0.9895676,0.0017340126
blog 38.jpg,এবং তার উম্মতেরা শান্তি প্রতিষ্ঠায় নিরলস,3,3,3,RAg,8.128647e-05,0.0021595424,0.0030150132,0.9712522,0.023492023
fb 1584.jpg,"চিন্তার মুক্তির আন্দোলন কানিজ আমার যৌনসাথী| সে যখন চাবে, যার সাথে চাবে তার সাথেই সম্মতিতে যৌনকর্ম করতে পারবে | এমনকি মুক্তচিন্তায় নিজের ছেলের সাথেও কারণ আমাদের নাস্তিক্যধর্মে এসব বৈধ |",3,3,4,Oth,0.01180162,0.023089737,0.047600817,0.32383585,0.593672
in 308.jpg,চাড্ডি পরিবারে যখন কোনো নতুন সদস্য আসে.... মেরা বেটা 'ব্যয়কট গ্যাং' কা মেম্বার বোনেগা....,2,2,4,Oth,0.01786703,4.7602443e-05,0.0030099405,0.059998207,0.9190772
ovodro_img (388).jpg,"বাবা ফেব্রুয়ারি মাস স্পেশাল ক্যানো ?? জানি না, তোর মাকে বিয়ে করার আগে আমিও সিঙ্গেল ছিলাম ।। কাঁদিস না বাবু । বুকে আয় ; একদিন তোকেও বিয়ে দিয়ে মিঙ্গেল করে দেব ।",0,0,1,GAg,0.057375807,0.6244451,0.01042767,0.004679041,0.30307242
fb 993.jpg,*ইন্ডিয়া সাপোর্ট করলে দালাল *পাকিস্তান সাপোর্ট করলে রাজাকার *বাংলাদেশের জনগন,4,4,4,Oth,0.023699222,0.05505567,0.003303655,0.00083945185,0.917102
bangla-memes (154).jpg,তো আমরা কী করবো ?,0,0,1,GAg,0.36519894,0.41449258,0.03907303,0.0003266579,0.18090883
fb 727.jpg,ব্যবসায় উদ্যোগ ব.উ.,0,0,1,GAg,0.23242666,0.6181913,0.050746582,0.0016780887,0.09695741
KAM (307).jpg,ও বলেছিল জাতীয় বিশ্ববিদ্যালয় হতে পড়াশুনা করে চলে আসবে ! কিন্তু ও পড়াশুনা শেষ করতে পারেনি আমি এখনও অপেক্ষায় আছি!!!,0,0,4,Oth,0.15017277,0.031816844,0.14770246,0.0030796742,0.6672282
blog 240.jpg,"বোকা জঙ্গি চালাক জঙ্গি বুদ্ধিমান হোন, সঠিক কাজটি করুন",3,3,3,RAg,7.107508e-05,8.076178e-06,2.0673044e-05,0.99956554,0.0003346393
blog 485.jpg,মেয়েদের কাছে সবচেয়ে প্রধান হচ্ছে তাদের স্বকীয়তা।,3,3,3,RAg,1.8953261e-07,2.7297058e-06,3.7596308e-07,0.9999063,9.031324e-05
ovodro_img (270).jpg,তোমার মা কী তোমাকে খুব বকাবকি করছে ? আর সহ্য হচ্ছে না ? ঝগড়া করতেই হবে ? মা এর সাথে ঝগড়া কর না । বাড়ি থেকে বেড়িয়ে যাও দেখবে মা নিজেই তোমাকে ফোন করে করে বাড়ি ফেরানোর জন্য পিছনে লেগে পড়বে ।।,0,0,0,NoAg,0.47567207,0.0085635055,0.052681178,0.0014004298,0.46168286
in 267.jpg,"গোমাংস খাই বিজেপিও করি অসুবিধা কিসের!' , ভোটের মুখে স্পষ্টবক্তা মেঘালয়ের পদ্মসভাপতি ইনি বিজেপি নন ইনি দেশদ্রোহী",2,2,2,PAg,3.5893297e-06,1.230323e-07,0.9781262,1.1406534e-06,0.021868924
fb 1881.jpg,বিড়ালটা শুধু বাসররাতে বিড়াল মারার ইতিকথা জানতে চেয়েছিল। বাকিটা ইতিহাস!,1,1,1,GAg,0.21177381,0.6428337,0.043690618,0.009775073,0.09192684
bamboo-vaiya (169).jpg,জান চলো পালিয়ে বিয়ে করি তিন বেলা বিড়ি খেয়ে থাকতে পারবি ?,0,0,1,GAg,0.0140545005,0.9756595,0.006252673,0.00192555,0.0021077509
pin 11.jpg,এটা কি রুচি না কি ইঁদুর দ্বারা ধর্ষিত বুঝাই যাচ্ছে না,1,1,4,Oth,0.064043574,0.14213009,0.0004707516,0.38229808,0.41105744
chosha (114).jpg,ওরা কারা ? যারা রাতে আমাকে স্বপ্নে দেখে ।,1,1,1,GAg,0.032912415,0.5622489,0.054636143,0.016753241,0.33344927
bamboo-vaiya (364).jpg,তর কি ঘরে বসে ৫-৬ মিনিটে ৫০০ টাকা লাগবো ?,0,0,2,PAg,0.029278755,0.21179794,0.48299482,0.12764974,0.14827873
blog 106.jpg,"তোমার থেকে একটু টুকতে দিবা? আচ্ছা, টোকো । তবে একেবারে হুবহু কপি কইরো না ।",3,3,3,RAg,2.6825762e-07,2.0919508e-06,5.1634706e-06,0.9997588,0.00023376201
fb 1866.jpg,পাবলিক বিশ্ববিদ্যালয়* ১ম বর্ষ 8র্থ বর্ষ,1,1,4,Oth,0.22716776,0.16075794,0.029490452,3.403272e-05,0.5825498
fb 1068.jpg,"""একটা ভালো যুবকের জীবন শেষ করে দিবো """,4,4,0,NoAg,0.6687945,0.019890247,0.0012259198,0.3090589,0.0010303588
fb 937.jpg,রাস্তায় বাইকার দেখার পর সার্জেন্ট নাস্তার টাকা দিলেন না স্যার?,2,2,0,NoAg,0.7333054,0.00090168987,0.01806245,6.678018e-05,0.2476637
fb 549.jpg,"নেন ভাই এক গ্লাস পানি খেয়ে নিন, প্রত্যয় হিরনের রোস্ট ভিডিও বানিয়ে পোস্ট করতে করতে হাপিয়ে গেছেন",4,4,1,GAg,0.26445532,0.7024925,0.010566187,0.00076214806,0.021723881
fb 1112.jpg,প্যান্ট পড়ে শুয়ার রাতে; রুমে থাকা জ্বিন লুঙ্গি পড়ে শুয়ার রাতে; রুমে থাকা জ্বিন,4,4,0,NoAg,0.67635894,0.11110922,0.021764752,0.0032091446,0.18755797
in 85.jpg,সেই মুহূর্ত যখন আপনি জানতে পারেন দুর্গাপুজোয় আপনার অফিসে মাত্র দুইদিন ছুটি,0,0,1,GAg,0.07106994,0.5234494,0.32017833,0.0011143701,0.08418791
in 248.jpg,দাদা একটা ফুটেজপ্রেমী দেখান.... সস্তার কিছু নেই?,2,2,2,PAg,0.00011161814,0.0014714259,0.9980465,7.614693e-09,0.0003704177
Halal Memes (60).jpg,লকডাউন লকডাউন শেষে,0,0,4,Oth,0.06755393,0.33234873,0.0137280105,0.014223091,0.57214624
blog 157.jpg,ইহুদি ও খ্রিষ্টানেরা নোংরা । জিহাদের সময় তাদের জীবন ও ধনসম্পদ মুছলিমরা কেড়ে নেয়ার অধিকার রাখে। (আমেরিকাবাসী ইছলামবাজ),3,3,3,RAg,0.001393357,0.00028011354,0.0012699267,0.989696,0.0073605427
Halal Memes (43).jpg,শান্তিপূর্ণভাবে পড়াশোনায় মনোযোগ বসানো বিদ্যমান মাই বৃক্ক টু মি: তোর কি বাথরুমে যাওন লাগবো ?,0,0,4,Oth,0.39109778,0.0004955207,0.04969905,4.1815165e-05,0.5586658
fb 1197.jpg,এই হচ্ছে আমার ছেলে মানকি যে কিনা নাস্তিক কিন্তু তার কোনো গুরু মারা গেলে আবার বলে ওপারে ভালো থাকবেন স্যার,3,3,4,Oth,0.08806399,0.0012236558,0.00043146024,0.3518624,0.55841845
chosha (42).jpg,তুমি এখানে ইন্টার্ভিউ দিতে এসেছো নার্ভাস হবার কিছু নেই রিলেক্স করো স্যার একটা বিড়ি হবে নাকি?,0,0,1,GAg,0.18830281,0.31714356,0.26415315,0.0025652149,0.22783525
fb 1305.jpg,গোল্ডেল গ্লাভস ফেরত দিতে যাচ্ছি কারন ময়মনসিংহের জবলেস মিন্টু বলেছে আমি অসভ্য আনকাচার্ড,4,4,4,Oth,0.01931977,0.0023950483,0.29392913,0.027275506,0.65708053
KAM (2).jpg,"একজন বিশ্ববিদ্যালয় পড়ুয়ার জীবনের লক্ষ্যের ক্রমপরিবর্তন ভার্সিটি ভর্তির আগে ধুর এগুলা আর কি এমন কঠিন পড়া? এই লাইনে আমি বিশ্বসেরা হমু! ১ম বর্ষ একটু কষ্ট করা লাগবো দেখতেসি তয় ব্যাপার না, এই লাইনে আমি বাংলাদেশের সেরা হমুই হমু ২য় বর্ষ পড়া তো দেখি মোটামুটি কঠিন আছে, যে লাইনে পড়তেসি ঐ লাইনে বাংলাদেশের ১ নম্বর কোম্পানিতে জব পাইতেই হইবো ৩য় বর্ষ পড়া গুলা এত্তো কঠিন ক্যারে? যে লাইনে পড়তেসি ঐ লাইনের মোটামোটি ভাল জব পাইলেই চলবো ৪র্থ বর্ষ খোদা, ভালো রেজাল্টের খ্যাতা পুড়ি, শুধু পাস করাই দিও। আর লাইন বেলাইন বুঝি না, কোনরকম একটা জব পাইলেই চলবো পাশ করার পর ভাই ভাল লেভেলের জব লাগবো না, পিয়ন নাইলে ঝাড়ুদারের চাকরি হইলেও দেন!",0,0,4,Oth,0.050698757,0.0014745275,0.35596418,0.0067379475,0.58512455
in 84.jpg,শেষ কবে বন্ধুরা মিলে মাঠে ক্রিকেট / ফুটবল খেলতে গিয়েছিলে ? *আমি অনেক অনেক দিন আগের কথা,0,0,3,RAg,0.17456044,0.16839515,0.004663361,0.3955396,0.25684142
bangla-troll (38).jpg,"আমাদের প্রত্যেকের জীবনে এমন কিছু কিছু বন্ধু আছে, যারা আমাদের থেকে আমাদের ফেইসবুক পাসওয়ার্ড এর উপর বেশী নজর রাখে",0,0,4,Oth,0.4071957,0.0003617714,0.031764686,0.0010783543,0.5595995
nurani-memes (88).jpg,কই ? তর নানির পুটকির সই,4,4,4,Oth,0.07650532,1.6191749e-05,0.030196577,6.943592e-08,0.8932819
fb 805.jpg,ভয়ানক কিছু অনুভব করার সময়* *আয়াতুল কুরসি পড়ার পর আমার সাহস *আয়াতুল কুরসি পড়ার আগে আমার সাহস,0,0,4,Oth,0.06834921,0.34791705,0.00878014,0.00015209349,0.5748015
Halal Memes (207).jpg,নিব্বি: ভাবছি বিয়ের পর চিনি খাওয়া ছেড়ে দিব ! নিব্বি: ক্যান? নিব্বা: ঘরে মিষ্টি বউ আর চায়ে চিনি যদি ডায়বেটিস হয়ে যায় ! লে : নিব্বা লে : নিব্বি ইশ আপনিও নাহ,0,0,1,GAg,0.18939768,0.6617824,0.03508914,0.0007946399,0.11293614
blog 413.jpg,হাঁউমাঁউখাঁউ কাফিরের গন্ধ পাঁউ।,3,3,3,RAg,1.7713339e-06,1.4303261e-05,1.1902403e-05,0.99991477,5.725518e-05
bangla-troll (52).jpg,"আব্রাহাম লিঙ্কন বেচে থাকলে গণতন্ত্রের বর্তমান সংজ্ঞা হতো- ডেমোক্রেসি ইজ এ গভর্নমেন্ট অফ দ্যা বালুর ট্রাক, বাই দ্যা বালুর ট্রাক, ফর দ্যা বালুর ট্রাক !",2,2,3,RAg,0.006733114,0.00021813271,0.0016132697,0.9548581,0.036577385
fb 1793.jpg,"বাবা-মা: আমার মেয়ে ডাক্তার হবে, আমার মেয়ে ইঞ্জিনিয়ার হবে মেয়ে: আমি বাঁড়া হবো",1,1,0,NoAg,0.9267389,0.043449566,0.004395593,0.00053259084,0.02488324
bamboo-vaiya (20).jpg,গিটার বাজানোর পরে: এ আমি কি করলাম কাজটা ভালো হয় নাই সব ভিডিও ডিলেট দিয়া দিমু আজ থেকে ভালো হয়ে যামু,0,0,0,NoAg,0.63444257,0.06897835,0.08539122,0.03312956,0.17805828
fb 1160.jpg,দোস্ত কোথায় আছিস জানিনা কিন্তু এইখানে হিন্দি গান বাজিয়ে 'বিজয় দিবস' পালন করা হয়,4,4,0,NoAg,0.7050142,0.06532398,0.02972766,0.17215484,0.02777942
in 205.jpg,তৃণমূলের আশিস বেরোতেই জল দিয়ে উঠোন ধুয়ে দিল বগটুইয়ে নিহতের পরিবার জানাল অপবিত্র হয়েছিল,2,2,2,PAg,8.127624e-06,5.036681e-06,0.9993285,1.5778713e-05,0.0006426134
fb 1635.jpg,হযরত মোহাম্মদ সঃ এর ব্যবহার করা তলোয়ার। আপনার ইচ্ছা হলে করে সবাই কে দেখানোর সুযোগ করে উপহার দিতে পাড়েন। প্রশ্ন : ইসলাম ধর্ম প্রতিস্টায় কি তলোয়ার লাগে ??????? যিশু অথবা বুদ্ধ তলোয়ার ছাড়াই ধর্ম প্রচার করেনি ?,3,3,3,RAg,8.9658515e-06,4.0591747e-08,3.675499e-08,0.99991226,7.867165e-05
KAM (118).png,"জান, তুমি রোদে দাঁড়িয়ে আছো কেন? আরে দেখছ না, ঘাম শুকাচ্ছি যে...",4,4,4,Oth,0.009267186,0.000302002,0.0005182588,2.0649804e-05,0.9898919
KAM (357).jpg,আপনি যতই বড় হয়ে যান না কেন মায়ের চোখে সবসময় ছোটই থাকবেন!,0,0,1,GAg,0.2602772,0.7119797,0.005198823,0.0025266376,0.02001764
direct-offense (72).jpg,"ব্যাকরন না বুঝলে মুড়ি খা , শ্লা মাতা মুটারে কে বুঝাইতো",4,4,4,Oth,0.025514072,0.06512395,0.3845525,0.0003286206,0.5244809
blog 43.jpg,"আল্লাহর একদিন মানুষের এক হাজার বছরের সমান । (সূরা হাজ্জ্ব, ২২:৪৭) আল্লাহর একদিন মানুষের পঞ্চাশ হাজার বছরের সমান । (সূরা আল মা'আরিজ, ৭০:8)",3,3,3,RAg,1.37534025e-05,4.432981e-05,0.00022928505,0.9994242,0.0002884927
Halal Memes (228).jpg,"গ্রাম থেকে শহরে ঘুরতে আসা চাচা ধানমন্ডি, বসুন্ধরা এলাকায় ওড়না ছাড়া মেয়েদের ঘুরাঘুরি করতে দেখার পর কেয়ামতের আলামত শুরু হয়ে গেসে",1,1,4,Oth,0.18995161,0.002386437,0.08761485,0.2695471,0.45050004
ovodro_img (260).jpg,দেবের মত অভিনয় করতে হলে ৫০০ আমির খান কে আরও বার জন্ম নিতে হবে,4,4,0,NoAg,0.50423795,0.16693625,0.06606642,0.0056615598,0.25709784
fb 269.jpg,নানা: নাতি আমার ডাক্তার হবে। মা: না! ছেলে আমার ইঞ্জিনিয়ার হবে | বাবা: আরে না! ছেলে আমার... এদিকে ছেলে... আায় কে আবি: খামকির পোলারা!,4,4,0,NoAg,0.5816142,0.36464873,0.00032058408,8.813928e-05,0.053328328
in 633.jpg,মোদীজি ইস্মাইল...,2,2,0,NoAg,0.5955411,0.34999746,0.04518917,0.00010800209,0.009164284
in 187.jpg,তৃণমূলের নেতার বাড়ির সামনে ছাগল বিক্রি করে দেওয়ার অভিযোগ আমরা ছাগলকেও ছাড়িনা,2,2,2,PAg,0.012359325,0.00012881617,0.84118104,9.946966e-07,0.14632979
bangla-memes (26).jpg,যখন তোমার ছেলেরা আর্জেন্টিনা সাপোর্ট করা ছেড়ে দেয় মাদককে 'না' বলো 'আমার ছেলেরা এখন মাদকমুক্ত' তিনি একজন যুদ্ধজয়ী বাবা । মাদকাসক্ত দুই ছেলেকে সুস্থ জীবনে ফিরিয়ে,4,4,3,RAg,0.07496057,0.00704281,0.0006070662,0.8991812,0.01820842
chosha (129).jpg,এসেছিলাম একা যেতে হবে একা মাঝখানে ভাইয়ের সাথে দেখা,1,1,2,PAg,0.0015460164,0.4652141,0.48937416,0.00934216,0.03452354
in 60.jpg,পঙ্গপাল বাংলাদেশে আসার পর যখন জানতে পারে পঙ্গপাল খাওয়া হালাল পঙ্গপাল- এ কি বিপদে পড়লাম!,0,0,0,NoAg,0.771647,0.00022263873,0.06395479,1.1985646e-05,0.16416371
fb 1549.jpg,"স্যার, বিবর্তনবাদ তো যাস্ট একটা থিওরি! চুপচাপ গিলে যা! কোনো কথা বলবি না!",4,4,3,RAg,1.1729099e-07,9.349888e-06,1.8503779e-05,0.9998882,8.3838364e-05
Bangla Thug Life (190).jpg,বউমা একটু সকালে ঘুম থেকে উঠতে পারোনা কথাটা আমাকে না বলে আপনার ছেলেকে বলুন কেন ? গোটাবছর আমি জোর করতাম এজন্যই লকডাউন পেয়ে আপনার ছেলে আমার কোমরটা শেষ করে দিচ্ছে,1,1,1,GAg,0.1410939,0.5207525,0.030978065,0.30159843,0.005577111
fb 286.jpg,মাইার ওজন হয় না ৩২ দু* বানাইছে ৩৬,1,1,0,NoAg,0.903613,0.06672252,0.012816818,0.007970702,0.008877028
fb 81.jpg,প্রোগ্রামার হওয়ার রেসিপি রাতে না ঘুমানো বন্ধুমহলে পার্ট নেওয়া কোড কপি পেস্ট করা প্রোগ্রামিং চর্চা করা উপস!,4,4,4,Oth,0.0068439594,0.07607897,0.005946373,0.14329742,0.7678333
tangaila (95).jpg,যখন হাসানের ছেলে রাস্তায় বের হয়... তখন কুমুদিনীর মেয়েদের অবস্থা !,1,1,1,GAg,0.017440971,0.96931905,0.0072186715,2.066659e-05,0.006000711
blog 410.jpg,"নিজেরে যখনই আবাল মনে হবে তখন মনে কইরেন, আপনের চাইতে বহুত গুণ বেশি আবাল এই দুনিয়ায় অগুন্তি, যারা বিশ্বাস করে, ইউনুস নবী মাছের পেটের ভিত্রে জীবন্ত আছিলো চল্লিশ দিন",3,3,3,RAg,1.7191242e-09,6.7151857e-09,1.9338305e-08,0.99999905,1.0023467e-06
fb 159.jpg,আমি বিএনপি (২) আর আমি আওয়ামিলীগ (৩) যে বিরিয়ানি আর কোক দিবে আমি তার |,2,2,0,NoAg,0.3780831,0.06478439,0.10909394,0.112333275,0.33570525
in 340.jpg,*ভাইপো কয়লা কয়লা কয়লা *ভাইপো আমি একদম পছন্দ করিনা কয়লা *ভাইপো কিন্তু কয়লা আমাকে ছাড়া থাকতে পরেনা,2,2,2,PAg,0.0012168654,0.15852396,0.808616,0.02168287,0.00996036
KAM (364).jpg,একটা মেয়েকে শিক্ষিত করলে ৪টা মানুষ শিক্ষিত হয় আর একটা মেয়ে স্কুল কলেজ আর ভার্সিটিতে গেলে ৪০টা ছেলের জীবন যে নষ্ট হয় তা কে কইবো?,1,1,0,NoAg,0.9658722,0.002424212,0.0009744233,0.001138741,0.02959042
fb 1057.jpg,৫ম ম্যাচে সুযোগ পাওয়ার আশা করার পরও যখন মিথুনকে না নিয়ে বাজে ফর্মে থাকা সেই সৌম্যকেই আবার নেওয়া হয়* মিথুন: ফাইট্টা যায় বুকটা ফাইট্টা যায়,4,4,4,Oth,0.08279564,0.009641511,0.088025674,0.00010961294,0.8194276
fb 1890.jpg,১ : আজকাল দুধ অনেক পাতলা হয় ২ : আমকে কেন বলতেছেন ভালো কোনো ডক্টর দেখান ৩ : ওই তুই কি বললি ৪ : ভাগোওওও,1,1,1,GAg,0.38843971,0.5044624,0.026722044,0.063864544,0.016511269
fb 557.jpg,সুন্নতে খৎনা শুনে সারাদিন চিল করার পর পিচ্চি যখন বুঝতে পারে একটু পর তার সম্পদ কেটে দেয়া হবে ..,4,4,4,Oth,0.0020460004,0.032727525,2.4307587e-05,2.8889575e-05,0.9651733
ovodro_img (385).jpg,সরস্বতী পূজোর সময় মেয়েরা মেকাপ এর আগে মেকাপ এর পরে,1,1,4,Oth,0.14711326,0.07772061,0.014946177,5.3120348e-05,0.7601668
KAM (175).png,আনুশকা এখন বিরাট কুলি কে ছেরে রুবেল এর সঙ্গে,4,4,4,Oth,0.39157712,0.0044421274,0.06610633,1.367528e-05,0.5378608
pin 56.jpg,"মুম্বইয়ে চাকরির দাবিতে পড়ুয়াদের রেল অবরোধ এরা দেশদ্রোহী, মোদী বিরোধী, এদের পাকিস্থানে পাঠানো হোক...",2,2,2,PAg,0.0037315977,0.0003053705,0.97818464,0.0006360123,0.01714238
fb 1328.jpg,"সরকারি অনুষ্ঠানে আমাকে ডেকে এনে ""জয় শ্রী রাম"" স্লোগান তুলে আমাকে অপমান করা হয়েছে। আমি এর প্রতিবাদে কোনো বক্তৃতা দেবো না। ""আমরা সবাই অযোধ্যায় রাম মন্দির গড়তে টাকা দেবো""",2,2,2,PAg,0.045734044,0.104849964,0.6423007,0.008356203,0.19875908
fb 1834.jpg,সূর্যের নজর টাও আমার মতো দুষ্টু,1,1,1,GAg,0.0019041913,0.99097085,0.0009222652,3.6574297e-06,0.006199069
in 636.jpg,"টাকা চাইছেন কর্মীরা, হতাশ প্রার্থী, পুরভোটের প্রচারে বিজেপি যেন ঢাল-তলোয়ারহীন 'নিধিরাম'",2,2,2,PAg,0.094539344,0.003725194,0.8275241,0.0052078674,0.06900347
KAM (251).png,আজ শুক্রবার কাঁপলদের জন্য রোমান্সের দিন । আর ব্যাচেলরদের জন্য কাপড় ধোয়ার দিন।,0,0,4,Oth,0.20384814,0.0046728314,0.32205856,0.001222034,0.4681985
fb 1573.jpg,"সব পদার্থেরই ধর্ম আছে । কিন্তু, নাস্তিকদের কোন ধর্ম নেই । সুতরাং, তারা অপদার্থ !",3,3,4,Oth,0.13353457,0.00028711927,0.0027895793,0.2582435,0.6051452
fb 812.jpg,ভাত খাওয়ার সময় কোন তরকারি পছন্দ না হওয়ায় যখন ডিম ভেজে খাই | ডিমঃ এইটা বলতে গেলে -আমাদের জমিদারি,4,4,0,NoAg,0.41508505,0.07335388,0.0022570782,0.32504007,0.18426391
fb 1467.jpg,"নিজেদের টাইমলিনে কুরআন ও কাবা শরিফের ছবি, মিজানুর রহমান আল-আজহারী এর ওয়াজের ভিডিও শেয়ার দেওয়ার পর: সাওয়াব",3,3,4,Oth,0.027374035,0.0014799936,0.0011387827,0.11419805,0.85580915
in 279.jpg,৩% বাড়িয়েছি এটাই অনেক; বেশি ঘেউ ঘেউ করবেন না!,2,2,2,PAg,0.00015536955,0.004243114,0.98609924,0.004745844,0.004756517
fb 1299.jpg,পাবলিক বিশ্ববিদ্যালয়* ১ম বর্ষ ৪র্থ বর্ষ,1,1,4,Oth,0.21612912,0.16587506,0.029288702,3.4086737e-05,0.588673
KAM (14).png,আমারও সিক্স প্যাক অ্যাবস আছে যাতে কেউ নজর দিতে না পারে সেই জন্য ভুঁড়ি দিয়া ঢাইকা রাখি,0,0,0,NoAg,0.9900024,0.008723585,2.0184385e-05,8.262069e-06,0.0012456141
fb 1874.jpg,এটা আমরা হতে পারতাম কিন্তু তোমারগুলা তো আমারগুলার থেকেও ছোট,1,1,1,GAg,0.007986755,0.819114,0.1103052,0.0098715285,0.05272246
fb 865.jpg,পোলাপান ভাত পায়না খাইতে আর জামাই নববর্ষের রচনা ফরোয়ার্ড করে রাইতে,4,4,1,GAg,0.043748673,0.89239144,0.0038253744,0.000979639,0.05905484
tangaila (143).jpg,যখন হঠাত করে হাসানিয়ান বড় ভাই কল দেয় মি : আপনার কি সাদিয়ার নম্বর লাগবো ?,0,0,0,NoAg,0.99763334,8.087047e-06,0.00059303717,2.6142152e-07,0.0017651779
fb 196.jpg,আমেরিকার ড্রাইভিং লাইসেন্স বাংলাদেশের ড্রাইভিং লাইসেন্স,2,2,3,RAg,0.00017648819,0.0019327487,0.0025561517,0.959472,0.035862647
in 116.jpg,বেগম রোকেয়া বেশি পণ্ডিতগিরি না করলে প্রতিটা মেয়ের আজ একটা করে সুখের সংসার থাকতো,1,1,1,GAg,0.12085086,0.5320564,0.15788178,0.059443615,0.12976731
ovodro_img (432).jpg,আরে ও দাদু বলছি সাপ ফনা তোলে তো ??,1,1,4,Oth,0.04971621,0.0042180778,0.09720029,0.010455973,0.8384095
fb 448.jpg,"কিছুদিন পরপর একেকজন মা হয়, আর বাবা খুঁজে দিতে হয় সাংবাদিকদের",1,1,0,NoAg,0.62664455,0.07100997,0.0825647,0.009283206,0.21049766
ovodro_img (109).jpg,"ডিয়ার বাংলাদেশ , কাপ জেতার আশা ছেড়ে দাও এটা ভেবে খুশি হও যে, তোমরা ভারতের সাথে ফাইনাল খেলছো",4,4,4,Oth,0.027662328,0.0014727245,0.22321317,0.00066435675,0.7469874
fb 667.jpg,১ম-৫ম শ্রেণী পর্যন্ত পরীক্ষার প্রস্তুতি ৬ষ্ঠ-১০ম শ্রেণী পর্যন্ত পরীক্ষার প্রস্তুতি কলেজ ও ভাসিটি পরীক্ষার প্রস্তুতি,0,0,1,GAg,0.030123835,0.6894481,0.20961098,0.037044965,0.03377204
fb 1012.jpg,কি ভাই সুরা ফাতিহার অর্থ ঠিক মতো পারেন না আবার প্রতি শুক্রবারে জুম্মা মোবারক মারান,3,3,4,Oth,0.019180967,0.00055178575,0.0017066519,0.008416843,0.97014374
fb 1279.jpg,হ্যালো জানু এখন রাখি; পরে কথা হবে ভোক্তা অধিকার সংরক্ষণ ভ্লগ দেখতেছি,2,2,1,GAg,0.007971537,0.78848,0.15160173,0.002264369,0.049682293
blog 411.jpg,এইখানে পষ্ট কইরা লেখা আছে: পাহাড়গুলা শক্ত কইরা বসানো আছে বইলা পৃথিবী হেইলা-দুইলা পড়ে না। (সুরা ১৬:১৫),3,3,3,RAg,2.2412782e-07,8.9335686e-09,2.3803135e-08,0.99999917,5.6763827e-07
fb 494.jpg,"*আমার ছেলেকে আমি বেশি ভালো জানি ! মা; *না তার থেকে ভালো তো আমিই জানি ! গার্লফ্রেন্ড; *সারাবছর হোস্টেলে একসাথে থাকা রুমমেট বন্ধু; কিছুই বলার নহে, কিন্তু চালিয়ে যাও...",0,0,0,NoAg,0.69575673,0.00022661066,2.3056913e-05,1.4489982e-05,0.30397907
ovodro_img (785).jpg,"কীরে এত কাঁদছিস কেন ? পূজোর শপিং করতে গিয়েছিলাম এটা তো সুখের বিষয় ! কান্না কেন করছিস... ১০,০০০ টাকার জিনিষ কিনেছি তাহলে তোর প্রবলেম কী ? তুই কান্না কেন করছিস ? জামা প্যান্ট কেনা হয়নি শুধু মেকাপের সব কিছু কিনতেই ১০,০০০ লেগেছে",0,0,2,PAg,0.010708588,0.0853573,0.75291646,0.09938239,0.05163532
blog 166.jpg,প্রার্থনাবদ্ধ দুটো হাতের চেয়ে কর্মরত দুটো হাত সব সময়ই সহস্রগুণ শ্রেয়।,3,3,3,RAg,0.00074649113,6.0852904e-05,3.4345583e-05,0.99607986,0.0030784542
in 423.jpg,বেঞ্জিমা পিসিমা,2,2,4,Oth,0.10035175,0.0039159656,0.44652992,0.0009931591,0.4482092
ovodro_img (665).jpg,রঞ্জনা আমি আর আসবো না । রঞ্জনা আমি আর আসবো না ।,0,0,4,Oth,0.39439154,0.19464539,0.0029996433,0.00032437514,0.40763903
blog 509.jpg,"পায়ের গোড়ালি ঢাকো, নাইলে আমার ঈমানদণ্ড খাড়ায়া যাইতেসে। মমিন মুসলিম",3,3,3,RAg,1.7075447e-05,7.1688344e-05,7.552111e-05,0.9992679,0.0005678724
fb 780.jpg,"গোসলে গিয়ে পানি ঢালার পর টেংকিতে যখন পানি শেষ হয়ে যায় আমার লাভ-লস নাই, আমার লাইফটাই লস",0,0,1,GAg,0.22641604,0.73496085,0.004666735,0.008873372,0.025082996
in 20.jpg,ঠিকই ধরেছেন আব্বু আম্মুর বিয়ের একটি ছবি খুজে পেলাম (ভাবছি নিলামে তুলবো ছবিটি কিনতে হলে যোগাযোগ করুন আমার সাথে ),4,4,1,GAg,0.30814958,0.64343244,0.039771426,0.0010226977,0.007623887
fb 890.jpg,শীতের ভয়ে সাতদিন পর একদিন গোসল করিস আবার কে গোসল করলো কি করলো না এসব নিয়ে এলাকায় মারামারি করোস কেন!,0,0,0,NoAg,0.78208125,0.20382105,0.0006861176,0.007941723,0.0054698912
bamboo-vaiya (234).jpg,যখন তুমি টাইম মেশিন দিয়ে ভবিষ্যতে যাও আর গিয়ে দ্যাখো তোমার ছেলে সব মিম এ লাইক দেয় আর নাইচ অল কমেন্ট করে তুমি-,4,4,0,NoAg,0.9097998,0.06740496,0.00504626,0.002669381,0.015079572
in 618.jpg,"তৃণমূল করে খাওয়ার জায়গা নয়, পুরভোটের প্রচারে হুঁশিয়ারি অভিষেকের অভিষেক এটা একদম ঠিক বলেছে ...",2,2,2,PAg,0.002660441,0.008145314,0.98169667,0.0002841224,0.007213434
Halal Memes (99).jpg,যে দিন স্কুলে না গিয়ে স্কুলের সামনে দিয়ে কথাও বেরাতে যাই,0,0,1,GAg,0.021204337,0.93824863,0.0006585742,0.0016662222,0.03822224
chosha (73).jpg,"মুলো না গাজর ? চাইনা গাজর , চাইনা মুলো যদি থাকে বাড়াতে জোর",1,1,1,GAg,0.0004715045,0.9948314,0.0018652029,3.8069265e-05,0.0027938117
bamboo-vaiya (23).jpg,"আমি তোমাকে ছাড়া বাঁচবো নাহ হ্যাঁ, চুদে দেওয়ার আগে সবাই এই কথাই বলে",1,1,1,GAg,0.00011926374,0.99764985,0.00015177621,4.3169052e-07,0.002078663
blog 74.jpg,"আমি তোমার জন্য দোয়া করবো । ইয়া মাবুদ, বিতর্কের সময় আমার দেখানো সব পয়েন্টই যে সঠিক, তুমি বোকচোদ নাস্তিকটারে সেইটা বোঝার তওফিক দান করো । আমিন ।",3,3,3,RAg,0.013539718,0.00090793497,2.0434918e-05,0.98508435,0.00044758304
ovodro_img (626).jpg,বাকী জায়গায় লোক দেব কে ৫ বছর যেভাবে দেখেছে ! ঘাটালের লোক দেবকে ৫ বছর যেভাবে দেখেছে !,4,4,4,Oth,0.21829268,0.0003873945,0.013002874,0.007239498,0.7610775
fb 1508.jpg,"মহাদেশের সর্বোচ্চ কালীমন্দির ভেঙে যারা করে দিলো সাফ ঢাকার রমনা কালীমন্দির সাফ করে মুজিব নির্মিত সুরাবর্দি উদ্যান বাঙালি তোমার শত্রু চেনে, কোন দিনও তাদের করো নাকো মাফ",3,3,3,RAg,2.8711315e-06,0.00018447706,0.0026768846,0.9952893,0.0018463705
fb 1607.jpg,নাস্তিকরা যখন ফ্যামিলিতে নাস্তিক যখন মার্কেটিং এ নাস্তিক যখন ফেসবুকে ও পার্টতে,3,3,3,RAg,0.20513374,0.08560976,0.13093303,0.39186606,0.18645734
blog 29.jpg,কোরান না পড়ে ইছলামের সমালোচনা করার অধিকার কারুর নেই | বিষ্ঠা না খেয়ে বিষ্ঠার সমালোচনা করার অধিকার কারুর নেই ।,3,3,3,RAg,0.012145788,0.03550255,0.064551115,0.7328104,0.1549901
ovodro_img (64).jpg,ও নিশ্চয় অন্য মেয়েদের কথা ভাবছে ! কিছুদিন বাদেই দুর্গা পূজো সবার জন্য সোপিং করতে হবে,0,0,1,GAg,0.08996803,0.9015472,0.001058663,0.00015652525,0.007269541
in 13.jpg,মানুষ কোলবালিশ নিয়ে ঘুমায় আমি বই নিয়ে ঘুমাই,0,0,4,Oth,0.30641168,0.14299557,0.03718292,0.0012197839,0.51219
fb 874.jpg,শীতকালে দিন ছোট হয় শীতকালে আরো অনেক কিছু ছোট হয়,0,0,0,NoAg,0.9456724,0.03189043,0.0066952007,0.01049786,0.0052441414
in 247.jpg,দেখতে পাচ্চো বিনোদ... ভোটের আগে দলীয় ক্যাডারদের কিভাবে কনস্টেবল করার ছক করা হচ্ছে,2,2,2,PAg,6.798494e-06,1.663082e-06,0.99995327,1.2927934e-06,3.6957503e-05
fb 1266.jpg,ভাই! ওরা পুরুষকে গালি দিছে। ভাই! ওরা নারীকে গালি দিছে।,1,1,0,NoAg,0.53298426,0.17992967,0.03822952,0.20364805,0.045208514
in 387.jpg,"অতিরিক্ত শূন্যপদ তৈরি হয় ব্রাত্য বসুর নির্দেশে', দাবি শিক্ষাসচিবের বিধানসভায় বিজেপি বিধায়কদের নিয়ে মুখ্যমন্ত্রীর ঘরে শুভেন্দু ..... ক্রিয়ার সাথে সাথেই প্রতিক্রিয়া ঘটে",2,2,2,PAg,4.635026e-11,1.6059468e-10,0.9999999,2.4709699e-09,1.618829e-07
fb 342.jpg,দুধ বড় করলেই মাগি হওয়া যায় না মাগি হতে হলে ছিদ্র বড় করতে হয়,1,1,1,GAg,1.03397966e-07,0.9999981,6.357055e-08,1.3629962e-10,1.666006e-06
ovodro_img (511).jpg,জেঠ্যু একবার হবে নাকি ? বেল্ট দিয়ে ছাল ছাড়াতে ডাকছে না কী চা টা খেতে ডাকছে ?,1,1,1,GAg,3.5537316e-05,0.9896457,5.8779033e-06,1.6295542e-07,0.010312762
fb 656.jpg,"নিজের পায়ে দাঁড়ানোটাই জরুরি, বিয়ে করা জরুরি না!' শারমিন আক্তার পুরুষ জাতি:",1,1,2,PAg,5.718107e-08,2.74013e-09,0.9999933,4.8238427e-12,6.5258446e-06
fb 1792.jpg,"অন্য কিছু নাহ পিল্টার থেকে কি ভাবে পিওর পানি বের করতে হয় এটাই দেখানো হচ্ছে এখানে, তাও কিছু লিজেন্ড ঐ টাই বলবে",1,1,1,GAg,0.14919144,0.30797052,0.19141918,0.08776126,0.2636576
fb 776.jpg,ছোটবেলায় মেলা থেকে আমার জন্য আব্বু কোনো খেলনা কিনে আনার পর *খেলনা *আমি *ছোটভাই,4,4,4,Oth,0.022955377,0.042296186,0.00091385504,7.357977e-06,0.9338272
bangla-troll (59).jpg,"১০% মেয়ে ফুটবল, ক্রিকেট এই খেলাগুলা পছন্দ করে আর বাকি ৯০% মেয়ে ছেলেদের জীবন নিয়ে খেলতে পছন্দ করে !",1,1,0,NoAg,0.6943178,0.0014046265,0.0076455665,0.00039049098,0.29624158
fb 1680.jpg,হুজুর ! ইসলাম অর্থ শান্তি আর মুসলমান মানেই শান্তিকামি .. নয় কী ? চুবানাল্লাহ ! অবশ্যই ঠিক কইসেন .. তো হুজুর ! 'সমকামি' ও 'পায়ুকামি'র মতো 'শান্তিকামি' মানে 'শান্তি'রে ধরি বলাৎকার করা বুঝাবেনা কেনু ? হালার নাস্টেক ! আজকেই ধড় থিকা তুর কল্লা নামাইয়া দিমু..,3,3,3,RAg,1.5107752e-06,4.8348584e-06,5.934646e-07,0.9999863,6.750097e-06
fb 1846.jpg,১৪ই ফেব্রুয়ারি ১৫ই ফেব্রুয়ারি,1,1,4,Oth,0.006387018,0.42708188,0.000548539,0.0007421782,0.5652404
fb 921.jpg,পাবনা পাগলা গারদ,4,4,4,Oth,0.15923274,0.172498,0.12856418,0.20110436,0.33860072
fb 100.jpg,ভূমিকম্প হইলেই বাঙালী ধার্মিক হয়ে যায়,3,3,0,NoAg,0.9115487,0.055178788,0.0005572437,0.031959545,0.0007556474
Halal Memes (24).jpg,যখন আপনার বাসার বাথরুমে টাইলস না থাকার ফলে বাথরুমে কয়টা টাইলস আছে সেটা গুনে এফবিতে স্ট্যাটাস দিতে পারেন না-,0,0,1,GAg,0.10827574,0.4819365,0.14209792,0.19103006,0.07665982
Bangla Thug Life (48).jpg,*ছোট ভাই *আব্বু *আমি *আম্মু *কনডমের অ্যাড,0,0,4,Oth,0.0001675484,0.0014395122,1.8819278e-06,0.00026101433,0.99813
tangaila (235).jpg,যখন ঘাটাইলের মেয়ে জানতে পারে তার এক্স এখন অনেক টাকার মালিক :- তার এক্স ঘাটাইলের মেয়ে*,1,1,0,NoAg,0.96220225,1.0219732e-05,0.032902777,2.664027e-06,0.0048821038
Bangla Thug Life (274).jpg,কাজে দেরি করে আসায় শিশুটিতে কি নির্যাতন করা হচ্ছে,1,1,1,GAg,0.021515658,0.76111853,0.0035586737,0.000114761824,0.2136923
fb 158.jpg,নারীকে শাড়ি দিবেন জ্ঞান নয়।,1,1,0,NoAg,0.80209655,0.0013382632,0.010310287,0.0012823346,0.18497258
Bangla Thug Life (99).jpg,ম্যাথ ক্লাস শেষ হওয়ার পর আমার মাথায় আসমান ভাইঙ্গা পরসে,0,0,4,Oth,0.4144971,0.010558414,0.010989389,0.000121688725,0.56383336
blog 2.jpg,জাপানি পর্ন মুভিগুলোয় পুরুষ ও নারীর যৌনাঙ্গ যেভাবে অস্পষ্ট করে দেয়া হয়ে থাকে; জার্মানির চ্যান্সেলর মেরকেলের চুলের ওপরে সেই একই পদ্ধতি প্রয়োগ করেছে চৌদি সরকারী টিভি-চ্যানেল একমাত্র ইছলামই নারীর চুলকে দিয়েছে যৌনাঙ্গের মর্যাদা,3,3,3,RAg,1.4942923e-05,8.158257e-06,4.2710064e-05,0.99948907,0.00044514626
fb 1250.jpg,বাংলাদেশ-ভারত ভাই ভাই,2,2,4,Oth,0.010354935,0.017628781,0.00021844577,2.7316673e-05,0.9717705
blog 237.jpg,"তোমরা পাথর নিক্ষেপ করে নারীহত্যা করো আল্লাহ, নবী ও ইছলামের নামে",3,3,3,RAg,0.02873557,0.0016851092,0.00028161565,0.92691094,0.042386778
in 178.jpg,এমন ফ্রেম সম্ভব হলেও হতে পারে কিন্তু দূর্নীতিমুক্ত তৃণমূল কোনোদিনই সম্ভব নয়,2,2,4,Oth,0.055844173,0.009278039,0.0033899164,0.080859326,0.85062855
fb 382.jpg,বিয়েবাড়িতে মেয়েরা বেশি খাওয়া যাবে না ডায়েটে আসি; যাদের বিয়ে তাদের সাথে ছবি তুলতে হবে হ্যা এত সেজেগুজে আর মেকাপ করে এসেছি ছবি তুলতে হবে খাওয়া দওয়া বাদ ছেলেরা ভাই প্রথমেই বসে যেতে হবে খেতে কোনো কথা নাই হ্যা ভাই তারপর দাঁড়়িয়ে মেয়ে দেখা যাবে,0,0,1,GAg,0.0052476595,0.46146476,0.07317309,0.20104279,0.2590717
fb 1850.jpg,যত্ন নিলে মরা গাছেও ফুল ফুটে,1,1,4,Oth,0.01603314,0.48696995,0.0015540706,2.457879e-05,0.49541837
direct-offense (10).jpg,তিতলি কী পারবে ? আমাকে একটা গালফ্রেন্ড এনে দিতে ,4,4,2,PAg,0.0010471438,0.14028426,0.425253,0.29247788,0.14093766
in 213.jpg,পিসি সততার প্রতীক দূর্নীতি,2,2,4,Oth,0.06682278,0.074847825,0.0028927901,0.42035407,0.43508253
fb 1712.jpg,মঙ্গল শোঙাযাত্রা করছেো? মঙ্গল তুমি রাখো ! শোভা'রে পাঠায় দাও আমার কাছে..,3,3,3,RAg,6.403444e-08,0.012037991,0.04514565,0.9426456,0.00017073452
fb 2078.jpg,যে যেটা পছন্দ করে হেটারসরা বলবে আমি নাকি রোনাল্ডোকে ট্রোল করছি,4,4,3,RAg,0.007965856,1.6047321e-05,0.00017305986,0.53003484,0.46181017
bamboo-vaiya (11).jpg,আরে ভাই একটা দল ছিল যারা কিনা এবারের লিগ জেতার স্বপ্ন এখনও দেখে নাম বললে মান সম্মান থাকবে না তুমি আবার রিয়াল মাদ্রিদ সুদাও কেন ?,4,4,2,PAg,0.19389234,0.042360164,0.3839211,0.088053346,0.29177305
Halal Memes (14).jpg,*রিটেক *আমি *পাশ,4,4,4,Oth,0.2680314,0.0010971244,0.0431866,9.677044e-05,0.6875881
fb 1609.jpg,মানব ধর্মের মানুষ গুলো দেখতে এমন,3,3,4,Oth,0.34969494,0.009160113,0.05924814,4.103878e-06,0.5818928
Halal Memes (227).jpg,প্রিন্সিপাল ম্যাডাম যখন আমাকে উনার অফিসে ডাকেন লে আমার বন্ধুরা:,0,0,0,NoAg,0.9647445,0.033521876,5.2005853e-05,0.0013215342,0.00036006537
tangaila (182).jpg,ট্যুরে যাওয়ার প্লান করার সময় বন্ধুরা সহ ট্যুরের দিন আমি একা,0,0,4,Oth,0.3829821,0.007246203,0.082183905,3.3538083e-05,0.5275542
in 595.jpg,বলছি বিধিনিষেধ বড়দিনের আগেই চালু করতে হতো... তবে মদ বেচে এতো কোটি টাকা কোথা থেকে আসতো ? টাকা না এলে লক্ষীভাণ্ডার ভরবে কিসে?,2,2,2,PAg,0.203175,0.007666809,0.47288877,0.001857929,0.31441146
fb 1377.jpg,বামপন্থী আন্দোলনের ভিতরে থাকা দক্ষিণপন্থী মনোভাবাপন্ন লোকদের সমালোচনা করা বামপন্থীরা। কোনোরকম রাজনৈতিক জ্ঞান না থাকা মাথামোটা দক্ষিণপন্থী আইটি সেল কর্মী।,2,2,2,PAg,0.007754161,0.0032413444,0.57018536,0.27769628,0.14112286
fb 1446.jpg,"সুইডেনে কোরআন পুড়িয়ে কট্ররপন্থিদের বিক্ষভ অনলাইন ডেস্ক । ২২ জানুয়ারি, ২০২৩ ১২:৩৯",3,3,1,GAg,0.07055487,0.5035544,0.14835657,0.08405637,0.19347775
fb 1262.jpg,ইসলামিক দেশের বই-মেলাতে ইসলামিক বই নিষিদ্ধ করে কি শান্তির ঘুম ঘুমাচ্ছে কু#ত্তার বাচ্চা গুলো,3,3,0,NoAg,0.8095351,0.003735836,0.0055392603,0.1627388,0.018451031
in 605.jpg,বর্ষসেরা ব্যবসায়ী (কয়লা /বালি) ভাইপো,2,2,2,PAg,8.6311644e-08,0.00013665776,0.99985826,3.6512353e-07,4.6779423e-06
bamboo-vaiya (16).jpg,-মনে করো আমি তোমার বন্ধু এখন বলো আমি কি খারাপ ? - না দোস্ত তুই একটা মাদারচোদ,4,4,0,NoAg,0.93836033,0.039477643,0.0018554133,0.0047796667,0.015526928
Halal Memes (317).jpg,সরকার যদি আপনার বাসার নিচে তেলের খনি পায় তাহলে সেটা সরকারের কিন্তু যদি গাঁজা পায় সেটা আপনার,0,0,0,NoAg,0.56419873,8.145236e-05,0.3626543,2.7051178e-06,0.073062874
in 152.jpg,সামনে পঞ্চায়েত ভোট আসছে মাসিমা আমাকে চিনতে পারছেন তো? কেন চিনতে পারবো না! টিভিতে কতবার দেখেছি টাকার বান্ডিল নিতে,2,2,2,PAg,0.16764076,0.06993263,0.5643093,0.00054638006,0.19757089
fb 1771.jpg,আর্জেন্টিনাদের খেলার জন্য মাঠ প্রস্তুত,1,1,4,Oth,0.00028387553,0.0013155433,7.60727e-06,7.7512905e-06,0.9983852
Bangla Thug Life (378).jpg,গার্লফ্রেন্ড পেয়ে ফ্রেন্ডদের ভুলে যাওয়া ফ্রেন্ডের যখন ব্রেকাপ হয় ফ্রেন্ডরা: এটাও আল্লাহ তায়ালার একটা নিয়ামত,0,0,0,NoAg,0.8825173,0.00013466306,0.005728037,9.5971714e-05,0.11152411
bangla-troll (33).jpg,মেয়েটা আমাকে দেখে চোখ টিপ দিয়েছে ... নিশ্চয়ই তার চোখে সমস্যা আছে !,0,0,0,NoAg,0.8508691,0.048952647,0.0038877095,0.0053625368,0.09092796
fb 1961.jpg,কৃষি শিক্ষা ক্লাস করাচ্ছে স্যারে,1,1,1,GAg,0.030575396,0.846743,0.016492574,0.010661056,0.095528096
bamboo-vaiya (180).jpg,দুর্বল হওয়ার থেকে মাদারচোদ হওয়া উত্তম । -নুনুকাটা গ্রেজয়,4,4,2,PAg,0.22821634,0.16705094,0.40700352,0.0019527514,0.19577648
in 488.jpg,একটা যুবরাজ দেখান তো! সস্তার কিছু দেখান...,2,2,2,PAg,2.180527e-06,0.006965447,0.992855,3.440543e-07,0.00017707403
blog 161.jpg,-বেহেশতে গিয়ে পুণ্যবতী মুছলিম জেনানার প্রধান কাজ কী হবে? -তার স্বামীর ৭২ হুরের কাপড়চোপড় ধোওয়া ও ইস্ত্রি করার জন্য বুয়া লাগবে না!,3,3,3,RAg,0.0017847195,0.012405813,0.0013478581,0.9823301,0.0021315517
KAM (72).jpg,বাবা আমি সত্যি বলছি বাথরুমে ঐটা শ্যাম্পু পড়ে আছে হইছে আর মিথ্যা বলা লাগবে না তোমার ওই বয়সে থাকতে আমিও এইরকম অনেক শ্যাম্পু ফেলেছি,0,0,0,NoAg,0.9998833,2.4000536e-05,5.6080546e-07,8.618249e-05,5.926827e-06
bamboo-vaiya (110).jpg,বিশ্বাসের ভাইরাস অভিজিৎ রায়,4,4,0,NoAg,0.99225616,0.0017680486,0.003716584,1.3466969e-05,0.002245798
tangaila (288).jpg,হ্যাপি নিউ ইয়ার জুমা মোবারক,3,3,4,Oth,0.24071804,0.06802707,0.08827279,0.27560002,0.32738212
fb 460.jpg,যাকে ভালোবাসা যায় তাকে ময়লা কাপড় আর ছেড়া জামাতেও ভালোবাসা যায়!,0,0,1,GAg,0.047739755,0.90862286,0.0006209194,0.0016596401,0.0413569
ovodro_img (436).jpg,আমি বাললায় গান গাই আমি বাললায় গান গাই আগে বাংলা টা ঠিক করে বল তারপর না হয় বাংলায় গান করিস,4,4,0,NoAg,0.99902594,0.00034433912,6.829665e-05,0.00025406666,0.00030753942
fb 1330.jpg,বাবা বলেছেন আপনি নাকি আমাদের পার্সোনাল ডাটা চুরি করেন? উনি তোমার আসল বাবা নন,4,4,2,PAg,0.26666704,0.00050624524,0.37969646,0.00020802314,0.3529222
in 145.jpg,লোকটা কালীঘাটে শুধু জানতে গিয়েছিলো তৃণমূলের দলীয় প্রার্থীর নাম ঠিক করার ভোটও অবাধ; শান্তিপূর্ণ করার জন্য কেন্দ্রীয় বাহিনী মোতায়েন করতে হবে!?,2,2,2,PAg,0.006735678,0.11807736,0.74418706,0.024398975,0.10660087
blog 102.jpg,"অমুছলিম যুদ্ধবন্দী নারীদের লজ্জা দিতে ও অবমানিত করতে তাদেরকে ধর্ষণ করার অধিকার আল্যা মুছলিম পুরুষদের দিয়েছেন - সুয়াদ সালেহ (ইছলামী অধ্যাপক, আল-আজহার বিশ্ববিদ্যালয়)",3,3,3,RAg,0.00025640035,0.0016354215,0.01527478,0.9141479,0.0686855
fb 66.jpg,সেই খুশির মুহূর্ত যখন দুই বন্ধু একসাথে ফেইল করি,0,0,4,Oth,0.17797555,0.0026454218,0.012260353,0.00895847,0.7981602
in 596.jpg,"আবার বিধিনিষেধ চালু হলো! খেটে খাওয়া মানুষ গুলো কোথায় যাবে!? বিধিনিষেধ আরোপ মানেই বাবুদের সাইড ইনকাম পথেঘাটে পেটিকেস, কালীঘাটে স্যুটকেস!",2,2,1,GAg,0.0017173617,0.55475146,0.442773,0.00023061181,0.000527534
pin 24.jpg,শিক্ষা মন্ত্রী টুকে পাশ শিল্প টাইম পাস অর্থ মন্ত্রী দিচ্ছে বাঁশ ক্রীড়ামন্ত্রী কারাবাস নগর মন্ত্রী ঘুষ খাস কৃষি মন্ত্রী ফোর পাস বাকি গুলো দলদাস মুখ্য মন্ত্রী সর্বনাশ বঙ্গবাসীর লন্ডন বাস,2,2,3,RAg,3.8689734e-05,4.377568e-06,4.8912138e-05,0.9965809,0.003327164
fb 1766.jpg,বন্ধুর শালীর পমপম আমি,1,1,1,GAg,0.055193238,0.637402,0.0021552164,0.0011692396,0.3040803
KAM (105).jpg,এক চুটকি সিন্দুর কি কিমাত তুম ক্যায়া জানো রামেশ বাবু আমি জনব কেমনে? আমি লাগাই নাকি?,0,0,4,Oth,0.03899828,0.044533078,0.0018433969,2.2243086e-05,0.914603
blog 390.jpg,"নিজেরে যখনই আবাল মনে হবে তখন মনে কইরেন, আল্যার দুনিয়ায় আপনের চেয়ে বহুত গুণ বেশি আবাল আছে কোটি কোটি, যারা বিশ্বাস করে, একদিন সূর্য উঠবে পচ্চিম দিকে",3,3,3,RAg,0.00021165499,6.4934306e-05,3.2007247e-05,0.9987545,0.00093683024
fb 1677.jpg,মানলাম আমি হারাম । কিন্তু সৃষ্টিকর্তা কতবড় হারামি হলে আমার মত হারাম প্রাণীর সৃষ্টি করতে পারে?,3,3,1,GAg,0.02938178,0.5258206,0.1252976,0.08740362,0.23209642
Bangla Thug Life (66).jpg,ডাটা প্যাক না কিনেই যখন আপনি ব্রাউজিং শুরু করেন সিম কোম্পানি: আপনি:,0,0,2,PAg,0.26759073,0.098976664,0.35827377,0.006829164,0.26832956
in 182.jpg,হু হু করে নাকি কমে যেত বয়স! বাদরের অন্ডুকোষ মানবদেহে প্রতিস্থাপন করে চমকে দেন চিকিৎসক এইটে আগে জানানো উচিং ছিল....,2,2,2,PAg,4.4332086e-07,4.696959e-05,0.9993241,0.00054362806,8.490507e-05
fb 539.jpg,শাহীন কী ন'টির পোলাকে ধরতে পারছিলো?,4,4,3,RAg,0.00062045513,0.27637592,0.010514815,0.7115759,0.00091293553
fb 1838.jpg,আরেকটু খাও বাবু । না খেয়ে দিনদিন শুকিয়ে যাচ্ছো যে ।,4,4,1,GAg,0.082318105,0.8823503,0.019254023,0.00018904606,0.015888523
in 377.jpg,"আডবাণীর নেতৃত্বে বিজেপি এসে উদ্ধার করে! দাবি শুভেন্দুর| সিঙ্গুর আন্দোলন কোনও আন্দোলনই ছিল না, দাবি শুভেন্দুর এইভাবে সব বলে দিলে দুজনের কারোরই লাভ হবেনা",2,2,2,PAg,0.011620924,0.00047509166,0.945515,0.01570154,0.026687482
fb 142.jpg,সেই প্যারাময় মুহূর্ত : যখন পিজ্জা খেতে গিয়ে কামড় পিজ্জাতে না লেগে নিজের হাতেই লাগে!,0,0,0,NoAg,0.984496,0.0001926467,0.0007605763,3.6725458e-05,0.01451402
fb 1088.jpg,স্যার কোনভাবে দুই দলকেই হারিয়ে দেওয়া যায় না!,4,4,4,Oth,0.25588226,0.049998555,0.11359866,0.002442756,0.5780777
in 28.jpg,ঘরের সব কাজ করার পর যখন বুঝতে পারি যে ঘরের সব কাজ আমি একাই করে ফেলেছি আম্মু আমাকে কি তোমার বুয়া মনে হয়? থাকমোনা আমি তোমার ঘরে আমি কোরিয়া আমার ইয়ের কাছে যামোগা,0,0,1,GAg,0.42620513,0.45241234,0.009878448,0.028104011,0.08340009
tangaila (108).jpg,তার হাজবেন্ড বিন্দুবাসিনীর মেয়ে,1,1,4,Oth,0.053295825,0.25756812,0.3310809,0.0042154402,0.3538397
bamboo-vaiya (334).jpg,*৯ বছরের আমি *বিস্কুটের ক্রিম,1,1,1,GAg,0.0125554,0.9771388,0.002436144,0.00078525563,0.0070843836
fb 1128.jpg,"মাদখালী, সরকারপন্থী দেওবন্দী, তাদের জিহাদোফোব সমর্থকবৃন্দ। জিহাদিস্ট, ইসলামিস্ট মিলিটারি অর্গানাইজেশন, তাদের সমর্থকবৃন্দ।",3,3,2,PAg,0.0013267547,0.00038443418,0.44064695,0.14937024,0.40827164
in 471.jpg,"জামিন দিন, আমাকে বাঁচতে দিন! শুনানিতে কেঁদে ফেললেন পার্থ, ফের জেল হেফাজত চাইল ইডি আপনি একদম চাপ নেবেন না... পিসি ঠিক ভিতরে ভিতরে আপনার জামিন করে দেবেন",2,2,2,PAg,1.2632553e-05,9.506279e-06,0.99987936,1.1587258e-06,9.727227e-05
fb 1434.jpg,"কেবল হোঃ হোঃ হোঃ, কেষ্টদাসের পিসি- বেচত খালি কুমডো কচু হাঁসের ডিম আর তিসি।",2,2,2,PAg,3.5012054e-05,0.001826911,0.9713438,0.004874326,0.021919891
fb 1482.jpg,কি দিন আইলো রে ভাই! হুজুররাও নাকি ইত্যাদি তেলেসমাতি জিনিসের নাম জানে!,3,3,0,NoAg,0.996033,0.0002652139,0.00023628486,0.0006512975,0.0028141136
pin 19.jpg,"ভদ্রমহিলা ছাতা সারাতে গেছেন আপনার উপরের কাপড় খুলতে হবে; আর নিচে ডান্ডাও লাগাতে হবে| যা করার করো, শুধু মনে রেখো ভিতরে জল না পড়ে!",1,1,0,NoAg,0.76143277,0.013613339,0.0004863969,0.20987527,0.014592248
bangla-memes (50).jpg,বাজারের সবচেয়ে* কমদামী গরু *আমার আব্বু,0,0,1,GAg,0.016421957,0.84122735,0.11434725,0.018990401,0.0090130055
Halal Memes (245).jpg,নতুন শার্ট নিয়ে আসা বিদ্যমান । আম্মু: কত নিছে ? আমি: ফ্রী'তে পাইছি আম্মু । আম্মু: তাও ঠকছোস । আমি হইলে ফ্রী'তে দুইটা নিতাম লে আমি:,0,0,2,PAg,0.0030443303,0.023153031,0.95686686,8.116223e-05,0.01685448
blog 494.jpg,রিজিকের মালিক আল্লাহ,3,3,3,RAg,0.0015835767,4.945759e-05,2.3410643e-05,0.9978492,0.0004943526
KAM (415).jpg,বাথরুমে এতক্ষণ কি করছ? বিয়ে-শাদি দাও না বাথরুমে তো সময় লাগবেই,0,0,0,NoAg,0.98019034,0.00042410597,0.0021878073,5.4680553e-05,0.017142976
blog 297.jpg,সজাগ হোন আল্লাহু আকবর ! ঘুমিয়ে থাকুন ইছলামের সমালোচনা করা হীনতা ।,3,3,3,RAg,7.809008e-06,7.016488e-07,3.379408e-07,0.9978369,0.0021542825
blog 32.jpg,কুরান ৬:১১৫/১৮:২৭ কেউ আল্লার কথা বিকৃত করতে পারে না । তাইলে... মডারেটরা যে বলে জংগিরা কুরানের অর্থ বিকৃত করে জংগী হয়ে উঠে এইটা কার কুরান ?!,3,3,3,RAg,0.05613946,1.4297292e-06,0.0003683066,0.9273327,0.016158037
fb 1973.jpg,*একটা হট ছবি পাঠাও* বয়ফ্রেন্ডের জন্য বেস্টফ্রেন্ডের জন্য জাস্টফ্রেন্ডের জন্য,1,1,3,RAg,0.1528686,0.12270097,0.02364076,0.64471465,0.056075033
KAM (795).jpg,বিউটি পার্লারে যাওয়ার আগে: বিউটি পার্লার থেকে বের হওয়ার পর,4,4,4,Oth,0.26562068,0.0012853523,0.030529303,8.140046e-05,0.7024833
KAM (92).png,আড়াই টাকার পারফর্মেন্স হাজার টাকার ফায়দা!,4,4,4,Oth,0.15476233,0.008956861,0.23053053,0.0007283831,0.6050219
fb 601.jpg,"""আন্টি আপনার মেয়ের নাম ছোট করে রাখা উচিত ছিল। আমার বন্ধুর হাত কেটে লিখতে কষ্ট হয়""",4,4,0,NoAg,0.9295527,0.021539226,0.020374132,0.00010802534,0.028425848
in 314.jpg,তৃণমূল ভবনের দরজা সৎ লোকেদের জন্য দুর্নীতিগ্রস্তদের জন্য,2,2,0,NoAg,0.5759299,0.16043957,0.037540544,0.0014450642,0.22464494
in 82.jpg,উচ্চতা সষ্পন্ন পঞ্জাবি পরিহিত চাপ দাড়ি রাখা ছেলে অস্তিত্ব রাখে *বাঙালি মেয়ে উফফ আমি এরকম ঘেমে যাচ্ছি কেন ? আমার মনটা এরকম দুর্বল হয়ে পড়ছে কেন,1,1,4,Oth,0.089188136,0.025025086,0.016320612,0.03389296,0.83557326
KAM (117).png,ক্লাসের সব চেয়ে ব্রিলিয়ান্ট স্টুডেন্টের পাশে পরীক্ষার হলে সিট পরছিল! কিন্তু শালা তার হাতের লেখা এত সুন্দর যে বুঝতেই পারি না!,0,0,4,Oth,0.19165692,0.00022093247,0.19747148,0.000499145,0.61015147
bamboo-vaiya (240).jpg,"জীবনে প্রথম প্রেমটা রিয়েল হয়, আর সেটা ও হয় এক বারোভাতারি মালের সাথে",1,1,1,GAg,1.8141152e-07,0.9937382,1.2169456e-05,2.8355742e-09,0.0062494325
bangla-gag (80).jpg,"আসলামুল হক আসলাম সংসদ সদস্য, ঢাকা-১৪ আসন মজা পাইলাম !",2,2,4,Oth,0.040251132,0.009581508,0.20963416,0.0052272286,0.73530596
ovodro_img (272).jpg,"সেদিন ঝাল লাগলো কেনরে আমার ওখানে ? হুহু , জানেও না আমার বাড়ী শ্রীলঙ্কা ঝাল তো লাগবেই",1,1,1,GAg,0.00033564534,0.92728454,0.0005999644,2.0947904e-05,0.07175885
in 552.jpg,গত ৭০ বছরে কংগ্রেস দেশের জন্য কি করেছে? বলবো না। কেন? বললেই আপনি সেগুলো বিক্রি করে দেবেন!,2,2,2,PAg,0.005617364,0.11106618,0.47276837,0.34432012,0.066228
fb 334.jpg,দোস্ত ভিতরে পরে গেছে! ! সমস্যা নাই! তুই চালিয়ে যা বয়ফ্রেন্ডের উপর দোষ চাপিয়ে দিবো!,1,1,1,GAg,0.33784252,0.3688418,0.0001390804,0.28340396,0.009772593
Bangla Thug Life (246).jpg,কচি দেবর দেখা বিদ্যমান সাবিতা ভাবি বি লাইক:,1,1,1,GAg,0.07388977,0.7853085,0.120192334,0.0046063038,0.016003136
in 102.jpg,করোনায় আক্রান্ত 'টুম্পাসোনা',4,4,4,Oth,0.008065078,0.004006456,0.005308213,0.005871338,0.97674894
fb 1721.jpg,তুমি কামের ফাঁদে পড়েছ তুমি রামের ফাঁদে পড়েছ,3,3,0,NoAg,0.7705507,0.17017204,0.00575092,0.0064400374,0.04708629
blog 299.jpg,"পলিনেশিয়ান ঈশ্বর লোনোর কথা শুনলে আপনার হাসি পায়, ঠিক না? জানেন, আপনার ঈশ্বরের কথা শুনলে আমারও ঠিক একই অবস্থা হয় ।",3,3,3,RAg,3.906752e-06,8.089939e-06,4.177905e-06,0.99995756,2.6273572e-05
ovodro_img (541).jpg,"কোম্পানিতে জয়েন করলে ১০,০০০ আর ছয়মাস এর পরের থেকেই ২০,০০০ হবে মাইনে ! তাহলে কবে থেকে জয়েন করবে ? ছয়মাস পরে থেকেই করব জয়েন",0,0,1,GAg,0.043246347,0.49757105,0.34516683,0.0029155402,0.11110032
Halal Memes (56).jpg,*দোকানের বেগুনি *বাসার বেগুনি,0,0,4,Oth,0.11296452,0.30526295,0.011866944,0.0009175813,0.568988
fb 1661.jpg,"কৃষ্ণ এখন সখীদের নিয়ে ফষ্টিনষ্টিতে ব্যস্ত, আবাল ভক্তদের দিকে তাকানোর সময় নেই জন্মাষ্টমীর উৎসবে দুর্ঘটনা, কচুয়ায় পদপিষ্ট হয়ে মৃত ৬, খবর ফটাফট বৃষ্টিতে হুড়োহুড়ি, মৃত্যু",3,3,3,RAg,0.0034809278,0.0029214658,0.054968707,0.9221439,0.016485076
fb 108.jpg,তুমি যদি এই কাজটি করে থাকো তাহলে তোমার শৈশব অনেক জোশ ছিলো,0,0,3,RAg,0.055813562,0.0027290299,0.00012913425,0.9339252,0.007403011
fb 1124.jpg,ইংরেজি ভাষায় বাংলা ভাষা শহীদদের স্মরণ ব্র্যাক ইউনিভার্সিটির *ব্র্যাক ইউনিভার্সিটি এই শহরে আমার মত দেশ প্রেমিক আর একটাও নাই,4,4,2,PAg,1.4311714e-05,0.00014884859,0.9862557,0.0093429545,0.0042380965
fb 740.jpg,গাঁজার আগুনে পোড়ানো হলো প্রেমিকার লাশ গাঁজাখোর দের গার্লফ্রেন্ডঃ,4,4,2,PAg,0.006262644,0.11218881,0.4301934,0.25190383,0.1994513
bangla-gag (6).png,"পড়াশুনা না করলে আমও যাবে, ছালাও যাবে ছালা দিয়ে কি করবো?",0,0,4,Oth,0.22400329,0.002186994,0.09934169,0.11634589,0.55812216
in 105.jpg,ফেসবুকঃ আমি সব কিছু জানি গুগলঃআমার কাছে সব কিছু আছে ইন্টারনেটঃ আমি ছাড়া তোরা কিছুই না চার্জারঃ আওয়াজ নিচে *লে কারেন্টঃ,0,0,0,NoAg,0.3919937,0.02775031,0.37336737,0.009302301,0.1975863
ovodro_img (662).jpg,পারবো না হতে আমি রোমিও,0,0,3,RAg,0.0010574806,0.033460364,0.4438551,0.50028104,0.021345964
chosha (118).jpg,যখন আমরা গালফ্রেন্ডের মুখে ললিপপ চুষতে দেই,1,1,1,GAg,0.033175774,0.8910626,0.0005268243,9.4804045e-06,0.07522529
in 460.jpg,বড়ো হয়ে তোমরা কি করবে? চায়ের স্টল ঘুগনির দোকান তেলেভাজা দোকান,2,2,4,Oth,0.03258886,0.00040332356,0.46257192,2.9660487e-05,0.5044063
in 519.jpg,এই যে মন্ত্রীসভায় রদবদল মনেহয় পরিবর্তন কিছু হবে? প্রথম ব্যাচের খাওয়া শেষ এবার দ্বিতীয় ব্যাচ খাবে,2,2,2,PAg,1.8222438e-05,1.5465832e-05,0.9999125,1.218182e-07,5.361867e-05
fb 404.jpg,তুমি তো আমারে টেনশন এ ফেলায় দিলে মিয়া,2,2,4,Oth,0.0014286309,0.0012368256,0.007244891,0.020613266,0.9694764
direct-offense (49).jpg,বারোবাতারী সীমিত আকারে বারোবাতারী,1,1,4,Oth,0.1592076,0.057445016,0.3503092,0.04782222,0.38521603
in 161.jpg,আমি সোম বুধ শুক্র তৃণমূলে থাকি আর মঙ্গল বৃহ শনি বিজেপিতে থাকি রবিবার ছুটিতে থাকি,2,2,2,PAg,0.005847365,0.30079684,0.60567117,0.069351606,0.018333029
blog 236.jpg,এইখানে পষ্ট কইরা লেখা আছে: এই দুনিয়ায় চতুষ্পদ জন্তু আছে সর্বমোট ৮ প্রকার। (সুরা ৩৯:৬),3,3,3,RAg,2.3254832e-07,9.391398e-09,2.0730562e-08,0.9999993,5.223737e-07
ovodro_img (794).jpg,একজন ডাক্তার তার রোগীর সেবা করতে কোন ত্রুটি রাখে না,1,1,1,GAg,0.004162561,0.8679703,0.0032666181,0.0132113015,0.11138926
ovodro_img (656).jpg,গরমে সিদ্ধ হচ্ছিল বলে জামা খুলে ফেললেন একজন বং ক্রাশ,1,1,1,GAg,4.1621926e-05,0.99979883,5.8540684e-07,5.3765437e-08,0.00015901677
fb 191.jpg,বন্ধুর সাইজ বন্ধুর বউয়ের সাইজ,1,1,1,GAg,0.0001560524,0.95146346,0.00040708296,2.8606592e-06,0.04797051
in 216.jpg,বিদ্যুৎ দফতরের চাকরি থেকে সাসপেন্ড শান্তনু বন্দ্যোপাধ্যায় দুর্নীতি দূর করলেন মমতা ব্যানার্জী এবার বিদ্যুৎ-এর দাম কমবে...,2,2,2,PAg,0.01595572,4.4137603e-05,0.8948011,1.2200266e-05,0.089186914
fb 595.jpg,"বাতাস যাতে নষ্ট না হয়ে যায়, তাই ফ্রিতে কিছু চিপস ও দিয়ে দিছে দেখছি",4,4,4,Oth,0.2988904,0.017549474,0.027501872,0.000193311,0.6558649
in 257.jpg,"তুমি আমাকে 'কয়লা ভাইপো' বলে ডাকলে আমার খুব কষ্ট হয় পিসি আমাকে 'গদ্দার' বললে আমারও কষ্ট হয় সামনে পঞ্চায়েত ভোট চাপ নিস না, হিন্দু মুসলিম খেলা খেলে এটাও পার করে দেবো",2,2,0,NoAg,0.40973985,0.057636116,0.08704025,0.07542613,0.37015766
Bangla Thug Life (220).jpg,বাপের বাড়ি থেকে বউ ফিরে এসে স্বামীর সাথে প্রথম রাত্রিযাপনের পর *বউ,1,1,0,NoAg,0.9085497,0.007005425,0.021879427,3.260181e-05,0.06253283
fb 1435.jpg,অষ্ট প্রহর গাইত পিসি আওয়াজ করে মিহি; *এসব সিপিয়েমের চক্রান্ত* ম্যাও ম্যাও ম্যও বাকুম বাকুম ভৌ ভৌ চীহি,2,2,2,PAg,4.9506365e-05,3.896219e-05,0.9549804,0.003520142,0.04141099
ovodro_img (373).jpg,বই মেলায় আমার লেখা বই পাওয়া যাচ্ছে !! কিনবেন সবাই । মরন হবে কত দিনে ??,2,2,1,GAg,0.0027026832,0.9537573,0.026967242,3.7103196e-06,0.01656901
pin 39.jpg,দূর্বল সেতুর ওপর ভারী যানবাহন চলাচল নিষেধ করা হোক !,4,4,4,Oth,0.032570273,0.0074408324,0.20514435,0.07544479,0.6793997
ovodro_img (707).jpg,তোদের বাবা কোথায় গিয়ে লুকিয়ে পড়ল ! আসছেই না তাড়াতাড়ি কর । তোমার বৌ আর ছেলে মেয়ে তোমার কথাই বলছে,1,1,1,GAg,0.0025551242,0.96560526,0.00014755558,4.4568787e-05,0.031647503
fb 1406.jpg,"তারপর সে বললো; ""চীনা অ্যাপ ব্যান করে দিলে ভবিষ্যতে ভারতবর্ষ সস্তা এবং সহজলভ্য দেশীয় পণ্য তৈরি করতে পারবে""",2,2,3,RAg,0.00085106114,0.00071969326,0.014260328,0.97329336,0.010875541
Halal Memes (93).jpg,নাসির খান সীমিত আকারের নাসির খান,4,4,0,NoAg,0.6114456,0.2751434,0.010342932,0.07333239,0.029735688
tangaila (112).jpg,যখন ঈদে কেউ সেলামী না দেয় তখন আমি :,0,0,0,NoAg,0.9159825,1.8824541e-05,0.00916248,2.8618416e-07,0.07483599
Halal Memes (197).jpg,বার্ষিক পরীক্ষায় কম নাম্বার পেয়েও মা-বাবাকে বুঝিয়ে শুনিয়ে বেঁচে যাওয়া আমি পাশের বাসার আন্টি,0,0,0,NoAg,0.65780956,0.01577372,0.0061222212,0.3041571,0.016137375
blog 328.jpg,"ইছলামের নবী সবাইরে সতর্ক কইরা দিয়া বলসে, পিচ্চি ইন্দুরও কিন্তু বাড়িতে আগুন ধরায়ে দিতে পারে। জেরির এমন ক্ষমতার কথা পইড়া টম... (সহি মুসলিম, বই ২৩, হাদিস ৪৯৯৪)",3,3,3,RAg,1.9875635e-07,4.2970877e-10,4.1474166e-10,0.99999964,7.723318e-08
fb 1916.jpg,লু পোস্ত এভাবে কি দেখেন ভাই? ক্রাশ বলেছে 'তাকে পেতে হলে রান্না শিখতে হবে' তাই রান্না শিখছি,1,1,4,Oth,0.178802,0.17034382,0.27235013,0.04071326,0.33779073
blog 331.jpg,"প্রার্থনার চূড়ান্ত মুহূর্তে আপনের চেহারা দেখলে মনে হয়, কোষ্ঠকাঠিন্য আক্রান্ত অবস্থায় আপনে টয়লেটে বইসা রইসেন।",3,3,4,Oth,0.006455217,0.29872972,0.007220209,0.030209593,0.6573853
ovodro_img (749).jpg,মোদিজি কাশ্মীরে আমাকে বাড়ি বানানোর জন্য ১০ কাঠা জায়গা দিয়ে দিন প্লিজ তুই ভারতে পার রাখলেই তোকে জুতোর মালা পরিয়ে পোঁদে মিসাইল বেধে পাকিস্তানে পাঠিয়ে দেব শালা,2,2,1,GAg,0.27029234,0.4017103,0.22096874,0.001872982,0.10515566
Bangla Thug Life (124).jpg,"যখন তুমি কিউট ইন্সটা কুইন হইতে যাইয়া ভাত পাও না, কিন্তু দুধ শো-অফ কইরা অনেক গুলা লাইক কামাই ফেলো",1,1,1,GAg,0.00048466568,0.9421606,0.0025206828,5.0235714e-05,0.054783896
fb 1291.jpg,রেস্টুরেন্ট সামলাই ছাগলের চাহিদাও সামলাই,4,4,0,NoAg,0.5537345,0.08887111,0.054274805,0.0040434496,0.2990762
fb 1621.jpg,নাস্তিকদের যুক্তি কোরআন মিথ্যা কারন কোরআন অসম্পূর্ণ কেনোনা কোরআনে আমার নাম নেই এবং আমার বাপ ১৪ গোষ্ঠীর নাম নেই তাই কোরআন মিথ্যা অসম্পূর্ণ,3,3,3,RAg,3.818208e-05,6.7026044e-06,1.5213585e-05,0.9989506,0.0009892628
fb 1008.jpg,অর্থের পাহাড় করেছি কারণ অর্থ থাকলে গর্তের অভাব পরেনা!,1,1,3,RAg,0.00077883207,0.00096542155,0.00050564454,0.9975789,0.00017128629
in 333.jpg,দেখতে পাচ্চো বিনোদ দিদির ভুতেরা কেমন পাড়ায় পাড়ায় বাটাম খাচ্ছে...,2,2,2,PAg,2.47148e-06,1.3160601e-06,0.9999902,1.6008906e-07,5.8356586e-06
ovodro_img (539).jpg,আমার এবার তিনজন ছেলেকে বিয়ে করা হবে এরম বারে বারে বিয়ে না করে আমাকে বলতে পারিস তো একসাথে কয়েকটা ছেলে পাঠিয়ে দিতাম,4,4,4,Oth,0.037892878,0.01985856,0.36688697,3.6727802e-06,0.5753579
bamboo-vaiya (275).jpg,*১০০০ টাকা দাম বলা দোকানদার *৩০০ টাকা দাম বলা আমি* *৩০০ টাকায় রাজি হয়ে যাওয়া দোকানদার* *মজা করতে গিয়ে মাইনকা চিপায় পরা আমি*,0,0,4,Oth,0.15259902,3.3732067e-05,0.005887335,0.00019072136,0.84128916
blog 156.jpg,"অদৃশ্য ও কাল্পনিক কিছু সত্তার উপাসনা করতে গির্জা, মসজিদ, মন্দির, প্যাগোডা, সিনাগগ ও অন্যান্য উপাসনালয় নির্মাণের পেছনে ব্যয় করা হয়েছে ট্রিলিয়ন ট্রিলিয়ন ডলার... কল্পনা করে দেখুন, এই পরিমাণ অর্থ যদি ব্যয় করা হতো স্কুল, হাসপাতাল ও আশ্রয়স্থল নির্মাণের পেছনে...",3,3,3,RAg,1.9083354e-08,2.3847253e-08,1.37849e-07,0.9999379,6.186968e-05
KAM (194).png,সবাই জান্নাতে যেতে চায় কিন্তু কেউ মরতে চায় না !! তেমনি সবাই ভাল রেজাল্ট করতে চায় কিন্তু কেউ পড়তে চায় না !!,0,0,0,NoAg,0.9123096,0.08270397,0.0005845675,0.00010275837,0.004299089
tangaila (171).jpg,পোলা গেছিলো সখিপুর বিয়া করতে অতঃপর তার অবস্তা :-,0,0,3,RAg,0.3789472,0.051422972,0.028205108,0.4895167,0.051907953
Halal Memes (293).jpg,ক্লাসে প্রেজেন্ট দিয়ে বেঞ্চে বসতে যাওয়া বন্ধু* *পিছন থেকে কলম খাঁড়া করে রাখা আমি,4,4,1,GAg,0.27859864,0.46153516,0.023358813,0.02608817,0.21041925
in 220.jpg,এবার নিয়োগ দুর্নীতিতে ধৃত কুন্তল ঘোষের স্ত্রীকে তলব ইডির কুন্তলেরও কি আমার মতো ফ্যামিলি প্যাকেজ??,2,2,2,PAg,0.0034568151,2.2124068e-06,0.9724946,3.2662705e-05,0.024013722
blog 47.jpg,"কুকুর গাধা নারী ইছলামে এরা এক কাতারে নবীজি বলেছে, নামাজরত মানুষের সামনে দিয়ে কুকুর, গাধা বা নারী হেঁটে গেলে সেই নামাজ আল্যা গ্রহণ করে না । ( বুখারি খণ্ড ১, বই ৯, হাদিস ৪৯০)",3,3,3,RAg,4.2715092e-07,1.5651489e-05,2.566691e-05,0.9999454,1.2826646e-05
ovodro_img (284).jpg,শুনলাম তুই নাকি প্রেম করছিস ? অত চিন্তা করিস না । ব্রেকআপ হলে পাড়ার ছেলেদের দিয়েই কাজ চালাব ।,1,1,4,Oth,0.002294449,0.02341195,0.0004480587,7.2167086e-07,0.9738448
blog 136.jpg,"আল্যা যদি মানুষকে স্বাধীন ইচ্ছাশক্তি দিয়েই থাকে, তাহলে সবকিছুই আল্যার পরিকল্পনার অংশ হয় কীভাবে? আর সবকিছু যদি আল্যার পরিকল্পনার অংশই হয়ে থাকে, তাহলে মানুষের স্বাধীন ইচ্ছাশক্তি থাকে কীভাবে?",3,3,3,RAg,9.595853e-07,1.4273121e-06,7.4154723e-06,0.9998753,0.00011490387
Halal Memes (45).jpg,ক্রাশকে চার পাচটা ম্যাসেজ দেওয়ার পর ক্রাশ যখন বিরক্ত হয়ে যায় এতো কম সহ্য শক্তি নিয়ে বেঁচে আছো কি করে,0,0,0,NoAg,0.97615075,0.00014368737,0.0020622085,0.0006950153,0.020948203
pin 53.jpg,কেবলমাত্র আর একটা 'সেস' কেবলমাত্র আর একটা 'কড়ি নিন্দা' কেবলমাত্র আর একটা বিদেশ ভ্রমণ কেবলমাত্র আর একটা 'ডিচক্যাও',2,2,3,RAg,0.012556711,0.012697459,0.019857356,0.91958034,0.035308134
fb 1660.jpg,জীব্রিল ! উপ্রের দুইদল তো পরিচিত ! নীচের গুলান কারা ..? হুজুর এরা হলু নিরপেক্ষতার আড়ালে থাকা সুবিধাবাদিরা... এজিদ বাহিনী হোসেন বাহিনী বিশ্বের ছুন্নি এক হও শোহদায়ে কারবালার স্মরনে উজ্জীবিত হয়ে আমরাও শহীদ হইতে চাই !,3,3,3,RAg,1.0679146e-12,2.9458072e-12,3.124692e-11,1.0,2.5989757e-09
fb 1401.jpg,মৌলানা: হোমোসেক্সুয়ালিটি হারাম হোমোসেক্সুয়ালরা জাহান্নামের আগুনে পুড়বে। মৌলানা যখন সে মাদ্রাসার কোনো ছাত্রের সাথে কিছুক্ষণ একা থাকার সুযোগ পায়:-,3,3,3,RAg,9.130354e-05,0.0048584817,0.12833707,0.8562823,0.010430782
fb 25.jpg,যখন তুমি পাশের বাসার আন্টির হারমোনিয়াম সংগীতের জ্বালায় ঘুমাতে পারো না,0,0,1,GAg,0.008995576,0.8787684,0.056680113,0.053272072,0.0022837892
fb 2012.jpg,ইনি ৫-০ গোলে ম্যাচ জিতে ৫ আঙ্গুল দেখান আর ইনি ম্যাচ হেরে গিয়ে দম্ভ নিয়ে ইতিহাস টেনে আনে যা কিনা সে সাবেক ক্লাব গুলোর হয়ে জিতেছে,4,4,1,GAg,0.19585203,0.41575834,0.08741905,0.019401606,0.281569
Halal Memes (10).jpg,যৌতুক নেয়া নিষেধ' বলতে থাকা হেডস্যার: যৌতুকে পাওয়া মোটরসাইকেল নিয়ে স্কুলে আসা ক্লাসটিচার:,0,0,1,GAg,0.16838019,0.79996496,0.016976355,0.00028088357,0.014397529
in 393.jpg,"চপ ভেজে ও ঝালমুড়ি বিক্রি করে বিক্ষোভ প্রদর্শন গ্রুপ ডি চাকরিপ্রার্থীদের.... এরা চাকরিপ্রার্থী নয়, এরা সিপিমের এজেন্ট!",2,2,2,PAg,0.00361965,1.3567649e-05,0.9495121,1.3181541e-07,0.046854563
fb 2003.jpg,মহাবিশ্বের কিছু অপ্রয়োজনীয় জিনিস-,4,4,3,RAg,0.068373494,7.578426e-05,1.6441987e-05,0.9309693,0.0005650341
Halal Memes (276).jpg,*আমি ব্যবহারিক খাতা ওকে নিয়ে আমি এখন কোথায় যাবো ?,0,0,1,GAg,0.11492871,0.8669923,0.0015567442,0.0020335224,0.01448884
fb 1135.jpg,সাধারণ মানুষের আদি পিতা মাতা শাহবাগীদের আদি পিতা মাতা,4,4,3,RAg,0.0015200533,0.0019754355,0.0026325504,0.9747087,0.019163284
fb 1087.jpg,"শুনলাম প্রতিভার নামে নাকি এক পোলা নিজের পুরুষত্ব বিসর্জনে দিছে, হু কাকা এই পোলায়",4,4,4,Oth,0.049774628,0.00083566946,0.02096199,1.0453681e-05,0.9284172
fb 641.jpg,তার মন ছিলো একদম লোকাল বাস এর মতো যখন যার ইচ্ছা উঠে পড়ত,0,0,1,GAg,0.007484033,0.76236266,0.0041018403,1.2738814e-05,0.22603875
Bangla Thug Life (199).jpg,বিদেশ ফেরত স্বামী যখন পাঁচ বছর পর দেশে এসে স্ত্রীর সাথে প্রথম রাত্রিযাপনের পর স্ত্রী: পাছাডা ধ্বংস কইরা লাইছিরে ভাই,1,1,0,NoAg,0.6011187,0.2947716,0.039196357,0.00017088286,0.06474249
fb 1795.jpg,কাচ্চি ভাই জর্দা রঙের নাম করে 'কৃত্রিম রং' খাওয়ায় দিবো* খাশির মাংসের নাম করে কুত্তা-বিলাই খাওয়ায় দিবো,4,4,0,NoAg,0.5320555,0.17013045,0.0017558936,0.29015973,0.0058984426
fb 718.jpg,প্রাইভেট না পড়ায় পিটিয়ে ছাত্রীর হাত ভাঙলেন শিক্ষক! প্রাইভেট না পড়া ছাত্রীগণঃ একি বিপদে পড়লাম!,0,0,2,PAg,0.060248304,5.7606157e-06,0.80958474,6.8389596e-07,0.13016051
fb 110.jpg,দুনিয়ায় দুই টাইপের পাবলিক আছে রেগুলার সকালে উঠা পাবলিক পার্ট-টাইম সকালে উঠা পাবলিক,0,0,3,RAg,0.0014540444,0.021231042,0.34270605,0.56868404,0.06592481
fb 1230.jpg,সেকু নেতাদের মিলন কেন্দ্র ওস্তাদ! !! বায়ে চাপায়া যান সামনে কিছু অব্যবহৃত মগজ পইড়া আছে! চাক্কা লাগলে ক্ষতি হইতে পারে!,3,3,3,RAg,0.00083940505,0.00045584983,0.013223383,0.98285747,0.002623969
blog 384.jpg,"জগদীস বসু নাকি আবিষ্কার করসে গাছের প্রাণ আছে! অথচ তার ১০০০ বছর আগে ইছলামের নবী বইলা গেছে, গাছ কথা কইতে পারে গাছ প্রাণহীন হইলে সেইটা সম্ভব হইতো? (বুখারি, খণ্ড ৫, বই ৫৮, হাদিস ১৯৯)",3,3,3,RAg,1.5602576e-07,5.0142895e-10,5.092816e-10,0.99999976,1.6347009e-07
in 632.jpg,ভালো করে জুম করে দেখুন নিন্দুকেরা বলবে উনি ক্যামেরার দিকে তাকিয়ে আছেন আসলে উনি লক্ষীট্যারা,2,2,0,NoAg,0.7193198,0.0313824,0.0020257134,0.24671838,0.0005536628
fb 1520.jpg,"ইসলাম শান্তির ধর্ম। সব ধর্মই শান্তির ধর্ম ভাই | চুপ ল্যাওড়া, বলছি ইসলাম শান্তির ধর্ম মানে শুধুমাত্র ইসলামই হলো শান্তির ধর্ম |",3,3,3,RAg,0.0038531814,0.00461911,0.03239767,0.87013996,0.08899001
fb 927.jpg,ভার্সিটিতে শুধু চিল আর চিল !,0,0,3,RAg,0.002855917,2.7486163e-05,1.3571336e-05,0.9926565,0.004446536
blog 169.jpg,"""কোরান থেকে তথ্য উদ্ধৃত করে আপনি আমার যুক্তিকে কুপোকাত করেছেন"" গোঁড়া নাস্তিকেরা এ কথাটা স্বীকারই করতে চায় না!",3,3,3,RAg,0.0006648896,0.0010112424,0.000154057,0.9971771,0.0009927562
fb 146.jpg,কলেজের এডমিশন এর রেসাল্ট দিবে বলছিল,0,0,1,GAg,0.39999458,0.48596886,0.020827224,0.08103579,0.012173507
ovodro_img (398).jpg,দয়া পাতা লাগাও দিদির ধর্নায় বসার মূল উদ্দেশ্য কী ?? পিছনে ল্যাংটো মাগা লেলিয়ে দেব বোকাসোডা,2,2,4,Oth,0.07734172,9.9148754e-05,0.11084813,2.764918e-05,0.81168336
fb 2070.jpg,"রিয়েল মাদ্রিদে জয়েন করবো ভাবছি ভাই, তাই একটু ওই আর কি হে হে ... হ্যাঁরে, আজ ওভাবে নাটক করলি কেন ?",4,4,4,Oth,0.023353828,0.22844064,0.22652465,0.05091923,0.4707617
blog 292.jpg,"এটা গঙ্গার জল, তা বুঝলাম কিন্তু এতে তো পয়ঃনিষ্কাশন আর নর্দমার ময়লাই দেখছি শুধু! পাপ কই?",3,3,3,RAg,9.8132594e-05,5.0215956e-05,0.00010403847,0.9995765,0.00017110858
fb 2013.jpg,এইবার বুঝলাম চেলসির এই অবস্থা কেন??,4,4,1,GAg,0.0288853,0.8285866,0.08550573,0.0005387513,0.05648359
fb 1719.jpg,"মা আমি বড় হয়ে জ্ঞ্যানী এবং ধার্মিক হব না বাবা, দুটো একসাথে হওযা যায় না",3,3,3,RAg,0.0002035553,1.2806102e-05,7.342191e-07,0.99967957,0.000103334045
in 432.jpg,সৌরভ গাঙ্গূলির বিরুদ্ধে অন্যায় হয়েছে আর আমাদের সাথে ন্যায় হয়েছে!?,2,2,1,GAg,0.0012376899,0.63791955,0.20737033,0.00072790915,0.15274453
bangla-troll (8).jpg,"এর মালিক আম্মু, আমার ঘুম হারাম হওয়ার কারণ একমাত্র ওই হালা জুকার !",0,0,4,Oth,0.1792163,0.00032341122,0.022790499,2.7505973e-07,0.7976695
fb 1938.jpg,ছেলে কি করে? ছেলে সারাদিন পমপম পমপম করে বাবা আমি রাজি,1,1,1,GAg,0.017593885,0.9328601,0.0017943275,8.359706e-06,0.047743414
in 327.jpg,আপনারা কারা? আমরা দিদির দূত দিদির ভূত? ভূত নয় দূত,2,2,2,PAg,8.446018e-05,5.8923135e-05,0.99916506,2.1800324e-06,0.0006894238
Halal Memes (29).jpg,"শিক্ষক:- সবাই সবার হোমওয়ার্ক বের করো, আমি উত্তর বলতেছি সবাই মিলাইয়া নেও । ব্যাকবেঞ্চার:-",0,0,4,Oth,0.35284257,0.0016069915,0.044579312,0.0020178463,0.5989533
direct-offense (17).jpg,তুই একটা বাইঞ্চোদের ছেলে তুই একটা খানকির ছেলে তুই একটা বারোভাতারির ছেলে তুই শ্রাবন্তির ছেলে ছিঃ ছিঃ এত বড় অপমান ,4,4,0,NoAg,0.62674856,0.011710147,0.1439097,0.0880662,0.12956543
fb 745.jpg,বাথরুমে ঢুকে লাইট বন্ধ করে দিয়েছি কারণ আগেরবার আফ্রিকার জঙ্গল পরিষ্কার করার সময় বন্ধু ভিডিও করে আমাকে ব্লাকমেইল করছিলো,0,0,0,NoAg,0.38910595,0.25999683,0.019709706,0.11653,0.21465755
ovodro_img (108).jpg,"চল মধু , আমরা ঠাকুর দেখতে যাব তোমরা যাও তাহলে এটাই ছিল তোমার প্লান ? হ্যাঁ, সুযোগ পেলে ওভারটাইমে ইনকাম করি লা এ হতে পালে লা",4,4,4,Oth,0.0050807097,0.015707051,0.0030619043,3.0442103e-05,0.9761198
in 97.jpg,কাকলি ফার্নিচারের মালিকের ছেলে : এমন কোনো মিমার বাদ নেই যে আমার বাবার কোম্পানিকে প্রমোট করেনি,4,4,4,Oth,0.21203183,0.007040545,0.055012263,4.4677603e-05,0.7258707
fb 202.jpg,ট্রেন টু বুসান ট্রেন টু মোহাম্মদপুর,4,4,2,PAg,0.14097016,0.008604653,0.6079953,0.0005080448,0.24192184
tangaila (91).jpg,যখন আপনি মেহেদী লাগাতে চান কিন্তু মেহেদী আপনাকে উল্টো লাগিয়ে দেয়,1,1,0,NoAg,0.8025656,0.14965495,0.0010285851,0.044220656,0.0025301913
blog 376.jpg,মুছলিম জঙ্গি আমার দোষ নাই। সে প্রথমে লিখসে।,3,3,3,RAg,3.754315e-05,1.3851544e-05,9.367022e-07,0.9997663,0.00018137314
ovodro_img (79).jpg,এশিয়া কাপে অংশগ্রহন করব । আসছি আমি ......,4,4,4,Oth,0.30502135,0.22565664,0.14352284,2.8835143e-07,0.3257988
tangaila (325).jpg,বিন্দুবাসিনী গার্লস ছুটি দেওয়া বিদ্যমান লে ফাকবয় :-,1,1,0,NoAg,0.86797047,6.850565e-05,0.013692281,3.3331107e-06,0.118265465
fb 1706.jpg,ধুপ দুই প্রকার.... এক মশা মারার জন্য দুই ভগবান ডাকার জন্য পার্থক্য একটাই মশা যায়না আর ভগবান আসেনা,3,3,3,RAg,0.004282998,0.2790885,0.008556708,0.6455106,0.062561214
in 621.jpg,"অচেনা 'ঐক্য' বড়তলায়, থানার সামনে একসঙ্গে অবরোধে বিজেপি, সিপিএম, কংগ্রেস অবাধ ও শান্তিপূর্ণ ভোট হচ্ছে আর সিপেম, কংগ্রেস, বিজেপি জোট করে কুৎসা করছে... ওরে বোকাদাদা, ওটা অবাধ সন্ত্রাসপূর্ণ হবে...",2,2,2,PAg,6.2212594e-06,1.3479943e-05,0.9997303,1.7581378e-05,0.0002324225
KAM (152).png,জমিদার সাহেব.... শুধু টাকা দিয়ে ফেসবুক চালানো যায় তা ঠিক না গ্রামিন ফোনে ফেসবুক ফ্রি !!!,0,0,0,NoAg,0.53348106,0.0020275817,0.0068349354,0.005644574,0.45201182
Bangla Thug Life (234).jpg,যে রাধে সেই পা কাধে তুলে দেয়,1,1,0,NoAg,0.98380196,0.0040502977,0.0102588395,0.000121032885,0.0017678745
ovodro_img (461).jpg,"দিপিকাকে কিস করেছিস ? হ্যাঁ, আজকেও লিপ কিস করে এসেছি ! অতঃপর রনবীর কাপুর",4,4,4,Oth,0.12912373,0.029047355,0.32914943,0.06171412,0.45096537
fb 1583.jpg,আমি মিলিয়ন বছর ধরে বিবর্তন হয়ে আজকে মুক্তচিন্তা করে নাস্তিক্যধর্মের অনুসারী হয়েছি।,3,3,3,RAg,0.09726837,0.00068432814,1.3625463e-05,0.90101653,0.0010171451
fb 347.jpg,"তুমি কি আমার জন্য এখনও কবিতা লিখো? নাহ, চটি লিখি শুনবা?",1,1,4,Oth,0.008517752,0.11343775,0.0061833137,0.0013448037,0.87051636
tangaila (274).jpg,পেনাল্টি রোনালদো তুই আর আমি তো একই,4,4,4,Oth,0.004468483,0.0014822475,0.0013590801,2.654586e-07,0.9926899
ovodro_img (139).jpg,"পাওলি আজ দিবি চাটতে ? হ্যাঁ, যেকোন সময় আয় খা*কি মা* বলিস নি কেন ? আজ তোর টেস্ট ম্যাচ চলছে !",1,1,1,GAg,0.034872774,0.7158449,0.11447678,0.018258413,0.11654702
fb 1021.jpg,মামা সামনে আমার এক্স উপর দিয়া তুইলা দেন আচ্ছা দশ টাকা বেশি দিয়েন ওস্তাদ উপর দিয়া দেন তুইলা,4,4,0,NoAg,0.5614004,0.033935037,0.004992815,0.39298695,0.0066848756
chosha (67).jpg,জান বিয়ে করবা তো ... ? হ্যাঁ জান করবো তাহলে ভিতরে ফেলো,1,1,1,GAg,0.18750486,0.8024862,0.0001532731,2.0048935e-07,0.009855435
fb 1015.jpg,ভাই তুই একা না আমাদেরও বিটিএস হেটার মেয়ে ভাল লাগে,4,4,0,NoAg,0.9751048,6.2880805e-05,0.000176363,3.5216297e-05,0.024620734
KAM (389).jpg,"ছোটবেলায় আম্মু কপালে কালো টিপ দিয়ে দিত, যাতে কারো নজর না লাগে শালার টিপে এত কার্যকারিতা যে, বয়স এত হয়ে গেল তাও কোন মেয়ের নজরে পড়লাম না",0,0,0,NoAg,0.82916075,0.00018886419,0.038073253,8.586028e-06,0.13256848
fb 1628.jpg,???? ???? যখন নাস্তিকদের কাছে ভালো আর খারাপের মানদন্ড কি জানতে চাওয়া হয়,3,3,2,PAg,0.030248944,0.039000444,0.7276468,0.055994872,0.14710885
ovodro_img (362).jpg,"যখন কাছে ব্লাউজ থাকে না আর ক্রাশ পাস দিয়ে যায়, তাই রোমাল দিয়ে ব্লাউজ বানিয়ে নেয় !!",1,1,1,GAg,0.0036562572,0.99594694,2.9201542e-06,1.2443192e-07,0.0003936562
fb 1018.jpg,সাইকোপ্যাথ সিরিয়াল কিলার যারা স্কুল / কলেজ গিয়ে টিকটক করে,4,4,0,NoAg,0.4983762,0.105769515,0.116675355,0.04847738,0.23070152
fb 1360.jpg,বিজেপি মুখপাত্র তাজিন্দর পাল বাগা:- যারা হিটলারের মতো আচরণ করবে; তাদের মৃত্যুও হিটলারের মতো হবে হিটলারকে আদর্শ হিসেবে মেনে চলা আরএসএস:-,2,2,2,PAg,0.023838032,0.010424449,0.74650425,0.081371106,0.13786216
fb 373.jpg,কে আবার রটাচ্ছে যে এবার মহালয়া মোদির জন্মদিনের দিন পড়েছে বলে মা দুর্গা মহালয়ার এক মাস পরে আসবে বলেছে,2,2,3,RAg,0.00083741674,0.004543036,0.00051525026,0.9273944,0.06670981
blog 269.jpg,"নবীজি বলসে, পৃথিবী আর বেহেশতের দূরত্ব ৭১, ৭২ অথবা ৭৩ বছর (সময় দিয়া দূরত্ব মাপা!)। আর সাত আসমানের উপ্রে আছে সমুদ্র, যেইটার গভীরতা দুই বেহেশতের ভিত্রের দূরত্বের সমান তারও উপ্রে আছে ৮ খান পাহাড়ি ছাগল, তাগো খুর আর পাছার দূরত্বও দুই বেহেশতের ভিত্রের দূরত্বের সমান। এবং তার উপ্রে আল্যা। (আবু দাউদ ৪০:৪৭০৫)",3,3,3,RAg,1.2047393e-07,3.4308947e-10,2.0415034e-10,0.9999999,4.3902954e-08
fb 1239.jpg,বন্যেরা বনে সুন্দর; শিশুরা মতৃক্রোড়ে আর মোদি তার চায়ের দোকানে,2,2,4,Oth,0.19044304,0.0036245543,0.2049586,0.025568115,0.5754058
fb 1821.jpg,কি করছো সৎ ভাইয়া,1,1,1,GAg,0.0037525361,0.9185499,0.018032445,1.8352293e-05,0.05964679
in 473.jpg,"চালানি' মাছ খেলেই উঠছে লম্বা ঢেকুর, খাওয়ার পাতে দেশি মুরগি, টাটকা পোনার আবদার কেষ্টর জেলের খাবার খাচ্ছে না জামাইষষ্ঠী খাচ্ছে ধরতে পারবেন না",2,2,2,PAg,5.1679377e-05,1.2848594e-08,0.997186,7.945937e-09,0.0027623016
fb 1743.jpg,মিথিলার ব্লাউজের হুক লাগিয় দিচ্ছেন স্বপন তারপরই চলে গেলেন বাথরুমে...,1,1,1,GAg,0.09636853,0.8593976,0.026376229,0.016239926,0.0016179108
bamboo-vaiya (330).jpg,উচ্চবিত্ত মধ্যবিত্ত নিম্মবিত্ত সমকামি-বিত্ত,4,4,3,RAg,0.03471265,0.028360317,0.027208602,0.8786266,0.031091843
ovodro_img (759).jpg,হুমায়ন এর বাবার নাম বাবর হলে দাদুর নাম দাদার নয় কেন ? জটিল মাগি,1,1,0,NoAg,0.96889234,0.030374931,7.8514335e-05,0.00038768814,0.0002664803
fb 1632.jpg,নারীবাদে নারীর অধিকার ইসলামে নারীর অধিকার,1,1,4,Oth,0.015306915,0.031111887,0.019351207,0.0010215549,0.93320847
blog 355.jpg,"নাতনি? না, আমার নয়া বিবি।",3,3,3,RAg,0.00010517914,0.0021704114,0.0013225632,0.9674433,0.028958533
bamboo-vaiya (421).jpg,আমাদের সমাজকে এই শিক্ষা দিতে হবে যে আমি তোমার সাথে একমত নই তারমানে এই নয় আমি তোমাকে ঘৃণা করি,0,0,2,PAg,0.18836562,0.16960734,0.40303865,0.03560606,0.20338236
blog 321.jpg,ওইটা কী? গুনাহ।,3,3,3,RAg,1.0104436e-05,7.424251e-08,1.3232778e-08,0.99998176,8.067923e-06
blog 113.jpg,"একদিন গাছতলায় বিশ্রাম নেয়ার সময় ইছলামের নবীকে কামড়ে দিলো এক পিঁপড়ে । বাধা সৃষ্টিকারী ও অবাধ্য সমস্ত গোত্র-সম্প্রদায় নিশ্চিহ্ন করে দেয়ায় অভ্যস্ত ন্যায়বাদী, করুণার সাগর ও দয়াময় নবী তখন সেই পিঁপড়ের 'অপরাধের' শাস্তি হিসেবে সেই গাছতলার সমস্ত পিঁপড়ের বাসস্থানে আগুন জ্বালিয়ে দেয়ার আদেশ দিলো । (বুখারি, খণ্ড ৪, বই ৫৪, হাদিস ৫৩৬)",3,3,3,RAg,5.360725e-09,5.139542e-09,3.208029e-08,1.0,3.6097198e-08
ovodro_img (635).jpg,যখন কোন মেয়েকে জিজ্ঞেস করা হয় পানু দ্যাখার পরে জল খসাস কীভাবে ?? মেয়টির উত্তর :- এইভাবে,1,1,0,NoAg,0.545211,0.44091237,0.0024872646,0.0007245439,0.010664817
chosha (18).jpg,আমি তোমাকে ভালবাসি ভালোবাসা বলতে কিছুই নাই সবই পুক্কি মারার ধান্দা,1,1,1,GAg,0.019145532,0.96983725,0.0014747288,1.3810131e-05,0.0095287915
blog 147.jpg,"ডাক্তার সাহেব, আমার শরীরটা ঠিক করে দিন, আমি আপনার সুস্বাস্থ্য কামনা জন্যে প্রার্থনা করবো ।",3,3,3,RAg,8.942661e-08,1.1168038e-08,3.8009005e-09,0.9999994,5.2460933e-07
tangaila (241).jpg,বালুপাস দাড়িয়ে বালু খাচ্ছি বালুর সাথে বালুকন্যা ভেসে আসবে এই আশায়...,0,0,2,PAg,0.015733544,0.045705542,0.7554395,0.031759586,0.15136188
tangaila (216).jpg,বিসিএস ক্যাডার জামাই হাসানের বফ কুমুদিনী ফজিলাতুন্নেছার মেয়ে,1,1,1,GAg,0.18732037,0.75856036,0.0021428145,0.010285347,0.0416911
pin 23.jpg,"শুধু পিসি কবিতা লিখতে পারে আমি কি লিখতে পারি না ? #যদিও_লেখাটি_আমার_অনেক_দিনের_পুরোনো | পিসি গেছে মাছ ধরতে উথাল পাথাল নদী! ছিপ নিয়ে যায় আমফানে, মছ নিয়ে যায় মোদী",2,2,2,PAg,0.13108945,0.02559463,0.40878034,0.099071644,0.335464
tangaila (278).jpg,কালিহাতি,0,0,0,NoAg,0.9431568,0.016722469,0.014271356,0.0017624091,0.024086963
fb 1379.jpg,ওহ; তুই মার্ক্স-লেনিনের নাম করে মেয়েদের শ্লীলতাহানি করিস? ঠিকাছে; এবার তাহলে দেওয়ালের দিকে মুখ করে দাঁড়া,2,2,3,RAg,4.4877954e-05,2.9654482e-05,9.283599e-05,0.99832994,0.0015026943
nurani-memes (190).jpg,ঘূর্ণিঝড়* ফনি *ছাত্রলীগ,2,2,3,RAg,0.11364409,0.2761986,0.034738064,0.4514203,0.12399899
ovodro_img (137).jpg,যখন কোন মেয়ে দিনভোরে খাই খাই করে কিন্তু রোগা হওয়ার জন্য ডায়েটকন্ট্রোল করবে বলে ঠিক করে একবারে যতটা খায়,0,0,1,GAg,0.106066965,0.8860027,0.0023796505,0.00011254558,0.0054380973
fb 1775.jpg,প্রতিটি ছেলের স্বপ্ন,1,1,1,GAg,0.34758916,0.51913875,0.026982123,0.00088182103,0.10540817
fb 1693.jpg,যদি আমি একটা ছেলেকে কিস করি?? নরকে যাবি যদি আপনাকে কিস করি?? তাহলে .... হে হে হে... চালাক মেয়ে স্বর্গে যেতে চাস!,3,3,3,RAg,0.0036883582,0.024698952,0.0012444649,0.9558128,0.014555332
Bangla Thug Life (37).jpg,"যখন আমি কারো কল রিসিভ করে অন্য রুমের দিকে যাই, আম্মু:",0,0,0,NoAg,0.97777474,1.2434803e-05,2.1851092e-08,0.022212056,6.744003e-07
in 25.jpg,আমার পরীক্ষার খাতা,0,0,0,NoAg,0.6781206,0.055023767,0.0018680516,0.23166752,0.033319935
Halal Memes (75).jpg,"আমরা পুরোনো হয়ে গেছি, না ?",0,0,4,Oth,0.034269802,0.21407376,0.0012523471,0.0004739875,0.74993
tangaila (342).jpg,ভাসানী ভাসানী ভাসানী ভাসানী ভাসানী মাওলানা ভাসানী বিজ্ঞান ও প্রযুক্তি বিশ্ববিদ্যালয়,0,0,2,PAg,1.905365e-07,1.2114553e-05,0.9999275,1.637179e-05,4.3902142e-05
fb 285.jpg,"উফ লাগছে বললেই জদি ছেড়ে দিত, তাহলে দেশের জনসংখা এত বড়তো না",1,1,4,Oth,0.10077271,0.33117053,0.0067905383,0.00062779064,0.5606385
Halal Memes (122).jpg,গেমের মধ্যে মাইক অন করে উরাধুরা গালি দেওয়া আমি পাশের ঘরে থেকে আব্বু,0,0,0,NoAg,0.66132486,0.13531104,0.052949395,0.005038791,0.14537588
fb 1601.jpg,"কুকুর রে তোর মতামত নিয়ে তোর সাথে সেক্স করতে চাই, ওরে নাস্তিকের বাচ্চা, তোর মায়ের মতামত নিয়ে তার সাথে সেক্স করিস আমাকে ছেড়ে দে?",3,3,1,GAg,0.0018327861,0.89787054,0.016065832,0.08399963,0.0002311681
fb 1489.jpg,"- আসসালাম ওয়ালাইকুম, একটু দ্বীনের কথা... -নমস্কার!",3,3,1,GAg,0.046784915,0.34182727,0.13295318,0.13939308,0.33904156
bangla-gag (14).jpg,রমজান মাসে ঈদ এর দিন,1,1,4,Oth,0.2804634,0.008331354,0.0004915383,9.974585e-07,0.7107127
blog 83.jpg,"আল্যা সব পয়গম্বরকে সমান চোখে দেখে । (সুরা আন নিসা, ৪:১৫২) আল্যা সব পয়গম্বরকে সমান চোখে দেখে না । (সুরা বনী ইসরাঈল, ১৭:৫৫)",3,3,3,RAg,7.9921316e-05,0.00010704337,0.0004673599,0.9984737,0.000872014
Halal Memes (315).jpg,নানু বেঁচে থাকা অবস্থায় নানু বাড়িতে কাটানো দিনগুলোর কথা মনে পড়ার পর আমি: কি মজাই না হইতো !,0,0,0,NoAg,0.80065864,0.09729631,0.007676755,0.08803727,0.006331122
in 585.jpg,নেতাজি সম্পর্কিত সমস্ত ফাইল প্রকাশ্যে আনা হবে' আশ্বাস প্রধানমন্ত্রীর । কবে ফাইল প্রকাশ করবে কিছু বললো? না! ২০১৪-এর আগে থেকেই এই ঢপ দিয়ে যাচ্ছে !,2,2,2,PAg,0.00067341706,0.0271246,0.8680106,0.089854985,0.014336339
fb 212.jpg,কাশিমপুর কারাগারে নেয়া হচ্ছে পরীমণিকে পাশা ভাই : আনন্দ,1,1,4,Oth,0.08555941,0.0013283748,0.36904055,0.006205177,0.5378664
tangaila (250).jpg,টাংগাইলে আমার একটা প্রিয় জায়গা আছে টাংগাইলের কই কান্দাপাড়া চিনস ? সালা তুই আমারে চিনস ?,0,0,0,NoAg,0.5397354,0.0020622641,0.00038383444,0.4573466,0.00047191198
in 272.jpg,একটা কবিতা বলতো ম্যাম আমি বলছি... কবিতার নাম 'ভাইপো' কয়লা খেলি গরু খেলি খেলি নদীর বালি ! নিজে খেলি বউকে দিলি বাদ গেল না শালী। দুষ্টু,2,2,1,GAg,0.008734125,0.66885865,0.30978453,0.0002246805,0.012397967
fb 1115.jpg,যারা স্টোরিতে টিকটক ভিডিও দেয়,4,4,4,Oth,0.24305339,0.15334447,0.16937196,0.00774186,0.42648837
fb 986.jpg,"ভেবেছিলাম সব শেষ কিন্তু আজ জানলাম ব্যাটিং, বোলিং, ফিল্ডিং কিছু না পারলেও বিডি জাতীয় দলে এ চান্স পাওয়া সম্ভব !",4,4,0,NoAg,0.9281607,0.0704301,0.0002774961,5.114149e-05,0.0010805725
fb 2007.jpg,রিয়াল মাদ্রিদ সমর্থকদের বর্তমান অবস্থা -,4,4,4,Oth,0.19752775,0.009558409,0.1837751,0.0011182348,0.6080205
Bangla Thug Life (299).jpg,আমি: আম্মু ঈদের সালামি দিবা না ? আম্মু: ভাত খা ! চাইলাম কী ? কইলো কী :),0,0,4,Oth,0.3267427,0.10051025,0.1629546,0.005074593,0.40471786
fb 139.jpg,ভাই বইন থামেন ! ঈদে রেস্টুরেন্টে না খাইয়া বাসায় আম্মার রান্না খাবার খান সব রেস্টুরেন্টেই এখন বাসি খাবার দিবে,0,0,0,NoAg,0.9994086,3.5107687e-06,6.4872995e-07,0.0005773345,1.00209745e-05
in 184.jpg,আপনি এতদিন কলকাতায় থেকে বাংলা কিছু শিখেছেন? বাংলাতে আমি শুধু দুটো ওয়ার্ডই বলতে পারি... চোর ট্রিনোমূল,2,2,2,PAg,0.04711481,0.0023615668,0.62534344,1.6851462e-05,0.32516336
bamboo-vaiya (3).jpg,বরিশাইল্যা গো উৎপত্তির ইতিহাস মেনশন হপে,4,4,3,RAg,0.036915034,0.0044783247,0.0010245403,0.8905432,0.0670389
fb 1642.jpg,"দুইজনের সম্মতিভে ভালবাসার মধুর সম্পর্ক হারাম ! হালাল হারাম ৯ টা বউ, ২ টা দাসি, পালিত পুত্রের স্ত্রী, পালিত কন্যা, শিশু বিবাহ আরাম!",3,3,3,RAg,4.259048e-07,4.557267e-07,1.8024789e-06,0.99990106,9.624008e-05
fb 978.jpg,আমার ছেলে লিটন বাসায় খাবার খায় না; কিন্তু মাঠে বল খায়,4,4,4,Oth,0.316305,0.23202522,0.0050965184,0.00035558024,0.44621775
ovodro_img (731).jpg,কী হলো ? থেমে গেলে কেনো ? জল পড়ে গেছে গো !,1,1,1,GAg,9.997461e-09,0.99998856,1.2821621e-07,8.0221913e-13,1.1284415e-05
fb 1735.jpg,"একটা আঙ্গুল, দুইটা আঙ্গুল, তিনটা আঙ্গুল, যে কোন একটা বেছে নাও!",1,1,1,GAg,0.006863857,0.9819765,0.001314647,0.000108082844,0.009736997
chosha (51).jpg,"মামা ডায়েট কনডম থাকলে দেও ডায়েট কনডম কেন ? গালফ্রেন্ড ডায়েট করে তো, তাই বলছে কনডমে জেনো মিষ্টি না থাকে",1,1,2,PAg,0.20039858,0.22831269,0.39391053,0.013154866,0.16422337
fb 1034.jpg,হ্যা হ্যা আমিই সেই মেহেদি!! যে পরিমনিকে রিমান্ডেও লাগিয়েছে,4,4,1,GAg,0.23987934,0.44697067,0.045576256,0.0367934,0.23078032
fb 561.jpg,ক্লাসে বাংলা রিডিং পরতে না পারা বন্ধুকে যখন দেখি বই মেলায় গিয়ে বই কিনতে! আমি : তুই তাইলে শিক্ষিত!,0,0,0,NoAg,0.48729998,0.0076069892,0.033233546,1.4003781e-05,0.47184542
Halal Memes (302).jpg,স্কুলের টিচারকে যখন মা বাসায় টিউশনের জন্য রাখে আর স্যার বাসায় এসে দেখে নানা টেবিলে ভাত খায় লে স্যার* তোর নানা তাহলে মরে নাই?,0,0,0,NoAg,0.63892454,0.0060234373,0.0038510016,0.00045779708,0.35074323
ovodro_img (182).jpg,বিরাট অনুষ্কাকে বিয়ে করল রনবীর ও দীপিকা কে বিয়ে করবে আর আমি শালা বিয়ে করা তো দুরের কথা এখনো একটা প্রেম করতেও পারলাম না,0,0,1,GAg,0.012513411,0.84317446,0.037144326,0.0055000153,0.10166768
fb 1117.jpg,প্রধানমন্ত্রীর কুমড়ার বেগুনি নিয়ে পোষ্ট করার ০.০০১ সেকেন্ড পর-,2,2,0,NoAg,0.8567121,0.116637655,0.0041997433,0.012033574,0.010416907
KAM (337).jpg,ছেলেরা আমার জন্য পাগল সবাই আমার পিছনে পিছনে ঘুরে! কারণ বাজারে সস্তা পণ্যের চাহিদা বেশি!,1,1,0,NoAg,0.65296197,0.19553089,0.027922802,0.00012942759,0.12345499
fb 1312.jpg,*নিরলস সাহিত্যচর্চার জন্য বাংলা অ্যাকাডেমির পুরস্কার পেলেন মমতা বন্দ্যোপাধ্যায়*,2,2,1,GAg,0.0014630548,0.57831234,0.2415583,0.00022751637,0.17843884
fb 161.jpg,এসএসসি ফেইল করা নিব্বি রিকশাওয়ালা,1,1,1,GAg,0.15076694,0.7867437,0.016280947,0.045503397,0.00070498127
fb 1414.jpg,শুনলাম আপনাদের দেশের লোকেরা আমার দেশের জিনিসপত্র বয়কট করার কথা বলছে? ওরা তো আর জানেনা যে নিও লি বেড়াল পলিসির কারণে আমি আগেই আপনাদের দেশের কোম্পানিগুলোকে আমাদের দেশে ব্যবসা করার অনুমতি দিয়ে রেখেছি,2,2,2,PAg,0.036212586,0.010097207,0.54239005,0.09290347,0.3183966
chosha (47).jpg,প্রথম ছ্যাকা খাওয়া পর...! আমি: কেনো তুমি আই আই আই !,0,0,0,NoAg,0.61169827,0.1092162,0.029766174,0.008683589,0.24063572
fb 305.jpg,আজকাল ট্রিট মানে ছেলেরা চুদা দেয় -মেয়েরা চুদা নেয়়,1,1,1,GAg,0.0003393126,0.997292,1.9234407e-05,1.0187278e-05,0.0023392383
fb 1104.jpg,"চিন্তা নেই, আমি খুব ধীরে ধীরে করি",1,1,1,GAg,0.0018793765,0.99529254,0.00040120922,3.7380745e-05,0.0023894026
fb 4.jpg,আমি : দোস্ত আমিতো আলিশার উপর চরম ক্রাশ খাইছি কাউকে বলিস না কিন্তু! দোস্ত : সুপ্রিয় ভাই ও বোনেরা আমার! সবাই শুনেন!! রিফাত আলিশার উপর ক্রাশ খাইছে!!,0,0,3,RAg,0.20856787,0.17443635,0.019646239,0.55341727,0.04393221
in 328.jpg,মনে হয় আমার কথা ভাবছে.... কালকে গ্রামে ঢুকে যদি বলি আমি দিদির দূত তাহাল আবার তাড়া করবে,2,2,1,GAg,0.09672204,0.8659675,0.023636239,7.33375e-05,0.01360098
tangaila (84).jpg,যারা একদিনে অনেক টাকা আয় করে যারা এই গরমে রাস্তার পাশে লেবুর শরবতের দোকান দিয়েছে,0,0,0,NoAg,0.64111936,0.0032434945,0.07750944,0.06353268,0.21459506
bangla-memes (167).jpg,নির্বাচনী পোস্টার ঢাকা,0,0,1,GAg,0.066827945,0.63448244,0.082722574,0.006546149,0.20942093
Halal Memes (239).jpg,যখন জনগণকে চা ঢেলে দেওয়ার পর তারা সেই চা না খেয়ে উল্টা ট্রল করে আমি কিতার মধ্যে চা ঢালতাছি,4,4,4,Oth,0.26570046,0.00032016807,0.035583343,6.210205e-07,0.6983954
in 307.jpg,"এখনও মনে করি অনুব্রত বীরভূমের বাঘ' , দলের জেলা সভাপতির পাশে দাঁড়িয়ে ফের ফিরহাদ-মন্তব্য 'অনুব্রত প্রভাবশালী নন', দাবি ফিরহাদের; দিলেন কেষ্ট-হীন পোস্টারের ব্যাখ্যাও",2,2,2,PAg,6.2286546e-08,4.9011418e-05,0.9999255,1.3007346e-05,1.2380167e-05
direct-offense (69).jpg,স্যার: কিরে পরিক্ষার খাতায় তোর আর তোর বন্ধুর উত্তর এক ক্যান ! আমি: স্যার প্রশ্নওতো এক ! * স্যার * আমি,0,0,0,NoAg,0.9820171,0.013316818,4.9433333e-05,0.004318414,0.0002982403
blog 85.jpg,"দোয়া-মোনাজাত বিশ্বাসসূচক নয়, বরং সংশয়সূচক কারণ সর্বজ্ঞ আল্যাহর বিচক্ষণতা ও তার ঐশী পরিকল্পনার প্রতি আপনার পূর্ণ আস্থা যদি থাকতো, আপনি কি তার সেই পরিকল্পনা পুনর্বিবেচনাপূর্বক পরিবর্তনের অনুরোধ করে দোয়া-মোনাজাত করতেন?",3,3,3,RAg,0.00010423262,3.159412e-05,1.746103e-05,0.9995421,0.0003047072
fb 42.jpg,এসএসসি রেজাল্টের ৩ বছর পর... এই পোলায় এসএসসি তে গোল্ডেন পাইছিলো! দেখছোস কেউ এখন আর বেইল দেয়না?,0,0,0,NoAg,0.900548,0.0042578285,0.027668834,7.3243566e-05,0.06745209
fb 1274.jpg,একজন বোকা লোক এক নারির পশ্চাতের গন্ধ এড়িয়ে যাবো কিন্তু একটি সুশীল লোক বলিবে আপনার পুটকিতে অনেক গন্ধ আপনার পুটকি মারতে চাই,1,1,4,Oth,4.2251322e-05,0.0042345664,8.802188e-05,2.0235399e-05,0.9956149
in 66.jpg,মেহেদীর মা মেহেদী আজকে রাতে মেহেদী লাগাবো বলা মেয়েরা,1,1,0,NoAg,0.9517386,0.01987759,0.00016145874,0.026969776,0.0012525074
fb 1062.jpg,তুমি জানো আমি কে? আপনাকে জানার মায়েরে চু#,4,4,1,GAg,0.014228377,0.82046676,0.00591228,3.817373e-05,0.15935448
in 389.jpg,"এই সোনা জানো, বাবা গত সপ্তাহে লটারি জিতেছিল আবার এই সপ্তাহেও জিতেছে..... তোমার বাবা তৃণমূল করে? ঠিক ধরেছো, আমি তো তোমাকে বলিনি, তুমি কী করে জানলে!",2,2,3,RAg,0.0037775862,0.058724217,0.035478458,0.8938545,0.008165279
chosha (91).jpg,বলতো সবাই দুয়ে (২) + দুয়ে (২) = কি হয় ? ম্যাডাম দুয়ে দুয়ে দুধ বেড় হয়,1,1,1,GAg,0.00020487385,0.9976884,0.00054724753,9.687666e-07,0.0015585521
fb 1701.jpg,অবিশ্বাসীদের যেখানেই পাবে সেখানেই হত্যা করবে আল কুরান (২ : ১৯১) তোমার ধর্ম তোমার কাছে আমার ধর্ম আমার কাছে আল কুরান (১০৯ : ৬),3,3,3,RAg,0.0024583288,0.0009753652,0.014700486,0.97023726,0.0116286315
fb 1553.jpg,"হকিং যখন বলেছিল, ব্ল্যাকহোলের মধ্যে তথ্য চিরতরে হারিয়ে যায় হকিং যখন বলেছিল, স্রষ্টা বলতে কেউ নেই",3,3,4,Oth,0.15756904,0.00047282668,0.06020072,0.002777591,0.77897984
bangla-gag (81).jpg,প্রিয়তমা পরী ছিল ডানা কাটা ছিল না ! তাই উড়ে চলে গেল পাত্তাই দিল না !!,0,0,0,NoAg,0.85554916,0.010555346,0.008433694,0.00058067084,0.12488117
fb 62.jpg,আমার ডিএসএলআর আছে আমি বিরাট ফটোগ্রাফার তাইলে আমার কলম আছে আমি হুমায়ূন আহমেদ,4,4,3,RAg,0.0010137187,2.5760784e-05,1.0493387e-06,0.99576026,0.0031991478
blog 377.jpg,আল্যা পরম করুণাময় তিনি শুধু কাফিরহত্যার নির্দেশ দিয়েছেন,3,3,4,Oth,0.060758673,0.0494227,0.009529762,0.00095248554,0.8793364
tangaila (173).jpg,কুমুদিনীর মেয়েরা বিয়ের আগে কুমুদিনীর মেয়েরা বিয়ের পরে,1,1,0,NoAg,0.7114893,0.07656743,0.0130175315,0.0012472131,0.1976785
blog 322.jpg,একখান কামের কাম করসে টাইম ম্যাগাজিন। পোপের মাথায় ডেভিলের শিং বসাইয়া দিসে ।,3,3,3,RAg,0.0015103747,0.00015604316,0.011245843,0.9125837,0.07450414
fb 277.jpg,এইরকম একটা মেয়ে যদি আমার বেটার বউ হতো নাউজুবিল্লাহ,1,1,4,Oth,0.2178601,0.014133535,0.014802957,2.240933e-05,0.75318104
in 532.jpg,মশাই ইডির তদন্ত দেখে আপনার কি মনে হচ্ছে?! ইডি নিজেও এখন কনফিউজড আগে বেআইনি সম্পত্তি খুঁজে বের করবে? নাকি বান্ধবী খুঁজে বের করবে!?,2,2,2,PAg,0.00016596235,0.061771255,0.9331441,0.0016957034,0.0032229947
tangaila (300).jpg,আমার লুচু বন্ধু বেবিস্ট্যান্ডের দিকে রওনা দেওয়ার আগে - আজকে রেট কত কইরা ?,0,0,0,NoAg,0.9072457,0.076764956,0.0019455086,0.00080546207,0.013238407
fb 1796.jpg,"সব মন খারাপের একটাই সমাধান, এক প্লেট সুলতানি কাচ্চি । আজকে আমার মন ভালো নেই চলো কাচ্চি খাই",4,4,0,NoAg,0.5906669,0.4025893,0.0008656123,0.0046065627,0.0012716865
blog 432.jpg,হালা নাস্তিক আমগোর ধর্মরে ধ্বংস করার ধান্দা?,3,3,4,Oth,0.2748391,4.5174995e-05,1.4954425e-05,0.24639297,0.47870782
fb 1580.jpg,নাস্তিকীয় লজিক নারী পুরুষ আফ্রিকান ফর্সা কালো ধনী গরীব প্রতিবন্ধি নাস্তিক,3,3,3,RAg,0.09125347,0.01752761,0.04882791,0.48934823,0.35304278
bangla-memes (150).jpg,যখন পরীক্ষার রেসাল্ট ভালো হওয়ার পর মনে পড়ে যায় যে আসল রেসাল্ট দেওয়া হবে হাশরের ময়দানে:,0,0,1,GAg,0.18162139,0.5683766,0.06229679,0.009530528,0.17817463
fb 16.jpg,বাসায় একা থাকলে যা করবো ভাবি আসলে যা করি,0,0,3,RAg,2.6517147e-05,1.19189664e-07,4.8847717e-09,0.9993697,0.00060370535
blog 397.jpg,তুমিও কি আমার মতোই বসন্তকালের অপেক্ষায় আছো? তা তো জানি না । আমার স্বামীকে জিজ্ঞেস করে নিতে হবে।,3,3,3,RAg,1.6047723e-08,8.946818e-10,2.0442686e-11,0.99999976,1.9485726e-07
KAM (103).jpg,কিরে জলিল কাল নাকি পাবলিক তোকে গন ধোলাই দিছে হুম... কি অপরাধ করলি আবার আর বলিসনা এক মাহিলার পায়ের নিছে আমার একটা ফটো পরছিল মাইর দিল কেন আমি শুধু কইছি আফা শাড়ী টা উপরে তুলেন ফটো তোলব তো...,4,4,1,GAg,0.0012149571,0.38557684,0.36076507,0.1830344,0.06940875
fb 944.jpg,তোর না বেগুনে এলার্জি? তাইলে প্রতি সপ্তাহে যে এত বেগুন কিনি সেগুলা কে খায়?,1,1,1,GAg,0.10647501,0.4769974,0.29565632,0.027748311,0.09312298
in 217.jpg,"""সিপেম সব চাকরি খেয়ে নিচ্ছে' বলে কান্নাকাটি করা পিসি বিকাশরঞ্জন ভট্টাচার্য",2,2,1,GAg,0.21809472,0.77736026,0.00024053504,0.004228208,7.6224176e-05
fb 837.jpg,চোখে ঘুম আসলে লুঙ্গিটাই কন্ট্রোল করতে পারি না আর তুমি বলতেছো তোমাকে আগলে রাখতে,0,0,3,RAg,0.012907734,0.00035474374,5.6141722e-05,0.92756826,0.0591132
ovodro_img (54).jpg,তোর নাম কী ? যস দেখ কান্ড যার শরীরে নাই কোন রস তার নাম আবার যস,4,4,0,NoAg,0.561912,0.04379631,0.05523363,0.0011047685,0.3379533
in 71.jpg,আর্জেন্টিনার এবার কোপা জিতলে আমার দুইটা বিচি কেটে কুত্তা দিয়ে খাওয়াবো আর্জেন্টিনা জিতার পর কুত্তা: বিচি দুইটা দিলেন না স্যার?,4,4,2,PAg,0.019845136,0.42260793,0.50461423,0.0013519587,0.05158072
Bangla Thug Life (201).jpg,নারীবাদ পিরিয়ডের পেইন এইসব নিয়া স্ট্যাটাস দেয়ার পর মেয়েদের মন জয় করা ফাকবয় বি লাইক: এ শহরে আমার মতো ক্রিমিনাল একটা ও নাই,1,1,0,NoAg,0.98168176,8.902345e-05,0.0005703864,3.1265252e-05,0.017627578
chosha (44).jpg,"ভাই আমি বিয়ের আগে কোনোদিনও বউয়ের সাথে সেক্স করিনি, তুই করছিলি ? মনে পড়ছেনা , তোর বউয়ের নাম বল হয়তো মনে পড়তে পারে",0,0,1,GAg,0.25612643,0.36070853,0.2099552,0.032663956,0.14054592
fb 679.jpg,উচ্চ মাধ্যমিক মাধ্যমিক,0,0,0,NoAg,0.465623,0.38767925,0.021092283,0.000663202,0.12494226
fb 56.jpg,মেয়েরা যেভাবে ছবি তুলে,1,1,0,NoAg,0.87049305,0.123868994,0.00017938549,0.0052538365,0.00020472481
tangaila (164).jpg,হাসানিয়ানদের বউ সৃষ্টিয়ানদের বউ,4,4,1,GAg,0.018849941,0.9766108,0.00058883487,6.572819e-05,0.0038845907
fb 470.jpg,খুবই ভাগ্যবান রুগী,1,1,1,GAg,0.36425504,0.3875122,0.24039897,0.0024397378,0.0053940015
ovodro_img (201).jpg,বল পাগলু পাদলু উচ্চারন তো মহানায়ক দেবের মত,4,4,0,NoAg,0.42196187,0.113013655,0.050720073,0.0030494183,0.411255
in 642.jpg,আজ লন্ডভন্ড দিবসের বর্ষপূর্তি,2,2,2,PAg,0.075144626,0.0024803183,0.76914835,0.0126851695,0.14054148
blog 326.jpg,ঈশ্বর সত্য। আপনি আমার কথা বিশ্বাস করছেন না? এই ইউটিউব লিংকটা দেখুন । এর অর্থ - সেই অতিলৌকিক সত্তার অস্তিত্বের প্রমাণ আছে ইউটিউবে?,3,3,3,RAg,0.012448784,0.00012796695,2.1817883e-05,0.98472357,0.0026778372
fb 829.jpg,"বন্ধু আমার পদধূলি নিচ্ছে কারণ সে ও আমার মতো এলিয়েন; জাদুকর..."" এর ট্যাগ পেতে চায়",4,4,4,Oth,0.1611365,0.0867063,0.0030690422,0.00079990807,0.7482883
ovodro_img (692).jpg,ভালোবাসা খুজে পেয়েছি !,0,0,4,Oth,0.11320833,0.0019018373,0.046783943,3.6007586e-05,0.8380699
KAM (256).jpg,তামিমের রান্না করা নুডলস শ্রীলঙ্কা ০ রান স্কটল্যান্ড ৯৫ রান ইংল্যান্ড ২ রান,4,4,3,RAg,0.0006940991,0.0014151845,0.21836114,0.7707118,0.008817835
in 101.jpg,"দামে কম নরম বেশি... টেপে কম, ঠাপে বেশি.... জনি ফার্নিচার...",4,4,1,GAg,0.0014398155,0.95142275,0.044094253,0.0023759336,0.00066722615
Bangla Thug Life (17).jpg,যখন দেখি ক্লাস নাইন এর ছেলে আর ক্লাস ৭ এর মেয়ে একসাথে হাত ধরে হাটতেসে আমি: এই জীবনে কি করলাম ?,0,0,0,NoAg,0.58733004,0.074930646,0.04226833,0.011022151,0.28444883
KAM (46).jpg,"পোলাপাইনের রি-অ্যাকশন যখন ক্লাসের সবচেয়ে সুন্দরী মেয়েটি, ""ইন এ রিলেশনশীপ"" হয়ে যায়",0,0,4,Oth,0.0032899166,9.805025e-07,1.800122e-05,5.5692645e-11,0.9966911
Bangla Thug Life (162).jpg,তরকারিতে লবণ বেশি হওয়ায় এগুলা গরু খায় নাকি বলে চিল্লাতে থাকা শাশুড়ী এ দিকে দুই প্লেট ভাত খেয়ে ফেলা তার ছেলে,0,0,1,GAg,0.3476154,0.64769423,0.00025673295,0.0043032872,0.00013038317
direct-offense (4).jpg,ও মাঠে খেলুক বা যেখানেই খেলুক না কেনো খেলুক তাহলে আজ না-হয় বাসাতেই হয়ে যাক?,4,4,1,GAg,0.114918545,0.42319041,0.30886737,0.05145044,0.10157324
tangaila (96).jpg,ফজিলাতুন্নেছা কুমুদিনী,1,1,1,GAg,0.002813242,0.99123913,0.0004575468,4.18556e-06,0.0054859035
fb 1327.jpg,অসংখ্য হিন্দুত্ববাদী ফাসিস্ত-কে সহ্য করার চেয়ে পুঁজিবাদী রাষ্ট্রকে একেবারে উচ্ছেদ করে দেওয়া ভালো,2,2,1,GAg,0.0872509,0.54653233,0.085290134,0.0139811095,0.26694545
blog 49.jpg,মূর্তিপূজার অভিযোগে অভিযুক্ত মুসা নবীর অনুসারীদের আল্লাহ ক্ষমা করেছে (সুরা আল বাকারাহ; ২:৫২) মূর্তিপূজার অভিযোগে অভিযুক্ত মুসা নবীর অনুসারীদের আল্লাহ শাস্তি দিয়েছে (সুরা আল আরাফ; ৭:১৫২),3,3,3,RAg,5.899969e-07,1.7293072e-05,0.0005742438,0.99831593,0.001092002
fb 2069.jpg,চাঞ্চল্যকর তথ্য ডলার বিনিময়ে জয়ী অবশেষে রিয়াল মাদ্রিদে ।,4,4,2,PAg,0.26120824,0.13718148,0.48828378,0.011575193,0.10175135
ovodro_img (121).jpg,*পাগলাচোদা গালফ্রেন্ড বাড়ার মাথা বাড়া,1,1,1,GAg,0.1369137,0.8146854,0.012109835,0.007853746,0.028437277
KAM (178).png,আমাদের টিমে আছে ১১টা খেলোয়াড় !! আর ইন্ডিয়ান টিমে ১৪ টা খেলোয়াড়!! ১১ জন মাঠে খেলে আর ৩ জন সিদ্ধান্ত নিয়ে খেলে!,4,4,4,Oth,0.38231823,0.0001514488,0.013529383,2.771154e-05,0.6039732
in 339.jpg,আরে ও সাম্বা ঐ তিনু বিধায়কের ঘরে কতো টাকা পাওয়া গেছে? সর্দার... পুরো ১১ কোটি নগদ,2,2,0,NoAg,0.39011312,0.0042132414,0.20976283,0.06616798,0.32974285
blog 312.jpg,বিশ্ব উষ্ণায়ণ হ্রাসে হিন্দুধর্মের উদ্যোগ,3,3,4,Oth,0.08312786,0.07004769,0.055165943,0.031690158,0.75996834
fb 1717.jpg,এইডা ইহুদি নাসারাগো কাজ দুষ্টু কোথাকার,3,3,4,Oth,0.22441685,0.0017949558,0.021878334,0.0019069477,0.75000286
fb 1281.jpg,১০০ টাকা ডোনেশন পেয়ে ২০ টাকা সাহায্য করার পর বিদ্যানন্দঃ বাকিডা আমারে দিয়া দিতে কইছে,4,4,4,Oth,0.27146357,0.26585236,0.01879976,0.0009948136,0.44288954
fb 438.jpg,আমি বিমান পোকাসোদা,2,2,4,Oth,0.31529668,0.06368233,0.2655684,0.034280814,0.32117176
tangaila (134).jpg,জাস্টফ্রেন্ড গালফ্রেন্ড,0,0,0,NoAg,0.783721,0.14740284,0.00508937,0.04492026,0.018866532
fb 807.jpg,বন্ধুর ১৪ই ফেব্রুয়ারীর পরিকল্পনা ওমিক্রন,0,0,0,NoAg,0.8637591,0.004130512,0.0013293657,0.12476061,0.0060205143
fb 1258.jpg,"পহেলা বৈশাখ বাঙালির সংস্কৃতি; যারা পহেলা বৈশাখ পালন করেনা, তারা খাঁটি বাঙালি নাহ পহেলা বৈশাখ মুসলমানদের জন্য নয় জ্ঞান বুদ্ধি হওয়ার পর থেকে কখনো পহেলা বৈশাখ নিয়ে লাফালাফি করি নাই",3,3,3,RAg,3.5356148e-05,2.6153548e-06,9.9465105e-08,0.99989307,6.8842724e-05
bamboo-vaiya (17).jpg,"আর চুপ থাকা যায় না দেশে নারী নির্যাতন বন্ধ করতেই হবে দেখুন, যৌতুকের টাকা দেওয়ার পর ও বার বার বলে বাপের বাড়ি থেকে টাকা আনতে আর না দেওয়াতে প্রতিদিন ঠিক এইভাবে মারধর করে, চরম প্রতিবাদ যানাই , মানবতা আজ কোথায় ??",1,1,2,PAg,0.0039402433,0.19752823,0.79821223,2.3649352e-05,0.00029550405
tangaila (196).jpg,আমার সেরা দল হতে পারতাম যা এর আগে পৃথিবী দেখে নি,0,0,4,Oth,0.035377063,0.0012190978,0.0012568021,9.0972003e-07,0.96214616
chosha (107).jpg,"আপনার মেয়েকে আমার ছেলে পছন্দ করেছে, তা আপনার মেয়ে কি পর্দাশীল ? অবশ্যই , মেয়ের ফেসবুক প্রোফাইল লক করা",1,1,1,GAg,0.012060784,0.9567942,0.0015344882,0.00022658192,0.029383985
fb 487.jpg,কিরে খনিকের পুতেরা? এখন বল আমি বেশি হট নাকি নোরা ফাতেহি বেশি হট?,4,4,0,NoAg,0.46573505,0.009725656,0.015543308,0.24606611,0.26292992
Bangla Thug Life (4).jpg,যখন ভল্লুক এসে পড়ে এবং আপনি এবং আপনার বেস্টফ্রেন্ড দুজনের কেউই জানেন না কিভাবে গাছে চড়তে হয়,0,0,2,PAg,0.13518685,0.036315516,0.58241564,2.1362825e-05,0.24606058
fb 367.jpg,"গুজরাটে শিল্প আছে, নতুন শিল্প হচ্ছে, এগিয়ে বাংলায় নেই | বরঞ্চ গুজরাটি ভাষাটা জানা থাকলে বাঙালীদেরও গুজরাটে চাকরি পেতে সুবিধা হবে | বাংলা ভাষাটা আপাতত সাহিত্য চর্চার জন্যই ঠিক আছে দেশী গরুর মূত্র ঘটিত ব্যাপার বলে মনে হচ্ছে",4,4,3,RAg,0.016958527,0.010634712,0.06013967,0.6051051,0.30716202
fb 1361.jpg,এদিকে আয় তোর চিকিৎসা করবো,4,4,2,PAg,7.7248376e-05,0.39332163,0.58183104,0.00088992977,0.023880221
ovodro_img (289).jpg,"মিথ্যা বললি ক্যানো আমায়? বাথরুমে ওটা স্যাম্পু ছিল না ।। আপনি কী করে বুঝলেন যে , ওটা স্যাম্পু ছিল না ? ? মাথায় মেখেছিলাম কোন ফ্যানা হয়নি রে ঢ্যামনা ।",0,0,1,GAg,0.00015210657,0.78798383,0.014454683,0.0024686921,0.19494061
