index,image_name,caption,true_label_id,true_label,pred_label_id,pred_label,correct,prob_NoAg,prob_GAg,prob_PAg,prob_RAg,prob_Oth,cos_NoAg,cos_GAg,cos_PAg,cos_RAg,cos_Oth,confidence,margin
0,fb 554.jpg,ভালোই তো এতদিন ভুলে ছিলি,0,non-aggressive,0,non-aggressive,True,0.701053,0.014721964,0.023502668,0.033772264,0.2269501,0.83784676,0.7992143,0.8038921,0.8075173,0.8265682,0.701053,0.01127857
1,in 375.jpg,দুই বাসের রেষারেষিতে কুণাল ঘোষের গাড়িতে ধাক্কা! আমি খোজ নিয়েছি বাস ড্রাইভার দুটো সিপেম করে...,2,political aggression,0,non-aggressive,False,0.57770413,0.01353013,0.01675126,0.015144705,0.37686977,0.76452285,0.72698146,0.729117,0.72810876,0.7602512,0.57770413,0.0042716265
2,in 137.jpg,চিন্তা করো না বাবা; আমি আসছি,2,political aggression,0,non-aggressive,False,0.7017251,0.017320605,0.02119188,0.03758943,0.22217299,0.8370477,0.8000313,0.8020485,0.80777955,0.82554686,0.7017251,0.011500835
3,in 351.jpg,ক্ষুদ্র শিল্পে দেশে এক নম্বরে পশ্চিমবঙ্গ' সবই ওনার অনুপ্রেরণায়....,2,political aggression,0,non-aggressive,False,0.66715664,0.00946348,0.019563677,0.014638438,0.28917775,0.80170417,0.7591483,0.76641065,0.76351047,0.7933443,0.66715664,0.008359849
4,Bangla Thug Life (350).jpg,সকালের মিষ্টি রোদে ছবি অন্যদের আমার,0,non-aggressive,0,non-aggressive,True,0.71536434,0.012083908,0.018340066,0.027431687,0.22678004,0.8174684,0.77665925,0.7808314,0.7848575,0.80598027,0.71536434,0.01148814
5,KAM (19).jpg,অনেকদিন ঘুরতে যাওয়া হইনি চলো কথাও যায় নারায়াঙ্গঞ্জ খুব সুন্দর ... চলো যাই থাক তাহলে যাবো না,4,others,0,non-aggressive,False,0.7466667,0.0060703517,0.007990109,0.010039213,0.22923352,0.78533113,0.7372091,0.739957,0.7422399,0.7735223,0.7466667,0.011808813
6,nurani-memes (131).jpg,"আম্মুঃ তোর বয়সের সবাই টিউশনি করায়া টাকা কামায় আর তুই এখনো বাপের উপরে চলস , লজ্জা করেনা ? আমিঃ লজ্জা ? হেইডাতেও প্রিজারভেটিভ দেওয়া আছে",0,non-aggressive,0,non-aggressive,True,0.75765926,0.005065031,0.008474116,0.010176215,0.21862538,0.8000738,0.74999505,0.7551416,0.75697196,0.78764504,0.75765926,0.0124287605
7,KAM (65).png,"এই ছেলে তোমরা কই ভাই-বোন? আমরা ২ ভাই, আমি আর আমার বড় ভাই কি করে তোমার বড় ভাই? জার্মানি করে! জব এর কথা জিজ্ঞেস করছি, ফুটবল টিম না!",0,non-aggressive,4,others,False,0.43654326,0.04781574,0.02327297,0.028375097,0.4639929,0.73881,0.71669465,0.70949405,0.7114762,0.7394198,0.4639929,0.0006098151
8,KAM (121).jpg,"শরীরটা ভালো না... কেমন জানি লাগতেছে ! তাই মাথা ঘুরায়... বমি বমি ভাব, তেঁতুল খাইতে মন চায়.... তাইনা!",0,non-aggressive,0,non-aggressive,True,0.6366932,0.009076884,0.009797394,0.009785442,0.3346471,0.78720343,0.74469787,0.74546176,0.74544954,0.7807713,0.6366932,0.006432116
9,bangla-troll (19).jpg,তুমার নাম কি ? অপূর্ব পইন্নির ঘরে পইন্নি রুপের প্রশংসা করস কেরে ?,4,others,0,non-aggressive,False,0.6836292,0.0077673574,0.016131973,0.014008964,0.27846247,0.7868283,0.74205345,0.7493622,0.74795115,0.777847,0.6836292,0.0089812875
10,fb 603.jpg,*২০২২ ২০২৩ সালে ভালো কিছু হবে আশায় আমি,0,non-aggressive,0,non-aggressive,True,0.7302034,0.011421806,0.01582389,0.013588901,0.22896199,0.8685861,0.8270081,0.8302681,0.8287454,0.85698843,0.7302034,0.011597693
11,ovodro_img (46).jpg,আমরা যাদের একসাথে দেখতে চাই কিন্তু যাদের একসাথে দেখতে পাই,4,others,0,non-aggressive,False,0.597229,0.011607656,0.014272325,0.011458428,0.36543268,0.76655424,0.7271479,0.7292145,0.7270185,0.7616421,0.597229,0.004912138
12,Halal Memes (346).jpg,চিনছো আমারে ? চিনবা কেমনে! নতুন বন্ধু পাইলে পুরাতন বন্ধুর খোজ কে রাখে-,0,non-aggressive,0,non-aggressive,True,0.558458,0.019305743,0.016618358,0.021406064,0.38421184,0.75440276,0.720755,0.71925604,0.72178775,0.7506629,0.558458,0.0037398338
13,fb 1150.jpg,শাহবাগী পোশাকের স্বাধীনতা চাই। আমরা সবসময় পোশাক বিরোধী আন্দোলন করব। কিন্তু শীতকালে আন্দোলন করব না শীতকালে খুব ঠান্ডা লাগে।,4,others,0,non-aggressive,False,0.73688745,0.0071513653,0.008470521,0.011312391,0.23617834,0.78983545,0.7434841,0.745177,0.74807006,0.7784569,0.73688745,0.011378527
14,fb 709.jpg,আচ্ছা ভাই মোবাইলে তো এতদিন ক্লাস নিত তাইলে এখন ক্লাসে কেন মোবাইল নিতে দেয় না,0,non-aggressive,0,non-aggressive,True,0.6417114,0.008721233,0.012493638,0.013167753,0.323906,0.78036916,0.7373854,0.74097997,0.7415055,0.77353233,0.6417114,0.0068368316
15,fb 1280.jpg,"বিদ্যানন্দ পড়বো, খেলবো, শিখবো",4,others,0,non-aggressive,False,0.6562024,0.026388146,0.022489326,0.03826702,0.25665316,0.831927,0.79979146,0.79819274,0.8035082,0.8225396,0.6562024,0.009387374
16,blog 190.jpg,"নিজেরে যখনই আবাল মনে হবে তখন মনে কইরেন, এই দুনিয়া গিজগিজ করতেসে আপনের চাইতে বহুত গুণ বেশি আবালে, যারা এই যুগেও বিচিত্র সব ভগবানেশ্বরাল্যায় বিশ্বাস করে",3,religious aggression,0,non-aggressive,False,0.57320774,0.016156899,0.02647108,0.026367478,0.35779682,0.78068835,0.74499935,0.74993634,0.7498971,0.7759755,0.57320774,0.00471282
17,in 21.jpg,আম্মুর থিওরি দুধ খেলে মানুষ ফর্সা হয়,0,non-aggressive,0,non-aggressive,True,0.71181345,0.015797077,0.018335836,0.03242586,0.22162774,0.81821775,0.78013784,0.7816282,0.7873292,0.8065496,0.71181345,0.011668146
18,fb 1556.jpg,"যখন একজন নাস্তিক বলে, আমি প্রমাণ ছাড়া কিছুই বিশ্বাস করি না! কিন্তু সে বিবর্তনবাদে বিশ্বাস...",3,religious aggression,0,non-aggressive,False,0.7816321,0.003931969,0.0075879777,0.0084575135,0.19839044,0.79428846,0.741366,0.7479403,0.74902517,0.780577,0.7816321,0.0137114525
19,fb 1871.jpg,জগ জাগি মগ মাগি,1,gendered aggression,0,non-aggressive,False,0.7269504,0.012442201,0.018516915,0.036444604,0.2056458,0.8514347,0.81075704,0.81473297,0.82150406,0.83880764,0.7269504,0.012627065
20,in 336.jpg,আমি দিদির দূত... গ্রামে ঢোকার পর *গ্রামবাসী,2,political aggression,0,non-aggressive,False,0.6078034,0.026883887,0.02922385,0.04428145,0.29180753,0.819884,0.78870076,0.78953534,0.79369116,0.8125465,0.6078034,0.0073375106
21,bamboo-vaiya (195).jpg,"যখন আপনি ঈদে দুই সেট জামা গিফট পান, এবং একটি পছন্দ হয় অপরটি হয় না",4,others,0,non-aggressive,False,0.70432,0.006859963,0.010331943,0.011523126,0.2669649,0.7778151,0.7314998,0.73559517,0.73668635,0.768114,0.70432,0.009701133
22,fb 442.jpg,কি ব্যাপার অঞ্জন দা এত উদাস কেন? কতদিন দার্জিলিং যাই না। এই গরমে কলকাতায় থাকা যায়! চলো তোমায় দার্জিলিং ঘুরিয়ে আনি সত্যি নিয়ে যাবি আমাকে? আলবৎ কিন্তু গাড়িটা আমি চালাবো | বানসোদ দার্জিলিং যাওয়ার কথা বলছি কেওড়াতলা নয়!,4,others,0,non-aggressive,False,0.657909,0.010470759,0.01350445,0.015950296,0.3021656,0.7986565,0.75725174,0.7597961,0.76146066,0.7908756,0.657909,0.0077809095
23,blog 173.jpg,"আমরা, নাস্তিকেরা, আপনের বিশ্বাস নিয়া রঙ্গ করি বইলা আপনের মন খারাপ হয়? কিন্তু কন তো, আপনের বিশ্বাস এমুন বিনুদুনী টাইপ হইলে সেইটা আমগো দোষ?",3,religious aggression,0,non-aggressive,False,0.7419557,0.005576863,0.011153284,0.008869475,0.23244478,0.79857135,0.7496647,0.75659573,0.7543046,0.78696495,0.7419557,0.011606395
24,chosha (126).jpg,এতো ভাব দেখায় কি লাভ ? দিনশেষে তো চোদা-ই খাওয়া লাগবে,1,gendered aggression,0,non-aggressive,False,0.61362416,0.011135048,0.012518993,0.014771027,0.3479507,0.78353643,0.7434436,0.7446151,0.7462693,0.77786326,0.61362416,0.00567317
25,fb 1411.jpg,তোর বয়ফ্রেন্ডের বাবা-মা তো আজ বিয়ের কথা বলতে আসবেন? হ্যাঁ। উনি তো আবার তৃণমূল করেন। আগেই বলে রাখছি; বিয়ের খরচ থেকে কাটমানি চাইলে কিন্তু আমি এই বিয়েতে মত দেবো না। এইরকম বোলো না মা। সব তৃণমূল নেতারা মোটেই কাটমানি চায় না। তুমি বরং বাড়ির চালের পাত্রটা লুকিয়ে রাখো।,2,political aggression,0,non-aggressive,False,0.667931,0.0077451137,0.012415053,0.013505849,0.2984029,0.77208805,0.7275168,0.73223525,0.7330774,0.7640306,0.667931,0.008057475
26,pin 25.jpg,"বলতো, পশ্চিমবঙ্গের কোন সেতুটা সবচেয় সুরক্ষিত? কি রে বল! বল! পারলি না তো! দ্বিতীয় হুগলী সেতু; পিসি ওটা দিয়েই নবান্নযায়!",2,political aggression,0,non-aggressive,False,0.6570441,0.006902957,0.016808558,0.016689846,0.3025545,0.7901173,0.7445593,0.7534587,0.7533878,0.78236246,0.6570441,0.0077548623
27,fb 290.jpg,লিকা তোমার দুই পায়ের মাঝখানে আমাকে একটু ঘুমাতে দিবা সকালে উঠে গোসল করে চলে যাব,1,gendered aggression,0,non-aggressive,False,0.7439944,0.0050998693,0.008573186,0.007370783,0.23496176,0.77663124,0.72680306,0.7319973,0.73048615,0.7651051,0.7439944,0.011526108
28,fb 1897.jpg,মধু যখন তার বফ কে কাঁচকলা দেখিয়ে কোনো সরকারি চাকরিজীবীকে বিয়ে করে ফেলে! মধুর বফ মধুর বিয়েতে : আমার মধু বেশ্যা!,1,gendered aggression,0,non-aggressive,False,0.66609794,0.008111719,0.011751537,0.013490996,0.30054784,0.7823725,0.7382912,0.7419979,0.7433783,0.7744141,0.66609794,0.007958353
29,direct-offense (81).jpg,যেরকম আমরা চোখে দেখি সেটা দেখার পর যেটা ভাবি,1,gendered aggression,0,non-aggressive,False,0.56290823,0.028556073,0.020980721,0.038159955,0.349395,0.80362344,0.773811,0.7707283,0.77671015,0.7988543,0.56290823,0.0047691464
30,fb 1275.jpg,উনি কওমি মাদ্রাসার হুজুর তাড়াতাড়ি সালাম দিন নাহলে,3,religious aggression,0,non-aggressive,False,0.79443777,0.004504104,0.006840119,0.011459153,0.18275884,0.7969409,0.74521446,0.7493926,0.7545525,0.78224623,0.79443777,0.014694691
31,Bangla Thug Life (35).jpg,পড়ালেখা ভালো রেজাল্ট আমি আমি পড়ালেখা ভালো রেজাল্ট,0,non-aggressive,0,non-aggressive,True,0.6334724,0.011433907,0.012843233,0.012391047,0.32985944,0.7772086,0.73706234,0.7382246,0.7378662,0.77068317,0.6334724,0.006525457
32,blog 283.jpg,কী যে রহমতের মাস রমজান! সারাটা মাস আমি দরিদ্র আর ক্ষধার্তদের প্রতি প্রকৃত সহমর্মিতা অনুভব করি।,3,religious aggression,0,non-aggressive,False,0.73015374,0.0053047924,0.008897897,0.008670716,0.24697284,0.77545464,0.7262082,0.7313802,0.7311216,0.7646149,0.73015374,0.01083976
33,KAM (791).jpg,আমি ফ্যান নিয়া আসছিলাম আমি টিউবলাইট লইয়া আইছি আমি কি তাহলে কারেন্টবিলের কাগজ লইয়া আমু?,4,others,0,non-aggressive,False,0.79052776,0.0046165944,0.009050515,0.011814728,0.18399043,0.81088406,0.75945365,0.7661853,0.76885056,0.79630595,0.79052776,0.014578104
34,in 554.jpg,"খড়ার পুরসভায় বিজেপির সমর্থনে তৃণমূলের চেয়ারম্যান! অস্বস্তিতে শাসক দল আমি তো কবেই বলেছি, ভারতীয় জনতা পার্টি মানেই তৃণমূল",2,political aggression,0,non-aggressive,False,0.63546973,0.009088657,0.021523245,0.021080395,0.31283793,0.77451694,0.7320435,0.7406646,0.7404567,0.7674301,0.63546973,0.0070868134
35,fb 1044.jpg,পিতা পুত্রের অঙ্কের ভুলের ফসল,4,others,0,non-aggressive,False,0.6200848,0.020454379,0.030346308,0.048900828,0.28021368,0.818114,0.7839974,0.78794223,0.7927134,0.81017095,0.6200848,0.007943034
36,fb 106.jpg,যখন তুমি ভিপিএন এর ব্যবসা করো আর সরকার ফেসবুক ও অন্য মেসেঞ্জারগুলা বন্ধ করে দেয়,0,non-aggressive,0,non-aggressive,True,0.71032685,0.0064498046,0.011450572,0.016449055,0.25532365,0.780365,0.73334825,0.7390881,0.7427104,0.770133,0.71032685,0.010231972
37,bamboo-vaiya (406).jpg,কিসে পড়েন ? ফার্মেসীতে কেন বাসায় পড়ার জায়গা নাই,0,non-aggressive,0,non-aggressive,True,0.57050794,0.0178545,0.019558828,0.019514263,0.3725645,0.76913345,0.73449075,0.73540246,0.73537964,0.7648723,0.57050794,0.004261136
38,KAM (245).png,"বলোতো, বায়ুমণ্ডল কাকে বলে? মণ্ডল বাড়ির উপর দিয়ে যে বায়ু প্রবাহিত হয় তাকেই বায়ুমণ্ডল বলে।",0,non-aggressive,0,non-aggressive,True,0.6304097,0.011164164,0.017304331,0.015878497,0.32524326,0.78983724,0.7495007,0.7538831,0.7530232,0.78321934,0.6304097,0.0066179037
39,KAM (101).png,"এইযে তুই বল, এবারের ফুটবল ওয়ার্ল্ডকাপ কোথায় অনুষ্ঠিত হবে? স্যার ওয়ার্ল্ডকাপ তো ওয়ার্ল্ডেই হবে, আর কই হবে?",0,non-aggressive,0,non-aggressive,True,0.6894533,0.0077519016,0.012599004,0.012632788,0.27756298,0.7910925,0.74621296,0.7510697,0.7510965,0.781994,0.6894533,0.00909853
40,in 509.jpg,"চাপে পড়ে এসেছি, দাদা, কিছু একটা করুন... সবই বুঝি... তবে বারবার এভাবে এসো না লোকে বুঝে যাবে!",2,political aggression,0,non-aggressive,False,0.6254528,0.009289467,0.011095496,0.01041586,0.34374636,0.7850699,0.7429739,0.7447505,0.7441184,0.7790842,0.6254528,0.0059856772
41,fb 1992.jpg,প্রেম জেগেছে আমার মনে বলছি আমি তাই তোমায় আমি ভালবাসি তোমায় আমি চাই উঁরি উঁরি বাবা কি দারুণ,1,gendered aggression,0,non-aggressive,False,0.6837617,0.006754805,0.008984647,0.011311394,0.28918737,0.7653027,0.71912915,0.7219818,0.72428477,0.7566974,0.6837617,0.008605301
42,Halal Memes (252).jpg,সিরিয়ালে নায়িকা যখন শ্বাশুড়ির সাথে বিদ্রোহ করে * বাঙালি শ্বাশুড়ি কিন্তু যখন নিজের ছেলের বউ কোনো একটা ভুল করে,4,others,0,non-aggressive,False,0.72329617,0.0070086014,0.012946478,0.0120002385,0.24474849,0.79344267,0.74707586,0.75321275,0.75245374,0.7826068,0.72329617,0.010835886
43,fb 299.jpg,বাবু ব্যথা করছে না তো ? না সোনা একদম না... কিন্তু প্রথমবার তো ব্যথা করা উচিত! ও হ্যাঁ তাই তো!! আহ! আহ! আহ!,1,gendered aggression,0,non-aggressive,False,0.6203098,0.010150213,0.012989752,0.011803776,0.3447464,0.78067136,0.73954415,0.74201083,0.7410534,0.77479726,0.6203098,0.0058740973
44,blog 285.jpg,সব মুছলিম টেররিষ্ট নয়... প্রায় সব টেররিষ্টই মুছলিম ।,3,religious aggression,0,non-aggressive,False,0.6816466,0.008469769,0.018899411,0.01843149,0.2725527,0.79182315,0.74794304,0.7559693,0.7557186,0.7826563,0.6816466,0.009166837
45,KAM (35).jpg,"হাতের লেখাটা একটু ভালো করো নইলে ভবিষ্যত জীবনে কষ্ট পাবে না, স্যার! আমি ঠিক করেছি ডাক্তার হব",0,non-aggressive,0,non-aggressive,True,0.6070804,0.010133839,0.015557658,0.011219619,0.35600847,0.7798983,0.73897046,0.7432572,0.7399883,0.7745612,0.6070804,0.0053370595
46,blog 179.jpg,"এ কথা খুবই সত্য যে, আমি এখন অহংবোধ থেকে মুক্ত। তাহলে লোক-দেখানো এই আলাদা ধরনের পোশাকের কি প্রয়োজন? যাতে অন্যেরা বুঝতে পারে, আমি অহংবোধ থেকে মুক্ত ।",3,religious aggression,0,non-aggressive,False,0.6430242,0.007531428,0.013749336,0.022293208,0.31340173,0.7778298,0.73335886,0.7393779,0.7442108,0.7706429,0.6430242,0.0071869493
47,in 505.jpg,লক্ষ লক্ষ টাকা আত্মসাতের অভিযোগ 'সরকারি চাকরি দেওয়ার টোপ দিয়ে লক্ষ লক্ষ টাকা গ্রাস' ! মারের মুখে তৃণমূলের নেত্রী দুয়ারে ক্যা লা নি চলছে...,2,political aggression,0,non-aggressive,False,0.7231159,0.006125071,0.0103382515,0.011010134,0.24941075,0.7834131,0.7357013,0.74093586,0.7415655,0.7727684,0.7231159,0.010644734
48,chosha (24).jpg,আজকে নাকি হাগ ডে আমার কি আমি তো প্রতিদিন হাগি,0,non-aggressive,0,non-aggressive,True,0.68991786,0.015808033,0.020550502,0.02732759,0.246396,0.8216087,0.7838482,0.78647184,0.78932196,0.8113124,0.68991786,0.010296345
49,fb 1470.jpg,যখন আপনি শয়তানের প্ররোচনায় ফেজবুক চালান কিন্তু আয়াতুল কুর্সি শেয়ার দিয়ে টাইমলাইনে রেখে দেন শয়তান:-,3,religious aggression,0,non-aggressive,False,0.73362255,0.0050473385,0.009819305,0.011072617,0.24043813,0.78877264,0.7389813,0.7456362,0.7468375,0.77761734,0.73362255,0.011155307
50,in 560.jpg,উপনির্বাচনে খেলা হবে... বাবুলের প্রচারে বেআব্রু গোষ্ঠীদ্বন্দ্ব! তৃণমূলের কর্মিসভায় রক্তারক্তি,2,political aggression,0,non-aggressive,False,0.57265925,0.013821154,0.020809995,0.014943431,0.3777661,0.7817101,0.74446917,0.74856144,0.74524987,0.77754986,0.57265925,0.0041602254
51,blog 341.jpg,বিজ্ঞানের মতে এর বয়স ১৮ মিলিয়ন বছর ধর্মগুলোর মতে এর বয়স ৬-১০ হাজার বছর দুটোই সত্য হতে পারে না,3,religious aggression,0,non-aggressive,False,0.64653254,0.0087479595,0.019150792,0.025118753,0.30045,0.7850623,0.7420343,0.7498695,0.75258225,0.7773989,0.64653254,0.007663429
52,fb 1859.jpg,"""আরেহ ভাইভাতে মুখ খুললেই পাশ""",1,gendered aggression,0,non-aggressive,False,0.510061,0.031509757,0.060090907,0.045656893,0.35268143,0.81843895,0.7905966,0.79705226,0.7943052,0.8147493,0.510061,0.0036896467
53,fb 1665.jpg,"আজকের এই দিনে আঙ্গুলের ঈশারায় মতান্তরে তরবারি দিয়ে চাঁদকে দুই টুকরা করা হয়েছিল। বিশ্বাস না করলে তুই নাস্তিক। কিয়ামত আসন্ন এবং চন্দ্র দিখন্ডিত হয়েছে, তারা কোন নিদর্শন প্রত্যক্ষ করলেও বিমুখ হয়ে থাকে এবং বলে এতো চিরাচরিত জাদু! আজ ১৪ই যিলহজ্জ শরীফ চন্দ্র দ্বিখন্ডিত হওয়ার দিবস",3,religious aggression,0,non-aggressive,False,0.63668615,0.0102689555,0.0133267855,0.015009108,0.32470903,0.77348804,0.7322165,0.734823,0.7360118,0.7667545,0.63668615,0.0067335367
54,blog 446.jpg,"আল্লা যা করে, সব ভালোর জন্যই করে... অসুখও আল্লা ভালোর জন্যই দেয়, তাই ডাক্তার-বদ্যি দেখিয়ে সুস্থ হওয়া স্পষ্ট কুফুরি! - থাবা বাবা",3,religious aggression,0,non-aggressive,False,0.6715148,0.0076358872,0.009535334,0.010448174,0.30086583,0.77697974,0.73221296,0.7344344,0.73534864,0.768951,0.6715148,0.008028746
55,KAM (132).jpg,অনেকদিন পর বৃষ্টি হলো এতগুলো ভালো লাগছে কবে যে এই স্টেটাস দিবো?,0,non-aggressive,0,non-aggressive,True,0.6780006,0.0076651233,0.015474998,0.017317694,0.2815416,0.79104936,0.7462247,0.7532501,0.75437516,0.78226066,0.6780006,0.008788705
56,fb 1408.jpg,চীনা অ্যাপ ভারতে ব্যবহার করা নিষিদ্ধ হলো; চীনের অর্থনীতি:-,2,political aggression,0,non-aggressive,False,0.6762612,0.007923858,0.011425383,0.010059891,0.29432973,0.7898345,0.7453675,0.7490271,0.7477543,0.7815157,0.6762612,0.008318782
57,fb 1152.jpg,শাহবাগ গার্লস স্কুল এন্ড কলেজ ছেলে হয়ে মেয়েদের স্কুলে কি? স্যার আমি দেখতে ছেলে হলেও মনে মনে মেয়ে,1,gendered aggression,0,non-aggressive,False,0.67574567,0.0074746814,0.012998521,0.00836014,0.29542097,0.7848345,0.7397916,0.74532473,0.7409111,0.77656037,0.67574567,0.008274138
58,ovodro_img (470).jpg,যখন বৌদিরা দাদাদের কাছে কথায় হেরে যায় তখন বৌদিরা দাদাদেরকে যেভাবে আউট করে ! এটা বৌদিদের নৈতিক জয়,1,gendered aggression,0,non-aggressive,False,0.6742525,0.009164466,0.014585899,0.01234748,0.28964967,0.78568006,0.74269736,0.7473446,0.74567854,0.77723074,0.6742525,0.008449316
59,fb 1525.jpg,এটা আবার কি? এক বছর থেকে পড়ে থাকতে থাকতে জং পড়ে গেছে। গত কুরবানীর পর আর বাজানো হয় নি... পশু ! জবাই অমানবিক,3,religious aggression,4,others,False,0.37415484,0.034498863,0.030240731,0.029948678,0.53115684,0.7283729,0.7045354,0.70321804,0.70312107,0.7318768,0.53115684,0.0035039186
60,KAM (449).jpg,আজকে বাংলাদেশের সাথে ক্রিকেট খেলা সবাই ব্যাটিং পাবো!,4,others,0,non-aggressive,False,0.5526458,0.0147074135,0.018266702,0.017503902,0.39687625,0.7668619,0.7305982,0.7327655,0.73233896,0.76355094,0.5526458,0.0033109784
61,fb 1649.jpg,বিজ্ঞান কোনও তত্ত্ব ভুল প্রমাণ হলে স্বীকার করে ধর্ম নিজেকে সত্য প্রমাণ করতে হত্যা করে,3,religious aggression,0,non-aggressive,False,0.70560026,0.00600193,0.010059474,0.0118129635,0.2665254,0.7812636,0.7335939,0.73875827,0.7403651,0.77152777,0.70560026,0.009735823
62,fb 1295.jpg,"ঘর সামলাই, রোকেয়ারেও সামলাই",4,others,0,non-aggressive,False,0.6520989,0.021290971,0.014637299,0.031658415,0.2803145,0.8151732,0.78095406,0.77720696,0.7849213,0.80673033,0.6520989,0.008442879
63,ovodro_img (713).jpg,আপনি কী মহানায়ক হওয়ার যোগ্য ? এটা নির্ভর করে দর্ষকদের উপর... সবার মতামতের ভিত্তিতে ! আমার ফ্যানদের কাছে আমি ভগবান বুদ্ধিমান লোকেদের কাছে - আমি ঘাটালের ছাগল,4,others,0,non-aggressive,False,0.6407888,0.012389834,0.016359104,0.018557245,0.31190503,0.78020734,0.7407491,0.74352825,0.74478894,0.7730074,0.6407888,0.007199943
64,KAM (115).jpg,"তোমার বেস্ট ফ্রেন্ড এর ওপর ইংরেজীতে একটি প্যারাগ্রাফ লিখো ম্যাডাম একটা প্রশ্ন, হারামি ইংলিশ কি??",0,non-aggressive,0,non-aggressive,True,0.6791745,0.0068513807,0.01267103,0.013566678,0.28773642,0.7818961,0.7359319,0.7420805,0.7427635,0.7733078,0.6791745,0.008588314
65,tangaila (314).jpg,১৪-ই ফ্রেব্রুয়ারী প্ল্যান নিয়ে ভাবতেছি কি ভাবতাছোস হাওয়ার ভাবনা নিয়া গাড়িতে উঠছে,0,non-aggressive,0,non-aggressive,True,0.6158727,0.010190879,0.0147384275,0.010632469,0.34856558,0.7786485,0.73763305,0.7413227,0.73805726,0.7729564,0.6158727,0.0056921244
66,fb 1114.jpg,আমি জুড়ে সব ক্রিঞ্জ কন্টেন্ট,4,others,0,non-aggressive,False,0.6617809,0.019947493,0.03103585,0.054320212,0.23291567,0.8129325,0.77791417,0.78233457,0.7879321,0.80248994,0.6617809,0.010442555
67,fb 511.jpg,"*আব্বুর বানানো স্পেশাল, বাঙির শরবত; *রুহ আফজা, ট্যাং ও অন্যান্য শরবত...",0,non-aggressive,0,non-aggressive,True,0.6581597,0.007194022,0.0111829415,0.011046587,0.31241673,0.77981377,0.7346518,0.7390632,0.73894054,0.7723627,0.6581597,0.0074510574
68,tangaila (124).jpg,আমি পুলিশ লাইনের মেয়ে আমি* পুলিশ লাইনের মেয়ে*,1,gendered aggression,0,non-aggressive,False,0.6226475,0.011212402,0.021539874,0.016928267,0.3276719,0.77956545,0.7393958,0.7459247,0.7435155,0.77314574,0.6226475,0.0064197183
69,in 306.jpg,তিনু নেতাদের 'ঘর ঘর কী কাহানি' মনে হয় আমার কথা ভাবছে! কুন্তলের টাকার গানমারা গেছে। যদি এবার আমার টাকার যায়!,2,political aggression,0,non-aggressive,False,0.6174048,0.010711339,0.011526008,0.015385835,0.34497195,0.76374376,0.7232015,0.7239346,0.726823,0.7579231,0.6174048,0.005820632
70,in 92.jpg,চাইনা বেস্টু তুমি অন্য কারো হও আমি চাই সারা জীবন তুমি অবিবাহিত রও,0,non-aggressive,0,non-aggressive,True,0.7266721,0.006166192,0.008239608,0.009811688,0.24911033,0.7896314,0.74193746,0.7448362,0.74658245,0.7789256,0.7266721,0.010705829
71,KAM (164).jpg,ঘুমাতে যাওয়ার সময় যা বলে গুডনাইট সুইট ড্রিমস ডার্লিং দরজা জানালা ঠিকমত লাগিয়েছ তো ?,0,non-aggressive,0,non-aggressive,True,0.75395423,0.0053807036,0.010470243,0.008599653,0.22159514,0.77612686,0.72670174,0.7333589,0.7313908,0.76388204,0.75395423,0.012244821
72,in 352.jpg,কোথায় টাকা রাখবেন কী ভাবে টাকা রাখলে ধনী হওয়া যায়? কী বলে জ্যোতিষশাস্ত্র? পিএম কেয়ার আছে তো!,2,political aggression,0,non-aggressive,False,0.6855789,0.008987517,0.0127724735,0.013131648,0.27952948,0.79312885,0.7497845,0.7532991,0.75357646,0.7841573,0.6855789,0.008971572
73,fb 832.jpg,গার্জিয়ান বেতন দেয় নাই বলে স্যারকে ভুল-বাল বুঝানো আমি আর আমার বন্ধু এদিকে আমাদের গার্জিয়ানদের ফোন দিয়ে আগে থেকেই বেতন এর খবর জেনে রাখা স্যার,0,non-aggressive,0,non-aggressive,True,0.69153684,0.009321979,0.013650082,0.010063942,0.27542713,0.788769,0.7457036,0.74951726,0.74646944,0.77956307,0.69153684,0.009205937
74,fb 676.jpg,ঈদের অনেক শপিং করেছেন দেখি হ্যা ভাই চাকরির প্রথম বেতন পাইছি তো তাই বাবা; মা; ভাই বোন সবার জন্য কাপড় কিনছি মাশআল্লাই...,0,non-aggressive,0,non-aggressive,True,0.54683346,0.017378977,0.0247088,0.020047843,0.39103094,0.76939476,0.73490596,0.7384249,0.73633456,0.7660412,0.54683346,0.0033535361
75,fb 1974.jpg,ওয়াশ রুম শিক্ষক ও ছাত্রীদের ব্যাবহারের জন্য সাধারন মানুষ হর্ণি মানুষ,1,gendered aggression,0,non-aggressive,False,0.66226894,0.008879556,0.0098230755,0.012680426,0.30634794,0.7750947,0.7319755,0.7329853,0.73553854,0.7673852,0.66226894,0.007709503
76,bangla-gag (10).jpg,কি মনে করসিলা দুই একটা ম্যাচ ভাল খেললে সব ম্যাচে ভাল খেলবো ?!,4,others,0,non-aggressive,False,0.71893024,0.0058268234,0.00952703,0.009869729,0.2558462,0.78758794,0.7394351,0.7443516,0.7447051,0.7772561,0.71893024,0.010331869
77,bangla-troll (5).jpg,গরম কালে আমরা শীত কালে আমরা,0,non-aggressive,0,non-aggressive,True,0.70493764,0.019662442,0.02373336,0.035412554,0.21625398,0.82644206,0.79064804,0.79252976,0.7965316,0.81462544,0.70493764,0.011816621
78,KAM (145).png,সবাই এখন যা করতেসে আর আমি এখন যা করতেসি,0,non-aggressive,0,non-aggressive,True,0.6461379,0.019765936,0.022224117,0.031847455,0.28002453,0.8204986,0.7856281,0.7868002,0.790398,0.8121372,0.6461379,0.008361399
79,blog 73.jpg,"সুন্দর শাহ হুজুরের দোয়া শকুনের দোয়ায় গরু মরে না, কিন্তু হুজুরের দোয়ায়...",3,religious aggression,0,non-aggressive,False,0.728789,0.006518527,0.012638434,0.010541293,0.2415128,0.7868711,0.7397037,0.74632466,0.7445103,0.7758265,0.728789,0.011044562
80,in 446.jpg,মানিক ভট্টাচার্যর সাথে তৃণমূলের কোনো সম্পর্ক নেই !,2,political aggression,0,non-aggressive,False,0.71712244,0.0060637933,0.01267627,0.010123381,0.25401405,0.7928969,0.74516785,0.7525418,0.75029296,0.7825184,0.71712244,0.01037854
81,blog 96.jpg,"আমি একজন মডারেট মুছলিম । আমি ঘৃণা, সহিংসতা বৈষম্যের বিরুদ্ধে । তবে আমার জীবনে আছে পথনির্দেশক এক কিতাব, যাতে ঘৃণা, সহিংসতা ও বৈষম্যের কথা আছে পদে পদে ।",3,religious aggression,0,non-aggressive,False,0.6257134,0.01013921,0.01723291,0.035082053,0.31183246,0.77419144,0.7329666,0.7382707,0.7453794,0.7672272,0.6257134,0.0069642663
82,fb 1141.jpg,সমকামীতা সেক্যুলারিজম ইসলাম বিদ্বেষ নারীবাদ নাস্তিক্যবাদ ইতিহাস বিকৃতি ট্রান্সজেন্ডার হিন্দুত্ববাদ প্রথম আলো তোমারা জেনে অবাক হবে যে সপ্তম শ্রেণীর বিজ্ঞান বই কপি করা হয়েছে প্রথম আলো একটু চালাক না হলে দুনিয়াতে টেকা মুশকিল।,4,others,0,non-aggressive,False,0.76095784,0.0047572996,0.00807517,0.009438886,0.21677081,0.8059635,0.7552145,0.7605057,0.7620661,0.7934061,0.76095784,0.012557387
83,ovodro_img (197).jpg,ঘরে বাবা ঢুকিয়ে দেব ! চন্দন নগরের মাল :- ওই যে মেয়েটা দেখতে পাচ্ছ ওরা আমার থেকেও বেশি ভয়ানক । ।,1,gendered aggression,0,non-aggressive,False,0.5440275,0.01447121,0.016889412,0.015106573,0.4095053,0.7743081,0.7380397,0.739585,0.73846936,0.7714676,0.5440275,0.0028404593
84,tangaila (323).jpg,যাই একটু এসপি পার্ক দিয়ে ঘুরে আসি দূর বাল যাইয়া কি হবে আমার তো কেউ নাই,0,non-aggressive,0,non-aggressive,True,0.7034139,0.007911403,0.011452944,0.011506018,0.26571575,0.7934466,0.7485702,0.75226957,0.7523158,0.7837114,0.7034139,0.009735227
85,fb 685.jpg,রমজানের পর দায়িত্বে আসা শয়তান! রমজান মাসে শয়তান কে নিয়ে মিমস বানিয়ে মজা নেওয়া আমি!,0,non-aggressive,0,non-aggressive,True,0.70023334,0.006470167,0.00800802,0.00863762,0.27665082,0.7832979,0.73645574,0.73858815,0.739345,0.7740113,0.70023334,0.0092865825
86,fb 1252.jpg,রমদ্বানে অর্জিত তাক্কওয়া ঈদ উপলক্ষে 'অমুক' টিভির ৭দিনের বিশেষ আয়োজন রমদ্বানে অর্জিত তাক্কওয়া,3,religious aggression,0,non-aggressive,False,0.58434767,0.017832266,0.0142821325,0.0142204845,0.3693175,0.74859244,0.7136976,0.7114776,0.7114343,0.7440041,0.58434767,0.0045883656
87,blog 279.jpg,আহমেদের আছে তিনটি আপেল। দুটো সে দিলো মুহাম্মদ কে । এখন বিস্ফোরণের ব্যাসার্ধ নির্ণয় করো।,3,religious aggression,0,non-aggressive,False,0.6208053,0.009122481,0.020898938,0.020826515,0.32834667,0.7851414,0.7429386,0.75122815,0.75119346,0.7787719,0.6208053,0.006369531
88,fb 1149.jpg,বাইরে বাইরে ছেলে ভিতরে ভিতরে মেয়ে,1,gendered aggression,0,non-aggressive,False,0.5773273,0.027508697,0.034123518,0.037956752,0.32308376,0.8117811,0.781342,0.78349686,0.78456146,0.8059761,0.5773273,0.0058050156
89,pin 30.jpg,"ভাঙলি তো ভাঙলি আর ১ টা বছর পর ভাঙতে পারলিনা?? ভোট টা হয়ে যেত, এখন লোকে ছিঃ ছিঃ করছে",2,political aggression,0,non-aggressive,False,0.64433557,0.010107157,0.011905235,0.01583179,0.31782025,0.7830175,0.7414677,0.74310505,0.74595547,0.77595013,0.64433557,0.0070673823
90,blog 37.jpg,সন্ত্রাস ইছলামী দ্বীনের একটি অংশ ।,3,religious aggression,0,non-aggressive,False,0.65841806,0.019889025,0.023446089,0.042549744,0.2556971,0.8130523,0.7780556,0.77970093,0.7856606,0.8035938,0.65841806,0.009458482
91,fb 1093.jpg,আমারে স্যার ডাকবা,4,others,0,non-aggressive,False,0.7401844,0.014789541,0.024960935,0.047093675,0.17297135,0.8268659,0.7877361,0.79297006,0.7993183,0.8123282,0.7401844,0.014537692
92,fb 1488.jpg,*ভারতীয় মুসলমানরা গরু কুরবানি দিয়ে কুরবানি পালন করবে* উগ্রু হিন্দু:,3,religious aggression,0,non-aggressive,False,0.74085104,0.004417276,0.00876425,0.008916882,0.2370505,0.7795891,0.7283663,0.73521787,0.73539054,0.76819384,0.74085104,0.011395276
93,fb 2064.jpg,রেফারি ও রেফারি তুই অপরাধী রে,4,others,0,non-aggressive,False,0.6172354,0.02636821,0.019521177,0.031447332,0.30542782,0.80628955,0.77475864,0.771752,0.7765202,0.7992542,0.6172354,0.0070353746
94,ovodro_img (240).jpg,"তার শরীরে চারটে টাট্টু আছে , হাতে গোল্ডেন ড্রাগন ও সামুরাই ওয়ারিওর, যেটা তাকে ভালো ভাগ্য এনে দিয়েছে ।",0,non-aggressive,0,non-aggressive,True,0.58193266,0.014647751,0.01799671,0.014418899,0.371004,0.77132076,0.73450005,0.7365591,0.7343426,0.7668193,0.58193266,0.004501462
95,KAM (220).png,আমি এখন বিরাট কুলী,4,others,0,non-aggressive,False,0.6867475,0.01785885,0.029946303,0.05167787,0.21376947,0.8273077,0.7908131,0.7959821,0.8014384,0.81563705,0.6867475,0.011670649
96,KAM (98).png,কলোম্বিয়া কলাম বিয়া,0,non-aggressive,0,non-aggressive,True,0.72339255,0.014683883,0.023314524,0.04299794,0.19561118,0.83380145,0.7948294,0.79945266,0.80557346,0.8207232,0.72339255,0.013078272
97,fb 1824.jpg,-মেয়ে : ছেলেরা কি চায় ? -আমি : সুন্দর চরিত্র পরীর মতো চেহারা বড় দুধ আধুনিক মেয়ে,1,gendered aggression,4,others,False,0.14872928,0.0651915,0.056818105,0.02421113,0.70504993,0.42096022,0.41271225,0.41133752,0.4028071,0.43652165,0.70504993,0.015561432
98,fb 203.jpg,সাইজ কত ? ৭ অমি রাজি,1,gendered aggression,0,non-aggressive,False,0.5495698,0.030663973,0.026530774,0.061312884,0.33192247,0.8013417,0.77248126,0.7710334,0.77941024,0.79629934,0.5495698,0.005042374
99,bamboo-vaiya (514).jpg,রোজ নিয়মিত পানি পান করে শরীর সুস্থ রাখায় আমাকে ধন্যবাদ দেয়া আমার কিডনি* আইফোন ১২ কেনার উদ্দেশ্যে নিয়মিতভাবে কিডনির পরিচর্যা করা আমি*,0,non-aggressive,0,non-aggressive,True,0.70986277,0.005634224,0.01057175,0.0124503905,0.26148087,0.789555,0.7411929,0.7474861,0.7491218,0.7795679,0.70986277,0.009987116
100,KAM (232).jpg,"কোনোদিন কোনো বন্ধুর সাথে ঝগড়া মারামারি করবি না, কেন বলতো ? কারণ বলা তো যায় না... পরীক্ষার হলে কার পেছনে সিট পড়বে !",0,non-aggressive,0,non-aggressive,True,0.7885152,0.003923823,0.0072384654,0.0071977135,0.19312489,0.7811542,0.7281234,0.73424685,0.7341904,0.7670861,0.7885152,0.014068127
101,KAM (123).jpg,বৃষ্টি হয়না কেন? কি করা যায়... ম্যাডাম মেঘকে নাড়া দিয়ে দেখেন,2,political aggression,0,non-aggressive,False,0.65184724,0.012429569,0.014936863,0.018593624,0.30219272,0.78376645,0.7441692,0.7460067,0.74819654,0.776079,0.65184724,0.0076874495
102,fb 688.jpg,মেয়েটা নিশ্চই অনেক সুন্দর হবে !! এটা তো রাফসান,4,others,0,non-aggressive,False,0.57672656,0.022007028,0.01860005,0.025899377,0.3567669,0.8068248,0.77416474,0.77248275,0.7757933,0.802022,0.57672656,0.004802823
103,in 537.jpg,"রাজ্যপাল নন, এ বার মুখ্যমন্ত্রীই বিশ্ববিদ্যালয়ের আচার্য, প্রস্তাবে সিলমোহর মমতা মন্ত্রিসভার সাম্মানিক ডিলিট এবার পেয়েই যাবো",2,political aggression,0,non-aggressive,False,0.7416619,0.0060980394,0.012701554,0.011888388,0.2276501,0.8064794,0.7584701,0.76580775,0.7651461,0.7946686,0.7416619,0.01181078
104,fb 846.jpg,আরে সাবধানে মুকুট পড়া ফেসবুকে ওর নাম 'এঞ্জেল' সাদিয়া ছিলো,0,non-aggressive,0,non-aggressive,True,0.4897296,0.022549164,0.013273376,0.013866087,0.4605817,0.74386156,0.71308,0.7077806,0.70821744,0.7432479,0.4897296,0.0006136298
105,fb 1952.jpg,মেয়েটার কোমরে ব্যাথা তাই ব্যাম করাচ্ছে ডাক্তারে।,1,gendered aggression,0,non-aggressive,False,0.6190291,0.011093115,0.014189392,0.01312825,0.34256008,0.7792474,0.73902917,0.74149084,0.7407136,0.7733304,0.6190291,0.0059170127
106,KAM (363).jpg,পড়া মুখস্ত করতে ৩০মিনিট লাগলেও সেটা ভুলতে ৩ সেকেণ্ড ই যথেষ্ট!,0,non-aggressive,0,non-aggressive,True,0.6362148,0.008204192,0.012963256,0.011913645,0.33070412,0.7701435,0.7266346,0.73120934,0.730365,0.7636004,0.6362148,0.0065431
107,fb 410.jpg,"অনুপম রায়---- ""এই স্টেশনের চত্বরে হারিয়ে গেছি শেষ ট্রেনে ঘরে ফিরবো না-না-না"" শেষ ট্রেন এর চালক--- চুদে চাটনি, বেকার খাটনি |",0,non-aggressive,0,non-aggressive,True,0.6492374,0.011612017,0.02064955,0.022487331,0.29601368,0.77047443,0.7302368,0.7359934,0.7368459,0.76262045,0.6492374,0.007853985
108,chosha (117).jpg,গায়ে হলুদের সময় বিয়ের সময় শাশুড়ির সামনে শশুরের সামনে দেওরের সামনে ফুলশয্যার পর,1,gendered aggression,0,non-aggressive,False,0.70431674,0.008291087,0.011193709,0.011075798,0.26512268,0.779138,0.73471755,0.73771924,0.7376134,0.7693677,0.70431674,0.009770334
109,in 253.jpg,তৃণমূলের সততা তৃণমূলের দুর্নীতি,2,political aggression,0,non-aggressive,False,0.6582567,0.016595462,0.023257572,0.040558793,0.2613315,0.81968296,0.7828783,0.7862533,0.7918145,0.8104449,0.6582567,0.009238064
110,blog 442.jpg,হারামির বাচ্চা আমাকে কোরবানি না দিয়ে তোর বাচ্চাকে কোরবানি করে দেখা তো তোর আল্লাহ প্রেম... তুই আর তোর খোদা জাহান্নামে যা... পরের ধনে পুদ্দারি... !!,3,religious aggression,0,non-aggressive,False,0.72854656,0.006012868,0.009612716,0.010799212,0.24502875,0.8065964,0.75862485,0.76331675,0.7644806,0.7956996,0.72854656,0.010896802
111,blog 112.jpg,"আল্যার কসম, আমি নিজে সাক্ষী ক্যান্সার-আক্রান্ত হওয়ার কয়েকটি ঘটনার, যেগুলোর পেছনে প্রত্যক্ষ কারণ ছিলো - সোশ্যাল মিডিয়াতে ছবি পোষ্ট করা । আল্যার কসম, আমি এসব নিজের চোখে দেখেছি, অনলাইনে ছবি প্রচার হবার কারণে শিশুরা ক্যান্সারে আক্রান্ত হয়েছে । - শেখ সা'দ আল-আতিক (চৌদি ইছলামবাজ)",3,religious aggression,0,non-aggressive,False,0.7197191,0.0065929284,0.010432528,0.011230188,0.25202528,0.78503543,0.7381068,0.74269605,0.7434328,0.7745421,0.7197191,0.010493338
112,fb 1100.jpg,"নিজের গফ কে বন্ধুকে দিয়ে দিলাম কারন ""ভোগে নয় ত্যাগেই প্রকৃত সুখ""",1,gendered aggression,0,non-aggressive,False,0.63589036,0.010737996,0.016267525,0.018079605,0.31902447,0.78875947,0.7479471,0.7521009,0.753157,0.7818619,0.63589036,0.0068975687
113,fb 1243.jpg,আমাকে কিছু বল্লে সমস্যা নেয় মাফ করে দিবো কিন্তু আমার ধর্ম আমার নবীকে নিয়ে কিছু বল্লে তোর অস্তিত্ব খতম করে ফেলবো,3,religious aggression,0,non-aggressive,False,0.7542016,0.004396295,0.008888421,0.0067444355,0.22576925,0.78877187,0.7373229,0.7443628,0.7416025,0.77671045,0.7542016,0.012061417
114,in 30.jpg,নামাজ-রোজা নাই খালি ইফতার পার্টি অ্যারেঞ্জ করা,0,non-aggressive,0,non-aggressive,True,0.7167168,0.014408311,0.019134423,0.029414544,0.2203259,0.83712316,0.7980544,0.8008913,0.8051913,0.82532746,0.7167168,0.0117957
115,ovodro_img (38).jpg,"আমার বয়স আরো বেশি হলেও কী আমাকে বিয়ে করতি ? হ্যাঁ, কিন্তু বিয়ের পর কোনরকম দ্বিধাবোধ না করে মা বলে ডাকতাম ।",4,others,0,non-aggressive,False,0.66462797,0.012255557,0.0148909,0.015821438,0.29240412,0.77768034,0.73774785,0.7396956,0.7403017,0.76946944,0.66462797,0.008210897
116,bamboo-vaiya (219).jpg,আজকে চান রাইত কালকে থকে গালি দিমু,4,others,0,non-aggressive,False,0.59441346,0.022387771,0.026137637,0.038535025,0.31852606,0.81840515,0.78561455,0.7871632,0.79104507,0.81216645,0.59441346,0.006238699
117,fb 525.jpg,বর্তমানে বাংলাদেশ বিশ্বে ধান উৎপাদনে তৃতীয়: প্রধানমন্ত্রী কৃষিবিদ দিবস উপলক্ষে দেওয়া এক বাণীতে প্রধানমন্ত্রী শেখ হাসিনা বলেছেন বর্তমানে... ৭৫ টাকা কেজি চাল কিনে খাওয়া সাধারণ জনগণ :-,2,political aggression,0,non-aggressive,False,0.71000814,0.0058317683,0.009813654,0.009789724,0.26455674,0.7889899,0.7409703,0.7461749,0.74615043,0.77911764,0.71000814,0.009872258
118,in 22.jpg,যখন আম্মু প্রথমবারের মতো স্কুলে রেখে চলে আসে *আম্মু আমারে বাসায় নিয়া চলো* *আমি এই বালের স্কুলে কোনোদিনও ক্লাস করবোনা*,0,non-aggressive,0,non-aggressive,True,0.558649,0.0117653,0.025011113,0.023062244,0.38151237,0.78144866,0.742845,0.75038666,0.74957544,0.77763486,0.558649,0.0038138032
119,bamboo-vaiya (167).jpg,যখন আপনার বন্ধুরা আপনার ক্রাশের সামনে আপনার নাম ধরে ডাকতে থাকে ভাই এগুলা বন্ধ করেন আল্লাহর ওয়াস্তে,0,non-aggressive,0,non-aggressive,True,0.70616674,0.010854103,0.011114808,0.012266325,0.259598,0.7848884,0.74313533,0.7433727,0.7443584,0.7748812,0.70616674,0.010007203
120,KAM (230).png,মানুষ প্রেম করতেসে... আর আমি... তারা বিয়ে করতেসে... আর আমি... তাদের বাচ্চা হচ্ছে... আর আমি...,0,non-aggressive,0,non-aggressive,True,0.640769,0.0077641895,0.014703635,0.011677858,0.32508534,0.7812663,0.7371348,0.7435205,0.74121654,0.7744804,0.640769,0.0067858696
121,bamboo-vaiya (166).jpg,আরে এই ছেলে তো অসম্ভব জ্ঞানী !,4,others,0,non-aggressive,False,0.6312048,0.024714647,0.029261274,0.03128589,0.28353333,0.82687914,0.79447675,0.79616547,0.79683447,0.8188761,0.6312048,0.008003056
122,pin 12.jpg,হঠাৎ করে আমার ঠান্ডা হাতটা বন্ধুর গায়ে দেয়ার পর বন্ধু - বাবাগো!!,1,gendered aggression,0,non-aggressive,False,0.7199392,0.0073571913,0.011686379,0.009429899,0.25158736,0.7935108,0.7476759,0.7523034,0.750158,0.7829971,0.7199392,0.010513723
123,fb 1471.jpg,বিরিয়ানির প্যাকেট* সাপ্তাহিক মুসল্লী*,3,religious aggression,0,non-aggressive,False,0.6399305,0.021957945,0.028871763,0.051403556,0.25783628,0.82474655,0.79102427,0.7937616,0.79953,0.8156562,0.6399305,0.009090364
124,fb 1864.jpg,সে : শুভ জন্মদিন!! আমি : ধন্যবাদ। আমার গিপ্ট কোথায়? সে :,1,gendered aggression,4,others,False,0.27651978,0.039214503,0.037634473,0.018383674,0.62824756,0.5012592,0.48172683,0.48131558,0.47415102,0.5094657,0.62824756,0.008206487
125,in 481.jpg,"বাড়িতে নগদ ৮০ লক্ষ টাকা! সিবিআইয়ের জালে হালিশহর পুরসভা তৃণমূল চেয়ারম্যান স্যার, এবার কী বলবেন? অসম্ভব ধারাবাহিকতা বজায় রেখে খেলছে দলটা",2,political aggression,0,non-aggressive,False,0.6627917,0.008708303,0.011909924,0.012437196,0.3041528,0.7885836,0.7452618,0.7483927,0.7488259,0.78079426,0.6627917,0.007789314
126,fb 1050.jpg,হ্যাঁ ভাই আমিই সেই ডিম যাকে পরীমনির রিমান্ডে ব্যবহার করা হয়েছিলো,4,others,0,non-aggressive,False,0.7122103,0.0065680933,0.01172069,0.012678698,0.25682226,0.7691674,0.7223059,0.7280972,0.7288829,0.7589675,0.7122103,0.010199904
127,fb 621.jpg,তোর জন্য একটা মেয়ে দেখছি না না ভাই আমার ছেলে পছন্দ,1,gendered aggression,0,non-aggressive,False,0.6609163,0.0070232362,0.011143411,0.010467946,0.310449,0.77064455,0.72520053,0.72981673,0.7291914,0.76308846,0.6609163,0.007556081
128,KAM (52).jpg,"মামা ভাল্লাগসে এফবি থেকে পাওয়া ছবি মাননীয় রেল মন্ত্রী জনাব মুজিবুল হক ও তার স্ত্রী এইটা কি আমাগো ভাবি,নাকি চাচী,নাকি নানী হইবো",2,political aggression,0,non-aggressive,False,0.7941357,0.00464,0.009446428,0.006575076,0.1852028,0.7961247,0.7446993,0.7518086,0.74818504,0.7815667,0.7941357,0.014558017
129,in 611.jpg,"একটা ওয়ার্ডে নির্দল প্রার্থী এগিয়ে ছিলেন... ফলে সেখানে দেড় ঘণ্টা ধরে বন্ধ গণনা, খোঁজ পাওয়া যাচ্ছে না ইভিএমের!!! মন্ত্রী ঘনিষ্ঠ এক মহিলা প্রার্থী একটি ওয়ার্ডে ৩৮ হাজার ভোটে জিতছেন!!! এসব কী চলছে মশাই!? গণতন্ত্রের অন্নপ্রাশন চলছে!",2,political aggression,0,non-aggressive,False,0.6539662,0.008874435,0.01650466,0.0120138675,0.30864084,0.78852206,0.7455232,0.75172794,0.7485521,0.78101325,0.6539662,0.0075088143
130,fb 2027.jpg,পৌনে এক ঘণ্টা ধরে শুধুমাত্র ক্যাচই প্র্যাক্টিস করলেন লিটন একটু চালাক না হইলে দুনিয়াতে টেকা খুব কঠিন,4,others,0,non-aggressive,False,0.7171706,0.00798585,0.013906428,0.010235041,0.2507021,0.78574145,0.74076504,0.7463118,0.74324644,0.77523094,0.7171706,0.010510504
131,blog 468.jpg,"প্রমাণ তো নেই, তবু 'গড আছে' চিল্লাও গড যদি থেকে থাকে, আছে গডজিল্লাও",3,religious aggression,0,non-aggressive,False,0.5695502,0.014015525,0.013286245,0.015955633,0.38719237,0.7405802,0.7035334,0.70299906,0.7048299,0.736721,0.5695502,0.003859222
132,in 123.jpg,"শিক্ষক স্যার আপনি এটা ভুল বলেছেন হয়তো আসোলেই, থ্যাংকস ভুল ধরিয়ে দেওয়ার জন্য হুজুর হুজুর আপনার এই ফতুয়া ভুল ভন্ড, আমার চেয়ে বেশি ফতুয়া জানো?",3,religious aggression,0,non-aggressive,False,0.6839635,0.0067402194,0.015591576,0.016532945,0.27717182,0.7804218,0.7342237,0.7426101,0.74319637,0.7713891,0.6839635,0.009032667
133,fb 1557.jpg,কিয়ামতের দিন নাস্তিকরা যেভাবে স্টিফেন হকিংয়ের দিকে তাকাবে...,3,religious aggression,0,non-aggressive,False,0.65320265,0.010087471,0.014586872,0.015095909,0.30702707,0.7720468,0.7303409,0.7340292,0.7343722,0.7644973,0.65320265,0.0075495243
134,bamboo-vaiya (385).jpg,লক ডাউনের পরে বন্ধুদের সাথে ট্যুরে যাবার জন্য আবদার করা আমি আমার কলিজাটা কত্ত বড় সেটা ভাবতে থাকা আমার মা,0,non-aggressive,0,non-aggressive,True,0.6280184,0.012655566,0.015193719,0.0115674175,0.33256486,0.77668846,0.7376437,0.73947155,0.7367447,0.77033114,0.6280184,0.006357312
135,fb 278.jpg,তেমন কিছু না সৎ ভাবে অনলাইনে হাফ ইয়ার্লি পরিক্ষা দাওয়ার পর আমার ও আমার বন্ধুদের খাতা-,0,non-aggressive,0,non-aggressive,True,0.66892767,0.008966304,0.013869599,0.011483048,0.29675335,0.7844689,0.7413469,0.7457092,0.7438209,0.77634114,0.66892767,0.008127749
136,fb 1799.jpg,আপা ইফতারে নতুন কি রেসিপি খাওয়াবেন ? ইফতারে তোদের আমি খাওয়াবো কাঠালের আমসত্ত্বা ।তাড়াতাড়ি মটিদে আমারে ।,4,others,4,others,True,0.4146353,0.024891667,0.022923231,0.024006119,0.5135437,0.73941445,0.71128577,0.710462,0.71092355,0.7415538,0.5135437,0.00213933
137,in 586.jpg,"করোনা তাড়াতে হরিনাম সংকীর্তনে মাতলেন তৃণমূল প্রার্থী, দুর্গার দল ভালোই কাজ করছে ...",2,political aggression,0,non-aggressive,False,0.7032394,0.0061185667,0.0111257965,0.009359644,0.27015662,0.7840574,0.7366137,0.7425931,0.7408645,0.7744904,0.7032394,0.009566963
138,fb 206.jpg,অর্থ থাকলে গর্তের অভাব হয় না গর্ত থাকলে অর্থের অভাব হয় না... হেডা থাকলে বেডার অভাব হয় না :3,1,gendered aggression,0,non-aggressive,False,0.60622203,0.012072904,0.017819606,0.015299004,0.34858647,0.7756119,0.73644906,0.74034244,0.7388173,0.77007824,0.60622203,0.0055336356
139,fb 1303.jpg,বন্ধুটা ভালোই ছিল কিন্তু ১৪ই ফেব্রুয়ারি গফ নিয়ে ঘুরতে যাওয়ার প্ল্যান করছিল,4,others,0,non-aggressive,False,0.69450426,0.008538695,0.013354569,0.012622743,0.27097967,0.7905048,0.74651897,0.7509914,0.75042784,0.7810933,0.69450426,0.009411514
140,fb 1235.jpg,নিরীহ প্রাণীদের অবৈধভাবে হত্যা করার সময় পশুপ্রেমী কুরবানির সময় পশুপ্রেমী,4,others,0,non-aggressive,False,0.65661997,0.008605718,0.014678408,0.014466505,0.30562934,0.78440875,0.7410619,0.7464014,0.74625605,0.7767614,0.65661997,0.0076473355
141,fb 1208.jpg,বিয়ে করলেন 'লোকে কেন বিয়ে করে' জিজ্ঞাসা করা মালালা। তার আদর্শ মেনে বিয়ে না করে বুড়ি হয়ে যাওয়া নারীবাদী এটা দেখার পর,1,gendered aggression,0,non-aggressive,False,0.5030306,0.020359104,0.021703096,0.027231127,0.4276761,0.75514317,0.72307193,0.7237112,0.7259802,0.7535203,0.5030306,0.0016228557
142,blog 298.jpg,এইখানে পষ্ট কইরা লেখা আছে: আল্যার ছাড়পত্র ছাড়া মহাশূন্যে ভ্রমণ করা অসম্ভব। (সুরা ৫৫:৩৩),3,religious aggression,0,non-aggressive,False,0.615728,0.01071457,0.012024859,0.013152528,0.34838,0.7637534,0.7232414,0.72439516,0.7252915,0.7580583,0.615728,0.0056951046
143,bamboo-vaiya (7).jpg,একজন ভালো বয়ফ্রেন্ড সবসময় গালফ্রেন্ডের মুখে হাসি ফুটিয়ে রাখার চেষ্টা করে,1,gendered aggression,0,non-aggressive,False,0.6929926,0.006496363,0.013553846,0.011667309,0.27528986,0.7847395,0.73804176,0.7453961,0.74389726,0.77550757,0.6929926,0.009231925
144,in 48.jpg,ছোট ভাই নাচতাছে কারন দুপুরের খাবার পর তার দুই রোজা হয়ে গেছে,0,non-aggressive,0,non-aggressive,True,0.62544966,0.0103805065,0.011261057,0.012969212,0.33993953,0.7820161,0.74103063,0.7418449,0.7432571,0.775919,0.62544966,0.0060970783
145,blog 93.jpg,ঈশ্বর না থাকলে আমরা তার নামে এমন মেগা-ব্যবসা এতো সফলতার সঙ্গে যুগ যুগ ধরে চালিয়ে যাচ্ছি কীভাবে?,3,religious aggression,0,non-aggressive,False,0.6814436,0.0076397215,0.0123281395,0.010223272,0.2883653,0.78098667,0.7360781,0.7408633,0.73899114,0.7723868,0.6814436,0.008599877
146,blog 439.jpg,কোরানের মতে মানবজাতির বংশবৃদ্ধি প্রথমে শুরু হয়েছিল একটি পরিবারে ইনসেষ্ট চর্চার মাধ্যমে দ্বিতীয়বারেও ভরসা ছিলো ইনসেষ্টই,3,religious aggression,0,non-aggressive,False,0.6947668,0.0067700143,0.012621639,0.0110990275,0.2747425,0.7757292,0.7294185,0.7356476,0.734362,0.7664518,0.6947668,0.009277403
147,direct-offense (48).jpg,উপরে সৌদি আর নিচে জার্মানি,1,gendered aggression,0,non-aggressive,False,0.6756933,0.021042554,0.026748639,0.04040461,0.23611097,0.8219488,0.7872569,0.7896563,0.7937809,0.81143445,0.6756933,0.010514379
148,fb 1078.jpg,চেয়ারে কলম রাখার পর যখন বন্ধু সেখানে বসে পড়ে তখন বন্ধুর অবস্থা*,4,others,0,non-aggressive,False,0.65166295,0.010639844,0.014602315,0.012036855,0.3110581,0.7673215,0.7261723,0.7293381,0.727406,0.7599261,0.65166295,0.0073954463
149,fb 1113.jpg,নির্বাচনী প্রচারণা* নির্বাচনে অংশগ্রহন করা প্রার্থী এলাকাবাসী,2,political aggression,0,non-aggressive,False,0.6823314,0.008182208,0.011936692,0.014514428,0.2830353,0.7944972,0.7502617,0.7540383,0.7559935,0.7856978,0.6823314,0.008799374
150,in 487.jpg,জেলে বসে খাসির মাংস খেলেন অনুব্রত!,2,political aggression,0,non-aggressive,False,0.5952067,0.024880609,0.030264674,0.030641051,0.31900707,0.8131778,0.7814296,0.78338856,0.7835121,0.80694085,0.5952067,0.0062369704
151,fb 728.jpg,"হ্যলো বাবু, একটু তারাতাড়ি ইফতারি করে নিও নাইলে তোমার কষ্ট হবে",0,non-aggressive,0,non-aggressive,True,0.6772938,0.008523984,0.010462785,0.009694895,0.29402447,0.77783465,0.7340824,0.73613185,0.73536956,0.76949024,0.6772938,0.008344412
152,fb 955.jpg,সকাল বিকাল রাত্রি বেলা জেসমিন আপার দরজা খোলা,1,gendered aggression,0,non-aggressive,False,0.6768543,0.015744165,0.0222252,0.032096107,0.25308025,0.8376724,0.8000626,0.8035101,0.8071852,0.82783496,0.6768543,0.009837449
153,fb 868.jpg,দোস্ত আজকের কনসার্ট কিন্তু অনেক জমজমাট হইছে হ্যা বন্ধু আতশবাজিগুলা অনেক সুন্দর সারাবছরের গ্লানি ভুলে গেলাম এখানে এসে,0,non-aggressive,0,non-aggressive,True,0.6969841,0.0052898033,0.012020854,0.011988616,0.27371657,0.78208226,0.7332725,0.7414811,0.74145424,0.7727356,0.6969841,0.009346664
154,pin 13.jpg,বাবা খায় ধার করে বিড়ি মেয়ে বলে আমি ডানা কাটা পরি এ কেমন মেয়ে,1,gendered aggression,0,non-aggressive,False,0.6727475,0.008024802,0.011691797,0.012231789,0.29530412,0.8050557,0.76076734,0.76453084,0.7649824,0.7968221,0.6727475,0.008233607
155,in 640.jpg,"""ত্রিপুরায় গণতন্ত্রের হত্যা হয়েছে। বিপ্লব দেব সরকার মানুষের অধিকার সুরক্ষা দিতে ব্যর্থ।"" তোপ ফিরহাদ হাকিমের... পশ্চিমবঙ্গে পঞ্চায়েত ভোটে তো গণতন্ত্র পাগলু ডান্স করছিল!",2,political aggression,0,non-aggressive,False,0.64834356,0.009185751,0.017940562,0.015834663,0.30869547,0.7836032,0.7410355,0.74772966,0.746481,0.77618253,0.64834356,0.007420659
156,fb 1170.jpg,ছিঃ! আমি তো পা*খানায় পা দিয়ে ফেললাম,4,others,0,non-aggressive,False,0.61181307,0.027291596,0.02039793,0.031222958,0.3092745,0.8262031,0.7951046,0.7921931,0.7964503,0.8193811,0.61181307,0.00682199
157,fb 1253.jpg,বেশি করে ঘাস খেয়ে নিচ্ছি কারণ; তারাবীর নামাজ ৮ রাকাত নাকি ২০ রাকাত সেটা নিয়ে তর্ক করতে হবে !,3,religious aggression,0,non-aggressive,False,0.6735335,0.007931919,0.009426576,0.011112731,0.29799527,0.78641105,0.7419946,0.743721,0.7453666,0.7782565,0.6735335,0.008154571
158,bangla-troll (10).jpg,"কিরে মামুর বেটা, তুই নাকি প্রেমে পড়লি ? ওরে ফইন্নি, প্রেমে পড়মু ক্যারে ? আমি তো মাত্র কলেজে পড়ি !",0,non-aggressive,0,non-aggressive,True,0.5467498,0.01563282,0.020934429,0.020916069,0.3957669,0.7732027,0.73765653,0.7405768,0.740568,0.7699711,0.5467498,0.0032316446
159,fb 266.jpg,এখন না লকডাউন তুই বাইরে কি? স্যার বইমেলায় যাই,2,political aggression,0,non-aggressive,False,0.64494,0.021213485,0.017167805,0.02400083,0.29267785,0.83931184,0.80516666,0.80305064,0.80640113,0.83141094,0.64494,0.007900894
160,nurani-memes (203).jpg,রিক্সা চালক *ব্যাটারি ওয়ালা রিক্সাচালক আমারে স্যার ডাকবা,0,non-aggressive,0,non-aggressive,True,0.72604674,0.0072150696,0.011451102,0.013632591,0.24165452,0.78987294,0.74375856,0.7483777,0.7501215,0.7788719,0.72604674,0.0110010505
161,fb 648.jpg,২০ টাকায় এক হাজার ফলোয়ার বিক্রি করার পর! ফলোয়ার ব্যবসায়ী:,4,others,0,non-aggressive,False,0.72301644,0.005924811,0.009023444,0.008097083,0.25393823,0.8080599,0.76001704,0.76422375,0.76314056,0.79759645,0.72301644,0.010463417
162,fb 1505.jpg,"গরুপাচার কাণ্ডে এবার দেবকে নোটিস সিবিআইয়ের, মঙ্গলবার হাজিরার নির্দেশ",4,others,0,non-aggressive,False,0.63518506,0.011660478,0.016189218,0.013750097,0.3232152,0.7857722,0.7457951,0.7490765,0.74744344,0.7790162,0.63518506,0.0067560077
163,in 346.jpg,পিসি- সবাই মিলেমিশে ভাগ করে খাও একা খাবো সেটা হবে না আমি খেতে তো মানা করছি না। *তিনু নেতা,2,political aggression,0,non-aggressive,False,0.58737963,0.013320472,0.01396911,0.014510292,0.37082046,0.7617002,0.7238365,0.72431195,0.72469205,0.75710064,0.58737963,0.004599571
164,tangaila (280).jpg,"সার্কাজম করে বিটিএসের পক্ষ নিয়ে পোষ্ট করে পচানোর পর যখন কোন বিটিএস ফ্যান ইমপ্রেস হয়ে প্রপোজ করে বসে তুই একটা বোদাই , আমি নিজেও একটা বোদাই",4,others,0,non-aggressive,False,0.65798914,0.007490996,0.012139435,0.0101852175,0.31219524,0.76982707,0.72507215,0.72989976,0.7281445,0.7623715,0.65798914,0.0074555874
165,KAM (306).jpg,সাকিব বলদ দেখবি? কই? দেখা! আয়নার সামনে দাঁড়া দেখতে পাবি,4,others,0,non-aggressive,False,0.5889374,0.0121293655,0.012479879,0.013985014,0.3724683,0.7704118,0.73158485,0.73186976,0.7330084,0.7658301,0.5889374,0.00458169
166,fb 726.jpg,"৭ বছর বয়সী আমি : ছারো আমাকে, আমিও তোমাদের সাথে রোজা রাখবো",0,non-aggressive,0,non-aggressive,True,0.6626547,0.009051604,0.010209888,0.013401716,0.3046821,0.75273156,0.70979846,0.7110026,0.7137228,0.7449617,0.6626547,0.0077698827
167,in 335.jpg,যখন দিদি বলে গ্রামে গ্রামে দূত হিসাবে যেতে হবে... গ্রামে ঢুকে তাড়া খাওয়ার পর,2,political aggression,0,non-aggressive,False,0.5842757,0.012402651,0.018882949,0.015166742,0.369272,0.77545696,0.7369324,0.7411359,0.73894435,0.7708686,0.5842757,0.0045883656
168,fb 1975.jpg,যখন আপনার ঐটা তার ভুল গর্তে ডুকে যায় বাবা গো,1,gendered aggression,0,non-aggressive,False,0.6784693,0.015335555,0.01948962,0.030103546,0.25660202,0.8351943,0.79729766,0.7996948,0.80404234,0.8254712,0.6784693,0.009723067
169,in 433.jpg,বিশ্বের সেরা অভিনেতা অমিতাভ বচ্চনকে জন্মদিনের শুভেচ্ছা জানাচ্ছেন,2,political aggression,0,non-aggressive,False,0.63884723,0.0084884325,0.015463959,0.015477298,0.3217231,0.78103846,0.7378288,0.74382687,0.7438355,0.7741787,0.63884723,0.0068597794
170,in 45.jpg,আম পাতা জোড়া জোড়া মারবো চাবুক চড়বো ঘোড়া,1,gendered aggression,0,non-aggressive,False,0.75767124,0.020148322,0.021385359,0.039529238,0.16126585,0.81166744,0.77539617,0.77599204,0.78213537,0.7961955,0.75767124,0.015471935
171,fb 219.jpg,ছেরা টাকা দিয়ে বিস্কুট কিনে আনা আমি মেয়াদ উত্তীর্ণ বিস্কুট দেয়া দোকানদার,0,non-aggressive,0,non-aggressive,True,0.66234696,0.008969805,0.013438997,0.0101617165,0.30508244,0.7859448,0.7429256,0.7469685,0.7441732,0.77819276,0.66234696,0.007752061
172,in 540.jpg,"নরেন্দ্র মোদী আর ললিত মোদী এদের মধ্যে মিল কোথায় বলুন তো? এদের মধ্যে আবার কিসের মিল! ও মিত্তির মশাই, আছে নাকি মিল! দুজনেই বাংলার মেয়েকেই চায়...",2,political aggression,0,non-aggressive,False,0.7151452,0.004883042,0.012630714,0.0134857,0.25385538,0.7987256,0.7488584,0.75836205,0.759017,0.7883684,0.7151452,0.010357201
173,fb 332.jpg,বার্গার খাবে কেউ?,1,gendered aggression,0,non-aggressive,False,0.58085144,0.034022566,0.046635862,0.04080676,0.29768336,0.8297319,0.8013572,0.80451065,0.80317545,0.8230472,0.58085144,0.006684661
174,KAM (149).png,"এক ছাত্র ৪টা সাবজেক্টে ফেল করার পর... শিক্ষক: কিরে ৪টা তেই কিভাবে ফেল করলি? ১ম টাতে অন্তত পাশ করতে পারতি, এতোদিন বন্ধ ছিল! স্যার ১মটার জন্য পরীক্ষার আগের দিন পড়তে বসছি বন্ধে ২য় টায় কিভাবে ফেল করলি? ২য় টার জন্য পড়সিলাম স্যার ২য়টার জন্য এতো পড়সি যে ভাবসি আর পড়াই লাগবে না তাই পরীক্ষার আগের দিন উলালা করে হলে সব ভুলে গেসি ৩য় টায় কেন ফেল করেছো বাবা? ২য়টা খারাপ হইসে এই দুঃখে স্যার 8র্থ টাও কি ৩য়টা খারাপ হওয়ার দুঃখে খারাপ হয়েছে? না স্যার শেষ পরীক্ষার খুশিতে, পড়তেই মন চায় না!",0,non-aggressive,0,non-aggressive,True,0.5574437,0.01267752,0.016503472,0.014099808,0.39927554,0.76914835,0.731313,0.73395044,0.73237634,0.76581126,0.5574437,0.0033370852
175,Halal Memes (202).jpg,"আমার পোস্টগুলি দেখার পরে, রিলেটিভ:-",0,non-aggressive,0,non-aggressive,True,0.62812483,0.038685378,0.01653032,0.033362117,0.2832974,0.81877375,0.79090095,0.7823983,0.78942055,0.8108113,0.62812483,0.007962465
176,Halal Memes (21).jpg,আমি - আওয়ামীলীগ করি করোনাভাইরাস যখন জানতে পারে,2,political aggression,0,non-aggressive,False,0.63705057,0.02366422,0.022957332,0.038712375,0.27761546,0.8249422,0.79201335,0.79171,0.79693526,0.816636,0.63705057,0.008306146
177,in 485.jpg,"কখনও যদি দেখেন ববির অত সম্পত্তি পাওয়া গিয়েছে, বিশ্বাস করবেন না', আগেই বঙ্গবাসীকে সতর্ক করে রাখলেন নেত্রী বলছিলাম, কার কার সম্পত্তির হদিশ পাওয়া গেলে বিশ্বাস করবো না, যদি বলে দেন... একটা নামের লিস্ট পেতাম তাহলে নিশ্চিন্তে থাকা যেত|",2,political aggression,0,non-aggressive,False,0.6846615,0.007066692,0.012398836,0.014738256,0.2811346,0.78400475,0.73826945,0.74389154,0.74561995,0.77510387,0.6846615,0.008900881
178,fb 272.jpg,একটিভ স্যাস্টাস বন্ধ করার পর আমার বন্ধু : ভাই দেখ তো আমারে এক্টিভ দেখায় নাকি,0,non-aggressive,0,non-aggressive,True,0.6760523,0.00953131,0.013323582,0.013900282,0.28719264,0.77130896,0.7286921,0.73204166,0.7324654,0.7627478,0.6760523,0.008561134
179,in 573.jpg,"নেতাজির স্বপ্নের স্বাধীন ভারত এখনও গড়ে ওঠেনি, আমরাই গড়ব', মূর্তি উন্মোচনে শপথ মোদির রেল তেল বিমান খনি সবই তো বেচা হয়ে গেছে এবার কি বেচে স্বপ্নের ভারত গড়া হবে!?",2,political aggression,0,non-aggressive,False,0.6610097,0.008966048,0.012617847,0.011542977,0.3058634,0.7735247,0.73052144,0.73393816,0.7330478,0.7658184,0.6610097,0.0077062845
180,fb 1368.jpg,দেশের জিডিপি কমে যাওয়া কোরোণা আবহে পরীক্ষা নেওয়ার কথা বলার পর ছাত্রছাত্রীদের সুস্থভাবে বেঁচে থাকার সম্ভাবনা,2,political aggression,0,non-aggressive,False,0.6610308,0.0088371625,0.0135369925,0.011884084,0.30471092,0.77818537,0.73503697,0.7393016,0.7379994,0.770441,0.6610308,0.007744372
181,tangaila (307).jpg,কানিজ ফাতেমা তুই আর আমি তো একই,0,non-aggressive,0,non-aggressive,True,0.67872953,0.018061468,0.020981742,0.031834584,0.25039268,0.83354974,0.7972853,0.798784,0.802953,0.8235778,0.67872953,0.009971917
182,fb 1159.jpg,আমেরিকা যাচ্ছে রোহিঙ্গারা #শাহবাগী ১৫ দিনে রোয়াঈঙ্গা ভাষা শিক্ষা,4,others,0,non-aggressive,False,0.6390425,0.009935048,0.010060138,0.015228054,0.32573426,0.74431545,0.7026764,0.7028015,0.7069471,0.73757654,0.6390425,0.006738901
183,chosha (90).jpg,আয় বৃষ্টি ঝেপে ধোন দিবো মেপে,1,gendered aggression,0,non-aggressive,False,0.6135692,0.025022725,0.03620702,0.051176697,0.27402437,0.8145192,0.7825241,0.7862188,0.7896791,0.8064585,0.6135692,0.008060753
184,ovodro_img (162).jpg,জানিস বোন কাল সারারাত চোষার পরেও দাঁড় করাতে পারিনি কাঁদিস না দিদি আমার টারও একই অবস্থা,1,gendered aggression,0,non-aggressive,False,0.71148366,0.0074715954,0.009903619,0.01158036,0.2595607,0.7974094,0.75184697,0.7546649,0.75622904,0.7873258,0.71148366,0.010083616
185,blog 479.jpg,একটি দারুণ মিল ভগবান ও ভক্তে এক্সিবিশনিজম উভয়েরই রক্তে,3,religious aggression,0,non-aggressive,False,0.7125269,0.0077941087,0.012383886,0.013926765,0.25336826,0.7925012,0.7473467,0.751977,0.7531512,0.7821615,0.7125269,0.010339737
186,blog 342.jpg,"যে-আসনেই প্রার্থনা করা হােক না কেন, ফলাফল - লবডঙ্কা",3,religious aggression,0,non-aggressive,False,0.5632203,0.01715334,0.016621783,0.014156967,0.3888476,0.7495307,0.7146159,0.71430105,0.712696,0.74582577,0.5632203,0.0037049055
187,tangaila (152).jpg,বিন্দুবাসিনীর কোনো সুন্দরী মেয়ে যখন বলে আমি সিঙ্গেল লে আমি :- প্রমাণ দাও !,1,gendered aggression,0,non-aggressive,False,0.6705198,0.0078031225,0.016839625,0.015533761,0.28930375,0.79391146,0.7493762,0.7570682,0.75626105,0.7855057,0.6705198,0.008405745
188,fb 1788.jpg,স্বামি বিদেশ,1,gendered aggression,0,non-aggressive,False,0.68478423,0.017582076,0.028908433,0.047700513,0.2210248,0.82749444,0.7908722,0.79584473,0.8008528,0.81618613,0.68478423,0.011308312
189,tangaila (335).jpg,উদ্যানের চা আড্ডাবাজ পোলাপান,1,gendered aggression,0,non-aggressive,False,0.6721931,0.018711105,0.01774738,0.03284452,0.25850388,0.84469545,0.80888116,0.80835235,0.81450784,0.8351391,0.6721931,0.009556353
190,Halal Memes (73).jpg,হঠাত ছোট বোনের আদর্শ লিপি বই নিয়ে ঘাটাঘাটি করার কারন জানতে চাওয়া আমার আম্মু ২মাস পড়াশুনা না করে বাংলা অক্ষর ভুলে যাওয়ায় আদর্শ লিপি বই পড়া আমি,0,non-aggressive,0,non-aggressive,True,0.66722435,0.008056978,0.010489776,0.013420826,0.30080813,0.7872219,0.743056,0.74569464,0.7481587,0.7792554,0.66722435,0.007966518
191,ovodro_img (548).jpg,অনেক মেয়ে মিলে একজন পুরুষের উপর নির্যাতন করাকে বলে পুরুষ নির্জাতন,1,gendered aggression,0,non-aggressive,False,0.67191213,0.007578923,0.012572799,0.011945993,0.2959902,0.7916329,0.74678534,0.751847,0.7513356,0.7834349,0.67191213,0.008197963
192,Bangla Thug Life (401).jpg,আম্মা আমি প্রেগনেন্ট চুদসে এইটা একটা দুর্ঘটনা ছিলো মানে তুই বলতে চাস ! তুই রাস্তা দিয়া হাঁটতে গিয়া উষ্টা খাইয়া সোনার উপর পইড়া গেসিলি ???,1,gendered aggression,0,non-aggressive,False,0.68919206,0.007670499,0.012807112,0.010514928,0.27981535,0.7754932,0.73051184,0.7356381,0.733666,0.7664794,0.68919206,0.009013832
193,fb 1210.jpg,ন্যূড আর্ট বাবা সিম্পানন্দ* পিরিয়ড কবিতা*,2,political aggression,0,non-aggressive,False,0.6953228,0.01688683,0.026298702,0.046143338,0.21534838,0.8299974,0.79281896,0.79724884,0.80287117,0.8182762,0.6953228,0.011721194
194,blog 101.jpg,"আস্তিকীয় যুক্তিবাহার কোনও প্রাকৃতিক বিপর্যয় বা দুর্ঘটনার পরে তারা দোয়া করে সাহায্য চায় তার কাছে, যে কিনা সেই ঘটনাটি ঘটিয়েছে বলে তারাই মনে করে ! কেউ কেউ আবার তাকে শুকরিয়াও জানায় !",3,religious aggression,0,non-aggressive,False,0.7191424,0.0062608467,0.011598518,0.012764553,0.2502337,0.79576755,0.7483301,0.7544957,0.75545365,0.78521085,0.7191424,0.010556698
195,Bangla Thug Life (397).jpg,ছেলে: আই লাভ ইউ মেয়ে: কি করতে পারবে আমার জন্য ? লুইচ্চা ছেলে মনে মনে ২১ দিনে দুদু ডবল,1,gendered aggression,4,others,False,0.27039745,0.06400881,0.046533708,0.018378468,0.60068154,0.3860913,0.37168258,0.36849415,0.35920417,0.39407304,0.60068154,0.007981747
196,KAM (270).jpg,সম্প্রতি এক গবেষণায় প্রমাণিত হয়েছে যে... ঘুমের ট্যাবলেট এর চেয়ে পড়ার টেবিল বেশি কার্যকরী!,0,non-aggressive,0,non-aggressive,True,0.6463237,0.00807461,0.016340304,0.014323668,0.31493774,0.7746621,0.73083633,0.7378855,0.7365682,0.76747286,0.6463237,0.007189214
197,blog 488.jpg,"আমি কবে বড়ো হবো? মাদ্রাসায় বলেছে, বড়ো হলে আমি এইসব প্রতিমা ভাঙতে পারবো, মালাউন তাড়াতে পারবো দেশ থেকে।",3,religious aggression,0,non-aggressive,False,0.6575002,0.009929831,0.013814317,0.014158431,0.30459717,0.7740164,0.73208743,0.735389,0.7356351,0.7663219,0.6575002,0.007694483
198,Halal Memes (32).jpg,"আমি যখন ক্লাসে কথা বলি, কিন্তু স্যার এসে সাথে বসা আমার বন্ধুকে মারে । লেঃ আমি",0,non-aggressive,0,non-aggressive,True,0.6917804,0.0050648376,0.008131901,0.009670512,0.28535235,0.76885796,0.7196885,0.7244232,0.7261561,0.7600025,0.6917804,0.008855462
199,fb 704.jpg,রমজান মাসে যখন কেউ বাংলা বা ইংরেজি তারিখ জিজ্ঞেস করেঃ কত রমজান চলে সেটা মনে রাইখাই কূল পাই না ইংরেজি বাংলা তারিখ মনে রাখবো কোন সময়,0,non-aggressive,0,non-aggressive,True,0.6387393,0.008660334,0.012403085,0.012181669,0.32801563,0.78107464,0.73806727,0.74165916,0.74147904,0.7744103,0.6387393,0.0066643357
200,bangla-troll (49).jpg,ডিপ ফ্রিজে আইস্ক্রিমের বক্স দেকসিলাম কিন্তু খুলে দেখি বক্সটা আদা-রশুন এ ভরা,0,non-aggressive,0,non-aggressive,True,0.6532533,0.008491209,0.022420393,0.019192254,0.29664278,0.7826865,0.73925716,0.7489665,0.7474119,0.77479213,0.6532533,0.007894337
201,fb 1083.jpg,এই বালের গানে এতো ভিউস কেমনে? বাংলাদেশে কামলাদের সংখ্যা দিন দিন বাড়তেসে,4,others,4,others,True,0.43129504,0.024600232,0.02151966,0.023322683,0.49926242,0.7526965,0.7240562,0.7227183,0.72352284,0.7541599,0.49926242,0.0014634132
202,in 645.jpg,"এগিয়ে আসছে জাওয়াদ দুয়ারে ঝড়, পকেট ভর",2,political aggression,0,non-aggressive,False,0.6608413,0.019617684,0.02441945,0.030793095,0.26432854,0.82504016,0.7898693,0.7920588,0.7943779,0.81587696,0.6608413,0.009163201
203,fb 1215.jpg,ধর্ম যার যার উৎসব সবার| ধর্ম যার যার উৎসব ও তার,3,religious aggression,0,non-aggressive,False,0.68495345,0.040066972,0.016317232,0.0649206,0.19374172,0.755363,0.726975,0.7179917,0.73180115,0.7427348,0.68495345,0.012628198
204,ovodro_img (257).jpg,সেই মুুহুর্ত যখন তোমার বর চা বানিয়ে আনে কিন্তু চায়ে দুধ নয় নিজের ঘী দিয়ে চা বানিয়ে খাওয়ায় আর সেটা তুমি বুঝতে পেরে যাও,1,gendered aggression,0,non-aggressive,False,0.7303754,0.005023043,0.010820705,0.009816051,0.24396478,0.78497726,0.73518205,0.7428563,0.74188185,0.7740119,0.7303754,0.010965347
205,bangla-gag (11).jpg,সেহেরি ৩:৩০ ! কিন্তু ১২ টায় পুরা ইন্ডিয়া টিমরে খাইয়া শেষ করে দিসি !,4,others,4,others,True,0.4147606,0.025014764,0.027180009,0.016709255,0.5163354,0.6830825,0.65500015,0.6558303,0.65096515,0.68527305,0.5163354,0.0021905303
206,in 606.jpg,বর্ষসেরা অভিনয় পিসি,2,political aggression,0,non-aggressive,False,0.69946223,0.014107107,0.023429664,0.042236064,0.22076488,0.8284959,0.78945965,0.79453284,0.8004255,0.8169638,0.69946223,0.011532128
207,ovodro_img (45).jpg,"পাগলউউউ... থোড়াসা কারলে রোমান্স ধুর বাল, পাগল হলেও সম্মান আছে । তোদের মত পাগলু ড্যান্স করি না ।",4,others,0,non-aggressive,False,0.70030415,0.007529169,0.0101220235,0.00909578,0.27294886,0.7955444,0.7502171,0.75317633,0.7521073,0.7861221,0.70030415,0.009422302
208,fb 895.jpg,জমিতে ক্রিকেট খেলার সময় বল যখন কোন ঝোপ-ঝাড়ে গিয়ে পড়ে বল:-,0,non-aggressive,0,non-aggressive,True,0.6210153,0.01095542,0.017919684,0.021140337,0.32896933,0.77806264,0.73768747,0.74260813,0.74426097,0.7717087,0.6210153,0.0063539147
209,fb 126.jpg,"১০০০ এর ৭.৫% ৭৫০ টাকা বস, হিসাবে একটু গোলমাল আছে তাই নাকি? আচ্ছা তাইলে... ১০০০ এর ৭.৫% ৭৫ টাকা হ, এখন ঠিক আছে পরের দিন... ১০০০ এর ৭৫% ৭৫০০০ টাকা হালা মরতে চাস?",2,political aggression,0,non-aggressive,False,0.7463287,0.0043874024,0.007729502,0.007511149,0.23404324,0.78594047,0.73457617,0.74023926,0.7399527,0.77434385,0.7463287,0.01159662
210,fb 87.jpg,এন্ড্রয়েড ডেভেলপার রেসিপি এন্ড্রয়েড স্টুডিও ইন্সটল করা অন্যর আইডিয়া চুরি করা অন্য এপের কোড ও ইন্টারফেস কপি করা নিজের আইডিয়া দিয়ে নতুন কিছু বানানো উপস!,4,others,0,non-aggressive,False,0.6254764,0.0107772,0.02922024,0.025883354,0.30864272,0.7774827,0.73687184,0.7468462,0.74563354,0.7704194,0.6254764,0.0070632696
211,KAM (367).jpg,আগে আমার কিছুই ভালো লাগতো না! ঘুরতে যাওয়া/খেলাধুলা/টিভি দেখা! তারপর আমার জীবনে এলো পড়ালেখা! এখন আমার সব কিছু করতে ভালো লাগে!,0,non-aggressive,0,non-aggressive,True,0.6941051,0.0062780348,0.009401753,0.008965604,0.28124946,0.78073907,0.7336834,0.7377218,0.73724675,0.77170527,0.6941051,0.009033799
212,fb 1167.jpg,নারীবাদীরা সারাবছর শীতকালে,1,gendered aggression,0,non-aggressive,False,0.67752343,0.016558697,0.024682365,0.033799917,0.24743563,0.8351749,0.7980596,0.8020514,0.8051951,0.82510203,0.67752343,0.010072887
213,blog 317.jpg,"-ইয়া মাবূদ, তোমার গলা না শোনা পর্যন্ত আমি এই জায়গা ছেড়ে উঠবো না ।",3,religious aggression,0,non-aggressive,False,0.7789051,0.0034170898,0.0074779736,0.0054103164,0.20478943,0.79491913,0.7406281,0.7484599,0.74522334,0.78156006,0.7789051,0.01335907
214,bangla-gag (43).jpg,আগে শুধু আমরা মানুষের হৃদয় জয় করতাম ! আর এখন হৃদয় এর সাথে সাথে সিরিজও জয় করি !,0,non-aggressive,0,non-aggressive,True,0.6851355,0.009865677,0.012568817,0.0119837355,0.28044632,0.78195727,0.73955166,0.7419733,0.74149656,0.7730249,0.6851355,0.008932352
215,blog 77.jpg,"আপনার সঙ্গে যুদ্ধ করছে যে-কাফের, তাকে হত্যা করা যায়েজ । আপনার কাছে যদি অন্য কোনও কারণ থাকে, তখনও তাকে হত্যা করা যায়েজ । এমনকি কোনও কারণ না থাকলেও তাকে হত্যা করা যায়েজ ।",3,religious aggression,0,non-aggressive,False,0.5893718,0.014382086,0.014434301,0.013366465,0.3684454,0.7637284,0.72659767,0.7266339,0.72586536,0.75903076,0.5893718,0.004697621
216,blog 34.jpg,"বর্তমান পৃথিবীতে সর্বমোট ধর্মের সংখ্যা ৪২০০ । তন্মধ্যে শুধুমাত্র একটি ধর্মই সঠিক । আপনার ধর্মই সত্য ধর্ম এমন হবার সম্ভাবনা: ১/৪২০০ = ০.০০০২৩ = ০.০২৩ % অপরপক্ষে, ভুল ধর্মে বিশ্বাসের কারণে দোযখে যাবার সম্ভাবনা: ১০০ - ০.০২ = ৯৯.৯৭ % ঘাবড়ে গেলেন? ঘাবড়ানোর কিছু নেই, সকল ধর্মের মধ্যে শুধুমাত্র আপনার ধর্মটিই সঠিক । এবার ঘুমান ।",3,religious aggression,0,non-aggressive,False,0.7138726,0.005972182,0.014222732,0.0147653995,0.25116706,0.78716403,0.7393281,0.7480054,0.7483798,0.77671814,0.7138726,0.010445893
217,fb 1084.jpg,আমারে স্যার ডাকবা,4,others,0,non-aggressive,False,0.7401844,0.014789541,0.024960935,0.047093675,0.17297135,0.8268659,0.7877361,0.79297006,0.7993183,0.8123282,0.7401844,0.014537692
218,blog 306.jpg,"যখনই আপনার মনে হবে, আপনি নিরর্থক কোনও কাজ করছেন, তখন এই ছবিটায় চোখ বুলিয়ে নেবেন",3,religious aggression,0,non-aggressive,False,0.6712832,0.0071657463,0.01268875,0.013919819,0.29494256,0.7736136,0.7282148,0.7339288,0.7348548,0.7653895,0.6712832,0.00822407
219,fb 1189.jpg,আরে থাম ভাই! আর কতদিন এভাবে প্যান্ট ভালো না বলে নামজ বাদ দিবি!,3,religious aggression,0,non-aggressive,False,0.67521834,0.008657936,0.010304956,0.0105473185,0.29527152,0.78995097,0.74638534,0.74812686,0.74835926,0.7816796,0.67521834,0.008271396
220,direct-offense (47).jpg,"কি করছো জানু ? তোমাকে খুব মিস করছি আমি বান্ধবীর বাড়িতে আসছি বাবু, নোট লিখছি পরে কথা বলবো",1,gendered aggression,0,non-aggressive,False,0.6704133,0.0075291456,0.009437254,0.0133117065,0.29930857,0.77565926,0.73076814,0.733027,0.73646677,0.76759505,0.6704133,0.00806421
221,Halal Memes (270).jpg,ছাত্রলীগ নিয়ে কোন মিম বানানো বিদ্যমান* ছাত্রলীগ নেতা: তুই কারে লইয়া ছিনিমিনি খেলতাসস বুঝোস নাই !,2,political aggression,0,non-aggressive,False,0.74893224,0.004337361,0.007172628,0.008316332,0.23124145,0.78618246,0.7346687,0.7396987,0.7411782,0.77443063,0.74893224,0.011751831
222,in 284.jpg,মোরাল অফ দ্য স্টোরি 'দিদি' দিয়ে 'মোদি'-কে কাটা যায়না।,2,political aggression,0,non-aggressive,False,0.6720011,0.010768728,0.014898862,0.018717894,0.28361338,0.7778331,0.736497,0.73974335,0.7420253,0.7692066,0.6720011,0.008626521
223,blog 111.jpg,"আম্মু, আম্মু, নিনজা ! অথচ তুমি বলসিলা, নিনজা নাকি কল্পকাহিনী !",3,religious aggression,0,non-aggressive,False,0.74874085,0.00509709,0.008090686,0.009838549,0.22823286,0.805678,0.7557808,0.76040125,0.7623572,0.7937978,0.74874085,0.011880219
224,fb 1755.jpg,বিচি ঠান্ডা না করে মাথা ঠান্ডা করে ক্রিকেট খেলুন,4,others,0,non-aggressive,False,0.6403396,0.023343237,0.026801975,0.043149546,0.26636565,0.82081497,0.7876981,0.7890797,0.7938417,0.81204367,0.6403396,0.0087713
225,direct-offense (32).jpg,"ও হ্যান্ডেল মারে তা নিয়ে প্রবলেম নেই । প্রবলেমটা হচ্ছে, ও হ্যান্ডেল মারার পর বাথরুমে জল না দিয়ে চলে এসেছিলো",0,non-aggressive,0,non-aggressive,True,0.68439835,0.007942665,0.011619102,0.008388551,0.2876514,0.76693344,0.7223705,0.72617453,0.7229167,0.75826555,0.68439835,0.008667886
226,ovodro_img (173).jpg,মধু তোমার এই সজ্জিত রূপ বজায় থাকার রহস্য কী ? কাউকেই ভিতরে ফেলতে দিই না ।।,1,gendered aggression,0,non-aggressive,False,0.6851527,0.012090843,0.012841798,0.021643905,0.26827073,0.78405464,0.7436827,0.7442853,0.74950546,0.7746782,0.6851527,0.009376466
227,in 288.jpg,ত্রিপুরার মানুষ পরিবর্তন চায় ২৫ বছরের বাম আমলের থেকেও বড় ক্ষতি করেছে সরকার ত্রিপুরা যাওয়ার আগে চাঁচাছোলা অভিষেক হাফ সিটে কান্ডিডেট খুঁজে পায়না আবার সরকার গড়ার প্রতিশ্রুতি দিচ্ছে!,2,political aggression,0,non-aggressive,False,0.70882636,0.0061316146,0.012278097,0.011800256,0.26096365,0.76748246,0.7199809,0.72692454,0.7265276,0.75749016,0.70882636,0.009992301
228,fb 782.jpg,প্রমিজ করলাম* প্রমিজ করলাম* নিজের সর্বোচ্চ দিয়ে হলেও বাবা মায়ের মুখে হাসি ফুটানোর চেষ্টা করবো,0,non-aggressive,0,non-aggressive,True,0.6617475,0.008196834,0.015545721,0.017648973,0.29686087,0.7795475,0.7356362,0.7420365,0.74330544,0.7715313,0.6617475,0.008016229
229,fb 444.jpg,টাচ করুন তুই মাওবাদী!,2,political aggression,0,non-aggressive,False,0.74102485,0.010452188,0.016887832,0.023707433,0.20792773,0.8452483,0.802636,0.80743384,0.8108258,0.8325398,0.74102485,0.012708485
230,in 414.jpg,এরা এদের মৃত্যুর জন্য নিজেরাই দায়ী অলিম্পিকের মেডেল থেকে মঙ্গলযান সব কৃতিত্বই এনার,2,political aggression,0,non-aggressive,False,0.6887901,0.008216291,0.013994199,0.011248173,0.27775124,0.78854257,0.74425435,0.7495796,0.7473953,0.77946043,0.6887901,0.009082139
231,fb 2022.jpg,আজকে থেকে আয়নাতে খেলা দেখা,4,others,0,non-aggressive,False,0.52955735,0.03461902,0.040728983,0.040841933,0.35425276,0.8097513,0.78247494,0.78410023,0.78412795,0.80573094,0.52955735,0.0040203333
232,fb 1535.jpg,ইশশ ! অসহায় পাখি ! পাখিটাকে ছেড়ে দে! নির্দয় বিড়াল ! কিছুক্ষণ পর... আহ ! কী সুগন্ধ !,4,others,0,non-aggressive,False,0.58556664,0.012429673,0.01662494,0.015330343,0.3700484,0.7811758,0.7426508,0.74555904,0.7447483,0.7765863,0.58556664,0.004589498
233,bamboo-vaiya (335).jpg,যখন আপনি বাসা থেকে টাকা নিয়ে বাজার করে আনেন কিন্তু আপনাকে টিভি চ্যানেলে করোনা ত্রান সহায়তার লাইনে দাঁড়ানো দেখায়,0,non-aggressive,0,non-aggressive,True,0.6196339,0.011035208,0.01569305,0.011936456,0.34170133,0.77873474,0.73845434,0.7419756,0.73923945,0.7727828,0.6196339,0.005951941
234,fb 418.jpg,আমি বেশি মেয়ে পটিয়েছি না আমি বেশি মেয়ে পটিয়েছি,4,others,0,non-aggressive,False,0.64061344,0.011883604,0.023516996,0.019837774,0.30414817,0.7952608,0.75538814,0.76221377,0.76051235,0.7878117,0.64061344,0.0074490905
235,blog 133.jpg,ভাবসিলাম সাথে ভায়াগ্রা নিয়া আসছো !,3,religious aggression,0,non-aggressive,False,0.6315616,0.03059803,0.03348686,0.029778153,0.27457538,0.8406325,0.8103599,0.8112621,0.8100883,0.83230275,0.6315616,0.008329749
236,in 334.jpg,গ্রামবাসীরা ক্ষেপে আগুন হয়ে আছে তাই গ্রামে গ্রামে দিদির দূত হিসাবে যাওয়া থেকে এটা অনেক কম রিস্কের কাজ,2,political aggression,0,non-aggressive,False,0.59504205,0.014326016,0.018186212,0.0141982725,0.35824746,0.767532,0.73026645,0.73265225,0.73017687,0.7624579,0.59504205,0.005074084
237,bangla-gag (87).jpg,লাক্স কোটি টাকা খরচ করে দীপিকাকে বাংলাদেশে আনসে আর বিসিবি ইন্ডিয়ান টিমকে খেলতে ডাকসে সেখানে ইন্ডিয়ান টিম সাথে আনুসকা ফ্রি আসতেসে,4,others,0,non-aggressive,False,0.60792977,0.010344221,0.015707847,0.012401967,0.35361618,0.78453374,0.7437974,0.74797475,0.7456117,0.77911526,0.60792977,0.0054184794
238,bangla-troll (29).jpg,একটা সুন্দরি মেয়ে পেছবুকে রিকুয়েস্ট পাঠাইছিল... মাগার ... ওইটা ফেক আইডি ছিল,0,non-aggressive,0,non-aggressive,True,0.6174108,0.011224551,0.018240526,0.017533313,0.33559078,0.77668476,0.7366104,0.7414658,0.7410704,0.7705883,0.6174108,0.0060964823
239,fb 1469.jpg,আজকে জুম্মার পরে বিরিয়ানি দিবে,3,religious aggression,0,non-aggressive,False,0.71688014,0.01652537,0.021442764,0.03017277,0.21497893,0.8270997,0.78939956,0.79200447,0.79542,0.81505597,0.71688014,0.0120437145
240,ovodro_img (73).jpg,যখন কোন বাচ্চার মা বাবা দুজনেই ট্রেনে উঠে যায় কিন্তু বাচ্চা টা উঠতে পারে না,0,non-aggressive,0,non-aggressive,True,0.70555884,0.0063295546,0.010328344,0.009852444,0.26793072,0.79024583,0.7431082,0.74800485,0.74753314,0.78056324,0.70555884,0.009682596
241,tangaila (57).jpg,বের হলেই চাকরি বেতন ১২ হাজার টাকা,0,non-aggressive,0,non-aggressive,True,0.5820938,0.030503688,0.029338023,0.049399935,0.30866453,0.8165221,0.78703433,0.7866447,0.79185534,0.81017834,0.5820938,0.006343782
242,blog 162.jpg,"দোয়া হচ্ছে হস্তমৈথুনের মতো: যে করে, সে তৃপ্তি পায়, কিন্তু যার কথা ভেবে করা হয়, তার কোনও কাজেই লাগে না",3,religious aggression,0,non-aggressive,False,0.5958883,0.009941095,0.018510874,0.014912766,0.36074683,0.7728952,0.7319614,0.73817825,0.7360168,0.76787645,0.5958883,0.0050187707
243,Halal Memes (206).jpg,নির্দিষ্ট জায়গায় থুথু ফেলবো ।,0,non-aggressive,0,non-aggressive,True,0.6699941,0.018064242,0.024462324,0.040956993,0.24652222,0.8201336,0.7840003,0.78703225,0.79218614,0.8101354,0.6699941,0.009998202
244,fb 760.jpg,স্কুলের ১২০০ টাকা বেতন যে কিভাবে দিবো আব্বু তো বেতন পায় না তিন মাস থেকে আল্লাহ তুমি ১২০০ টাকার ব্যবস্থা করাই দাও প্লিজ না ছেলেটা আর্থিক সমস্যায় আছে কাল ওরে কিছু টাকা দিয়ে সাহায্য করবো বাবা এই ১০০০ টাকা রাখো তোমার বেতন দিতে কাজে লাগবে কিন্তু আমি তো আল্লাহর থেকে ১২০০ টাকা চাইছি তার মানে আপনি বাকি ২০০ টাকা মেরে দিয়েছেন,4,others,0,non-aggressive,False,0.67063487,0.007990452,0.015600565,0.012052425,0.2937217,0.79111516,0.74681544,0.753506,0.7509256,0.78285927,0.67063487,0.008255899
245,fb 1976.jpg,ডিসেম্বর ৩১ ১১ : ৫৯ ২ : ৩০,1,gendered aggression,0,non-aggressive,False,0.69367766,0.018395139,0.030985205,0.047361564,0.20958051,0.8261218,0.78982264,0.79503685,0.79927987,0.81415284,0.69367766,0.01196897
246,fb 1385.jpg,এদিকে আয় মোদী। তোকে আমাদের অনুমতি ছাড়া জঙ্গল কাটার অধিকার দিচ্ছি।,2,political aggression,0,non-aggressive,False,0.70496833,0.0062374766,0.010212398,0.012331667,0.2662501,0.7886721,0.7413963,0.7463266,0.7482123,0.77893496,0.70496833,0.009737134
247,fb 1858.jpg,ছ্যাদা খুজে পাইতেছি না,1,gendered aggression,0,non-aggressive,False,0.65344304,0.02233453,0.023545912,0.035496857,0.26517966,0.8290064,0.7952451,0.7957733,0.79987824,0.81998783,0.65344304,0.00901854
248,fb 295.jpg,"ছেলেটির নাম জনি সিন্স| গরিব, তাই পড়াশোনার পাশাপাশি পিজ্জা ডেলিভারি বয় হিসেবে কাজ করে।একদিন মিরপুরের রাস্তায় মেট্রোরেল এর জ্যাম থাকায় ২০ মিনিট এর জায়গায় ৩০ মিনিট লেট হয়ে যাওয়ায় এই মেয়ে টি জনি সিপ্স কে কলার ধরে মারল| মানবতা আজ কোথায় ???",1,gendered aggression,0,non-aggressive,False,0.50929844,0.02319344,0.018646263,0.02600675,0.42285508,0.7563273,0.7254357,0.7232534,0.7265805,0.75446725,0.50929844,0.0018600225
249,blog 447.jpg,ওরা বেশরিয়তী কাম করে! ইছলামে এইসব হারাম! যৌনদাসী,3,religious aggression,0,non-aggressive,False,0.6434393,0.009844485,0.009672507,0.010708204,0.3263355,0.76590705,0.7241079,0.72393167,0.7249489,0.7591181,0.6434393,0.006788969
250,fb 303.jpg,~কিছু কিছু মাগি আছে সাংগা হওয়ার পরেও বারো জনের দোচা না খাইলে নাভীর নিচে শান্তি হয় না,1,gendered aggression,0,non-aggressive,False,0.7001172,0.0065478967,0.010007228,0.009813821,0.2735138,0.77590936,0.7291883,0.73342997,0.73323476,0.76651037,0.7001172,0.009398997
251,fb 1380.jpg,যখন মাছ খাওয়ার জন্য বাঙালিদের ঘৃণা করা গুজ্জু মহিলা জানতে পারে তার লিপস্টিকে মাছের আঁশ আছে,4,others,0,non-aggressive,False,0.7613851,0.004702219,0.008272634,0.009304508,0.21633556,0.79549897,0.7446279,0.7502771,0.75145257,0.7829159,0.7613851,0.012583077
252,in 436.jpg,"হাসপাতালে নিয়ে যাওয়া হল মানিককে ওসব করে কোনো লাভ হবেনা মানকে, আমি নিজের অভিজ্ঞতা থেকে বলছি |",2,political aggression,0,non-aggressive,False,0.6670036,0.0063404986,0.010226368,0.00866736,0.3077622,0.7806737,0.7341153,0.7388954,0.7372414,0.77293897,0.6670036,0.007734716
253,fb 1622.jpg,নাস্তিক্যধর্ম,3,religious aggression,0,non-aggressive,False,0.72068655,0.012374297,0.024938479,0.044983413,0.19701722,0.8278809,0.78723514,0.794243,0.8001418,0.8149118,0.72068655,0.012969136
254,Halal Memes (240).jpg,আমার মা: এরকম একটা মেয়ে যদি আমার বেটার বউ হতো আমার মা: নাউযুবিল্লাহ,1,gendered aggression,0,non-aggressive,False,0.7082939,0.005586158,0.0072407825,0.0070173643,0.2718618,0.7628398,0.7144141,0.71700853,0.7166951,0.7532642,0.7082939,0.009575605
255,fb 1244.jpg,আমার শরীর আমার অধিকার। আমি যেটা ইচ্ছে সেটা পরবো যদি নগ্নতাকে সভ্য ধরা হয় | তবে বন্য পশুরা সবচেয়ে বেশী সভ্য,1,gendered aggression,0,non-aggressive,False,0.74550176,0.005162674,0.009832603,0.009533139,0.22996984,0.7853824,0.7356564,0.7420988,0.7417895,0.7736213,0.74550176,0.011761069
256,KAM (326).jpg,এটা ফটোগ্রাফি নাকি বগল-গ্রাফি! ফহিন্নির ঘরে ফহিন্নি!,4,others,0,non-aggressive,False,0.6906678,0.008773921,0.012219079,0.010030457,0.27830875,0.7922134,0.74855465,0.75186676,0.74989307,0.7831241,0.6906678,0.009089291
257,in 169.jpg,"পঞ্চায়েত ভোট আসছে... মাসিমরা আমাকে চিনতে পারছেন তো? কেন চিনতে পারবোনা! কতবার টিভিতে হাত পেতে টাকা নিয়ে ""থ্যাংক ইউ"" বলতে দেখেছি",2,political aggression,0,non-aggressive,False,0.68161464,0.007042278,0.011390961,0.011300936,0.28865123,0.78208184,0.7363565,0.7411654,0.74108607,0.7734894,0.68161464,0.008592427
258,ovodro_img (10).jpg,একদিন আমিও অস্কার পাব এক্সপ্রেশন পাল্টাবে কী তোর দাদু ? কপি করা ছাড়বে কি তোর বাবা ?,4,others,0,non-aggressive,False,0.70151085,0.0072149597,0.010747552,0.011157368,0.26936924,0.78909117,0.7433204,0.7473056,0.7476798,0.7795196,0.70151085,0.009571552
259,nurani-memes (222).jpg,গাাছ কোপানোর অন্যায়ের শাস্তি চাওয়া মানুষজন মানুষ কুপিয়ে পার পেয়ে যাওয়া হেলমেট বাহিনি,2,political aggression,0,non-aggressive,False,0.7653007,0.0046520247,0.00717311,0.008219934,0.21465425,0.79014564,0.73911595,0.74344635,0.74480855,0.7774332,0.7653007,0.012712419
260,bamboo-vaiya (486).jpg,কোরবানির ঈদ আসলে তোমার যা মনে পড়ে: কোরবানির ঈদ আসলে আমার যা মনে পড়ে:,4,others,0,non-aggressive,False,0.70431083,0.00622211,0.010872923,0.010773915,0.26782027,0.7725981,0.725307,0.73088866,0.73079723,0.7629291,0.70431083,0.009669006
261,blog 458.jpg,হুরের ইষ্টক শ্যাষ। তয় ৭২টা মুমিনার লগে ওয়েবক্যামে চ্যাটের ব্যবস্থা কইরা দিতারি।,3,religious aggression,0,non-aggressive,False,0.75078773,0.0052232146,0.010886198,0.008087899,0.22501498,0.7951495,0.74546945,0.7528133,0.749842,0.7831,0.75078773,0.012049496
262,blog 164.jpg,"ভালো মানুষেরা করে ভালো কাজ, খারাপেরা খারাপ কাজ। কিন্তু ভালো মানুষকে দিয়ে খারাপ কাজ করিয়ে নিতে প্রয়োজন ধর্মের ।",3,religious aggression,0,non-aggressive,False,0.7042163,0.008278402,0.011072698,0.012316633,0.26411587,0.79510653,0.75067216,0.7535805,0.75464517,0.78529954,0.7042163,0.009806991
263,blog 38.jpg,এবং তার উম্মতেরা শান্তি প্রতিষ্ঠায় নিরলস,3,religious aggression,0,non-aggressive,False,0.6889969,0.015860815,0.018113898,0.039429087,0.23759922,0.8206147,0.7829008,0.7842291,0.7920074,0.8099682,0.6889969,0.010646522
264,fb 1584.jpg,"চিন্তার মুক্তির আন্দোলন কানিজ আমার যৌনসাথী| সে যখন চাবে, যার সাথে চাবে তার সাথেই সম্মতিতে যৌনকর্ম করতে পারবে | এমনকি মুক্তচিন্তায় নিজের ছেলের সাথেও কারণ আমাদের নাস্তিক্যধর্মে এসব বৈধ |",3,religious aggression,0,non-aggressive,False,0.63520336,0.01201895,0.014344142,0.017337618,0.32109594,0.75689304,0.7172184,0.718987,0.72088236,0.7500709,0.63520336,0.006822109
265,in 308.jpg,চাড্ডি পরিবারে যখন কোনো নতুন সদস্য আসে.... মেরা বেটা 'ব্যয়কট গ্যাং' কা মেম্বার বোনেগা....,2,political aggression,0,non-aggressive,False,0.6445353,0.007272897,0.015178154,0.011979824,0.32103378,0.7816982,0.7368545,0.7442115,0.7418452,0.77472836,0.6445353,0.006969869
266,ovodro_img (388).jpg,"বাবা ফেব্রুয়ারি মাস স্পেশাল ক্যানো ?? জানি না, তোর মাকে বিয়ে করার আগে আমিও সিঙ্গেল ছিলাম ।। কাঁদিস না বাবু । বুকে আয় ; একদিন তোকেও বিয়ে দিয়ে মিঙ্গেল করে দেব ।",0,non-aggressive,0,non-aggressive,True,0.6663135,0.011189842,0.012322969,0.012518364,0.29765528,0.7925573,0.7516898,0.7526544,0.7528117,0.78449905,0.6663135,0.00805825
267,fb 993.jpg,*ইন্ডিয়া সাপোর্ট করলে দালাল *পাকিস্তান সাপোর্ট করলে রাজাকার *বাংলাদেশের জনগন,4,others,0,non-aggressive,False,0.6834506,0.0077349944,0.013204633,0.014445251,0.2811646,0.7921235,0.7473095,0.75265765,0.7535556,0.78324133,0.6834506,0.008882165
268,bangla-memes (154).jpg,তো আমরা কী করবো ?,0,non-aggressive,0,non-aggressive,True,0.5779172,0.03688333,0.0370147,0.049741507,0.29844332,0.8210967,0.79358,0.7936156,0.79657084,0.81448823,0.5779172,0.006608486
269,fb 727.jpg,ব্যবসায় উদ্যোগ ব.উ.,0,non-aggressive,0,non-aggressive,True,0.7187544,0.015432657,0.022295455,0.04570021,0.1978172,0.83175427,0.79334396,0.79702294,0.8042002,0.81885254,0.7187544,0.012901723
270,KAM (307).jpg,ও বলেছিল জাতীয় বিশ্ববিদ্যালয় হতে পড়াশুনা করে চলে আসবে ! কিন্তু ও পড়াশুনা শেষ করতে পারেনি আমি এখনও অপেক্ষায় আছি!!!,0,non-aggressive,0,non-aggressive,True,0.6997093,0.007866255,0.009931141,0.010814585,0.2716787,0.77443975,0.72955894,0.7318899,0.7327421,0.7649793,0.6997093,0.009460449
271,blog 240.jpg,"বোকা জঙ্গি চালাক জঙ্গি বুদ্ধিমান হোন, সঠিক কাজটি করুন",3,religious aggression,0,non-aggressive,False,0.7488778,0.0064983694,0.00962267,0.010683635,0.22431758,0.8077267,0.7602564,0.7641821,0.76522803,0.7956715,0.7488778,0.012055159
272,blog 485.jpg,মেয়েদের কাছে সবচেয়ে প্রধান হচ্ছে তাদের স্বকীয়তা।,3,religious aggression,0,non-aggressive,False,0.54525065,0.01641272,0.021401322,0.018316556,0.39861882,0.76220125,0.72716933,0.7298233,0.72826684,0.75906885,0.54525065,0.003132403
273,ovodro_img (270).jpg,তোমার মা কী তোমাকে খুব বকাবকি করছে ? আর সহ্য হচ্ছে না ? ঝগড়া করতেই হবে ? মা এর সাথে ঝগড়া কর না । বাড়ি থেকে বেড়িয়ে যাও দেখবে মা নিজেই তোমাকে ফোন করে করে বাড়ি ফেরানোর জন্য পিছনে লেগে পড়বে ।।,0,non-aggressive,0,non-aggressive,True,0.6634079,0.0077193566,0.013037234,0.013522386,0.30231312,0.76863205,0.72409546,0.72933626,0.72970164,0.76077276,0.6634079,0.00785929
274,in 267.jpg,"গোমাংস খাই বিজেপিও করি অসুবিধা কিসের!' , ভোটের মুখে স্পষ্টবক্তা মেঘালয়ের পদ্মসভাপতি ইনি বিজেপি নন ইনি দেশদ্রোহী",2,political aggression,0,non-aggressive,False,0.5016879,0.017986001,0.0155945895,0.021144886,0.44358662,0.7518263,0.71854246,0.7171158,0.7201605,0.75059545,0.5016879,0.0012308359
275,fb 1881.jpg,বিড়ালটা শুধু বাসররাতে বিড়াল মারার ইতিকথা জানতে চেয়েছিল। বাকিটা ইতিহাস!,1,gendered aggression,0,non-aggressive,False,0.7005734,0.0093483785,0.011645967,0.01353504,0.26489726,0.7950788,0.7519118,0.75410944,0.7556127,0.78535324,0.7005734,0.009725571
276,bamboo-vaiya (169).jpg,জান চলো পালিয়ে বিয়ে করি তিন বেলা বিড়ি খেয়ে থাকতে পারবি ?,0,non-aggressive,0,non-aggressive,True,0.6570305,0.008497152,0.015137759,0.011592539,0.30774203,0.79096675,0.7474867,0.7532613,0.750593,0.783382,0.6570305,0.0075847507
277,pin 11.jpg,এটা কি রুচি না কি ইঁদুর দ্বারা ধর্ষিত বুঝাই যাচ্ছে না,1,gendered aggression,0,non-aggressive,False,0.7019415,0.0072090966,0.011560163,0.015586312,0.26370296,0.79687715,0.7510921,0.7558143,0.75880253,0.7870869,0.7019415,0.009790242
278,chosha (114).jpg,ওরা কারা ? যারা রাতে আমাকে স্বপ্নে দেখে ।,1,gendered aggression,0,non-aggressive,False,0.62427765,0.028319618,0.02991764,0.030284157,0.287201,0.83064777,0.7997173,0.80026627,0.80038804,0.8228836,0.62427765,0.0077641606
279,bamboo-vaiya (364).jpg,তর কি ঘরে বসে ৫-৬ মিনিটে ৫০০ টাকা লাগবো ?,0,non-aggressive,0,non-aggressive,True,0.49760073,0.06010892,0.03634182,0.060947053,0.34500158,0.78044575,0.7593094,0.75427747,0.7594479,0.7767833,0.49760073,0.003662467
280,blog 106.jpg,"তোমার থেকে একটু টুকতে দিবা? আচ্ছা, টোকো । তবে একেবারে হুবহু কপি কইরো না ।",3,religious aggression,0,non-aggressive,False,0.59767693,0.0114516355,0.016295312,0.01810593,0.35647014,0.78744704,0.74789786,0.7514253,0.75247896,0.7822791,0.59767693,0.005167961
281,fb 1866.jpg,পাবলিক বিশ্ববিদ্যালয়* ১ম বর্ষ 8র্থ বর্ষ,1,gendered aggression,0,non-aggressive,False,0.7113893,0.017297998,0.020862982,0.029102718,0.221347,0.84365314,0.8064868,0.8083607,0.81168926,0.83197826,0.7113893,0.011674881
282,fb 1068.jpg,"""একটা ভালো যুবকের জীবন শেষ করে দিবো """,4,others,0,non-aggressive,False,0.5936197,0.024100777,0.03487912,0.031406492,0.31599388,0.8249184,0.7928784,0.79657483,0.79552615,0.8186132,0.5936197,0.0063052177
283,fb 937.jpg,রাস্তায় বাইকার দেখার পর সার্জেন্ট নাস্তার টাকা দিলেন না স্যার?,2,political aggression,0,non-aggressive,False,0.6885773,0.008964235,0.012550398,0.014174345,0.2757338,0.79096115,0.74754727,0.75091237,0.7521292,0.7818092,0.6885773,0.009151936
284,fb 549.jpg,"নেন ভাই এক গ্লাস পানি খেয়ে নিন, প্রত্যয় হিরনের রোস্ট ভিডিও বানিয়ে পোস্ট করতে করতে হাপিয়ে গেছেন",4,others,0,non-aggressive,False,0.6317279,0.010240107,0.01846874,0.014581023,0.3249823,0.7814332,0.7402118,0.7461095,0.74374586,0.7747864,0.6317279,0.006646812
285,fb 1112.jpg,প্যান্ট পড়ে শুয়ার রাতে; রুমে থাকা জ্বিন লুঙ্গি পড়ে শুয়ার রাতে; রুমে থাকা জ্বিন,4,others,0,non-aggressive,False,0.67146754,0.0104459245,0.01712951,0.015553106,0.2854039,0.7866313,0.7449988,0.7499447,0.7489793,0.7780757,0.67146754,0.008555591
286,in 85.jpg,সেই মুহূর্ত যখন আপনি জানতে পারেন দুর্গাপুজোয় আপনার অফিসে মাত্র দুইদিন ছুটি,0,non-aggressive,0,non-aggressive,True,0.62313205,0.011073402,0.016477684,0.016233487,0.33308336,0.78293854,0.74263644,0.746611,0.7464617,0.77667487,0.62313205,0.0062636733
287,in 248.jpg,দাদা একটা ফুটেজপ্রেমী দেখান.... সস্তার কিছু নেই?,2,political aggression,0,non-aggressive,False,0.61687964,0.023609351,0.023859236,0.024336688,0.31131506,0.82533664,0.7927063,0.7928116,0.7930097,0.8184979,0.61687964,0.006838739
288,Halal Memes (60).jpg,লকডাউন লকডাউন শেষে,0,non-aggressive,0,non-aggressive,True,0.6656299,0.019429315,0.028838271,0.030198742,0.25590372,0.8354714,0.8001319,0.80408114,0.80454206,0.8259121,0.6656299,0.009559274
289,blog 157.jpg,ইহুদি ও খ্রিষ্টানেরা নোংরা । জিহাদের সময় তাদের জীবন ও ধনসম্পদ মুছলিমরা কেড়ে নেয়ার অধিকার রাখে। (আমেরিকাবাসী ইছলামবাজ),3,religious aggression,0,non-aggressive,False,0.7094824,0.008501755,0.011455034,0.013848332,0.25671256,0.7830037,0.73876107,0.7417426,0.74364,0.7728379,0.7094824,0.010165811
290,Halal Memes (43).jpg,শান্তিপূর্ণভাবে পড়াশোনায় মনোযোগ বসানো বিদ্যমান মাই বৃক্ক টু মি: তোর কি বাথরুমে যাওন লাগবো ?,0,non-aggressive,0,non-aggressive,True,0.7269754,0.0060239355,0.011321711,0.00996686,0.2457121,0.77583647,0.727905,0.7342148,0.7329402,0.7649892,0.7269754,0.0108472705
291,fb 1197.jpg,এই হচ্ছে আমার ছেলে মানকি যে কিনা নাস্তিক কিন্তু তার কোনো গুরু মারা গেলে আবার বলে ওপারে ভালো থাকবেন স্যার,3,religious aggression,0,non-aggressive,False,0.70509255,0.00584185,0.010728833,0.00970742,0.2686294,0.7768329,0.7289001,0.7349789,0.7339785,0.7671829,0.70509255,0.009649992
292,chosha (42).jpg,তুমি এখানে ইন্টার্ভিউ দিতে এসেছো নার্ভাস হবার কিছু নেই রিলেক্স করো স্যার একটা বিড়ি হবে নাকি?,0,non-aggressive,0,non-aggressive,True,0.67361605,0.007563556,0.012198436,0.013841423,0.29278064,0.77892447,0.7340313,0.73881096,0.7400746,0.7705921,0.67361605,0.008332372
293,fb 1305.jpg,গোল্ডেল গ্লাভস ফেরত দিতে যাচ্ছি কারন ময়মনসিংহের জবলেস মিন্টু বলেছে আমি অসভ্য আনকাচার্ড,4,others,0,non-aggressive,False,0.6906543,0.007869959,0.013584279,0.0140262935,0.27386528,0.7871873,0.7424414,0.7479,0.7482202,0.77793723,0.6906543,0.009250045
294,KAM (2).jpg,"একজন বিশ্ববিদ্যালয় পড়ুয়ার জীবনের লক্ষ্যের ক্রমপরিবর্তন ভার্সিটি ভর্তির আগে ধুর এগুলা আর কি এমন কঠিন পড়া? এই লাইনে আমি বিশ্বসেরা হমু! ১ম বর্ষ একটু কষ্ট করা লাগবো দেখতেসি তয় ব্যাপার না, এই লাইনে আমি বাংলাদেশের সেরা হমুই হমু ২য় বর্ষ পড়া তো দেখি মোটামুটি কঠিন আছে, যে লাইনে পড়তেসি ঐ লাইনে বাংলাদেশের ১ নম্বর কোম্পানিতে জব পাইতেই হইবো ৩য় বর্ষ পড়া গুলা এত্তো কঠিন ক্যারে? যে লাইনে পড়তেসি ঐ লাইনের মোটামোটি ভাল জব পাইলেই চলবো ৪র্থ বর্ষ খোদা, ভালো রেজাল্টের খ্যাতা পুড়ি, শুধু পাস করাই দিও। আর লাইন বেলাইন বুঝি না, কোনরকম একটা জব পাইলেই চলবো পাশ করার পর ভাই ভাল লেভেলের জব লাগবো না, পিয়ন নাইলে ঝাড়ুদারের চাকরি হইলেও দেন!",0,non-aggressive,0,non-aggressive,True,0.7366211,0.0055254144,0.01709417,0.0155773675,0.22518185,0.7883783,0.73945117,0.75074494,0.74981576,0.77652663,0.7366211,0.011851668
295,in 84.jpg,শেষ কবে বন্ধুরা মিলে মাঠে ক্রিকেট / ফুটবল খেলতে গিয়েছিলে ? *আমি অনেক অনেক দিন আগের কথা,0,non-aggressive,0,non-aggressive,True,0.6439745,0.010509984,0.015474434,0.013593874,0.31644723,0.77098197,0.72982866,0.7336973,0.7324016,0.7638769,0.6439745,0.0071050525
296,bangla-troll (38).jpg,"আমাদের প্রত্যেকের জীবনে এমন কিছু কিছু বন্ধু আছে, যারা আমাদের থেকে আমাদের ফেইসবুক পাসওয়ার্ড এর উপর বেশী নজর রাখে",0,non-aggressive,0,non-aggressive,True,0.6755622,0.006913763,0.015864566,0.012391113,0.28926837,0.78998023,0.74415994,0.75246567,0.7499946,0.7814983,0.6755622,0.00848192
297,nurani-memes (88).jpg,কই ? তর নানির পুটকির সই,4,others,0,non-aggressive,False,0.6227106,0.026404755,0.03544376,0.04082977,0.27461118,0.8352473,0.80364186,0.8065859,0.80800056,0.82706004,0.6227106,0.008187234
298,fb 805.jpg,ভয়ানক কিছু অনুভব করার সময়* *আয়াতুল কুরসি পড়ার পর আমার সাহস *আয়াতুল কুরসি পড়ার আগে আমার সাহস,0,non-aggressive,0,non-aggressive,True,0.732377,0.0060178856,0.011866618,0.012853996,0.23688442,0.7980055,0.7499899,0.75677985,0.75757915,0.7867183,0.732377,0.011287212
299,Halal Memes (207).jpg,নিব্বি: ভাবছি বিয়ের পর চিনি খাওয়া ছেড়ে দিব ! নিব্বি: ক্যান? নিব্বা: ঘরে মিষ্টি বউ আর চায়ে চিনি যদি ডায়বেটিস হয়ে যায় ! লে : নিব্বা লে : নিব্বি ইশ আপনিও নাহ,0,non-aggressive,0,non-aggressive,True,0.54140276,0.015066069,0.012712966,0.016921539,0.4138967,0.7656003,0.7297832,0.728085,0.7309446,0.7629149,0.54140276,0.0026854277
300,blog 413.jpg,হাঁউমাঁউখাঁউ কাফিরের গন্ধ পাঁউ।,3,religious aggression,0,non-aggressive,False,0.6308177,0.030779846,0.027787762,0.0339226,0.27669203,0.81333476,0.78313315,0.7821105,0.78410536,0.8050936,0.6308177,0.008241177
301,bangla-troll (52).jpg,"আব্রাহাম লিঙ্কন বেচে থাকলে গণতন্ত্রের বর্তমান সংজ্ঞা হতো- ডেমোক্রেসি ইজ এ গভর্নমেন্ট অফ দ্যা বালুর ট্রাক, বাই দ্যা বালুর ট্রাক, ফর দ্যা বালুর ট্রাক !",2,political aggression,0,non-aggressive,False,0.6400627,0.008685763,0.01352739,0.010402796,0.32732135,0.77657,0.73357123,0.7380016,0.73537517,0.7698638,0.6400627,0.006706238
302,fb 1793.jpg,"বাবা-মা: আমার মেয়ে ডাক্তার হবে, আমার মেয়ে ইঞ্জিনিয়ার হবে মেয়ে: আমি বাঁড়া হবো",1,gendered aggression,0,non-aggressive,False,0.65707994,0.007847367,0.010659916,0.008661031,0.31575182,0.75939405,0.7151178,0.71818095,0.7161043,0.7520656,0.65707994,0.0073284507
303,bamboo-vaiya (20).jpg,গিটার বাজানোর পরে: এ আমি কি করলাম কাজটা ভালো হয় নাই সব ভিডিও ডিলেট দিয়া দিমু আজ থেকে ভালো হয়ে যামু,0,non-aggressive,0,non-aggressive,True,0.70634866,0.0065020705,0.00794526,0.014023527,0.2651805,0.79490983,0.74802995,0.7500345,0.7557161,0.78511286,0.70634866,0.009796977
304,fb 1160.jpg,দোস্ত কোথায় আছিস জানিনা কিন্তু এইখানে হিন্দি গান বাজিয়ে 'বিজয় দিবস' পালন করা হয়,4,others,0,non-aggressive,False,0.69535124,0.006357813,0.011854962,0.0126284985,0.27380756,0.7894119,0.7424646,0.7486952,0.7493273,0.780092,0.69535124,0.0093199015
305,in 205.jpg,তৃণমূলের আশিস বেরোতেই জল দিয়ে উঠোন ধুয়ে দিল বগটুইয়ে নিহতের পরিবার জানাল অপবিত্র হয়েছিল,2,political aggression,0,non-aggressive,False,0.5977418,0.01384625,0.028886259,0.029290378,0.33023533,0.79621094,0.75855947,0.765913,0.76605195,0.7902774,0.5977418,0.005933523
306,fb 1635.jpg,হযরত মোহাম্মদ সঃ এর ব্যবহার করা তলোয়ার। আপনার ইচ্ছা হলে করে সবাই কে দেখানোর সুযোগ করে উপহার দিতে পাড়েন। প্রশ্ন : ইসলাম ধর্ম প্রতিস্টায় কি তলোয়ার লাগে ??????? যিশু অথবা বুদ্ধ তলোয়ার ছাড়াই ধর্ম প্রচার করেনি ?,3,religious aggression,0,non-aggressive,False,0.74677926,0.0056953826,0.009611238,0.011164893,0.22674918,0.7989866,0.7502255,0.75545824,0.75695664,0.78706735,0.74677926,0.01191926
307,KAM (118).png,"জান, তুমি রোদে দাঁড়িয়ে আছো কেন? আরে দেখছ না, ঘাম শুকাচ্ছি যে...",4,others,0,non-aggressive,False,0.5195648,0.0163135,0.018111346,0.022878125,0.42313218,0.7752671,0.7406571,0.74170256,0.744039,0.77321404,0.5195648,0.002053082
308,KAM (357).jpg,আপনি যতই বড় হয়ে যান না কেন মায়ের চোখে সবসময় ছোটই থাকবেন!,0,non-aggressive,0,non-aggressive,True,0.7017141,0.007456717,0.0124640465,0.01277326,0.26559186,0.78745544,0.7420113,0.74714863,0.7473937,0.77773976,0.7017141,0.009715676
309,direct-offense (72).jpg,"ব্যাকরন না বুঝলে মুড়ি খা , শ্লা মাতা মুটারে কে বুঝাইতো",4,others,0,non-aggressive,False,0.7198037,0.005751919,0.0085007865,0.007822811,0.2581208,0.79358107,0.74528664,0.7491929,0.7483617,0.7833256,0.7198037,0.010255456
310,blog 43.jpg,"আল্লাহর একদিন মানুষের এক হাজার বছরের সমান । (সূরা হাজ্জ্ব, ২২:৪৭) আল্লাহর একদিন মানুষের পঞ্চাশ হাজার বছরের সমান । (সূরা আল মা'আরিজ, ৭০:8)",3,religious aggression,0,non-aggressive,False,0.7434077,0.0061704465,0.009602215,0.010842203,0.22997741,0.7664772,0.7185625,0.7229847,0.72419924,0.7547445,0.7434077,0.0117326975
311,Halal Memes (228).jpg,"গ্রাম থেকে শহরে ঘুরতে আসা চাচা ধানমন্ডি, বসুন্ধরা এলাকায় ওড়না ছাড়া মেয়েদের ঘুরাঘুরি করতে দেখার পর কেয়ামতের আলামত শুরু হয়ে গেসে",1,gendered aggression,0,non-aggressive,False,0.6303659,0.011253776,0.0153272655,0.011951467,0.33110163,0.76819813,0.72794217,0.7310315,0.7285437,0.7617594,0.6303659,0.006438732
312,ovodro_img (260).jpg,দেবের মত অভিনয় করতে হলে ৫০০ আমির খান কে আরও বার জন্ম নিতে হবে,4,others,0,non-aggressive,False,0.60060865,0.012010677,0.015497502,0.020324975,0.3515582,0.7810633,0.7419418,0.7444907,0.7472024,0.77570766,0.60060865,0.005355656
313,fb 269.jpg,নানা: নাতি আমার ডাক্তার হবে। মা: না! ছেলে আমার ইঞ্জিনিয়ার হবে | বাবা: আরে না! ছেলে আমার... এদিকে ছেলে... আায় কে আবি: খামকির পোলারা!,4,others,0,non-aggressive,False,0.68154263,0.0040513333,0.005746212,0.007422264,0.30123752,0.80211544,0.75086236,0.7543573,0.75691676,0.79395086,0.68154263,0.008164585
314,in 633.jpg,মোদীজি ইস্মাইল...,2,political aggression,0,non-aggressive,False,0.69255006,0.016425356,0.025632381,0.03567838,0.22971383,0.8323046,0.79488903,0.79933935,0.8026462,0.82126915,0.69255006,0.011035442
315,in 187.jpg,তৃণমূলের নেতার বাড়ির সামনে ছাগল বিক্রি করে দেওয়ার অভিযোগ আমরা ছাগলকেও ছাড়িনা,2,political aggression,0,non-aggressive,False,0.5653109,0.014063375,0.01951062,0.01874086,0.38237426,0.7642835,0.72734547,0.73061925,0.73021674,0.7603737,0.5653109,0.0039097667
316,bangla-memes (26).jpg,যখন তোমার ছেলেরা আর্জেন্টিনা সাপোর্ট করা ছেড়ে দেয় মাদককে 'না' বলো 'আমার ছেলেরা এখন মাদকমুক্ত' তিনি একজন যুদ্ধজয়ী বাবা । মাদকাসক্ত দুই ছেলেকে সুস্থ জীবনে ফিরিয়ে,4,others,0,non-aggressive,False,0.6481422,0.010535075,0.0139083415,0.012891407,0.31452298,0.76829445,0.72710043,0.72987825,0.72911894,0.76106393,0.6481422,0.0072305202
317,chosha (129).jpg,এসেছিলাম একা যেতে হবে একা মাঝখানে ভাইয়ের সাথে দেখা,1,gendered aggression,0,non-aggressive,False,0.60745436,0.010115278,0.011974216,0.011894364,0.35856184,0.7641708,0.7232185,0.7249056,0.72483873,0.7588991,0.60745436,0.005271733
318,in 60.jpg,পঙ্গপাল বাংলাদেশে আসার পর যখন জানতে পারে পঙ্গপাল খাওয়া হালাল পঙ্গপাল- এ কি বিপদে পড়লাম!,0,non-aggressive,0,non-aggressive,True,0.59238476,0.011691425,0.012477879,0.012517544,0.37092838,0.7678334,0.7285804,0.7292314,0.7292632,0.76315194,0.59238476,0.004681468
319,fb 1549.jpg,"স্যার, বিবর্তনবাদ তো যাস্ট একটা থিওরি! চুপচাপ গিলে যা! কোনো কথা বলবি না!",4,others,0,non-aggressive,False,0.7186681,0.0063510295,0.007803382,0.01050204,0.25667554,0.7964637,0.74917585,0.75123525,0.7542054,0.7861678,0.7186681,0.0102959275
320,Bangla Thug Life (190).jpg,বউমা একটু সকালে ঘুম থেকে উঠতে পারোনা কথাটা আমাকে না বলে আপনার ছেলেকে বলুন কেন ? গোটাবছর আমি জোর করতাম এজন্যই লকডাউন পেয়ে আপনার ছেলে আমার কোমরটা শেষ করে দিচ্ছে,1,gendered aggression,0,non-aggressive,False,0.7153173,0.005534078,0.009434852,0.0075751035,0.2621386,0.79343635,0.74481833,0.7501532,0.74795777,0.78339785,0.7153173,0.010038495
321,fb 286.jpg,মাইার ওজন হয় না ৩২ দু* বানাইছে ৩৬,1,gendered aggression,0,non-aggressive,False,0.60278064,0.062222075,0.03334932,0.06729145,0.23435654,0.78218555,0.7594771,0.75324035,0.7602603,0.7727384,0.60278064,0.009447157
322,fb 81.jpg,প্রোগ্রামার হওয়ার রেসিপি রাতে না ঘুমানো বন্ধুমহলে পার্ট নেওয়া কোড কপি পেস্ট করা প্রোগ্রামিং চর্চা করা উপস!,4,others,0,non-aggressive,False,0.72687435,0.0058380538,0.010821795,0.008851447,0.24761428,0.77577513,0.7275316,0.7337032,0.73169345,0.76500636,0.72687435,0.010768771
323,tangaila (95).jpg,যখন হাসানের ছেলে রাস্তায় বের হয়... তখন কুমুদিনীর মেয়েদের অবস্থা !,1,gendered aggression,0,non-aggressive,False,0.604972,0.010273809,0.014230509,0.011295715,0.359228,0.7739535,0.7331976,0.7364555,0.7341459,0.7687412,0.604972,0.005212307
324,blog 410.jpg,"নিজেরে যখনই আবাল মনে হবে তখন মনে কইরেন, আপনের চাইতে বহুত গুণ বেশি আবাল এই দুনিয়ায় অগুন্তি, যারা বিশ্বাস করে, ইউনুস নবী মাছের পেটের ভিত্রে জীবন্ত আছিলো চল্লিশ দিন",3,religious aggression,0,non-aggressive,False,0.54804415,0.014649185,0.019241013,0.023709502,0.39435613,0.77114505,0.7349253,0.7376519,0.7397402,0.767854,0.54804415,0.0032910705
325,fb 159.jpg,আমি বিএনপি (২) আর আমি আওয়ামিলীগ (৩) যে বিরিয়ানি আর কোক দিবে আমি তার |,2,political aggression,0,non-aggressive,False,0.7393484,0.008779771,0.013083216,0.026097015,0.21269163,0.78619766,0.74186444,0.7458533,0.75275815,0.7737384,0.7393484,0.012459278
326,in 340.jpg,*ভাইপো কয়লা কয়লা কয়লা *ভাইপো আমি একদম পছন্দ করিনা কয়লা *ভাইপো কিন্তু কয়লা আমাকে ছাড়া থাকতে পরেনা,2,political aggression,0,non-aggressive,False,0.69754595,0.005395643,0.011883492,0.00938392,0.275791,0.7783083,0.7296885,0.7375841,0.7352226,0.769029,0.69754595,0.009279251
327,KAM (364).jpg,একটা মেয়েকে শিক্ষিত করলে ৪টা মানুষ শিক্ষিত হয় আর একটা মেয়ে স্কুল কলেজ আর ভার্সিটিতে গেলে ৪০টা ছেলের জীবন যে নষ্ট হয় তা কে কইবো?,1,gendered aggression,0,non-aggressive,False,0.7217091,0.005970496,0.0119899055,0.008197705,0.25213277,0.78928924,0.74134135,0.74831367,0.7445116,0.7787726,0.7217091,0.0105166435
328,fb 1057.jpg,৫ম ম্যাচে সুযোগ পাওয়ার আশা করার পরও যখন মিথুনকে না নিয়ে বাজে ফর্মে থাকা সেই সৌম্যকেই আবার নেওয়া হয়* মিথুন: ফাইট্টা যায় বুকটা ফাইট্টা যায়,4,others,0,non-aggressive,False,0.7583403,0.0056158863,0.0076621394,0.00728415,0.22109744,0.76814806,0.7190927,0.7221996,0.7216937,0.7558227,0.7583403,0.0123253465
329,fb 1890.jpg,১ : আজকাল দুধ অনেক পাতলা হয় ২ : আমকে কেন বলতেছেন ভালো কোনো ডক্টর দেখান ৩ : ওই তুই কি বললি ৪ : ভাগোওওও,1,gendered aggression,4,others,False,0.24784935,0.040180206,0.03382403,0.011104309,0.66704214,0.41181013,0.39361563,0.39189363,0.38075522,0.42171043,0.66704214,0.009900302
330,fb 557.jpg,সুন্নতে খৎনা শুনে সারাদিন চিল করার পর পিচ্চি যখন বুঝতে পারে একটু পর তার সম্পদ কেটে দেয়া হবে ..,4,others,0,non-aggressive,False,0.715311,0.007107354,0.011569161,0.010391676,0.25562084,0.7875976,0.7414817,0.7463538,0.74528044,0.77730733,0.715311,0.010290265
331,ovodro_img (385).jpg,সরস্বতী পূজোর সময় মেয়েরা মেকাপ এর আগে মেকাপ এর পরে,1,gendered aggression,0,non-aggressive,False,0.6778188,0.006990943,0.01210482,0.0137153035,0.28937012,0.7844066,0.7386639,0.74415386,0.74540293,0.7758949,0.6778188,0.008511722
332,KAM (175).png,আনুশকা এখন বিরাট কুলি কে ছেরে রুবেল এর সঙ্গে,4,others,0,non-aggressive,False,0.6413007,0.020020617,0.02551374,0.033422235,0.27974275,0.818269,0.7836017,0.78602624,0.7887263,0.80997276,0.6413007,0.008296251
333,pin 56.jpg,"মুম্বইয়ে চাকরির দাবিতে পড়ুয়াদের রেল অবরোধ এরা দেশদ্রোহী, মোদী বিরোধী, এদের পাকিস্থানে পাঠানো হোক...",2,political aggression,0,non-aggressive,False,0.6541458,0.009553768,0.017379144,0.016028384,0.30289292,0.7842897,0.7420258,0.7480091,0.7472,0.7765902,0.6541458,0.0076994896
334,fb 1328.jpg,"সরকারি অনুষ্ঠানে আমাকে ডেকে এনে ""জয় শ্রী রাম"" স্লোগান তুলে আমাকে অপমান করা হয়েছে। আমি এর প্রতিবাদে কোনো বক্তৃতা দেবো না। ""আমরা সবাই অযোধ্যায় রাম মন্দির গড়তে টাকা দেবো""",2,political aggression,0,non-aggressive,False,0.6209346,0.010559783,0.01433551,0.011260058,0.34291005,0.7611696,0.7204279,0.7234847,0.72106993,0.75523204,0.6209346,0.0059375763
335,fb 1834.jpg,সূর্যের নজর টাও আমার মতো দুষ্টু,1,gendered aggression,0,non-aggressive,False,0.7326938,0.012956262,0.015629666,0.030409856,0.2083105,0.81558967,0.77523816,0.7771141,0.7837701,0.80301267,0.7326938,0.012576997
336,in 636.jpg,"টাকা চাইছেন কর্মীরা, হতাশ প্রার্থী, পুরভোটের প্রচারে বিজেপি যেন ঢাল-তলোয়ারহীন 'নিধিরাম'",2,political aggression,0,non-aggressive,False,0.64783406,0.008292303,0.011774684,0.009567348,0.3225316,0.78372914,0.7401461,0.74365234,0.7415764,0.77675486,0.64783406,0.00697428
337,KAM (251).png,আজ শুক্রবার কাঁপলদের জন্য রোমান্সের দিন । আর ব্যাচেলরদের জন্য কাপড় ধোয়ার দিন।,0,non-aggressive,0,non-aggressive,True,0.7195072,0.00632844,0.013234961,0.01249052,0.24843886,0.7807577,0.73342264,0.7408007,0.7402218,0.7701241,0.7195072,0.010633647
338,fb 1573.jpg,"সব পদার্থেরই ধর্ম আছে । কিন্তু, নাস্তিকদের কোন ধর্ম নেই । সুতরাং, তারা অপদার্থ !",3,religious aggression,0,non-aggressive,False,0.66824436,0.006158875,0.013438266,0.013389963,0.29876846,0.78905934,0.7421918,0.74999386,0.74995786,0.7810095,0.66824436,0.008049846
339,fb 812.jpg,ভাত খাওয়ার সময় কোন তরকারি পছন্দ না হওয়ায় যখন ডিম ভেজে খাই | ডিমঃ এইটা বলতে গেলে -আমাদের জমিদারি,4,others,0,non-aggressive,False,0.77146065,0.005393594,0.008827439,0.010258305,0.2040599,0.7992479,0.74961716,0.7545437,0.7560459,0.7859492,0.77146065,0.01329875
340,fb 1467.jpg,"নিজেদের টাইমলিনে কুরআন ও কাবা শরিফের ছবি, মিজানুর রহমান আল-আজহারী এর ওয়াজের ভিডিও শেয়ার দেওয়ার পর: সাওয়াব",3,religious aggression,0,non-aggressive,False,0.6215604,0.01415208,0.012342439,0.015195017,0.33675003,0.7640387,0.726215,0.7248468,0.726926,0.7579098,0.6215604,0.006128907
341,in 279.jpg,৩% বাড়িয়েছি এটাই অনেক; বেশি ঘেউ ঘেউ করবেন না!,2,political aggression,0,non-aggressive,False,0.66469127,0.01643908,0.02556451,0.023451615,0.26985353,0.8318252,0.7948286,0.799244,0.7983813,0.82281077,0.66469127,0.009014428
342,fb 1299.jpg,পাবলিক বিশ্ববিদ্যালয়* ১ম বর্ষ ৪র্থ বর্ষ,1,gendered aggression,0,non-aggressive,False,0.71066624,0.014947653,0.021569911,0.03140559,0.22141069,0.84739673,0.8087802,0.81244767,0.81620455,0.83573484,0.71066624,0.011661887
343,KAM (14).png,আমারও সিক্স প্যাক অ্যাবস আছে যাতে কেউ নজর দিতে না পারে সেই জন্য ভুঁড়ি দিয়া ঢাইকা রাখি,0,non-aggressive,0,non-aggressive,True,0.7019439,0.005976252,0.0084524,0.007895773,0.27573165,0.776363,0.7287024,0.732169,0.73148775,0.76701874,0.7019439,0.00934428
344,fb 1874.jpg,এটা আমরা হতে পারতাম কিন্তু তোমারগুলা তো আমারগুলার থেকেও ছোট,1,gendered aggression,0,non-aggressive,False,0.73225254,0.0048894356,0.007853577,0.007644598,0.24735983,0.7797726,0.7296821,0.734421,0.7341513,0.76891977,0.73225254,0.010852814
345,fb 865.jpg,পোলাপান ভাত পায়না খাইতে আর জামাই নববর্ষের রচনা ফরোয়ার্ড করে রাইতে,4,others,0,non-aggressive,False,0.7005067,0.0069849933,0.011722678,0.010771953,0.27001378,0.80001867,0.7539383,0.7591159,0.7582701,0.7904854,0.7005067,0.009533286
346,tangaila (143).jpg,যখন হঠাত করে হাসানিয়ান বড় ভাই কল দেয় মি : আপনার কি সাদিয়ার নম্বর লাগবো ?,0,non-aggressive,0,non-aggressive,True,0.72400564,0.0054308265,0.0076303477,0.0119913155,0.25094184,0.7923965,0.74346936,0.7468698,0.75139034,0.7818007,0.72400564,0.0105957985
347,fb 196.jpg,আমেরিকার ড্রাইভিং লাইসেন্স বাংলাদেশের ড্রাইভিং লাইসেন্স,2,political aggression,0,non-aggressive,False,0.6391061,0.010972543,0.01646684,0.013430206,0.32002437,0.77856773,0.737921,0.7419805,0.7399421,0.771651,0.6391061,0.006916702
348,in 116.jpg,বেগম রোকেয়া বেশি পণ্ডিতগিরি না করলে প্রতিটা মেয়ের আজ একটা করে সুখের সংসার থাকতো,1,gendered aggression,0,non-aggressive,False,0.67040277,0.009303422,0.015372373,0.014536182,0.29038534,0.7959142,0.7531392,0.75816107,0.7576018,0.78754747,0.67040277,0.008366704
349,ovodro_img (432).jpg,আরে ও দাদু বলছি সাপ ফনা তোলে তো ??,1,gendered aggression,0,non-aggressive,False,0.5108586,0.053471975,0.026770726,0.036413286,0.37248537,0.8026903,0.78012097,0.77320254,0.7762788,0.7995314,0.5108586,0.003158927
350,fb 448.jpg,"কিছুদিন পরপর একেকজন মা হয়, আর বাবা খুঁজে দিতে হয় সাংবাদিকদের",1,gendered aggression,0,non-aggressive,False,0.70042145,0.0069041452,0.009867197,0.013137098,0.26967007,0.7808793,0.7346837,0.7382546,0.7411169,0.77133447,0.70042145,0.009544849
351,ovodro_img (109).jpg,"ডিয়ার বাংলাদেশ , কাপ জেতার আশা ছেড়ে দাও এটা ভেবে খুশি হও যে, তোমরা ভারতের সাথে ফাইনাল খেলছো",4,others,0,non-aggressive,False,0.6093955,0.014212812,0.012768308,0.013238704,0.35038456,0.76410306,0.7265198,0.7254481,0.7258099,0.7585687,0.6093955,0.005534351
352,fb 667.jpg,১ম-৫ম শ্রেণী পর্যন্ত পরীক্ষার প্রস্তুতি ৬ষ্ঠ-১০ম শ্রেণী পর্যন্ত পরীক্ষার প্রস্তুতি কলেজ ও ভাসিটি পরীক্ষার প্রস্তুতি,0,non-aggressive,0,non-aggressive,True,0.71696794,0.0066820537,0.015737977,0.011756573,0.24885546,0.7894533,0.7426973,0.7512638,0.74834716,0.7788718,0.71696794,0.010581553
353,fb 1012.jpg,কি ভাই সুরা ফাতিহার অর্থ ঠিক মতো পারেন না আবার প্রতি শুক্রবারে জুম্মা মোবারক মারান,3,religious aggression,0,non-aggressive,False,0.68025535,0.008895917,0.0128310025,0.014767267,0.28325045,0.7947502,0.75138146,0.75504416,0.75644964,0.78598887,0.68025535,0.008761346
354,fb 1279.jpg,হ্যালো জানু এখন রাখি; পরে কথা হবে ভোক্তা অধিকার সংরক্ষণ ভ্লগ দেখতেছি,2,political aggression,0,non-aggressive,False,0.6689382,0.0086687235,0.011361226,0.011441602,0.29959023,0.78969675,0.74623704,0.7489419,0.74901235,0.78166395,0.6689382,0.008032799
355,blog 411.jpg,এইখানে পষ্ট কইরা লেখা আছে: পাহাড়গুলা শক্ত কইরা বসানো আছে বইলা পৃথিবী হেইলা-দুইলা পড়ে না। (সুরা ১৬:১৫),3,religious aggression,0,non-aggressive,False,0.6129033,0.010846439,0.012000236,0.012933147,0.3513169,0.76790375,0.72756004,0.72857094,0.7293196,0.7623386,0.6129033,0.0055651665
356,fb 494.jpg,"*আমার ছেলেকে আমি বেশি ভালো জানি ! মা; *না তার থেকে ভালো তো আমিই জানি ! গার্লফ্রেন্ড; *সারাবছর হোস্টেলে একসাথে থাকা রুমমেট বন্ধু; কিছুই বলার নহে, কিন্তু চালিয়ে যাও...",0,non-aggressive,0,non-aggressive,True,0.60970134,0.007174335,0.009378395,0.009715526,0.36403042,0.7839381,0.7395136,0.7421925,0.7425457,0.7787808,0.60970134,0.005157292
357,ovodro_img (785).jpg,"কীরে এত কাঁদছিস কেন ? পূজোর শপিং করতে গিয়েছিলাম এটা তো সুখের বিষয় ! কান্না কেন করছিস... ১০,০০০ টাকার জিনিষ কিনেছি তাহলে তোর প্রবলেম কী ? তুই কান্না কেন করছিস ? জামা প্যান্ট কেনা হয়নি শুধু মেকাপের সব কিছু কিনতেই ১০,০০০ লেগেছে",0,non-aggressive,0,non-aggressive,True,0.49723086,0.021653974,0.032004945,0.04275862,0.4063516,0.7940745,0.76273584,0.76664287,0.76953965,0.7920561,0.49723086,0.002018392
358,blog 166.jpg,প্রার্থনাবদ্ধ দুটো হাতের চেয়ে কর্মরত দুটো হাত সব সময়ই সহস্রগুণ শ্রেয়।,3,religious aggression,0,non-aggressive,False,0.6487707,0.009318833,0.01452653,0.010488242,0.3168956,0.78237283,0.7399424,0.7443818,0.7411246,0.77520776,0.6487707,0.0071650743
359,in 423.jpg,বেঞ্জিমা পিসিমা,2,political aggression,0,non-aggressive,False,0.75057864,0.0141179655,0.022098951,0.057277475,0.15592694,0.8151334,0.7753994,0.7798802,0.789404,0.7994188,0.75057864,0.015714586
360,ovodro_img (665).jpg,রঞ্জনা আমি আর আসবো না । রঞ্জনা আমি আর আসবো না ।,0,non-aggressive,0,non-aggressive,True,0.6879694,0.01825755,0.026228664,0.04103587,0.22650848,0.8262825,0.78999084,0.7936136,0.7980895,0.8151729,0.6879694,0.0111095905
361,blog 509.jpg,"পায়ের গোড়ালি ঢাকো, নাইলে আমার ঈমানদণ্ড খাড়ায়া যাইতেসে। মমিন মুসলিম",3,religious aggression,0,non-aggressive,False,0.7677535,0.0059442865,0.009568624,0.010220076,0.20651355,0.78817785,0.7395675,0.7443281,0.7449867,0.7750468,0.7677535,0.013131022
362,fb 780.jpg,"গোসলে গিয়ে পানি ঢালার পর টেংকিতে যখন পানি শেষ হয়ে যায় আমার লাভ-লস নাই, আমার লাইফটাই লস",0,non-aggressive,0,non-aggressive,True,0.66007626,0.009521673,0.014790838,0.015226855,0.30038437,0.78287625,0.7404884,0.74489284,0.74518335,0.7750034,0.66007626,0.0078728795
363,in 20.jpg,ঠিকই ধরেছেন আব্বু আম্মুর বিয়ের একটি ছবি খুজে পেলাম (ভাবছি নিলামে তুলবো ছবিটি কিনতে হলে যোগাযোগ করুন আমার সাথে ),4,others,0,non-aggressive,False,0.5515592,0.013954588,0.034253214,0.037773952,0.36245897,0.78627264,0.74950325,0.75848293,0.75946134,0.7820743,0.5515592,0.0041983724
364,fb 890.jpg,শীতের ভয়ে সাতদিন পর একদিন গোসল করিস আবার কে গোসল করলো কি করলো না এসব নিয়ে এলাকায় মারামারি করোস কেন!,0,non-aggressive,0,non-aggressive,True,0.67710835,0.0076219924,0.014226182,0.014908115,0.28613538,0.7926168,0.74774885,0.75398934,0.75445753,0.78400314,0.67710835,0.008613646
365,bamboo-vaiya (234).jpg,যখন তুমি টাইম মেশিন দিয়ে ভবিষ্যতে যাও আর গিয়ে দ্যাখো তোমার ছেলে সব মিম এ লাইক দেয় আর নাইচ অল কমেন্ট করে তুমি-,4,others,0,non-aggressive,False,0.7069856,0.0069593913,0.011840219,0.014931741,0.25928307,0.7778596,0.7316505,0.7369646,0.73928446,0.76782876,0.7069856,0.010030866
366,in 618.jpg,"তৃণমূল করে খাওয়ার জায়গা নয়, পুরভোটের প্রচারে হুঁশিয়ারি অভিষেকের অভিষেক এটা একদম ঠিক বলেছে ...",2,political aggression,0,non-aggressive,False,0.6684203,0.007873745,0.012182169,0.013816743,0.29770702,0.7698459,0.72543204,0.72979647,0.73105556,0.76175785,0.6684203,0.008088052
367,Halal Memes (99).jpg,যে দিন স্কুলে না গিয়ে স্কুলের সামনে দিয়ে কথাও বেরাতে যাই,0,non-aggressive,0,non-aggressive,True,0.61552495,0.0117837135,0.014922057,0.014730893,0.34303847,0.77884537,0.7392878,0.74164903,0.74152005,0.77299905,0.61552495,0.0058463216
368,chosha (73).jpg,"মুলো না গাজর ? চাইনা গাজর , চাইনা মুলো যদি থাকে বাড়াতে জোর",1,gendered aggression,0,non-aggressive,False,0.7005165,0.008445708,0.009688447,0.012788481,0.2685609,0.79895556,0.754774,0.75614667,0.7589228,0.78936815,0.7005165,0.009587407
369,bamboo-vaiya (23).jpg,"আমি তোমাকে ছাড়া বাঁচবো নাহ হ্যাঁ, চুদে দেওয়ার আগে সবাই এই কথাই বলে",1,gendered aggression,0,non-aggressive,False,0.7302121,0.005407954,0.010014978,0.00925895,0.24510601,0.78251153,0.73345685,0.739619,0.7388341,0.77159506,0.7302121,0.0109164715
370,blog 74.jpg,"আমি তোমার জন্য দোয়া করবো । ইয়া মাবুদ, বিতর্কের সময় আমার দেখানো সব পয়েন্টই যে সঠিক, তুমি বোকচোদ নাস্তিকটারে সেইটা বোঝার তওফিক দান করো । আমিন ।",3,religious aggression,0,non-aggressive,False,0.770883,0.0048758606,0.009865829,0.011444387,0.20293093,0.7752706,0.7246382,0.731686,0.7331702,0.7619239,0.770883,0.013346672
371,ovodro_img (626).jpg,বাকী জায়গায় লোক দেব কে ৫ বছর যেভাবে দেখেছে ! ঘাটালের লোক দেবকে ৫ বছর যেভাবে দেখেছে !,4,others,4,others,True,0.455991,0.01726611,0.015498985,0.0191133,0.49213058,0.7565663,0.72382903,0.7227493,0.7248454,0.75732905,0.49213058,0.00076276064
372,fb 1508.jpg,"মহাদেশের সর্বোচ্চ কালীমন্দির ভেঙে যারা করে দিলো সাফ ঢাকার রমনা কালীমন্দির সাফ করে মুজিব নির্মিত সুরাবর্দি উদ্যান বাঙালি তোমার শত্রু চেনে, কোন দিনও তাদের করো নাকো মাফ",3,religious aggression,0,non-aggressive,False,0.6251969,0.0105904145,0.015238391,0.013069537,0.33590484,0.7809718,0.7401907,0.7438293,0.742294,0.7747594,0.6251969,0.0062124133
373,fb 1607.jpg,নাস্তিকরা যখন ফ্যামিলিতে নাস্তিক যখন মার্কেটিং এ নাস্তিক যখন ফেসবুকে ও পার্টতে,3,religious aggression,0,non-aggressive,False,0.7549088,0.004489297,0.008816751,0.0073489323,0.22443631,0.793272,0.742023,0.74877256,0.7469516,0.781142,0.7549088,0.012130022
374,blog 29.jpg,কোরান না পড়ে ইছলামের সমালোচনা করার অধিকার কারুর নেই | বিষ্ঠা না খেয়ে বিষ্ঠার সমালোচনা করার অধিকার কারুর নেই ।,3,religious aggression,0,non-aggressive,False,0.71641225,0.008466094,0.012146379,0.0143316,0.2486436,0.7744691,0.7300872,0.7336968,0.73535115,0.7638867,0.71641225,0.010582387
375,ovodro_img (64).jpg,ও নিশ্চয় অন্য মেয়েদের কথা ভাবছে ! কিছুদিন বাদেই দুর্গা পূজো সবার জন্য সোপিং করতে হবে,0,non-aggressive,0,non-aggressive,True,0.53686064,0.018228374,0.01658548,0.01757854,0.41074696,0.75728345,0.7234559,0.72251135,0.7230929,0.7546059,0.53686064,0.0026775599
376,in 13.jpg,মানুষ কোলবালিশ নিয়ে ঘুমায় আমি বই নিয়ে ঘুমাই,0,non-aggressive,0,non-aggressive,True,0.7853864,0.013771437,0.015555514,0.024925247,0.16036148,0.81091356,0.7704778,0.771696,0.7764106,0.7950261,0.7853864,0.01588744
377,fb 874.jpg,শীতকালে দিন ছোট হয় শীতকালে আরো অনেক কিছু ছোট হয়,0,non-aggressive,0,non-aggressive,True,0.67464936,0.00794985,0.015035262,0.014482564,0.287883,0.7917225,0.74731207,0.7536845,0.75331,0.7832061,0.67464936,0.008516371
378,in 247.jpg,দেখতে পাচ্চো বিনোদ... ভোটের আগে দলীয় ক্যাডারদের কিভাবে কনস্টেবল করার ছক করা হচ্ছে,2,political aggression,0,non-aggressive,False,0.5472625,0.013546206,0.018540915,0.018013023,0.40263733,0.7766346,0.7396464,0.7427851,0.74249625,0.7735657,0.5472625,0.0030688643
379,fb 1266.jpg,ভাই! ওরা পুরুষকে গালি দিছে। ভাই! ওরা নারীকে গালি দিছে।,1,gendered aggression,0,non-aggressive,False,0.5710476,0.014883198,0.014026771,0.014047121,0.38599536,0.7753351,0.7388627,0.73827004,0.7382845,0.77141863,0.5710476,0.0039164424
380,in 387.jpg,"অতিরিক্ত শূন্যপদ তৈরি হয় ব্রাত্য বসুর নির্দেশে', দাবি শিক্ষাসচিবের বিধানসভায় বিজেপি বিধায়কদের নিয়ে মুখ্যমন্ত্রীর ঘরে শুভেন্দু ..... ক্রিয়ার সাথে সাথেই প্রতিক্রিয়া ঘটে",2,political aggression,0,non-aggressive,False,0.6924434,0.0068681818,0.021196041,0.021541495,0.25795087,0.7929705,0.7468372,0.7581064,0.75826806,0.7830959,0.6924434,0.009874582
381,fb 342.jpg,দুধ বড় করলেই মাগি হওয়া যায় না মাগি হতে হলে ছিদ্র বড় করতে হয়,1,gendered aggression,0,non-aggressive,False,0.76424974,0.0043674023,0.008805987,0.008668273,0.21390858,0.7715339,0.7198866,0.72689927,0.7267416,0.75880045,0.76424974,0.0127334595
382,ovodro_img (511).jpg,জেঠ্যু একবার হবে নাকি ? বেল্ট দিয়ে ছাল ছাড়াতে ডাকছে না কী চা টা খেতে ডাকছে ?,1,gendered aggression,0,non-aggressive,False,0.48904046,0.023378724,0.019903123,0.022781642,0.4448961,0.7634414,0.7330352,0.7314257,0.73277646,0.76249534,0.48904046,0.0009460449
383,fb 656.jpg,"নিজের পায়ে দাঁড়ানোটাই জরুরি, বিয়ে করা জরুরি না!' শারমিন আক্তার পুরুষ জাতি:",1,gendered aggression,0,non-aggressive,False,0.65969795,0.010698389,0.0155863855,0.015392698,0.29862458,0.7835374,0.7423205,0.74608356,0.74595845,0.7756114,0.65969795,0.007925987
384,fb 1792.jpg,"অন্য কিছু নাহ পিল্টার থেকে কি ভাবে পিওর পানি বের করতে হয় এটাই দেখানো হচ্ছে এখানে, তাও কিছু লিজেন্ড ঐ টাই বলবে",1,gendered aggression,0,non-aggressive,False,0.64102584,0.010486952,0.01456658,0.015731614,0.318189,0.78382224,0.7426929,0.74597883,0.74674827,0.776818,0.64102584,0.007004261
385,fb 776.jpg,ছোটবেলায় মেলা থেকে আমার জন্য আব্বু কোনো খেলনা কিনে আনার পর *খেলনা *আমি *ছোটভাই,4,others,0,non-aggressive,False,0.6737681,0.0063354983,0.010776306,0.009090844,0.30002934,0.77846587,0.7317987,0.73711056,0.73540974,0.77037585,0.6737681,0.008090019
386,bangla-troll (59).jpg,"১০% মেয়ে ফুটবল, ক্রিকেট এই খেলাগুলা পছন্দ করে আর বাকি ৯০% মেয়ে ছেলেদের জীবন নিয়ে খেলতে পছন্দ করে !",1,gendered aggression,0,non-aggressive,False,0.67690873,0.006726454,0.014506254,0.010390354,0.2914682,0.79912317,0.7530083,0.7606936,0.7573566,0.7906971,0.67690873,0.00842607
387,fb 1680.jpg,হুজুর ! ইসলাম অর্থ শান্তি আর মুসলমান মানেই শান্তিকামি .. নয় কী ? চুবানাল্লাহ ! অবশ্যই ঠিক কইসেন .. তো হুজুর ! 'সমকামি' ও 'পায়ুকামি'র মতো 'শান্তিকামি' মানে 'শান্তি'রে ধরি বলাৎকার করা বুঝাবেনা কেনু ? হালার নাস্টেক ! আজকেই ধড় থিকা তুর কল্লা নামাইয়া দিমু..,3,religious aggression,0,non-aggressive,False,0.7355741,0.0060980716,0.008723162,0.009380676,0.24022399,0.7832252,0.7352984,0.7388785,0.7396052,0.7720344,0.7355741,0.011190772
388,fb 1846.jpg,১৪ই ফেব্রুয়ারি ১৫ই ফেব্রুয়ারি,1,gendered aggression,0,non-aggressive,False,0.65983063,0.019955738,0.027186716,0.04318088,0.24984613,0.8222491,0.78726447,0.7903566,0.79498327,0.8125378,0.65983063,0.009711325
389,fb 921.jpg,পাবনা পাগলা গারদ,4,others,0,non-aggressive,False,0.70471746,0.015345761,0.02470291,0.027144505,0.22808939,0.85985774,0.82158816,0.82634896,0.8272915,0.84857714,0.70471746,0.011280596
390,fb 100.jpg,ভূমিকম্প হইলেই বাঙালী ধার্মিক হয়ে যায়,3,religious aggression,0,non-aggressive,False,0.6598381,0.01794856,0.01955953,0.03336085,0.26929298,0.8360089,0.7999641,0.80082357,0.8061628,0.827047,0.6598381,0.008961916
391,Halal Memes (24).jpg,যখন আপনার বাসার বাথরুমে টাইলস না থাকার ফলে বাথরুমে কয়টা টাইলস আছে সেটা গুনে এফবিতে স্ট্যাটাস দিতে পারেন না-,0,non-aggressive,0,non-aggressive,True,0.6761567,0.008661638,0.012593381,0.011599442,0.29098892,0.79303485,0.7494596,0.7532023,0.75238013,0.7846034,0.6761567,0.008431435
392,Bangla Thug Life (48).jpg,*ছোট ভাই *আব্বু *আমি *আম্মু *কনডমের অ্যাড,0,non-aggressive,0,non-aggressive,True,0.59225184,0.031342015,0.027055843,0.033749986,0.31560028,0.83088547,0.80149573,0.80002517,0.80223596,0.8245909,0.59225184,0.0062945485
393,tangaila (235).jpg,যখন ঘাটাইলের মেয়ে জানতে পারে তার এক্স এখন অনেক টাকার মালিক :- তার এক্স ঘাটাইলের মেয়ে*,1,gendered aggression,0,non-aggressive,False,0.5815433,0.012725825,0.01735305,0.011794993,0.37658283,0.7664222,0.7282017,0.73130304,0.7274421,0.76207674,0.5815433,0.0043454766
394,Bangla Thug Life (274).jpg,কাজে দেরি করে আসায় শিশুটিতে কি নির্যাতন করা হচ্ছে,1,gendered aggression,0,non-aggressive,False,0.66049474,0.009170122,0.0138437105,0.010640045,0.3058514,0.7846518,0.74188143,0.74600023,0.74336815,0.77695286,0.66049474,0.007698953
395,fb 158.jpg,নারীকে শাড়ি দিবেন জ্ঞান নয়।,1,gendered aggression,0,non-aggressive,False,0.66337305,0.019632537,0.022832248,0.035343047,0.25881916,0.8251232,0.78992176,0.79143155,0.79580086,0.81571114,0.66337305,0.00941205
396,Bangla Thug Life (99).jpg,ম্যাথ ক্লাস শেষ হওয়ার পর আমার মাথায় আসমান ভাইঙ্গা পরসে,0,non-aggressive,0,non-aggressive,True,0.83418936,0.004460969,0.0075803204,0.008334888,0.1454345,0.77791756,0.7256066,0.7309085,0.7318575,0.76045024,0.83418936,0.01746732
397,blog 2.jpg,জাপানি পর্ন মুভিগুলোয় পুরুষ ও নারীর যৌনাঙ্গ যেভাবে অস্পষ্ট করে দেয়া হয়ে থাকে; জার্মানির চ্যান্সেলর মেরকেলের চুলের ওপরে সেই একই পদ্ধতি প্রয়োগ করেছে চৌদি সরকারী টিভি-চ্যানেল একমাত্র ইছলামই নারীর চুলকে দিয়েছে যৌনাঙ্গের মর্যাদা,3,religious aggression,0,non-aggressive,False,0.7319133,0.005654617,0.007917909,0.008865269,0.24564894,0.79456955,0.74593765,0.7493042,0.75043434,0.78365195,0.7319133,0.010917604
398,fb 1250.jpg,বাংলাদেশ-ভারত ভাই ভাই,2,political aggression,0,non-aggressive,False,0.5968129,0.024658794,0.03486985,0.04665977,0.29699868,0.8299218,0.7980571,0.80152196,0.8044346,0.82294303,0.5968129,0.00697875
399,blog 237.jpg,"তোমরা পাথর নিক্ষেপ করে নারীহত্যা করো আল্লাহ, নবী ও ইছলামের নামে",3,religious aggression,0,non-aggressive,False,0.63672715,0.009613908,0.014357943,0.013784742,0.32551622,0.7705435,0.72861224,0.73262316,0.7322157,0.76383424,0.63672715,0.0067092776
400,in 178.jpg,এমন ফ্রেম সম্ভব হলেও হতে পারে কিন্তু দূর্নীতিমুক্ত তৃণমূল কোনোদিনই সম্ভব নয়,2,political aggression,0,non-aggressive,False,0.64160526,0.009092919,0.019348655,0.018203024,0.31175014,0.78889394,0.7463292,0.75388044,0.7532701,0.78167623,0.64160526,0.0072177052
401,fb 382.jpg,বিয়েবাড়িতে মেয়েরা বেশি খাওয়া যাবে না ডায়েটে আসি; যাদের বিয়ে তাদের সাথে ছবি তুলতে হবে হ্যা এত সেজেগুজে আর মেকাপ করে এসেছি ছবি তুলতে হবে খাওয়া দওয়া বাদ ছেলেরা ভাই প্রথমেই বসে যেতে হবে খেতে কোনো কথা নাই হ্যা ভাই তারপর দাঁড়়িয়ে মেয়ে দেখা যাবে,0,non-aggressive,0,non-aggressive,True,0.5996439,0.014173138,0.017164946,0.015956456,0.35306156,0.7672919,0.729842,0.73175716,0.7310271,0.76199496,0.5996439,0.0052969456
402,fb 1850.jpg,যত্ন নিলে মরা গাছেও ফুল ফুটে,1,gendered aggression,0,non-aggressive,False,0.65852183,0.01961651,0.020879913,0.031349007,0.2696328,0.81193614,0.77679986,0.77742404,0.78148794,0.8030067,0.65852183,0.008929431
403,direct-offense (10).jpg,তিতলি কী পারবে ? আমাকে একটা গালফ্রেন্ড এনে দিতে ,4,others,0,non-aggressive,False,0.6053209,0.026800448,0.02349825,0.035622854,0.3087575,0.80592674,0.77475333,0.7734384,0.77759904,0.7991947,0.6053209,0.0067320466
404,in 213.jpg,পিসি সততার প্রতীক দূর্নীতি,2,political aggression,0,non-aggressive,False,0.6504008,0.016371906,0.031432245,0.060676977,0.24111812,0.82503206,0.7882118,0.7947345,0.8013118,0.815109,0.6504008,0.009923041
405,fb 1712.jpg,মঙ্গল শোঙাযাত্রা করছেো? মঙ্গল তুমি রাখো ! শোভা'রে পাঠায় দাও আমার কাছে..,3,religious aggression,0,non-aggressive,False,0.60288006,0.012255584,0.015513208,0.014587215,0.3547639,0.7826168,0.74365944,0.7460165,0.7454011,0.7773141,0.60288006,0.0053026676
406,fb 2078.jpg,যে যেটা পছন্দ করে হেটারসরা বলবে আমি নাকি রোনাল্ডোকে ট্রোল করছি,4,others,0,non-aggressive,False,0.5929065,0.014685201,0.01453794,0.0142928,0.36357754,0.7579473,0.7209653,0.72086453,0.7206945,0.7530569,0.5929065,0.004890442
407,bamboo-vaiya (11).jpg,আরে ভাই একটা দল ছিল যারা কিনা এবারের লিগ জেতার স্বপ্ন এখনও দেখে নাম বললে মান সম্মান থাকবে না তুমি আবার রিয়াল মাদ্রিদ সুদাও কেন ?,4,others,0,non-aggressive,False,0.66375625,0.009211608,0.011572735,0.013552422,0.301907,0.7878764,0.7451019,0.74738383,0.74896294,0.7799985,0.66375625,0.007877946
408,Halal Memes (14).jpg,*রিটেক *আমি *পাশ,4,others,0,non-aggressive,False,0.5498372,0.030131677,0.055226058,0.0598445,0.3049606,0.822831,0.7937905,0.7998491,0.80065227,0.81693655,0.5498372,0.0058944225
409,fb 1609.jpg,মানব ধর্মের মানুষ গুলো দেখতে এমন,3,religious aggression,0,non-aggressive,False,0.7469427,0.019441275,0.017425185,0.028182413,0.18800849,0.8273892,0.7909033,0.7898084,0.7946162,0.81359416,0.7469427,0.013795018
410,Halal Memes (227).jpg,প্রিন্সিপাল ম্যাডাম যখন আমাকে উনার অফিসে ডাকেন লে আমার বন্ধুরা:,0,non-aggressive,0,non-aggressive,True,0.7312545,0.004727204,0.008615618,0.008773623,0.2466291,0.775917,0.7255027,0.7315051,0.7316869,0.7650482,0.7312545,0.010868788
411,tangaila (182).jpg,ট্যুরে যাওয়ার প্লান করার সময় বন্ধুরা সহ ট্যুরের দিন আমি একা,0,non-aggressive,0,non-aggressive,True,0.7157028,0.007550386,0.0142698595,0.013337554,0.24913946,0.79605657,0.75053996,0.75690544,0.75622976,0.78550404,0.7157028,0.0105525255
412,in 595.jpg,বলছি বিধিনিষেধ বড়দিনের আগেই চালু করতে হতো... তবে মদ বেচে এতো কোটি টাকা কোথা থেকে আসতো ? টাকা না এলে লক্ষীভাণ্ডার ভরবে কিসে?,2,political aggression,0,non-aggressive,False,0.5641609,0.013880044,0.022503596,0.025864549,0.37359092,0.76527953,0.72823066,0.73306286,0.7344549,0.76115775,0.5641609,0.0041217804
413,fb 1377.jpg,বামপন্থী আন্দোলনের ভিতরে থাকা দক্ষিণপন্থী মনোভাবাপন্ন লোকদের সমালোচনা করা বামপন্থীরা। কোনোরকম রাজনৈতিক জ্ঞান না থাকা মাথামোটা দক্ষিণপন্থী আইটি সেল কর্মী।,2,political aggression,0,non-aggressive,False,0.67448425,0.007935908,0.015246412,0.012592939,0.28974038,0.7824096,0.7379841,0.7445135,0.74260145,0.77396,0.67448425,0.008449614
414,fb 1446.jpg,"সুইডেনে কোরআন পুড়িয়ে কট্ররপন্থিদের বিক্ষভ অনলাইন ডেস্ক । ২২ জানুয়ারি, ২০২৩ ১২:৩৯",3,religious aggression,0,non-aggressive,False,0.6140329,0.011090392,0.03226345,0.020916207,0.32169697,0.7913121,0.7511724,0.76185095,0.75751686,0.78484774,0.6140329,0.006464362
415,fb 1262.jpg,ইসলামিক দেশের বই-মেলাতে ইসলামিক বই নিষিদ্ধ করে কি শান্তির ঘুম ঘুমাচ্ছে কু#ত্তার বাচ্চা গুলো,3,religious aggression,0,non-aggressive,False,0.5472771,0.021325406,0.024503106,0.018467292,0.3884271,0.75663745,0.7241869,0.72557586,0.72274786,0.75320894,0.5472771,0.0034285188
416,in 605.jpg,বর্ষসেরা ব্যবসায়ী (কয়লা /বালি) ভাইপো,2,political aggression,0,non-aggressive,False,0.6325931,0.030582137,0.01926879,0.05684668,0.26070935,0.8196453,0.7893512,0.7847319,0.7955506,0.8107811,0.6325931,0.008864164
417,bamboo-vaiya (16).jpg,-মনে করো আমি তোমার বন্ধু এখন বলো আমি কি খারাপ ? - না দোস্ত তুই একটা মাদারচোদ,4,others,0,non-aggressive,False,0.71616536,0.005745288,0.009003369,0.009648672,0.2594373,0.79642254,0.7481673,0.75265944,0.7533517,0.7862686,0.71616536,0.010153949
418,Halal Memes (317).jpg,সরকার যদি আপনার বাসার নিচে তেলের খনি পায় তাহলে সেটা সরকারের কিন্তু যদি গাঁজা পায় সেটা আপনার,0,non-aggressive,0,non-aggressive,True,0.6634079,0.0072073727,0.011579465,0.011087287,0.30671793,0.7779543,0.7327314,0.73747265,0.7370383,0.77023965,0.6634079,0.007714629
419,in 152.jpg,সামনে পঞ্চায়েত ভোট আসছে মাসিমা আমাকে চিনতে পারছেন তো? কেন চিনতে পারবো না! টিভিতে কতবার দেখেছি টাকার বান্ডিল নিতে,2,political aggression,0,non-aggressive,False,0.7143402,0.0052518407,0.0070823454,0.006634341,0.26669127,0.76582336,0.71669555,0.71968585,0.71903235,0.7559707,0.7143402,0.009852648
420,fb 1771.jpg,আর্জেন্টিনাদের খেলার জন্য মাঠ প্রস্তুত,1,gendered aggression,0,non-aggressive,False,0.68874925,0.016004845,0.020980269,0.0348542,0.23941137,0.81880856,0.7811887,0.7838957,0.78897154,0.80824167,0.68874925,0.01056689
421,Bangla Thug Life (378).jpg,গার্লফ্রেন্ড পেয়ে ফ্রেন্ডদের ভুলে যাওয়া ফ্রেন্ডের যখন ব্রেকাপ হয় ফ্রেন্ডরা: এটাও আল্লাহ তায়ালার একটা নিয়ামত,0,non-aggressive,0,non-aggressive,True,0.6762647,0.008227367,0.0155398315,0.009383125,0.290585,0.7808088,0.7367176,0.743077,0.7380321,0.77236193,0.6762647,0.008446872
422,bangla-troll (33).jpg,মেয়েটা আমাকে দেখে চোখ টিপ দিয়েছে ... নিশ্চয়ই তার চোখে সমস্যা আছে !,0,non-aggressive,0,non-aggressive,True,0.6108817,0.0121009955,0.020707034,0.016347526,0.33996278,0.78126097,0.74204487,0.7474167,0.74505275,0.7754003,0.6108817,0.0058606863
423,fb 1961.jpg,কৃষি শিক্ষা ক্লাস করাচ্ছে স্যারে,1,gendered aggression,0,non-aggressive,False,0.68652236,0.01730517,0.018232498,0.03851113,0.23942877,0.8258398,0.7890335,0.78955555,0.7970329,0.815306,0.68652236,0.01053381
424,bamboo-vaiya (180).jpg,দুর্বল হওয়ার থেকে মাদারচোদ হওয়া উত্তম । -নুনুকাটা গ্রেজয়,4,others,0,non-aggressive,False,0.72172254,0.0068032146,0.012735898,0.011641642,0.24709664,0.766126,0.7194835,0.7257538,0.7248554,0.75540733,0.72172254,0.010718644
425,in 488.jpg,একটা যুবরাজ দেখান তো! সস্তার কিছু দেখান...,2,political aggression,0,non-aggressive,False,0.6298792,0.017745754,0.01569562,0.02246185,0.31421763,0.825925,0.79023117,0.78900355,0.7925879,0.81897056,0.6298792,0.0069544315
426,blog 161.jpg,-বেহেশতে গিয়ে পুণ্যবতী মুছলিম জেনানার প্রধান কাজ কী হবে? -তার স্বামীর ৭২ হুরের কাপড়চোপড় ধোওয়া ও ইস্ত্রি করার জন্য বুয়া লাগবে না!,3,religious aggression,0,non-aggressive,False,0.6233475,0.009448798,0.013685446,0.014840005,0.33867815,0.7896972,0.747805,0.7515095,0.7523194,0.78359663,0.6233475,0.0061005354
427,KAM (72).jpg,বাবা আমি সত্যি বলছি বাথরুমে ঐটা শ্যাম্পু পড়ে আছে হইছে আর মিথ্যা বলা লাগবে না তোমার ওই বয়সে থাকতে আমিও এইরকম অনেক শ্যাম্পু ফেলেছি,0,non-aggressive,0,non-aggressive,True,0.6647414,0.00837936,0.0124440305,0.013454078,0.30098107,0.79724663,0.75351036,0.75746506,0.75824547,0.78932315,0.6647414,0.007923484
428,bamboo-vaiya (110).jpg,বিশ্বাসের ভাইরাস অভিজিৎ রায়,4,others,0,non-aggressive,False,0.6563041,0.020149972,0.025007118,0.048206896,0.2503319,0.83386946,0.79903525,0.80119485,0.8077583,0.8242311,0.6563041,0.009638369
429,tangaila (288).jpg,হ্যাপি নিউ ইয়ার জুমা মোবারক,3,religious aggression,0,non-aggressive,False,0.74591786,0.015537236,0.017623736,0.03122248,0.18969865,0.83967525,0.80096143,0.80222154,0.8079404,0.82598346,0.74591786,0.013691783
430,fb 460.jpg,যাকে ভালোবাসা যায় তাকে ময়লা কাপড় আর ছেড়া জামাতেও ভালোবাসা যায়!,0,non-aggressive,0,non-aggressive,True,0.64777607,0.011114354,0.014684302,0.015440999,0.31098425,0.7984334,0.7577804,0.76056576,0.7610683,0.79109544,0.64777607,0.0073379874
431,ovodro_img (436).jpg,আমি বাললায় গান গাই আমি বাললায় গান গাই আগে বাংলা টা ঠিক করে বল তারপর না হয় বাংলায় গান করিস,4,others,0,non-aggressive,False,0.78093415,0.005319899,0.008686323,0.012497191,0.19256248,0.83354133,0.783651,0.7885539,0.79219145,0.8195406,0.78093415,0.014000714
432,fb 1330.jpg,বাবা বলেছেন আপনি নাকি আমাদের পার্সোনাল ডাটা চুরি করেন? উনি তোমার আসল বাবা নন,4,others,0,non-aggressive,False,0.6832826,0.007248127,0.010108658,0.00984185,0.2895188,0.7951893,0.74972767,0.75305414,0.75278664,0.7866024,0.6832826,0.008586943
433,in 145.jpg,লোকটা কালীঘাটে শুধু জানতে গিয়েছিলো তৃণমূলের দলীয় প্রার্থীর নাম ঠিক করার ভোটও অবাধ; শান্তিপূর্ণ করার জন্য কেন্দ্রীয় বাহিনী মোতায়েন করতে হবে!?,2,political aggression,0,non-aggressive,False,0.6414793,0.0092592025,0.014733082,0.010556607,0.32397172,0.7842219,0.7418403,0.74648505,0.7431516,0.77739066,0.6414793,0.0068312287
434,blog 102.jpg,"অমুছলিম যুদ্ধবন্দী নারীদের লজ্জা দিতে ও অবমানিত করতে তাদেরকে ধর্ষণ করার অধিকার আল্যা মুছলিম পুরুষদের দিয়েছেন - সুয়াদ সালেহ (ইছলামী অধ্যাপক, আল-আজহার বিশ্ববিদ্যালয়)",3,religious aggression,0,non-aggressive,False,0.72317463,0.006618722,0.010838251,0.014509877,0.24485864,0.7833265,0.73638904,0.7413208,0.74423826,0.77249676,0.72317463,0.010829747
435,fb 66.jpg,সেই খুশির মুহূর্ত যখন দুই বন্ধু একসাথে ফেইল করি,0,non-aggressive,0,non-aggressive,True,0.6868789,0.006968651,0.015208281,0.015053937,0.2758902,0.7947146,0.7488073,0.75661147,0.7565095,0.7855931,0.6868789,0.009121537
436,in 596.jpg,"আবার বিধিনিষেধ চালু হলো! খেটে খাওয়া মানুষ গুলো কোথায় যাবে!? বিধিনিষেধ আরোপ মানেই বাবুদের সাইড ইনকাম পথেঘাটে পেটিকেস, কালীঘাটে স্যুটকেস!",2,political aggression,0,non-aggressive,False,0.6160011,0.0148073295,0.013551425,0.011194995,0.3444451,0.7651157,0.7278344,0.7269481,0.7250379,0.7593025,0.6160011,0.0058131814
437,pin 24.jpg,শিক্ষা মন্ত্রী টুকে পাশ শিল্প টাইম পাস অর্থ মন্ত্রী দিচ্ছে বাঁশ ক্রীড়ামন্ত্রী কারাবাস নগর মন্ত্রী ঘুষ খাস কৃষি মন্ত্রী ফোর পাস বাকি গুলো দলদাস মুখ্য মন্ত্রী সর্বনাশ বঙ্গবাসীর লন্ডন বাস,2,political aggression,0,non-aggressive,False,0.7516916,0.0066266167,0.012039142,0.010841249,0.21880145,0.7892782,0.74196583,0.74793655,0.7468885,0.7769366,0.7516916,0.012341619
438,fb 1766.jpg,বন্ধুর শালীর পমপম আমি,1,gendered aggression,0,non-aggressive,False,0.7003794,0.018242968,0.017336257,0.040222604,0.22381884,0.82086545,0.78438705,0.78387725,0.79229355,0.80945766,0.7003794,0.011407793
439,KAM (105).jpg,এক চুটকি সিন্দুর কি কিমাত তুম ক্যায়া জানো রামেশ বাবু আমি জনব কেমনে? আমি লাগাই নাকি?,0,non-aggressive,0,non-aggressive,True,0.77567154,0.0044033155,0.008611149,0.010309735,0.20100431,0.79034007,0.7386263,0.7453333,0.7471336,0.776836,0.77567154,0.013504088
440,blog 390.jpg,"নিজেরে যখনই আবাল মনে হবে তখন মনে কইরেন, আল্যার দুনিয়ায় আপনের চেয়ে বহুত গুণ বেশি আবাল আছে কোটি কোটি, যারা বিশ্বাস করে, একদিন সূর্য উঠবে পচ্চিম দিকে",3,religious aggression,0,non-aggressive,False,0.60251206,0.012416517,0.019731639,0.020271504,0.34506828,0.78153557,0.74271476,0.74734676,0.74761665,0.77596194,0.60251206,0.0055736303
441,fb 1677.jpg,মানলাম আমি হারাম । কিন্তু সৃষ্টিকর্তা কতবড় হারামি হলে আমার মত হারাম প্রাণীর সৃষ্টি করতে পারে?,3,religious aggression,0,non-aggressive,False,0.7932257,0.0048340377,0.010451116,0.01616035,0.17532873,0.80033803,0.7493338,0.7570441,0.7614026,0.7852436,0.7932257,0.015094459
442,Bangla Thug Life (66).jpg,ডাটা প্যাক না কিনেই যখন আপনি ব্রাউজিং শুরু করেন সিম কোম্পানি: আপনি:,0,non-aggressive,0,non-aggressive,True,0.6886743,0.008611385,0.013345716,0.011201754,0.2781668,0.77762115,0.73380435,0.7381854,0.73643416,0.7685557,0.6886743,0.009065449
443,in 182.jpg,হু হু করে নাকি কমে যেত বয়স! বাদরের অন্ডুকোষ মানবদেহে প্রতিস্থাপন করে চমকে দেন চিকিৎসক এইটে আগে জানানো উচিং ছিল....,2,political aggression,0,non-aggressive,False,0.66132915,0.007813965,0.011939534,0.011438682,0.30747858,0.78412825,0.7397449,0.7439843,0.7435558,0.77646977,0.66132915,0.0076584816
444,fb 539.jpg,শাহীন কী ন'টির পোলাকে ধরতে পারছিলো?,4,others,0,non-aggressive,False,0.56537426,0.045231774,0.033127386,0.03456075,0.32170582,0.81774104,0.79248416,0.7893697,0.7897933,0.8121025,0.56537426,0.00563854
445,fb 1838.jpg,আরেকটু খাও বাবু । না খেয়ে দিনদিন শুকিয়ে যাচ্ছো যে ।,4,others,0,non-aggressive,False,0.6801375,0.0076185083,0.011215614,0.010557579,0.2904708,0.7852713,0.7403541,0.74422145,0.7436168,0.7767634,0.6801375,0.008507907
446,in 377.jpg,"আডবাণীর নেতৃত্বে বিজেপি এসে উদ্ধার করে! দাবি শুভেন্দুর| সিঙ্গুর আন্দোলন কোনও আন্দোলনই ছিল না, দাবি শুভেন্দুর এইভাবে সব বলে দিলে দুজনের কারোরই লাভ হবেনা",2,political aggression,0,non-aggressive,False,0.5686136,0.013195053,0.019005151,0.017265221,0.381921,0.77943444,0.74180084,0.74544954,0.7444894,0.7754545,0.5686136,0.0039799213
447,fb 142.jpg,সেই প্যারাময় মুহূর্ত : যখন পিজ্জা খেতে গিয়ে কামড় পিজ্জাতে না লেগে নিজের হাতেই লাগে!,0,non-aggressive,0,non-aggressive,True,0.55968,0.013502026,0.015212155,0.012501536,0.3991043,0.765203,0.7279578,0.7291503,0.7271879,0.7618216,0.55968,0.0033813715
448,fb 1088.jpg,স্যার কোনভাবে দুই দলকেই হারিয়ে দেওয়া যায় না!,4,others,0,non-aggressive,False,0.6615953,0.018408097,0.021666883,0.024377093,0.2739527,0.82700825,0.7911896,0.7928195,0.7939981,0.81819123,0.6615953,0.008817017
449,in 28.jpg,ঘরের সব কাজ করার পর যখন বুঝতে পারি যে ঘরের সব কাজ আমি একাই করে ফেলেছি আম্মু আমাকে কি তোমার বুয়া মনে হয়? থাকমোনা আমি তোমার ঘরে আমি কোরিয়া আমার ইয়ের কাছে যামোগা,0,non-aggressive,0,non-aggressive,True,0.62300444,0.011341637,0.016536139,0.013508663,0.3356091,0.77873576,0.738675,0.74244565,0.7404235,0.7725497,0.62300444,0.006186068
450,tangaila (108).jpg,তার হাজবেন্ড বিন্দুবাসিনীর মেয়ে,1,gendered aggression,0,non-aggressive,False,0.6343224,0.02196017,0.02371021,0.037853267,0.282154,0.8248975,0.79126424,0.79203105,0.7967091,0.8167965,0.6343224,0.008101046
451,bamboo-vaiya (334).jpg,*৯ বছরের আমি *বিস্কুটের ক্রিম,1,gendered aggression,0,non-aggressive,False,0.5252697,0.03597761,0.03906376,0.047832347,0.3518566,0.8048688,0.7780587,0.77888167,0.78090674,0.80086195,0.5252697,0.0040068626
452,fb 1128.jpg,"মাদখালী, সরকারপন্থী দেওবন্দী, তাদের জিহাদোফোব সমর্থকবৃন্দ। জিহাদিস্ট, ইসলামিস্ট মিলিটারি অর্গানাইজেশন, তাদের সমর্থকবৃন্দ।",3,religious aggression,0,non-aggressive,False,0.73215467,0.005380883,0.009429417,0.00790615,0.24512886,0.78478014,0.7356487,0.74125856,0.7394966,0.77383804,0.73215467,0.0109421015
453,in 471.jpg,"জামিন দিন, আমাকে বাঁচতে দিন! শুনানিতে কেঁদে ফেললেন পার্থ, ফের জেল হেফাজত চাইল ইডি আপনি একদম চাপ নেবেন না... পিসি ঠিক ভিতরে ভিতরে আপনার জামিন করে দেবেন",2,political aggression,0,non-aggressive,False,0.6021107,0.008777376,0.01345834,0.013216776,0.36243677,0.78025573,0.7379731,0.74224734,0.7420662,0.7751798,0.6021107,0.0050759315
454,fb 1434.jpg,"কেবল হোঃ হোঃ হোঃ, কেষ্টদাসের পিসি- বেচত খালি কুমডো কচু হাঁসের ডিম আর তিসি।",2,political aggression,0,non-aggressive,False,0.640688,0.009188702,0.014195845,0.013351135,0.32257628,0.7887249,0.74627924,0.75062895,0.7500155,0.78186285,0.640688,0.0068620443
455,fb 1482.jpg,কি দিন আইলো রে ভাই! হুজুররাও নাকি ইত্যাদি তেলেসমাতি জিনিসের নাম জানে!,3,religious aggression,0,non-aggressive,False,0.5646832,0.017996306,0.016868087,0.017931204,0.3825212,0.75823945,0.7237785,0.72313106,0.72374225,0.75434464,0.5646832,0.003894806
456,pin 19.jpg,"ভদ্রমহিলা ছাতা সারাতে গেছেন আপনার উপরের কাপড় খুলতে হবে; আর নিচে ডান্ডাও লাগাতে হবে| যা করার করো, শুধু মনে রেখো ভিতরে জল না পড়ে!",1,gendered aggression,0,non-aggressive,False,0.6278697,0.009651158,0.016169555,0.013005495,0.333304,0.7720544,0.7303018,0.73546237,0.7332848,0.7657216,0.6278697,0.006332755
457,bangla-memes (50).jpg,বাজারের সবচেয়ে* কমদামী গরু *আমার আব্বু,0,non-aggressive,0,non-aggressive,True,0.67320585,0.017035656,0.024967803,0.04668872,0.2381019,0.82151204,0.7847447,0.7885674,0.79482657,0.81111854,0.67320585,0.0103935
458,Halal Memes (245).jpg,নতুন শার্ট নিয়ে আসা বিদ্যমান । আম্মু: কত নিছে ? আমি: ফ্রী'তে পাইছি আম্মু । আম্মু: তাও ঠকছোস । আমি হইলে ফ্রী'তে দুইটা নিতাম লে আমি:,0,non-aggressive,0,non-aggressive,True,0.57808685,0.01628697,0.016943522,0.023737207,0.36494547,0.7597461,0.7240525,0.7244477,0.7278193,0.7551463,0.57808685,0.00459975
459,blog 494.jpg,রিজিকের মালিক আল্লাহ,3,religious aggression,0,non-aggressive,False,0.71356326,0.014495194,0.024817768,0.050844718,0.19627911,0.8245188,0.7855543,0.7909317,0.79810387,0.8116115,0.71356326,0.012907326
460,KAM (415).jpg,বাথরুমে এতক্ষণ কি করছ? বিয়ে-শাদি দাও না বাথরুমে তো সময় লাগবেই,0,non-aggressive,0,non-aggressive,True,0.56035537,0.01880172,0.015722135,0.01617351,0.38894722,0.77313966,0.73919344,0.73740464,0.73768765,0.76948833,0.56035537,0.003651321
461,blog 297.jpg,সজাগ হোন আল্লাহু আকবর ! ঘুমিয়ে থাকুন ইছলামের সমালোচনা করা হীনতা ।,3,religious aggression,0,non-aggressive,False,0.6183311,0.01074838,0.013066108,0.011678922,0.3461755,0.78453916,0.74401647,0.7459692,0.7448468,0.77873844,0.6183311,0.005800724
462,blog 32.jpg,কুরান ৬:১১৫/১৮:২৭ কেউ আল্লার কথা বিকৃত করতে পারে না । তাইলে... মডারেটরা যে বলে জংগিরা কুরানের অর্থ বিকৃত করে জংগী হয়ে উঠে এইটা কার কুরান ?!,3,religious aggression,0,non-aggressive,False,0.49890602,0.016136844,0.017857363,0.011705874,0.45539382,0.71614146,0.6818283,0.6828414,0.6786182,0.7152289,0.49890602,0.0009125471
463,fb 1973.jpg,*একটা হট ছবি পাঠাও* বয়ফ্রেন্ডের জন্য বেস্টফ্রেন্ডের জন্য জাস্টফ্রেন্ডের জন্য,1,gendered aggression,0,non-aggressive,False,0.58572763,0.010705247,0.016502617,0.014119422,0.3729451,0.7686596,0.72863835,0.73296624,0.73140657,0.7641454,0.58572763,0.0045142174
464,KAM (795).jpg,বিউটি পার্লারে যাওয়ার আগে: বিউটি পার্লার থেকে বের হওয়ার পর,4,others,0,non-aggressive,False,0.5954721,0.014565468,0.027691059,0.030793251,0.33147818,0.7770913,0.7399843,0.7464089,0.74747074,0.7712334,0.5954721,0.0058579445
465,KAM (92).png,আড়াই টাকার পারফর্মেন্স হাজার টাকার ফায়দা!,4,others,0,non-aggressive,False,0.7038649,0.01301229,0.019368738,0.01979873,0.24395543,0.85153884,0.8116319,0.8156096,0.81582916,0.84094286,0.7038649,0.010595977
466,fb 601.jpg,"""আন্টি আপনার মেয়ের নাম ছোট করে রাখা উচিত ছিল। আমার বন্ধুর হাত কেটে লিখতে কষ্ট হয়""",4,others,0,non-aggressive,False,0.6726257,0.007482751,0.012716747,0.012722665,0.2944521,0.7796395,0.73465365,0.7399568,0.7399615,0.7713788,0.6726257,0.008260667
467,in 314.jpg,তৃণমূল ভবনের দরজা সৎ লোকেদের জন্য দুর্নীতিগ্রস্তদের জন্য,2,political aggression,0,non-aggressive,False,0.6220432,0.010311689,0.02363739,0.023394287,0.3206135,0.79268605,0.7516888,0.7599843,0.7598809,0.78605837,0.6220432,0.006627679
468,in 82.jpg,উচ্চতা সষ্পন্ন পঞ্জাবি পরিহিত চাপ দাড়ি রাখা ছেলে অস্তিত্ব রাখে *বাঙালি মেয়ে উফফ আমি এরকম ঘেমে যাচ্ছি কেন ? আমার মনটা এরকম দুর্বল হয়ে পড়ছে কেন,1,gendered aggression,0,non-aggressive,False,0.6838735,0.007978404,0.009736046,0.013476898,0.28493518,0.79457533,0.750065,0.75205594,0.7553074,0.78582025,0.6838735,0.008755088
469,KAM (117).png,ক্লাসের সব চেয়ে ব্রিলিয়ান্ট স্টুডেন্টের পাশে পরীক্ষার হলে সিট পরছিল! কিন্তু শালা তার হাতের লেখা এত সুন্দর যে বুঝতেই পারি না!,0,non-aggressive,0,non-aggressive,True,0.66024405,0.008859096,0.016887069,0.015087775,0.29892194,0.7847471,0.7416355,0.7480865,0.7469599,0.77682287,0.66024405,0.007924259
470,bamboo-vaiya (240).jpg,"জীবনে প্রথম প্রেমটা রিয়েল হয়, আর সেটা ও হয় এক বারোভাতারি মালের সাথে",1,gendered aggression,0,non-aggressive,False,0.6488595,0.011349318,0.013816749,0.017078076,0.30889636,0.7784093,0.7379487,0.7399159,0.74203503,0.77098715,0.6488595,0.007422149
471,bangla-gag (80).jpg,"আসলামুল হক আসলাম সংসদ সদস্য, ঢাকা-১৪ আসন মজা পাইলাম !",2,political aggression,0,non-aggressive,False,0.7789202,0.0044508986,0.008013245,0.011772992,0.19684272,0.8049723,0.7533243,0.7592042,0.76305133,0.79121727,0.7789202,0.0137550235
472,ovodro_img (272).jpg,"সেদিন ঝাল লাগলো কেনরে আমার ওখানে ? হুহু , জানেও না আমার বাড়ী শ্রীলঙ্কা ঝাল তো লাগবেই",1,gendered aggression,0,non-aggressive,False,0.5025267,0.025221527,0.01697199,0.019239563,0.4360402,0.74019265,0.71027315,0.7063118,0.70756584,0.73877347,0.5025267,0.0014191866
473,in 552.jpg,গত ৭০ বছরে কংগ্রেস দেশের জন্য কি করেছে? বলবো না। কেন? বললেই আপনি সেগুলো বিক্রি করে দেবেন!,2,political aggression,0,non-aggressive,False,0.49601907,0.023716317,0.037381664,0.04290082,0.39998206,0.797735,0.76733047,0.7718806,0.77325773,0.795583,0.49601907,0.002151966
474,fb 334.jpg,দোস্ত ভিতরে পরে গেছে! ! সমস্যা নাই! তুই চালিয়ে যা বয়ফ্রেন্ডের উপর দোষ চাপিয়ে দিবো!,1,gendered aggression,0,non-aggressive,False,0.531031,0.01856422,0.018005695,0.019752016,0.41264707,0.754058,0.72052217,0.7202167,0.72114235,0.7515357,0.531031,0.0025222898
475,Bangla Thug Life (246).jpg,কচি দেবর দেখা বিদ্যমান সাবিতা ভাবি বি লাইক:,1,gendered aggression,0,non-aggressive,False,0.7740772,0.005234787,0.008097287,0.017712163,0.19487849,0.85517,0.80520654,0.8095686,0.81739575,0.841377,0.7740772,0.013792992
476,in 102.jpg,করোনায় আক্রান্ত 'টুম্পাসোনা',4,others,0,non-aggressive,False,0.70094764,0.017166121,0.020915877,0.035331864,0.22563848,0.84046656,0.80337155,0.80534726,0.81059,0.82913154,0.70094764,0.011335015
477,fb 1721.jpg,তুমি কামের ফাঁদে পড়েছ তুমি রামের ফাঁদে পড়েছ,3,religious aggression,0,non-aggressive,False,0.7085058,0.014610633,0.019618949,0.027977059,0.22928752,0.8117109,0.7728968,0.7758443,0.77939314,0.80042905,0.7085058,0.011281848
478,blog 299.jpg,"পলিনেশিয়ান ঈশ্বর লোনোর কথা শুনলে আপনার হাসি পায়, ঠিক না? জানেন, আপনার ঈশ্বরের কথা শুনলে আমারও ঠিক একই অবস্থা হয় ।",3,religious aggression,0,non-aggressive,False,0.7017564,0.006732519,0.01050731,0.011579267,0.26942447,0.78992397,0.74345756,0.7479088,0.74888027,0.7803509,0.7017564,0.009573042
479,ovodro_img (541).jpg,"কোম্পানিতে জয়েন করলে ১০,০০০ আর ছয়মাস এর পরের থেকেই ২০,০০০ হবে মাইনে ! তাহলে কবে থেকে জয়েন করবে ? ছয়মাস পরে থেকেই করব জয়েন",0,non-aggressive,0,non-aggressive,True,0.7172253,0.0052566635,0.00940877,0.009352303,0.258757,0.7752834,0.7261245,0.731946,0.73188573,0.76508844,0.7172253,0.010194957
480,Halal Memes (56).jpg,*দোকানের বেগুনি *বাসার বেগুনি,0,non-aggressive,0,non-aggressive,True,0.578595,0.029896537,0.034522984,0.032472692,0.32451287,0.8336137,0.80398506,0.8054239,0.80481166,0.8278309,0.578595,0.005782783
481,fb 1661.jpg,"কৃষ্ণ এখন সখীদের নিয়ে ফষ্টিনষ্টিতে ব্যস্ত, আবাল ভক্তদের দিকে তাকানোর সময় নেই জন্মাষ্টমীর উৎসবে দুর্ঘটনা, কচুয়ায় পদপিষ্ট হয়ে মৃত ৬, খবর ফটাফট বৃষ্টিতে হুড়োহুড়ি, মৃত্যু",3,religious aggression,0,non-aggressive,False,0.7113587,0.005583811,0.020539587,0.019012252,0.24350563,0.7902743,0.74180126,0.7548261,0.7540534,0.779554,0.7113587,0.010720313
482,fb 108.jpg,তুমি যদি এই কাজটি করে থাকো তাহলে তোমার শৈশব অনেক জোশ ছিলো,0,non-aggressive,0,non-aggressive,True,0.6479802,0.007892468,0.012896841,0.01268605,0.3185444,0.77492034,0.73084086,0.73575157,0.73558676,0.7678194,0.6479802,0.0071009398
483,fb 1124.jpg,ইংরেজি ভাষায় বাংলা ভাষা শহীদদের স্মরণ ব্র্যাক ইউনিভার্সিটির *ব্র্যাক ইউনিভার্সিটি এই শহরে আমার মত দেশ প্রেমিক আর একটাও নাই,4,others,0,non-aggressive,False,0.6723269,0.009551236,0.014488645,0.016585734,0.28704748,0.790633,0.74809223,0.75225925,0.75361097,0.782122,0.6723269,0.008511007
484,fb 740.jpg,গাঁজার আগুনে পোড়ানো হলো প্রেমিকার লাশ গাঁজাখোর দের গার্লফ্রেন্ডঃ,4,others,0,non-aggressive,False,0.6748958,0.00987112,0.013653658,0.01622662,0.28535274,0.7809648,0.73871535,0.7419593,0.7436858,0.7723565,0.6748958,0.008608282
485,bangla-gag (6).png,"পড়াশুনা না করলে আমও যাবে, ছালাও যাবে ছালা দিয়ে কি করবো?",0,non-aggressive,0,non-aggressive,True,0.68483996,0.01126098,0.010830075,0.011229579,0.28183937,0.7792699,0.7381914,0.73780125,0.73816353,0.7703914,0.68483996,0.0088784695
486,in 105.jpg,ফেসবুকঃ আমি সব কিছু জানি গুগলঃআমার কাছে সব কিছু আছে ইন্টারনেটঃ আমি ছাড়া তোরা কিছুই না চার্জারঃ আওয়াজ নিচে *লে কারেন্টঃ,0,non-aggressive,0,non-aggressive,True,0.71899974,0.0056110737,0.0085266065,0.010462172,0.25640053,0.7881094,0.73957825,0.74376273,0.7458085,0.77779824,0.71899974,0.010311186
487,ovodro_img (662).jpg,পারবো না হতে আমি রোমিও,0,non-aggressive,0,non-aggressive,True,0.7159853,0.01583037,0.01712729,0.026011404,0.22504567,0.82127315,0.7831558,0.78394324,0.7881219,0.80969954,0.7159853,0.011573613
488,chosha (118).jpg,যখন আমরা গালফ্রেন্ডের মুখে ললিপপ চুষতে দেই,1,gendered aggression,0,non-aggressive,False,0.6465852,0.018435368,0.021011006,0.029465253,0.28450307,0.8083323,0.77275795,0.7740657,0.77744734,0.8001227,0.6465852,0.008209646
489,in 460.jpg,বড়ো হয়ে তোমরা কি করবে? চায়ের স্টল ঘুগনির দোকান তেলেভাজা দোকান,2,political aggression,0,non-aggressive,False,0.5851644,0.014224724,0.02234451,0.027374143,0.35089228,0.78179145,0.74462235,0.74913836,0.7511685,0.7766773,0.5851644,0.005114138
490,in 519.jpg,এই যে মন্ত্রীসভায় রদবদল মনেহয় পরিবর্তন কিছু হবে? প্রথম ব্যাচের খাওয়া শেষ এবার দ্বিতীয় ব্যাচ খাবে,2,political aggression,0,non-aggressive,False,0.687067,0.00742131,0.01738257,0.017926143,0.27020302,0.7984102,0.7531294,0.76164055,0.76194847,0.78907764,0.687067,0.009332538
491,fb 404.jpg,তুমি তো আমারে টেনশন এ ফেলায় দিলে মিয়া,2,political aggression,0,non-aggressive,False,0.69398344,0.017785672,0.021352863,0.033721164,0.23315692,0.81693876,0.78029823,0.7821261,0.78669554,0.8060314,0.69398344,0.010907352
492,direct-offense (49).jpg,বারোবাতারী সীমিত আকারে বারোবাতারী,1,gendered aggression,0,non-aggressive,False,0.657369,0.019553207,0.024673294,0.034868266,0.26353619,0.8467599,0.81160885,0.8139347,0.81739324,0.8376194,0.657369,0.0091404915
493,in 161.jpg,আমি সোম বুধ শুক্র তৃণমূলে থাকি আর মঙ্গল বৃহ শনি বিজেপিতে থাকি রবিবার ছুটিতে থাকি,2,political aggression,0,non-aggressive,False,0.683522,0.008544807,0.018866293,0.021587778,0.26747915,0.7998948,0.75607544,0.763996,0.7653435,0.7905126,0.683522,0.009382188
494,blog 236.jpg,এইখানে পষ্ট কইরা লেখা আছে: এই দুনিয়ায় চতুষ্পদ জন্তু আছে সর্বমোট ৮ প্রকার। (সুরা ৩৯:৬),3,religious aggression,0,non-aggressive,False,0.6625904,0.008191947,0.01399314,0.011110775,0.30411372,0.77443224,0.7305022,0.73585635,0.73354983,0.76664466,0.6625904,0.0077875853
495,ovodro_img (794).jpg,একজন ডাক্তার তার রোগীর সেবা করতে কোন ত্রুটি রাখে না,1,gendered aggression,0,non-aggressive,False,0.6467906,0.007407681,0.013018154,0.01146344,0.32132006,0.78160954,0.73691446,0.7425527,0.7412809,0.7746137,0.6467906,0.0069958568
496,ovodro_img (656).jpg,গরমে সিদ্ধ হচ্ছিল বলে জামা খুলে ফেললেন একজন বং ক্রাশ,1,gendered aggression,0,non-aggressive,False,0.6754854,0.007406532,0.011960144,0.012458329,0.29268956,0.7843139,0.7391832,0.7439754,0.74438345,0.7759507,0.6754854,0.008363247
497,fb 191.jpg,বন্ধুর সাইজ বন্ধুর বউয়ের সাইজ,1,gendered aggression,0,non-aggressive,False,0.68534625,0.020467198,0.015225602,0.036611367,0.24234952,0.83101,0.795899,0.7929405,0.8017143,0.8206146,0.68534625,0.010395408
498,in 216.jpg,বিদ্যুৎ দফতরের চাকরি থেকে সাসপেন্ড শান্তনু বন্দ্যোপাধ্যায় দুর্নীতি দূর করলেন মমতা ব্যানার্জী এবার বিদ্যুৎ-এর দাম কমবে...,2,political aggression,0,non-aggressive,False,0.64461064,0.011566179,0.01745134,0.023715971,0.30265585,0.77561074,0.73540515,0.73951846,0.7425857,0.7680502,0.64461064,0.007560551
499,fb 595.jpg,"বাতাস যাতে নষ্ট না হয়ে যায়, তাই ফ্রিতে কিছু চিপস ও দিয়ে দিছে দেখছি",4,others,0,non-aggressive,False,0.68231267,0.007999952,0.012549255,0.011032008,0.28610608,0.7914069,0.7469464,0.75144863,0.7501601,0.7827157,0.68231267,0.008691251
500,in 257.jpg,"তুমি আমাকে 'কয়লা ভাইপো' বলে ডাকলে আমার খুব কষ্ট হয় পিসি আমাকে 'গদ্দার' বললে আমারও কষ্ট হয় সামনে পঞ্চায়েত ভোট চাপ নিস না, হিন্দু মুসলিম খেলা খেলে এটাও পার করে দেবো",2,political aggression,0,non-aggressive,False,0.6576542,0.009963806,0.012943997,0.010749797,0.3086882,0.7650769,0.7231797,0.72579646,0.723939,0.75751346,0.6576542,0.007563412
501,Bangla Thug Life (220).jpg,বাপের বাড়ি থেকে বউ ফিরে এসে স্বামীর সাথে প্রথম রাত্রিযাপনের পর *বউ,1,gendered aggression,0,non-aggressive,False,0.5058531,0.016940136,0.022636004,0.018215202,0.43635553,0.7531205,0.7191549,0.72205347,0.7198806,0.75164264,0.5058531,0.0014778376
502,fb 1435.jpg,অষ্ট প্রহর গাইত পিসি আওয়াজ করে মিহি; *এসব সিপিয়েমের চক্রান্ত* ম্যাও ম্যাও ম্যও বাকুম বাকুম ভৌ ভৌ চীহি,2,political aggression,0,non-aggressive,False,0.6989925,0.0071730055,0.011665077,0.01663504,0.26553443,0.7835036,0.7377104,0.74257314,0.7461223,0.77382463,0.6989925,0.00967896
503,ovodro_img (373).jpg,বই মেলায় আমার লেখা বই পাওয়া যাচ্ছে !! কিনবেন সবাই । মরন হবে কত দিনে ??,2,political aggression,0,non-aggressive,False,0.6795783,0.0068110367,0.009862782,0.007782485,0.29596534,0.78527707,0.7392478,0.74295,0.74058115,0.7769648,0.6795783,0.008312285
504,pin 39.jpg,দূর্বল সেতুর ওপর ভারী যানবাহন চলাচল নিষেধ করা হোক !,4,others,0,non-aggressive,False,0.7032051,0.0070089586,0.01146974,0.011368941,0.26694727,0.78508896,0.7390044,0.74392956,0.7438413,0.77540296,0.7032051,0.009685993
505,ovodro_img (707).jpg,তোদের বাবা কোথায় গিয়ে লুকিয়ে পড়ল ! আসছেই না তাড়াতাড়ি কর । তোমার বৌ আর ছেলে মেয়ে তোমার কথাই বলছে,1,gendered aggression,0,non-aggressive,False,0.56323886,0.013662104,0.017052256,0.016485678,0.38956118,0.77141285,0.734222,0.73643863,0.7361007,0.76772594,0.56323886,0.003686905
506,fb 1406.jpg,"তারপর সে বললো; ""চীনা অ্যাপ ব্যান করে দিলে ভবিষ্যতে ভারতবর্ষ সস্তা এবং সহজলভ্য দেশীয় পণ্য তৈরি করতে পারবে""",2,political aggression,0,non-aggressive,False,0.5133658,0.025602499,0.019418152,0.01700427,0.42460924,0.741101,0.71111804,0.7083532,0.70702577,0.7392028,0.5133658,0.0018982291
507,Halal Memes (93).jpg,নাসির খান সীমিত আকারের নাসির খান,4,others,0,non-aggressive,False,0.6585353,0.018128427,0.022960931,0.032669935,0.26770538,0.8332764,0.797351,0.79971415,0.8032407,0.824275,0.6585353,0.009001374
508,tangaila (112).jpg,যখন ঈদে কেউ সেলামী না দেয় তখন আমি :,0,non-aggressive,0,non-aggressive,True,0.6391594,0.02243086,0.022922358,0.037515644,0.27797183,0.826734,0.79323685,0.79345363,0.79838,0.81840765,0.6391594,0.008326352
509,Halal Memes (197).jpg,বার্ষিক পরীক্ষায় কম নাম্বার পেয়েও মা-বাবাকে বুঝিয়ে শুনিয়ে বেঁচে যাওয়া আমি পাশের বাসার আন্টি,0,non-aggressive,0,non-aggressive,True,0.7473544,0.0052474686,0.007831541,0.009187068,0.23037957,0.78655154,0.73696357,0.7409677,0.7425641,0.7747834,0.7473544,0.011768162
510,blog 328.jpg,"ইছলামের নবী সবাইরে সতর্ক কইরা দিয়া বলসে, পিচ্চি ইন্দুরও কিন্তু বাড়িতে আগুন ধরায়ে দিতে পারে। জেরির এমন ক্ষমতার কথা পইড়া টম... (সহি মুসলিম, বই ২৩, হাদিস ৪৯৯৪)",3,religious aggression,0,non-aggressive,False,0.699511,0.0067234305,0.012911689,0.009602183,0.27125174,0.7838951,0.73744726,0.74397266,0.7410112,0.77442175,0.699511,0.009473324
511,fb 1916.jpg,লু পোস্ত এভাবে কি দেখেন ভাই? ক্রাশ বলেছে 'তাকে পেতে হলে রান্না শিখতে হবে' তাই রান্না শিখছি,1,gendered aggression,4,others,False,0.31907767,0.051794752,0.03005092,0.035473265,0.5636034,0.7184706,0.70028913,0.6948452,0.69650406,0.7241598,0.5636034,0.0056892037
512,blog 331.jpg,"প্রার্থনার চূড়ান্ত মুহূর্তে আপনের চেহারা দেখলে মনে হয়, কোষ্ঠকাঠিন্য আক্রান্ত অবস্থায় আপনে টয়লেটে বইসা রইসেন।",3,religious aggression,0,non-aggressive,False,0.6102652,0.011248832,0.016198624,0.0120874,0.35019994,0.7753215,0.7353852,0.7390318,0.7361042,0.7697676,0.6102652,0.005553901
513,ovodro_img (749).jpg,মোদিজি কাশ্মীরে আমাকে বাড়ি বানানোর জন্য ১০ কাঠা জায়গা দিয়ে দিন প্লিজ তুই ভারতে পার রাখলেই তোকে জুতোর মালা পরিয়ে পোঁদে মিসাইল বেধে পাকিস্তানে পাঠিয়ে দেব শালা,2,political aggression,0,non-aggressive,False,0.72736585,0.0058334502,0.009534811,0.009803312,0.24746245,0.786349,0.7380908,0.7430042,0.7432819,0.7755673,0.72736585,0.010781705
514,Bangla Thug Life (124).jpg,"যখন তুমি কিউট ইন্সটা কুইন হইতে যাইয়া ভাত পাও না, কিন্তু দুধ শো-অফ কইরা অনেক গুলা লাইক কামাই ফেলো",1,gendered aggression,0,non-aggressive,False,0.74983954,0.0055859494,0.012642705,0.016684076,0.2152477,0.7864412,0.7374451,0.7456134,0.74838716,0.7739605,0.74983954,0.012480736
515,fb 1291.jpg,রেস্টুরেন্ট সামলাই ছাগলের চাহিদাও সামলাই,4,others,0,non-aggressive,False,0.6875631,0.013059294,0.014450469,0.032403294,0.25252384,0.80842805,0.7687915,0.76980376,0.7778791,0.79841155,0.6875631,0.010016501
516,fb 1621.jpg,নাস্তিকদের যুক্তি কোরআন মিথ্যা কারন কোরআন অসম্পূর্ণ কেনোনা কোরআনে আমার নাম নেই এবং আমার বাপ ১৪ গোষ্ঠীর নাম নেই তাই কোরআন মিথ্যা অসম্পূর্ণ,3,religious aggression,0,non-aggressive,False,0.7309231,0.005237554,0.010752176,0.008823874,0.24426326,0.7935174,0.7441329,0.75132537,0.7493489,0.7825568,0.7309231,0.0109606385
517,fb 1008.jpg,অর্থের পাহাড় করেছি কারণ অর্থ থাকলে গর্তের অভাব পরেনা!,1,gendered aggression,0,non-aggressive,False,0.557116,0.014048902,0.018758174,0.016988799,0.3930881,0.76867294,0.73187065,0.7347615,0.7337708,0.76518553,0.557116,0.0034874082
518,in 333.jpg,দেখতে পাচ্চো বিনোদ দিদির ভুতেরা কেমন পাড়ায় পাড়ায় বাটাম খাচ্ছে...,2,political aggression,0,non-aggressive,False,0.57637626,0.011730755,0.014382586,0.015276697,0.38223368,0.77503747,0.736092,0.73813003,0.7387331,0.7709302,0.57637626,0.0041072965
519,ovodro_img (539).jpg,আমার এবার তিনজন ছেলেকে বিয়ে করা হবে এরম বারে বারে বিয়ে না করে আমাকে বলতে পারিস তো একসাথে কয়েকটা ছেলে পাঠিয়ে দিতাম,4,others,0,non-aggressive,False,0.7088839,0.005953885,0.009680417,0.0075771743,0.26790467,0.7870959,0.73929936,0.74416,0.74171036,0.77736527,0.7088839,0.009730637
520,bamboo-vaiya (275).jpg,*১০০০ টাকা দাম বলা দোকানদার *৩০০ টাকা দাম বলা আমি* *৩০০ টাকায় রাজি হয়ে যাওয়া দোকানদার* *মজা করতে গিয়ে মাইনকা চিপায় পরা আমি*,0,non-aggressive,0,non-aggressive,True,0.7281713,0.004805795,0.009259244,0.0077277743,0.25003594,0.8063015,0.7560944,0.76265234,0.76084435,0.79561216,0.7281713,0.010689318
521,blog 156.jpg,"অদৃশ্য ও কাল্পনিক কিছু সত্তার উপাসনা করতে গির্জা, মসজিদ, মন্দির, প্যাগোডা, সিনাগগ ও অন্যান্য উপাসনালয় নির্মাণের পেছনে ব্যয় করা হয়েছে ট্রিলিয়ন ট্রিলিয়ন ডলার... কল্পনা করে দেখুন, এই পরিমাণ অর্থ যদি ব্যয় করা হতো স্কুল, হাসপাতাল ও আশ্রয়স্থল নির্মাণের পেছনে...",3,religious aggression,0,non-aggressive,False,0.71843463,0.0069631943,0.01019707,0.010333734,0.25407144,0.7835118,0.73714745,0.740962,0.7410952,0.7731172,0.71843463,0.010394633
522,KAM (194).png,সবাই জান্নাতে যেতে চায় কিন্তু কেউ মরতে চায় না !! তেমনি সবাই ভাল রেজাল্ট করতে চায় কিন্তু কেউ পড়তে চায় না !!,0,non-aggressive,0,non-aggressive,True,0.5319492,0.011532105,0.015574125,0.012665925,0.42827868,0.7847317,0.7464175,0.7494223,0.74735534,0.7825639,0.5319492,0.0021677613
523,tangaila (171).jpg,পোলা গেছিলো সখিপুর বিয়া করতে অতঃপর তার অবস্তা :-,0,non-aggressive,0,non-aggressive,True,0.6207893,0.008618403,0.012312088,0.016390705,0.34188947,0.77021855,0.7274476,0.7310145,0.7338758,0.76425356,0.6207893,0.0059649944
524,Halal Memes (293).jpg,ক্লাসে প্রেজেন্ট দিয়ে বেঞ্চে বসতে যাওয়া বন্ধু* *পিছন থেকে কলম খাঁড়া করে রাখা আমি,4,others,0,non-aggressive,False,0.6177076,0.011077459,0.020521054,0.013625092,0.33706883,0.77941614,0.7392051,0.7453705,0.74127513,0.7733588,0.6177076,0.006057322
525,in 220.jpg,এবার নিয়োগ দুর্নীতিতে ধৃত কুন্তল ঘোষের স্ত্রীকে তলব ইডির কুন্তলেরও কি আমার মতো ফ্যামিলি প্যাকেজ??,2,political aggression,0,non-aggressive,False,0.6440552,0.008262571,0.02060652,0.019228943,0.30784684,0.78950804,0.7459476,0.7550863,0.7543944,0.78212625,0.6440552,0.007381797
526,blog 47.jpg,"কুকুর গাধা নারী ইছলামে এরা এক কাতারে নবীজি বলেছে, নামাজরত মানুষের সামনে দিয়ে কুকুর, গাধা বা নারী হেঁটে গেলে সেই নামাজ আল্যা গ্রহণ করে না । ( বুখারি খণ্ড ১, বই ৯, হাদিস ৪৯০)",3,religious aggression,0,non-aggressive,False,0.67369086,0.009507588,0.012640367,0.012945458,0.29121575,0.7795995,0.73699266,0.7398407,0.74007916,0.7712124,0.67369086,0.008387089
527,ovodro_img (284).jpg,শুনলাম তুই নাকি প্রেম করছিস ? অত চিন্তা করিস না । ব্রেকআপ হলে পাড়ার ছেলেদের দিয়েই কাজ চালাব ।,1,gendered aggression,0,non-aggressive,False,0.6496492,0.009645676,0.012558182,0.013838843,0.31430808,0.78773755,0.7456384,0.748277,0.749248,0.780477,0.6496492,0.007260561
528,blog 136.jpg,"আল্যা যদি মানুষকে স্বাধীন ইচ্ছাশক্তি দিয়েই থাকে, তাহলে সবকিছুই আল্যার পরিকল্পনার অংশ হয় কীভাবে? আর সবকিছু যদি আল্যার পরিকল্পনার অংশই হয়ে থাকে, তাহলে মানুষের স্বাধীন ইচ্ছাশক্তি থাকে কীভাবে?",3,religious aggression,0,non-aggressive,False,0.7063832,0.006533867,0.010768499,0.009535996,0.26677838,0.78545356,0.73862195,0.74361825,0.74240273,0.7757162,0.7063832,0.009737372
529,Halal Memes (45).jpg,ক্রাশকে চার পাচটা ম্যাসেজ দেওয়ার পর ক্রাশ যখন বিরক্ত হয়ে যায় এতো কম সহ্য শক্তি নিয়ে বেঁচে আছো কি করে,0,non-aggressive,0,non-aggressive,True,0.6803165,0.009260654,0.012993723,0.011478124,0.28595108,0.7864007,0.7434328,0.7468198,0.74557954,0.7777333,0.6803165,0.00866735
530,pin 53.jpg,কেবলমাত্র আর একটা 'সেস' কেবলমাত্র আর একটা 'কড়ি নিন্দা' কেবলমাত্র আর একটা বিদেশ ভ্রমণ কেবলমাত্র আর একটা 'ডিচক্যাও',2,political aggression,0,non-aggressive,False,0.5761749,0.016006079,0.013891902,0.01537271,0.37855437,0.7399579,0.70412356,0.70270693,0.7037198,0.73575747,0.5761749,0.0042004585
531,fb 1660.jpg,জীব্রিল ! উপ্রের দুইদল তো পরিচিত ! নীচের গুলান কারা ..? হুজুর এরা হলু নিরপেক্ষতার আড়ালে থাকা সুবিধাবাদিরা... এজিদ বাহিনী হোসেন বাহিনী বিশ্বের ছুন্নি এক হও শোহদায়ে কারবালার স্মরনে উজ্জীবিত হয়ে আমরাও শহীদ হইতে চাই !,3,religious aggression,0,non-aggressive,False,0.58378136,0.011330459,0.021172285,0.024842586,0.35887334,0.7888472,0.74942684,0.7556789,0.75727755,0.7839816,0.58378136,0.0048655868
532,fb 1401.jpg,মৌলানা: হোমোসেক্সুয়ালিটি হারাম হোমোসেক্সুয়ালরা জাহান্নামের আগুনে পুড়বে। মৌলানা যখন সে মাদ্রাসার কোনো ছাত্রের সাথে কিছুক্ষণ একা থাকার সুযোগ পায়:-,3,religious aggression,0,non-aggressive,False,0.6956576,0.0062963506,0.010845887,0.008444078,0.27875614,0.7725268,0.72547793,0.7309161,0.72841287,0.76338154,0.6956576,0.00914526
533,fb 25.jpg,যখন তুমি পাশের বাসার আন্টির হারমোনিয়াম সংগীতের জ্বালায় ঘুমাতে পারো না,0,non-aggressive,0,non-aggressive,True,0.71304584,0.0061397557,0.01256427,0.015705114,0.25254503,0.7826094,0.73506176,0.7422225,0.7444538,0.77222985,0.71304584,0.010379553
534,fb 2012.jpg,ইনি ৫-০ গোলে ম্যাচ জিতে ৫ আঙ্গুল দেখান আর ইনি ম্যাচ হেরে গিয়ে দম্ভ নিয়ে ইতিহাস টেনে আনে যা কিনা সে সাবেক ক্লাব গুলোর হয়ে জিতেছে,4,others,0,non-aggressive,False,0.66365135,0.0096945185,0.015457912,0.013746979,0.29744932,0.7881573,0.7458953,0.75056094,0.7493879,0.7801321,0.66365135,0.008025169
535,Halal Memes (10).jpg,যৌতুক নেয়া নিষেধ' বলতে থাকা হেডস্যার: যৌতুকে পাওয়া মোটরসাইকেল নিয়ে স্কুলে আসা ক্লাসটিচার:,0,non-aggressive,0,non-aggressive,True,0.48658654,0.020224826,0.016934743,0.016198745,0.46005514,0.71446353,0.68265843,0.680883,0.6804387,0.71390283,0.48658654,0.0005607009
536,in 393.jpg,"চপ ভেজে ও ঝালমুড়ি বিক্রি করে বিক্ষোভ প্রদর্শন গ্রুপ ডি চাকরিপ্রার্থীদের.... এরা চাকরিপ্রার্থী নয়, এরা সিপিমের এজেন্ট!",2,political aggression,0,non-aggressive,False,0.65142876,0.009504073,0.019716669,0.017672021,0.30167857,0.788171,0.7458965,0.753194,0.75209916,0.78047293,0.65142876,0.007698059
537,fb 2003.jpg,মহাবিশ্বের কিছু অপ্রয়োজনীয় জিনিস-,4,others,0,non-aggressive,False,0.6890554,0.02152591,0.018877786,0.03386423,0.23667674,0.8333221,0.7986615,0.7973488,0.8031925,0.8226359,0.6890554,0.010686219
538,Halal Memes (276).jpg,*আমি ব্যবহারিক খাতা ওকে নিয়ে আমি এখন কোথায় যাবো ?,0,non-aggressive,0,non-aggressive,True,0.6713363,0.005454298,0.010097875,0.009897202,0.30321434,0.7835628,0.7354341,0.7415933,0.7413926,0.77561444,0.6713363,0.007948339
539,fb 1135.jpg,সাধারণ মানুষের আদি পিতা মাতা শাহবাগীদের আদি পিতা মাতা,4,others,0,non-aggressive,False,0.72911215,0.00600039,0.007814528,0.010207709,0.24686526,0.7939675,0.74596745,0.74860907,0.75128067,0.7831377,0.72911215,0.010829806
540,fb 1087.jpg,"শুনলাম প্রতিভার নামে নাকি এক পোলা নিজের পুরুষত্ব বিসর্জনে দিছে, হু কাকা এই পোলায়",4,others,0,non-aggressive,False,0.71094227,0.006612764,0.012713902,0.010421292,0.25930977,0.78773284,0.74095696,0.7474939,0.74550545,0.7776472,0.71094227,0.010085642
541,fb 641.jpg,তার মন ছিলো একদম লোকাল বাস এর মতো যখন যার ইচ্ছা উঠে পড়ত,0,non-aggressive,0,non-aggressive,True,0.6989476,0.0051045227,0.008230395,0.01035628,0.27736118,0.7824885,0.73329407,0.73807114,0.7403687,0.773246,0.6989476,0.009242535
542,Bangla Thug Life (199).jpg,বিদেশ ফেরত স্বামী যখন পাঁচ বছর পর দেশে এসে স্ত্রীর সাথে প্রথম রাত্রিযাপনের পর স্ত্রী: পাছাডা ধ্বংস কইরা লাইছিরে ভাই,1,gendered aggression,0,non-aggressive,False,0.57872605,0.011183347,0.024687659,0.02840015,0.35700276,0.76946884,0.7300048,0.73792356,0.7393245,0.764638,0.57872605,0.0048308372
543,fb 1795.jpg,কাচ্চি ভাই জর্দা রঙের নাম করে 'কৃত্রিম রং' খাওয়ায় দিবো* খাশির মাংসের নাম করে কুত্তা-বিলাই খাওয়ায় দিবো,4,others,0,non-aggressive,False,0.5619127,0.01645728,0.015690234,0.0172899,0.3886499,0.75682735,0.7215216,0.7210443,0.72201514,0.75314075,0.5619127,0.003686607
544,fb 718.jpg,প্রাইভেট না পড়ায় পিটিয়ে ছাত্রীর হাত ভাঙলেন শিক্ষক! প্রাইভেট না পড়া ছাত্রীগণঃ একি বিপদে পড়লাম!,0,non-aggressive,0,non-aggressive,True,0.659921,0.009483044,0.013119677,0.011946513,0.30552977,0.7853012,0.74287504,0.7461211,0.7451844,0.77760047,0.659921,0.0077007413
545,fb 110.jpg,দুনিয়ায় দুই টাইপের পাবলিক আছে রেগুলার সকালে উঠা পাবলিক পার্ট-টাইম সকালে উঠা পাবলিক,0,non-aggressive,0,non-aggressive,True,0.6293395,0.010554651,0.015097746,0.012825124,0.33218303,0.7774285,0.73654747,0.74012727,0.7384959,0.77103865,0.6293395,0.0063898563
546,fb 1230.jpg,সেকু নেতাদের মিলন কেন্দ্র ওস্তাদ! !! বায়ে চাপায়া যান সামনে কিছু অব্যবহৃত মগজ পইড়া আছে! চাক্কা লাগলে ক্ষতি হইতে পারে!,3,religious aggression,0,non-aggressive,False,0.5684918,0.014429699,0.018012937,0.015038205,0.38402745,0.7734129,0.73667586,0.73889387,0.7370889,0.7694901,0.5684918,0.0039227605
547,blog 384.jpg,"জগদীস বসু নাকি আবিষ্কার করসে গাছের প্রাণ আছে! অথচ তার ১০০০ বছর আগে ইছলামের নবী বইলা গেছে, গাছ কথা কইতে পারে গাছ প্রাণহীন হইলে সেইটা সম্ভব হইতো? (বুখারি, খণ্ড ৫, বই ৫৮, হাদিস ১৯৯)",3,religious aggression,0,non-aggressive,False,0.6380031,0.010073552,0.013942699,0.01299196,0.32498863,0.7823376,0.74085325,0.74410367,0.7433975,0.775592,0.6380031,0.006745577
548,in 632.jpg,ভালো করে জুম করে দেখুন নিন্দুকেরা বলবে উনি ক্যামেরার দিকে তাকিয়ে আছেন আসলে উনি লক্ষীট্যারা,2,political aggression,0,non-aggressive,False,0.6636963,0.0075910427,0.011744148,0.009158222,0.30781025,0.78751194,0.74280345,0.7471673,0.7446803,0.77982855,0.6636963,0.0076833963
549,fb 1520.jpg,"ইসলাম শান্তির ধর্ম। সব ধর্মই শান্তির ধর্ম ভাই | চুপ ল্যাওড়া, বলছি ইসলাম শান্তির ধর্ম মানে শুধুমাত্র ইসলামই হলো শান্তির ধর্ম |",3,religious aggression,0,non-aggressive,False,0.65163124,0.012367568,0.016171012,0.021735089,0.29809508,0.7632481,0.7236041,0.72628546,0.72924256,0.7554274,0.65163124,0.007820666
550,fb 927.jpg,ভার্সিটিতে শুধু চিল আর চিল !,0,non-aggressive,0,non-aggressive,True,0.6437261,0.021222886,0.031594757,0.029879099,0.2735771,0.8506831,0.8165611,0.82054025,0.81998193,0.8421262,0.6437261,0.008556902
551,blog 169.jpg,"""কোরান থেকে তথ্য উদ্ধৃত করে আপনি আমার যুক্তিকে কুপোকাত করেছেন"" গোঁড়া নাস্তিকেরা এ কথাটা স্বীকারই করতে চায় না!",3,religious aggression,0,non-aggressive,False,0.6789507,0.0069207177,0.014847179,0.011652885,0.28762844,0.7880651,0.74220484,0.74983776,0.7474152,0.77947634,0.6789507,0.008588731
552,fb 146.jpg,কলেজের এডমিশন এর রেসাল্ট দিবে বলছিল,0,non-aggressive,0,non-aggressive,True,0.6499957,0.020861741,0.029846383,0.04328961,0.25600654,0.8160093,0.7816188,0.7852003,0.78891873,0.80669165,0.6499957,0.0093176365
553,ovodro_img (398).jpg,দয়া পাতা লাগাও দিদির ধর্নায় বসার মূল উদ্দেশ্য কী ?? পিছনে ল্যাংটো মাগা লেলিয়ে দেব বোকাসোডা,2,political aggression,0,non-aggressive,False,0.7366223,0.0063265725,0.010953377,0.011957824,0.23413993,0.8000831,0.75250995,0.7579988,0.7588762,0.78862154,0.7366223,0.011461556
554,fb 2070.jpg,"রিয়েল মাদ্রিদে জয়েন করবো ভাবছি ভাই, তাই একটু ওই আর কি হে হে ... হ্যাঁরে, আজ ওভাবে নাটক করলি কেন ?",4,others,0,non-aggressive,False,0.7048905,0.00669605,0.009684225,0.010449198,0.26828006,0.7840377,0.7374725,0.7411623,0.74192256,0.7743776,0.7048905,0.009660125
555,blog 292.jpg,"এটা গঙ্গার জল, তা বুঝলাম কিন্তু এতে তো পয়ঃনিষ্কাশন আর নর্দমার ময়লাই দেখছি শুধু! পাপ কই?",3,religious aggression,0,non-aggressive,False,0.7256339,0.004921055,0.010847183,0.009366635,0.2492312,0.7989707,0.7490355,0.75693935,0.75547177,0.78828406,0.7256339,0.010686636
556,fb 2013.jpg,এইবার বুঝলাম চেলসির এই অবস্থা কেন??,4,others,0,non-aggressive,False,0.5404165,0.04402159,0.032053918,0.042059887,0.34144807,0.8195482,0.7944716,0.791299,0.79401577,0.8149567,0.5404165,0.004591465
557,fb 1719.jpg,"মা আমি বড় হয়ে জ্ঞ্যানী এবং ধার্মিক হব না বাবা, দুটো একসাথে হওযা যায় না",3,religious aggression,0,non-aggressive,False,0.76002675,0.005981691,0.00907407,0.010204898,0.21471256,0.7959874,0.7475409,0.75170803,0.75288254,0.78334683,0.76002675,0.012640595
558,in 432.jpg,সৌরভ গাঙ্গূলির বিরুদ্ধে অন্যায় হয়েছে আর আমাদের সাথে ন্যায় হয়েছে!?,2,political aggression,0,non-aggressive,False,0.71836394,0.0057213074,0.010354655,0.009995424,0.25556472,0.7830206,0.7346928,0.74062526,0.7402721,0.7726856,0.71836394,0.010335028
559,bangla-troll (8).jpg,"এর মালিক আম্মু, আমার ঘুম হারাম হওয়ার কারণ একমাত্র ওই হালা জুকার !",0,non-aggressive,0,non-aggressive,True,0.8437226,0.004080065,0.008110403,0.008570019,0.13551685,0.7847058,0.7313887,0.738259,0.73881024,0.7664185,0.8437226,0.018287301
560,fb 1938.jpg,ছেলে কি করে? ছেলে সারাদিন পমপম পমপম করে বাবা আমি রাজি,1,gendered aggression,0,non-aggressive,False,0.50061226,0.023994992,0.019396486,0.022428334,0.43356788,0.76213276,0.73175293,0.7296254,0.73107773,0.760695,0.50061226,0.0014377832
561,in 327.jpg,আপনারা কারা? আমরা দিদির দূত দিদির ভূত? ভূত নয় দূত,2,political aggression,0,non-aggressive,False,0.5935735,0.012320822,0.01585783,0.019764924,0.3584829,0.78299683,0.74424815,0.7467718,0.7489743,0.77795404,0.5935735,0.0050427914
562,Halal Memes (29).jpg,"শিক্ষক:- সবাই সবার হোমওয়ার্ক বের করো, আমি উত্তর বলতেছি সবাই মিলাইয়া নেও । ব্যাকবেঞ্চার:-",0,non-aggressive,0,non-aggressive,True,0.6342546,0.010713316,0.017944984,0.020558806,0.3165283,0.77774006,0.73693043,0.7420887,0.7434485,0.77078974,0.6342546,0.006950319
563,direct-offense (17).jpg,তুই একটা বাইঞ্চোদের ছেলে তুই একটা খানকির ছেলে তুই একটা বারোভাতারির ছেলে তুই শ্রাবন্তির ছেলে ছিঃ ছিঃ এত বড় অপমান ,4,others,0,non-aggressive,False,0.50277996,0.014926286,0.017619831,0.02018275,0.4444912,0.754801,0.71963066,0.7212897,0.7226477,0.7535687,0.50277996,0.0012322664
564,fb 745.jpg,বাথরুমে ঢুকে লাইট বন্ধ করে দিয়েছি কারণ আগেরবার আফ্রিকার জঙ্গল পরিষ্কার করার সময় বন্ধু ভিডিও করে আমাকে ব্লাকমেইল করছিলো,0,non-aggressive,0,non-aggressive,True,0.62453276,0.010842939,0.0150356805,0.012357072,0.33723164,0.7838005,0.7432656,0.74653476,0.74457276,0.7776382,0.62453276,0.006162286
565,ovodro_img (108).jpg,"চল মধু , আমরা ঠাকুর দেখতে যাব তোমরা যাও তাহলে এটাই ছিল তোমার প্লান ? হ্যাঁ, সুযোগ পেলে ওভারটাইমে ইনকাম করি লা এ হতে পালে লা",4,others,0,non-aggressive,False,0.6553964,0.013153879,0.010788927,0.014406975,0.30625382,0.76307666,0.7239914,0.7220094,0.7249013,0.75546837,0.6553964,0.0076082945
566,in 97.jpg,কাকলি ফার্নিচারের মালিকের ছেলে : এমন কোনো মিমার বাদ নেই যে আমার বাবার কোম্পানিকে প্রমোট করেনি,4,others,0,non-aggressive,False,0.63234663,0.008272112,0.012190368,0.010646185,0.3365447,0.7714864,0.728121,0.7319985,0.73064405,0.7651794,0.63234663,0.006307006
567,fb 202.jpg,ট্রেন টু বুসান ট্রেন টু মোহাম্মদপুর,4,others,0,non-aggressive,False,0.6790076,0.016066737,0.02353067,0.036173537,0.24522144,0.82385755,0.7864188,0.79023427,0.7945345,0.8136729,0.6790076,0.010184646
568,tangaila (91).jpg,যখন আপনি মেহেদী লাগাতে চান কিন্তু মেহেদী আপনাকে উল্টো লাগিয়ে দেয়,1,gendered aggression,0,non-aggressive,False,0.6281043,0.008879199,0.015035386,0.013479895,0.33450118,0.7753818,0.73279184,0.73805875,0.73696667,0.7690811,0.6281043,0.006300688
569,blog 376.jpg,মুছলিম জঙ্গি আমার দোষ নাই। সে প্রথমে লিখসে।,3,religious aggression,0,non-aggressive,False,0.7147985,0.015071549,0.020343285,0.030526074,0.21926059,0.8119263,0.7733344,0.7763338,0.7803921,0.80010885,0.7147985,0.011817455
570,ovodro_img (79).jpg,এশিয়া কাপে অংশগ্রহন করব । আসছি আমি ......,4,others,0,non-aggressive,False,0.60802203,0.037925713,0.030637583,0.034246296,0.28916833,0.8117094,0.7839636,0.7818296,0.7829431,0.8042774,0.60802203,0.007431984
571,tangaila (325).jpg,বিন্দুবাসিনী গার্লস ছুটি দেওয়া বিদ্যমান লে ফাকবয় :-,1,gendered aggression,0,non-aggressive,False,0.7433207,0.0048324857,0.008685054,0.009304774,0.23385696,0.79167444,0.74131674,0.7471792,0.7478684,0.78011024,0.7433207,0.011564195
572,fb 1706.jpg,ধুপ দুই প্রকার.... এক মশা মারার জন্য দুই ভগবান ডাকার জন্য পার্থক্য একটাই মশা যায়না আর ভগবান আসেনা,3,religious aggression,0,non-aggressive,False,0.74856365,0.00623737,0.009290747,0.010918732,0.22498947,0.7989542,0.7510782,0.75506276,0.7566774,0.7869331,0.74856365,0.012021065
573,in 621.jpg,"অচেনা 'ঐক্য' বড়তলায়, থানার সামনে একসঙ্গে অবরোধে বিজেপি, সিপিএম, কংগ্রেস অবাধ ও শান্তিপূর্ণ ভোট হচ্ছে আর সিপেম, কংগ্রেস, বিজেপি জোট করে কুৎসা করছে... ওরে বোকাদাদা, ওটা অবাধ সন্ত্রাসপূর্ণ হবে...",2,political aggression,0,non-aggressive,False,0.5954172,0.01341659,0.016532302,0.014925097,0.35970888,0.75845695,0.72052926,0.7226175,0.72159475,0.7534173,0.5954172,0.0050396323
574,KAM (152).png,জমিদার সাহেব.... শুধু টাকা দিয়ে ফেসবুক চালানো যায় তা ঠিক না গ্রামিন ফোনে ফেসবুক ফ্রি !!!,0,non-aggressive,0,non-aggressive,True,0.7187757,0.0072998255,0.0102183465,0.0100527145,0.25365347,0.8063539,0.7604569,0.7638203,0.76365685,0.79593813,0.7187757,0.010415792
575,Bangla Thug Life (234).jpg,যে রাধে সেই পা কাধে তুলে দেয়,1,gendered aggression,0,non-aggressive,False,0.56945217,0.030971546,0.028795624,0.04193544,0.32884523,0.8063694,0.7772533,0.7765249,0.780284,0.8008785,0.56945217,0.005490899
576,ovodro_img (461).jpg,"দিপিকাকে কিস করেছিস ? হ্যাঁ, আজকেও লিপ কিস করে এসেছি ! অতঃপর রনবীর কাপুর",4,others,0,non-aggressive,False,0.4620761,0.030658197,0.029886825,0.03539846,0.4419804,0.7674958,0.74036753,0.7401127,0.7418052,0.76705116,0.4620761,0.00044465065
577,fb 1583.jpg,আমি মিলিয়ন বছর ধরে বিবর্তন হয়ে আজকে মুক্তচিন্তা করে নাস্তিক্যধর্মের অনুসারী হয়েছি।,3,religious aggression,0,non-aggressive,False,0.6449208,0.00836948,0.023103412,0.023541477,0.3000648,0.79846156,0.7550162,0.76517004,0.7653579,0.7908102,0.6449208,0.007651329
578,fb 347.jpg,"তুমি কি আমার জন্য এখনও কবিতা লিখো? নাহ, চটি লিখি শুনবা?",1,gendered aggression,0,non-aggressive,False,0.72357255,0.007293581,0.009248765,0.012047306,0.24783778,0.78690714,0.7409351,0.74331003,0.74595356,0.77619284,0.72357255,0.0107142925
579,tangaila (274).jpg,পেনাল্টি রোনালদো তুই আর আমি তো একই,4,others,0,non-aggressive,False,0.65782475,0.01774574,0.02280494,0.0356872,0.26593736,0.81353873,0.7774108,0.77991915,0.78439724,0.804482,0.65782475,0.009056747
580,ovodro_img (139).jpg,"পাওলি আজ দিবি চাটতে ? হ্যাঁ, যেকোন সময় আয় খা*কি মা* বলিস নি কেন ? আজ তোর টেস্ট ম্যাচ চলছে !",1,gendered aggression,0,non-aggressive,False,0.61737216,0.0141819995,0.017013302,0.017981011,0.33345154,0.78977054,0.7520355,0.7538557,0.75440896,0.78361076,0.61737216,0.0061597824
581,fb 1021.jpg,মামা সামনে আমার এক্স উপর দিয়া তুইলা দেন আচ্ছা দশ টাকা বেশি দিয়েন ওস্তাদ উপর দিয়া দেন তুইলা,4,others,0,non-aggressive,False,0.8014157,0.003956229,0.0076712295,0.006999511,0.17995735,0.7923571,0.7392462,0.7458681,0.7449517,0.7774205,0.8014157,0.014936566
582,chosha (67).jpg,জান বিয়ে করবা তো ... ? হ্যাঁ জান করবো তাহলে ভিতরে ফেলো,1,gendered aggression,0,non-aggressive,False,0.578468,0.012608024,0.017438127,0.014721842,0.37676397,0.7742912,0.73603076,0.73927397,0.7375807,0.77000356,0.578468,0.00428766
583,fb 1015.jpg,ভাই তুই একা না আমাদেরও বিটিএস হেটার মেয়ে ভাল লাগে,4,others,0,non-aggressive,False,0.6821891,0.008595163,0.0105394535,0.009470887,0.28920546,0.7827893,0.73904824,0.7410875,0.7400184,0.7742076,0.6821891,0.008581698
584,KAM (389).jpg,"ছোটবেলায় আম্মু কপালে কালো টিপ দিয়ে দিত, যাতে কারো নজর না লাগে শালার টিপে এত কার্যকারিতা যে, বয়স এত হয়ে গেল তাও কোন মেয়ের নজরে পড়লাম না",0,non-aggressive,0,non-aggressive,True,0.67059004,0.008230977,0.011547473,0.010679993,0.29895154,0.7930211,0.74901855,0.7524042,0.7516232,0.7849423,0.67059004,0.008078754
585,fb 1628.jpg,???? ???? যখন নাস্তিকদের কাছে ভালো আর খারাপের মানদন্ড কি জানতে চাওয়া হয়,3,religious aggression,0,non-aggressive,False,0.6819133,0.007861472,0.011327215,0.009555661,0.2893423,0.7792515,0.7346222,0.7382745,0.7365738,0.7706786,0.6819133,0.008572936
586,ovodro_img (362).jpg,"যখন কাছে ব্লাউজ থাকে না আর ক্রাশ পাস দিয়ে যায়, তাই রোমাল দিয়ে ব্লাউজ বানিয়ে নেয় !!",1,gendered aggression,0,non-aggressive,False,0.6864034,0.008367421,0.011299094,0.011236083,0.28269407,0.7971708,0.75309956,0.7561034,0.7560474,0.7882998,0.6864034,0.008871019
587,fb 1018.jpg,সাইকোপ্যাথ সিরিয়াল কিলার যারা স্কুল / কলেজ গিয়ে টিকটক করে,4,others,0,non-aggressive,False,0.71022636,0.008075466,0.012258406,0.012469699,0.25697,0.7795745,0.734807,0.73898077,0.7391517,0.7694082,0.71022636,0.010166287
588,fb 1360.jpg,বিজেপি মুখপাত্র তাজিন্দর পাল বাগা:- যারা হিটলারের মতো আচরণ করবে; তাদের মৃত্যুও হিটলারের মতো হবে হিটলারকে আদর্শ হিসেবে মেনে চলা আরএসএস:-,2,political aggression,0,non-aggressive,False,0.6817677,0.008243907,0.011521756,0.012525844,0.28594083,0.80137813,0.75722593,0.76057357,0.76140916,0.792689,0.6817677,0.0086891055
589,fb 373.jpg,কে আবার রটাচ্ছে যে এবার মহালয়া মোদির জন্মদিনের দিন পড়েছে বলে মা দুর্গা মহালয়ার এক মাস পরে আসবে বলেছে,2,political aggression,0,non-aggressive,False,0.5868864,0.013709158,0.018349988,0.013952801,0.36710167,0.77082306,0.7332554,0.73617107,0.7334315,0.7661311,0.5868864,0.0046919584
590,blog 269.jpg,"নবীজি বলসে, পৃথিবী আর বেহেশতের দূরত্ব ৭১, ৭২ অথবা ৭৩ বছর (সময় দিয়া দূরত্ব মাপা!)। আর সাত আসমানের উপ্রে আছে সমুদ্র, যেইটার গভীরতা দুই বেহেশতের ভিত্রের দূরত্বের সমান তারও উপ্রে আছে ৮ খান পাহাড়ি ছাগল, তাগো খুর আর পাছার দূরত্বও দুই বেহেশতের ভিত্রের দূরত্বের সমান। এবং তার উপ্রে আল্যা। (আবু দাউদ ৪০:৪৭০৫)",3,religious aggression,0,non-aggressive,False,0.61962706,0.010659645,0.025267463,0.029532094,0.31491378,0.7948225,0.754196,0.7628265,0.7643862,0.78805435,0.61962706,0.006768167
591,fb 1239.jpg,বন্যেরা বনে সুন্দর; শিশুরা মতৃক্রোড়ে আর মোদি তার চায়ের দোকানে,2,political aggression,0,non-aggressive,False,0.6457109,0.009944046,0.016235135,0.0138498265,0.3142601,0.7812602,0.73952645,0.7444285,0.7428394,0.77405894,0.6457109,0.0072012544
592,fb 1821.jpg,কি করছো সৎ ভাইয়া,1,gendered aggression,0,non-aggressive,False,0.6975104,0.017121086,0.02793652,0.06009771,0.19733416,0.8171431,0.780071,0.78496724,0.79262763,0.8045169,0.6975104,0.012626171
593,in 473.jpg,"চালানি' মাছ খেলেই উঠছে লম্বা ঢেকুর, খাওয়ার পাতে দেশি মুরগি, টাটকা পোনার আবদার কেষ্টর জেলের খাবার খাচ্ছে না জামাইষষ্ঠী খাচ্ছে ধরতে পারবেন না",2,political aggression,0,non-aggressive,False,0.6521963,0.008866435,0.012160473,0.011582995,0.3151939,0.7873876,0.7444069,0.7475661,0.74707955,0.780116,0.6521963,0.007271588
594,fb 1743.jpg,মিথিলার ব্লাউজের হুক লাগিয় দিচ্ছেন স্বপন তারপরই চলে গেলেন বাথরুমে...,1,gendered aggression,0,non-aggressive,False,0.70953727,0.0065887794,0.012555498,0.012412442,0.25890595,0.79403865,0.74724615,0.75369406,0.7535795,0.7839571,0.70953727,0.01008153
595,bamboo-vaiya (330).jpg,উচ্চবিত্ত মধ্যবিত্ত নিম্মবিত্ত সমকামি-বিত্ত,4,others,0,non-aggressive,False,0.6661463,0.009194203,0.017705532,0.024638023,0.28231597,0.7913846,0.74855524,0.7551083,0.7584124,0.7827998,0.6661463,0.008584797
596,ovodro_img (759).jpg,হুমায়ন এর বাবার নাম বাবর হলে দাদুর নাম দাদার নয় কেন ? জটিল মাগি,1,gendered aggression,0,non-aggressive,False,0.7817115,0.004462319,0.008041901,0.008902727,0.19688158,0.8019951,0.75033695,0.7562269,0.7572438,0.7882063,0.7817115,0.013788819
597,fb 1632.jpg,নারীবাদে নারীর অধিকার ইসলামে নারীর অধিকার,1,gendered aggression,0,non-aggressive,False,0.6795413,0.01621871,0.019089328,0.027520845,0.25762978,0.8397162,0.80236363,0.8039933,0.80765146,0.8300172,0.6795413,0.009698987
598,blog 355.jpg,"নাতনি? না, আমার নয়া বিবি।",3,religious aggression,0,non-aggressive,False,0.67084277,0.025681498,0.031423885,0.032122485,0.23992929,0.8517029,0.81907535,0.82109326,0.82131314,0.84142107,0.67084277,0.010281861
599,bamboo-vaiya (421).jpg,আমাদের সমাজকে এই শিক্ষা দিতে হবে যে আমি তোমার সাথে একমত নই তারমানে এই নয় আমি তোমাকে ঘৃণা করি,0,non-aggressive,0,non-aggressive,True,0.76967007,0.004521788,0.007895402,0.007231643,0.21068113,0.77497905,0.7236085,0.7291822,0.728304,0.76202285,0.76967007,0.012956202
600,blog 321.jpg,ওইটা কী? গুনাহ।,3,religious aggression,0,non-aggressive,False,0.58609927,0.037181597,0.039181814,0.03916986,0.29836747,0.8339679,0.8063911,0.8069151,0.80691206,0.82721627,0.58609927,0.0067516565
601,blog 113.jpg,"একদিন গাছতলায় বিশ্রাম নেয়ার সময় ইছলামের নবীকে কামড়ে দিলো এক পিঁপড়ে । বাধা সৃষ্টিকারী ও অবাধ্য সমস্ত গোত্র-সম্প্রদায় নিশ্চিহ্ন করে দেয়ায় অভ্যস্ত ন্যায়বাদী, করুণার সাগর ও দয়াময় নবী তখন সেই পিঁপড়ের 'অপরাধের' শাস্তি হিসেবে সেই গাছতলার সমস্ত পিঁপড়ের বাসস্থানে আগুন জ্বালিয়ে দেয়ার আদেশ দিলো । (বুখারি, খণ্ড ৪, বই ৫৪, হাদিস ৫৩৬)",3,religious aggression,0,non-aggressive,False,0.7386852,0.0060906406,0.010679218,0.011192236,0.23335268,0.79244286,0.74446166,0.7500771,0.75054634,0.7809197,0.7386852,0.011523187
602,ovodro_img (635).jpg,যখন কোন মেয়েকে জিজ্ঞেস করা হয় পানু দ্যাখার পরে জল খসাস কীভাবে ?? মেয়টির উত্তর :- এইভাবে,1,gendered aggression,0,non-aggressive,False,0.6691238,0.008683377,0.012426506,0.012368336,0.29739803,0.78629565,0.74285,0.7464343,0.7463873,0.7781866,0.6691238,0.008109033
603,chosha (18).jpg,আমি তোমাকে ভালবাসি ভালোবাসা বলতে কিছুই নাই সবই পুক্কি মারার ধান্দা,1,gendered aggression,0,non-aggressive,False,0.7178783,0.0057734596,0.009311669,0.011194203,0.25584245,0.78640497,0.7381747,0.7429546,0.7447959,0.7760876,0.7178783,0.010317385
604,blog 147.jpg,"ডাক্তার সাহেব, আমার শরীরটা ঠিক করে দিন, আমি আপনার সুস্বাস্থ্য কামনা জন্যে প্রার্থনা করবো ।",3,religious aggression,0,non-aggressive,False,0.71557266,0.008299449,0.010419377,0.012552642,0.25315586,0.7670353,0.72246635,0.7247411,0.7266038,0.7566445,0.71557266,0.010390818
605,tangaila (241).jpg,বালুপাস দাড়িয়ে বালু খাচ্ছি বালুর সাথে বালুকন্যা ভেসে আসবে এই আশায়...,0,non-aggressive,0,non-aggressive,True,0.6697938,0.00855542,0.012619515,0.012267513,0.29676375,0.8035893,0.7599852,0.76387197,0.7635891,0.7954489,0.6697938,0.008140385
606,tangaila (216).jpg,বিসিএস ক্যাডার জামাই হাসানের বফ কুমুদিনী ফজিলাতুন্নেছার মেয়ে,1,gendered aggression,0,non-aggressive,False,0.756245,0.0049878787,0.009072975,0.011113644,0.21858053,0.7946693,0.74445575,0.75043863,0.75246733,0.78225714,0.756245,0.012412131
607,pin 23.jpg,"শুধু পিসি কবিতা লিখতে পারে আমি কি লিখতে পারি না ? #যদিও_লেখাটি_আমার_অনেক_দিনের_পুরোনো | পিসি গেছে মাছ ধরতে উথাল পাথাল নদী! ছিপ নিয়ে যায় আমফানে, মছ নিয়ে যায় মোদী",2,political aggression,0,non-aggressive,False,0.5203485,0.016188594,0.017283887,0.02687253,0.41930652,0.7682139,0.73351204,0.73416674,0.73858,0.766055,0.5203485,0.0021589398
608,tangaila (278).jpg,কালিহাতি,0,non-aggressive,0,non-aggressive,True,0.6832863,0.016838225,0.035636187,0.043923315,0.22031596,0.83721197,0.80017936,0.8076765,0.8097673,0.82589346,0.6832863,0.011318505
609,fb 1379.jpg,ওহ; তুই মার্ক্স-লেনিনের নাম করে মেয়েদের শ্লীলতাহানি করিস? ঠিকাছে; এবার তাহলে দেওয়ালের দিকে মুখ করে দাঁড়া,2,political aggression,0,non-aggressive,False,0.5558442,0.0177967,0.01793286,0.017990964,0.3904353,0.75989693,0.72548217,0.7255584,0.72559077,0.7563647,0.5558442,0.0035322309
610,nurani-memes (190).jpg,ঘূর্ণিঝড়* ফনি *ছাত্রলীগ,2,political aggression,0,non-aggressive,False,0.612779,0.022597369,0.02898993,0.0342331,0.30140057,0.8211279,0.78812623,0.7906174,0.7922798,0.8140323,0.612779,0.0070955753
611,ovodro_img (137).jpg,যখন কোন মেয়ে দিনভোরে খাই খাই করে কিন্তু রোগা হওয়ার জন্য ডায়েটকন্ট্রোল করবে বলে ঠিক করে একবারে যতটা খায়,0,non-aggressive,0,non-aggressive,True,0.63124084,0.008545551,0.015173196,0.015438853,0.32960153,0.78250057,0.73947775,0.745219,0.74539256,0.77600247,0.63124084,0.0064980984
612,fb 1775.jpg,প্রতিটি ছেলের স্বপ্ন,1,gendered aggression,0,non-aggressive,False,0.65557057,0.017246027,0.03882984,0.05407962,0.23427399,0.8185501,0.78217083,0.79028696,0.7935996,0.80825996,0.65557057,0.010290146
613,fb 1693.jpg,যদি আমি একটা ছেলেকে কিস করি?? নরকে যাবি যদি আপনাকে কিস করি?? তাহলে .... হে হে হে... চালাক মেয়ে স্বর্গে যেতে চাস!,3,religious aggression,0,non-aggressive,False,0.48264664,0.018249512,0.022897001,0.027403705,0.44880313,0.7664067,0.7336552,0.7359239,0.7377206,0.7656797,0.48264664,0.00072699785
614,Bangla Thug Life (37).jpg,"যখন আমি কারো কল রিসিভ করে অন্য রুমের দিকে যাই, আম্মু:",0,non-aggressive,0,non-aggressive,True,0.71180505,0.006034832,0.011456556,0.012959911,0.25774366,0.79079014,0.74308765,0.7494978,0.75073075,0.7806318,0.71180505,0.01015836
615,in 25.jpg,আমার পরীক্ষার খাতা,0,non-aggressive,0,non-aggressive,True,0.7462836,0.012187712,0.022454632,0.050430786,0.16864328,0.82911557,0.7879688,0.7940795,0.8021706,0.8142424,0.7462836,0.014873147
616,Halal Memes (75).jpg,"আমরা পুরোনো হয়ে গেছি, না ?",0,non-aggressive,0,non-aggressive,True,0.5861157,0.03392422,0.022169255,0.04076213,0.31702873,0.8288933,0.8003994,0.79614514,0.80223566,0.822748,0.5861157,0.0061452985
617,tangaila (342).jpg,ভাসানী ভাসানী ভাসানী ভাসানী ভাসানী মাওলানা ভাসানী বিজ্ঞান ও প্রযুক্তি বিশ্ববিদ্যালয়,0,non-aggressive,0,non-aggressive,True,0.7534466,0.005246393,0.007668597,0.011663099,0.22197537,0.8392161,0.78954494,0.7933408,0.7975338,0.8269952,0.7534466,0.012220919
618,fb 285.jpg,"উফ লাগছে বললেই জদি ছেড়ে দিত, তাহলে দেশের জনসংখা এত বড়তো না",1,gendered aggression,0,non-aggressive,False,0.5569747,0.013105187,0.017575052,0.017481307,0.39486378,0.7759023,0.73840714,0.7413418,0.74128836,0.7724624,0.5569747,0.0034398437
619,Halal Memes (122).jpg,গেমের মধ্যে মাইক অন করে উরাধুরা গালি দেওয়া আমি পাশের ঘরে থেকে আব্বু,0,non-aggressive,0,non-aggressive,True,0.6471965,0.013162488,0.014989545,0.011570746,0.3130808,0.7701717,0.73121893,0.7325188,0.72993004,0.7629099,0.6471965,0.0072618127
620,fb 1601.jpg,"কুকুর রে তোর মতামত নিয়ে তোর সাথে সেক্স করতে চাই, ওরে নাস্তিকের বাচ্চা, তোর মায়ের মতামত নিয়ে তার সাথে সেক্স করিস আমাকে ছেড়ে দে?",3,religious aggression,0,non-aggressive,False,0.6039839,0.010235531,0.016469404,0.018097352,0.35121378,0.7694865,0.72870964,0.733466,0.7344086,0.7640649,0.6039839,0.005421579
621,fb 1489.jpg,"- আসসালাম ওয়ালাইকুম, একটু দ্বীনের কথা... -নমস্কার!",3,religious aggression,0,non-aggressive,False,0.6516101,0.0056270463,0.009530539,0.005989412,0.32724294,0.77601063,0.7284921,0.7337612,0.72911614,0.76912326,0.6516101,0.0068873763
622,bangla-gag (14).jpg,রমজান মাসে ঈদ এর দিন,1,gendered aggression,0,non-aggressive,False,0.7373756,0.013770407,0.024399031,0.038312793,0.18614215,0.8364065,0.7966008,0.802321,0.80683345,0.82264066,0.7373756,0.0137658715
623,blog 83.jpg,"আল্যা সব পয়গম্বরকে সমান চোখে দেখে । (সুরা আন নিসা, ৪:১৫২) আল্যা সব পয়গম্বরকে সমান চোখে দেখে না । (সুরা বনী ইসরাঈল, ১৭:৫৫)",3,religious aggression,0,non-aggressive,False,0.7077914,0.006476891,0.011578947,0.009852073,0.26430076,0.775229,0.7282899,0.7340993,0.7324843,0.76537836,0.7077914,0.009850621
624,Halal Memes (315).jpg,নানু বেঁচে থাকা অবস্থায় নানু বাড়িতে কাটানো দিনগুলোর কথা মনে পড়ার পর আমি: কি মজাই না হইতো !,0,non-aggressive,0,non-aggressive,True,0.6871839,0.008056205,0.012825056,0.012551403,0.27938345,0.80169654,0.75723493,0.76188457,0.76166886,0.79269636,0.6871839,0.009000182
625,in 585.jpg,নেতাজি সম্পর্কিত সমস্ত ফাইল প্রকাশ্যে আনা হবে' আশ্বাস প্রধানমন্ত্রীর । কবে ফাইল প্রকাশ করবে কিছু বললো? না! ২০১৪-এর আগে থেকেই এই ঢপ দিয়ে যাচ্ছে !,2,political aggression,0,non-aggressive,False,0.6564778,0.008210168,0.012169071,0.010774704,0.31236818,0.79079634,0.7469812,0.7509165,0.7496995,0.7833693,0.6564778,0.0074270368
626,fb 212.jpg,কাশিমপুর কারাগারে নেয়া হচ্ছে পরীমণিকে পাশা ভাই : আনন্দ,1,gendered aggression,0,non-aggressive,False,0.60499835,0.0121845165,0.013399645,0.016123645,0.3532938,0.7747818,0.7357312,0.7366818,0.7385324,0.76940256,0.60499835,0.0053792596
627,tangaila (250).jpg,টাংগাইলে আমার একটা প্রিয় জায়গা আছে টাংগাইলের কই কান্দাপাড়া চিনস ? সালা তুই আমারে চিনস ?,0,non-aggressive,0,non-aggressive,True,0.6803317,0.007593754,0.010185899,0.011017701,0.29087093,0.78378433,0.7388318,0.7417686,0.7425536,0.77528733,0.6803317,0.008497
628,in 272.jpg,একটা কবিতা বলতো ম্যাম আমি বলছি... কবিতার নাম 'ভাইপো' কয়লা খেলি গরু খেলি খেলি নদীর বালি ! নিজে খেলি বউকে দিলি বাদ গেল না শালী। দুষ্টু,2,political aggression,0,non-aggressive,False,0.7411542,0.004497244,0.006402268,0.008052698,0.23989351,0.81893194,0.7678845,0.77141637,0.77370995,0.8076518,0.7411542,0.011280119
629,fb 1115.jpg,যারা স্টোরিতে টিকটক ভিডিও দেয়,4,others,0,non-aggressive,False,0.6373412,0.029271793,0.01236895,0.039353754,0.28166428,0.80657595,0.7757691,0.76715475,0.7787288,0.79841,0.6373412,0.008165956
630,fb 986.jpg,"ভেবেছিলাম সব শেষ কিন্তু আজ জানলাম ব্যাটিং, বোলিং, ফিল্ডিং কিছু না পারলেও বিডি জাতীয় দলে এ চান্স পাওয়া সম্ভব !",4,others,0,non-aggressive,False,0.6864558,0.007953364,0.011268619,0.01106467,0.28325757,0.7891134,0.74453396,0.7480182,0.7478356,0.7802615,0.6864558,0.008851886
631,fb 2007.jpg,রিয়াল মাদ্রিদ সমর্থকদের বর্তমান অবস্থা -,4,others,0,non-aggressive,False,0.75970113,0.015089784,0.017916283,0.035571564,0.1717212,0.82313615,0.78394705,0.78566396,0.7925224,0.8082656,0.75970113,0.014870524
632,Bangla Thug Life (299).jpg,আমি: আম্মু ঈদের সালামি দিবা না ? আম্মু: ভাত খা ! চাইলাম কী ? কইলো কী :),0,non-aggressive,0,non-aggressive,True,0.5983761,0.008708238,0.0055615385,0.012999909,0.37435418,0.77360076,0.73130125,0.7268173,0.735308,0.7689106,0.5983761,0.0046901703
633,fb 139.jpg,ভাই বইন থামেন ! ঈদে রেস্টুরেন্টে না খাইয়া বাসায় আম্মার রান্না খাবার খান সব রেস্টুরেন্টেই এখন বাসি খাবার দিবে,0,non-aggressive,0,non-aggressive,True,0.6168429,0.015071754,0.017563222,0.014827791,0.33569422,0.77158064,0.73446274,0.7359926,0.73429954,0.7654965,0.6168429,0.006084144
634,in 184.jpg,আপনি এতদিন কলকাতায় থেকে বাংলা কিছু শিখেছেন? বাংলাতে আমি শুধু দুটো ওয়ার্ডই বলতে পারি... চোর ট্রিনোমূল,2,political aggression,0,non-aggressive,False,0.50188047,0.019557059,0.02163696,0.025441134,0.43148437,0.7644205,0.7319702,0.73298085,0.73460054,0.7629092,0.50188047,0.0015113354
635,bamboo-vaiya (3).jpg,বরিশাইল্যা গো উৎপত্তির ইতিহাস মেনশন হপে,4,others,0,non-aggressive,False,0.6524246,0.017845066,0.018221894,0.033620454,0.27788797,0.8285372,0.7925475,0.7927565,0.7988816,0.82000244,0.6524246,0.008534789
636,fb 1642.jpg,"দুইজনের সম্মতিভে ভালবাসার মধুর সম্পর্ক হারাম ! হালাল হারাম ৯ টা বউ, ২ টা দাসি, পালিত পুত্রের স্ত্রী, পালিত কন্যা, শিশু বিবাহ আরাম!",3,religious aggression,0,non-aggressive,False,0.65971005,0.009200339,0.010687409,0.011277738,0.3091244,0.7849814,0.74225587,0.7437541,0.7442918,0.7774009,0.65971005,0.0075805187
637,fb 978.jpg,আমার ছেলে লিটন বাসায় খাবার খায় না; কিন্তু মাঠে বল খায়,4,others,0,non-aggressive,False,0.74690443,0.004750435,0.008310029,0.0074814702,0.23255357,0.795943,0.745366,0.75095826,0.7499079,0.7842748,0.74690443,0.011668205
638,ovodro_img (731).jpg,কী হলো ? থেমে গেলে কেনো ? জল পড়ে গেছে গো !,1,gendered aggression,0,non-aggressive,False,0.46028265,0.056031086,0.047184702,0.043116167,0.39338535,0.7893376,0.7682782,0.76655984,0.7656581,0.78776705,0.46028265,0.0015705228
639,fb 1735.jpg,"একটা আঙ্গুল, দুইটা আঙ্গুল, তিনটা আঙ্গুল, যে কোন একটা বেছে নাও!",1,gendered aggression,0,non-aggressive,False,0.7235673,0.005992311,0.010261697,0.00984564,0.25033304,0.79865485,0.7507177,0.75609714,0.75568324,0.7880408,0.7235673,0.0106140375
640,chosha (51).jpg,"মামা ডায়েট কনডম থাকলে দেও ডায়েট কনডম কেন ? গালফ্রেন্ড ডায়েট করে তো, তাই বলছে কনডমে জেনো মিষ্টি না থাকে",1,gendered aggression,0,non-aggressive,False,0.70789427,0.007837701,0.010351626,0.008469663,0.2654467,0.7713457,0.72631216,0.72909415,0.7270876,0.76153684,0.70789427,0.009808838
641,fb 1034.jpg,হ্যা হ্যা আমিই সেই মেহেদি!! যে পরিমনিকে রিমান্ডেও লাগিয়েছে,4,others,0,non-aggressive,False,0.63463724,0.008311965,0.014021712,0.010806163,0.33222294,0.77721596,0.7338624,0.7390915,0.73648655,0.7707435,0.63463724,0.0064724684
642,fb 561.jpg,ক্লাসে বাংলা রিডিং পরতে না পারা বন্ধুকে যখন দেখি বই মেলায় গিয়ে বই কিনতে! আমি : তুই তাইলে শিক্ষিত!,0,non-aggressive,0,non-aggressive,True,0.63389325,0.010711868,0.017004145,0.013117047,0.32527372,0.7768261,0.7360208,0.7406419,0.7380464,0.770154,0.63389325,0.0066720843
643,Halal Memes (302).jpg,স্কুলের টিচারকে যখন মা বাসায় টিউশনের জন্য রাখে আর স্যার বাসায় এসে দেখে নানা টেবিলে ভাত খায় লে স্যার* তোর নানা তাহলে মরে নাই?,0,non-aggressive,0,non-aggressive,True,0.72040033,0.00586875,0.00942148,0.009921652,0.2543879,0.77784836,0.7297467,0.7344802,0.73499745,0.7674389,0.72040033,0.010409474
644,ovodro_img (182).jpg,বিরাট অনুষ্কাকে বিয়ে করল রনবীর ও দীপিকা কে বিয়ে করবে আর আমি শালা বিয়ে করা তো দুরের কথা এখনো একটা প্রেম করতেও পারলাম না,0,non-aggressive,0,non-aggressive,True,0.7008925,0.007933605,0.011276356,0.011292887,0.2686046,0.7812634,0.73645097,0.739967,0.7399816,0.7716723,0.7008925,0.009591103
645,fb 1117.jpg,প্রধানমন্ত্রীর কুমড়ার বেগুনি নিয়ে পোষ্ট করার ০.০০১ সেকেন্ড পর-,2,political aggression,0,non-aggressive,False,0.69210345,0.008700142,0.017610874,0.012621985,0.2689635,0.7871821,0.74341816,0.7504699,0.74713916,0.77773046,0.69210345,0.009451628
646,KAM (337).jpg,ছেলেরা আমার জন্য পাগল সবাই আমার পিছনে পিছনে ঘুরে! কারণ বাজারে সস্তা পণ্যের চাহিদা বেশি!,1,gendered aggression,0,non-aggressive,False,0.6457316,0.008229337,0.011829334,0.012130664,0.322079,0.7508517,0.70722485,0.71085364,0.7111052,0.74389577,0.6457316,0.0069559216
647,fb 1312.jpg,*নিরলস সাহিত্যচর্চার জন্য বাংলা অ্যাকাডেমির পুরস্কার পেলেন মমতা বন্দ্যোপাধ্যায়*,2,political aggression,0,non-aggressive,False,0.7010014,0.005339527,0.008794799,0.009809362,0.27505487,0.7833828,0.73460907,0.7395993,0.74069107,0.7740274,0.7010014,0.009355366
648,fb 161.jpg,এসএসসি ফেইল করা নিব্বি রিকশাওয়ালা,1,gendered aggression,0,non-aggressive,False,0.6994952,0.01853696,0.019793708,0.030528024,0.23164606,0.8348143,0.79850835,0.79916435,0.80349714,0.82376283,0.6994952,0.011051476
649,fb 1414.jpg,শুনলাম আপনাদের দেশের লোকেরা আমার দেশের জিনিসপত্র বয়কট করার কথা বলছে? ওরা তো আর জানেনা যে নিও লি বেড়াল পলিসির কারণে আমি আগেই আপনাদের দেশের কোম্পানিগুলোকে আমাদের দেশে ব্যবসা করার অনুমতি দিয়ে রেখেছি,2,political aggression,0,non-aggressive,False,0.6682116,0.009505166,0.014111531,0.00871046,0.29946122,0.77261615,0.7300884,0.73404,0.7292153,0.7645899,0.6682116,0.008026242
650,chosha (47).jpg,প্রথম ছ্যাকা খাওয়া পর...! আমি: কেনো তুমি আই আই আই !,0,non-aggressive,0,non-aggressive,True,0.59187776,0.012819646,0.017079297,0.021377666,0.35684568,0.83935076,0.80102754,0.8038964,0.8061412,0.8342908,0.59187776,0.0050599575
651,fb 305.jpg,আজকাল ট্রিট মানে ছেলেরা চুদা দেয় -মেয়েরা চুদা নেয়়,1,gendered aggression,0,non-aggressive,False,0.6576839,0.009289834,0.011879794,0.009267464,0.31187904,0.7808789,0.73828083,0.74074006,0.73825675,0.77341783,0.6576839,0.007461071
652,fb 1104.jpg,"চিন্তা নেই, আমি খুব ধীরে ধীরে করি",1,gendered aggression,0,non-aggressive,False,0.58155227,0.040643968,0.026817126,0.04717697,0.30380964,0.8079492,0.7813407,0.7771826,0.78283125,0.8014562,0.58155227,0.0064929724
653,fb 4.jpg,আমি : দোস্ত আমিতো আলিশার উপর চরম ক্রাশ খাইছি কাউকে বলিস না কিন্তু! দোস্ত : সুপ্রিয় ভাই ও বোনেরা আমার! সবাই শুনেন!! রিফাত আলিশার উপর ক্রাশ খাইছে!!,0,non-aggressive,4,others,False,0.4065512,0.03618037,0.04731084,0.020975485,0.48898214,0.42503855,0.4008466,0.4035288,0.39539498,0.42688468,0.48898214,0.0018461347
654,in 328.jpg,মনে হয় আমার কথা ভাবছে.... কালকে গ্রামে ঢুকে যদি বলি আমি দিদির দূত তাহাল আবার তাড়া করবে,2,political aggression,0,non-aggressive,False,0.6445344,0.00961819,0.014621634,0.013891518,0.3173343,0.78987235,0.74782366,0.7520121,0.75149983,0.78278667,0.6445344,0.007085681
655,tangaila (84).jpg,যারা একদিনে অনেক টাকা আয় করে যারা এই গরমে রাস্তার পাশে লেবুর শরবতের দোকান দিয়েছে,0,non-aggressive,0,non-aggressive,True,0.6455684,0.011710877,0.0132354805,0.012537891,0.3169474,0.77834266,0.73824656,0.73947036,0.7389289,0.77122873,0.6455684,0.0071139336
656,bangla-memes (167).jpg,নির্বাচনী পোস্টার ঢাকা,0,non-aggressive,0,non-aggressive,True,0.6808254,0.01700179,0.025535958,0.075607814,0.20102909,0.81531906,0.7784192,0.7824869,0.7933416,0.8031205,0.6808254,0.012198567
657,Halal Memes (239).jpg,যখন জনগণকে চা ঢেলে দেওয়ার পর তারা সেই চা না খেয়ে উল্টা ট্রল করে আমি কিতার মধ্যে চা ঢালতাছি,4,others,0,non-aggressive,False,0.5800786,0.014222102,0.015882252,0.015275793,0.3745412,0.76173264,0.72464895,0.725753,0.7253637,0.757358,0.5800786,0.0043746233
658,in 307.jpg,"এখনও মনে করি অনুব্রত বীরভূমের বাঘ' , দলের জেলা সভাপতির পাশে দাঁড়িয়ে ফের ফিরহাদ-মন্তব্য 'অনুব্রত প্রভাবশালী নন', দাবি ফিরহাদের; দিলেন কেষ্ট-হীন পোস্টারের ব্যাখ্যাও",2,political aggression,0,non-aggressive,False,0.6482441,0.009151607,0.009634071,0.0132293375,0.31974083,0.7771823,0.7345789,0.7350927,0.738264,0.7701148,0.6482441,0.0070675015
659,direct-offense (69).jpg,স্যার: কিরে পরিক্ষার খাতায় তোর আর তোর বন্ধুর উত্তর এক ক্যান ! আমি: স্যার প্রশ্নওতো এক ! * স্যার * আমি,0,non-aggressive,4,others,False,0.4339909,0.02584556,0.03538388,0.015507268,0.48927242,0.59249204,0.5642832,0.56742436,0.5591749,0.593691,0.48927242,0.0011989474
660,blog 85.jpg,"দোয়া-মোনাজাত বিশ্বাসসূচক নয়, বরং সংশয়সূচক কারণ সর্বজ্ঞ আল্যাহর বিচক্ষণতা ও তার ঐশী পরিকল্পনার প্রতি আপনার পূর্ণ আস্থা যদি থাকতো, আপনি কি তার সেই পরিকল্পনা পুনর্বিবেচনাপূর্বক পরিবর্তনের অনুরোধ করে দোয়া-মোনাজাত করতেন?",3,religious aggression,0,non-aggressive,False,0.76849943,0.004108866,0.009185523,0.012363867,0.20584232,0.79275775,0.7404448,0.7484896,0.7514611,0.7795844,0.76849943,0.013173342
661,fb 42.jpg,এসএসসি রেজাল্টের ৩ বছর পর... এই পোলায় এসএসসি তে গোল্ডেন পাইছিলো! দেখছোস কেউ এখন আর বেইল দেয়না?,0,non-aggressive,0,non-aggressive,True,0.63029075,0.012603957,0.018720761,0.018466273,0.31991822,0.78882885,0.7497072,0.7536634,0.75352657,0.78204775,0.63029075,0.006781101
662,fb 1274.jpg,একজন বোকা লোক এক নারির পশ্চাতের গন্ধ এড়িয়ে যাবো কিন্তু একটি সুশীল লোক বলিবে আপনার পুটকিতে অনেক গন্ধ আপনার পুটকি মারতে চাই,1,gendered aggression,0,non-aggressive,False,0.7187965,0.006748856,0.009514218,0.010657614,0.25428283,0.7960402,0.7493581,0.7527923,0.7539272,0.7856489,0.7187965,0.010391295
663,in 66.jpg,মেহেদীর মা মেহেদী আজকে রাতে মেহেদী লাগাবো বলা মেয়েরা,1,gendered aggression,0,non-aggressive,False,0.5990209,0.013008259,0.014458716,0.013413611,0.3600985,0.7677179,0.7294208,0.73047787,0.7297276,0.7626287,0.5990209,0.0050892234
664,fb 1062.jpg,তুমি জানো আমি কে? আপনাকে জানার মায়েরে চু#,4,others,0,non-aggressive,False,0.63152933,0.02929576,0.019544536,0.0321778,0.28745258,0.82686836,0.79616135,0.7921139,0.7970997,0.8189975,0.63152933,0.007870853
665,in 389.jpg,"এই সোনা জানো, বাবা গত সপ্তাহে লটারি জিতেছিল আবার এই সপ্তাহেও জিতেছে..... তোমার বাবা তৃণমূল করে? ঠিক ধরেছো, আমি তো তোমাকে বলিনি, তুমি কী করে জানলে!",2,political aggression,0,non-aggressive,False,0.66810966,0.008359849,0.010511552,0.012332925,0.30068606,0.7956658,0.7518557,0.75414604,0.755744,0.78768194,0.66810966,0.007983863
666,chosha (91).jpg,বলতো সবাই দুয়ে (২) + দুয়ে (২) = কি হয় ? ম্যাডাম দুয়ে দুয়ে দুধ বেড় হয়,1,gendered aggression,0,non-aggressive,False,0.5353413,0.020734802,0.019137241,0.04448863,0.380298,0.7749877,0.7424768,0.741675,0.75011104,0.77156824,0.5353413,0.0034194589
667,fb 1701.jpg,অবিশ্বাসীদের যেখানেই পাবে সেখানেই হত্যা করবে আল কুরান (২ : ১৯১) তোমার ধর্ম তোমার কাছে আমার ধর্ম আমার কাছে আল কুরান (১০৯ : ৬),3,religious aggression,0,non-aggressive,False,0.5003977,0.018754277,0.022782534,0.017845282,0.4402202,0.76011807,0.7272783,0.729224,0.7267814,0.7588368,0.5003977,0.0012812614
668,fb 1553.jpg,"হকিং যখন বলেছিল, ব্ল্যাকহোলের মধ্যে তথ্য চিরতরে হারিয়ে যায় হকিং যখন বলেছিল, স্রষ্টা বলতে কেউ নেই",3,religious aggression,0,non-aggressive,False,0.6640219,0.0070510716,0.015581429,0.014282513,0.29906303,0.78929514,0.74384373,0.75177276,0.7509023,0.7813185,0.6640219,0.007976651
669,bangla-gag (81).jpg,প্রিয়তমা পরী ছিল ডানা কাটা ছিল না ! তাই উড়ে চলে গেল পাত্তাই দিল না !!,0,non-aggressive,0,non-aggressive,True,0.69005257,0.0062845754,0.009772584,0.008879119,0.2850112,0.7879093,0.74092263,0.7453374,0.7443786,0.7790669,0.69005257,0.008842409
670,fb 62.jpg,আমার ডিএসএলআর আছে আমি বিরাট ফটোগ্রাফার তাইলে আমার কলম আছে আমি হুমায়ূন আহমেদ,4,others,0,non-aggressive,False,0.73584557,0.0062162275,0.010288233,0.0095184,0.23813164,0.7961262,0.7483876,0.753426,0.75264823,0.7848442,0.73584557,0.011281967
671,blog 377.jpg,আল্যা পরম করুণাময় তিনি শুধু কাফিরহত্যার নির্দেশ দিয়েছেন,3,religious aggression,0,non-aggressive,False,0.7334801,0.0071009947,0.011749079,0.011735463,0.23593436,0.7926321,0.7462565,0.7512919,0.7512803,0.7812897,0.7334801,0.011342406
672,tangaila (173).jpg,কুমুদিনীর মেয়েরা বিয়ের আগে কুমুদিনীর মেয়েরা বিয়ের পরে,1,gendered aggression,0,non-aggressive,False,0.6427124,0.00997253,0.021525614,0.01761016,0.30817923,0.7889913,0.74733263,0.7550267,0.75301903,0.78164107,0.6427124,0.0073502064
673,blog 322.jpg,একখান কামের কাম করসে টাইম ম্যাগাজিন। পোপের মাথায় ডেভিলের শিং বসাইয়া দিসে ।,3,religious aggression,0,non-aggressive,False,0.7697589,0.0039719697,0.0066721286,0.0069730985,0.21262391,0.7875696,0.7349014,0.7400882,0.7405294,0.77470404,0.7697589,0.012865543
674,fb 277.jpg,এইরকম একটা মেয়ে যদি আমার বেটার বউ হতো নাউজুবিল্লাহ,1,gendered aggression,0,non-aggressive,False,0.7295086,0.0049924534,0.00911684,0.008869642,0.24751256,0.7836873,0.73384285,0.7398648,0.7395899,0.77287817,0.7295086,0.0108091235
675,in 532.jpg,মশাই ইডির তদন্ত দেখে আপনার কি মনে হচ্ছে?! ইডি নিজেও এখন কনফিউজড আগে বেআইনি সম্পত্তি খুঁজে বের করবে? নাকি বান্ধবী খুঁজে বের করবে!?,2,political aggression,0,non-aggressive,False,0.4808126,0.02363735,0.028811667,0.026548829,0.4401896,0.7332696,0.70314306,0.7051226,0.7043047,0.7323869,0.4808126,0.0008826852
676,tangaila (300).jpg,আমার লুচু বন্ধু বেবিস্ট্যান্ডের দিকে রওনা দেওয়ার আগে - আজকে রেট কত কইরা ?,0,non-aggressive,0,non-aggressive,True,0.7109938,0.007728657,0.011903443,0.009683191,0.2596909,0.7883074,0.74309015,0.74740905,0.7453447,0.77823573,0.7109938,0.010071695
677,fb 1796.jpg,"সব মন খারাপের একটাই সমাধান, এক প্লেট সুলতানি কাচ্চি । আজকে আমার মন ভালো নেই চলো কাচ্চি খাই",4,others,0,non-aggressive,False,0.74332917,0.004823884,0.007712133,0.008340204,0.23579456,0.7966897,0.74631405,0.75100625,0.75178915,0.78520787,0.74332917,0.011481822
678,blog 432.jpg,হালা নাস্তিক আমগোর ধর্মরে ধ্বংস করার ধান্দা?,3,religious aggression,0,non-aggressive,False,0.63122255,0.029208345,0.025133874,0.029701602,0.28473362,0.8410606,0.81032854,0.80882615,0.810496,0.8330995,0.63122255,0.007961094
679,fb 1580.jpg,নাস্তিকীয় লজিক নারী পুরুষ আফ্রিকান ফর্সা কালো ধনী গরীব প্রতিবন্ধি নাস্তিক,3,religious aggression,0,non-aggressive,False,0.7467311,0.0055874637,0.010821266,0.013211135,0.22364897,0.80332303,0.7543712,0.76098114,0.7629766,0.7912668,0.7467311,0.0120562315
680,bangla-memes (150).jpg,যখন পরীক্ষার রেসাল্ট ভালো হওয়ার পর মনে পড়ে যায় যে আসল রেসাল্ট দেওয়া হবে হাশরের ময়দানে:,0,non-aggressive,0,non-aggressive,True,0.74553776,0.0063246354,0.011281595,0.011221762,0.22563425,0.78900594,0.7413094,0.74709666,0.74704343,0.7770541,0.74553776,0.011951864
681,fb 16.jpg,বাসায় একা থাকলে যা করবো ভাবি আসলে যা করি,0,non-aggressive,0,non-aggressive,True,0.6427421,0.023419024,0.026612654,0.031424668,0.2758016,0.83933383,0.8062118,0.8074902,0.8091523,0.8308732,0.6427421,0.008460641
682,blog 397.jpg,তুমিও কি আমার মতোই বসন্তকালের অপেক্ষায় আছো? তা তো জানি না । আমার স্বামীকে জিজ্ঞেস করে নিতে হবে।,3,religious aggression,0,non-aggressive,False,0.6472379,0.0109847905,0.010433092,0.015064684,0.3162796,0.76474005,0.72397804,0.72346276,0.7271365,0.7575792,0.6472379,0.0071608424
683,KAM (103).jpg,কিরে জলিল কাল নাকি পাবলিক তোকে গন ধোলাই দিছে হুম... কি অপরাধ করলি আবার আর বলিসনা এক মাহিলার পায়ের নিছে আমার একটা ফটো পরছিল মাইর দিল কেন আমি শুধু কইছি আফা শাড়ী টা উপরে তুলেন ফটো তোলব তো...,4,others,0,non-aggressive,False,0.6344698,0.008147056,0.01363345,0.013232152,0.3305175,0.7853925,0.7418412,0.7469899,0.7466911,0.77887124,0.6344698,0.0065212846
684,fb 944.jpg,তোর না বেগুনে এলার্জি? তাইলে প্রতি সপ্তাহে যে এত বেগুন কিনি সেগুলা কে খায়?,1,gendered aggression,0,non-aggressive,False,0.4882743,0.02066087,0.021852048,0.020709317,0.44850346,0.76618457,0.73455817,0.7351187,0.7345816,0.76533496,0.4882743,0.0008496046
685,in 217.jpg,"""সিপেম সব চাকরি খেয়ে নিচ্ছে' বলে কান্নাকাটি করা পিসি বিকাশরঞ্জন ভট্টাচার্য",2,political aggression,0,non-aggressive,False,0.5938754,0.009807189,0.014138902,0.014932174,0.36724636,0.78216255,0.741127,0.7447852,0.74533105,0.7773562,0.5938754,0.0048063397
686,fb 837.jpg,চোখে ঘুম আসলে লুঙ্গিটাই কন্ট্রোল করতে পারি না আর তুমি বলতেছো তোমাকে আগলে রাখতে,0,non-aggressive,0,non-aggressive,True,0.6527117,0.010030026,0.016002152,0.014922932,0.3063332,0.78543496,0.74367946,0.7483508,0.7476526,0.77787036,0.6527117,0.0075646043
687,ovodro_img (54).jpg,তোর নাম কী ? যস দেখ কান্ড যার শরীরে নাই কোন রস তার নাম আবার যস,4,others,0,non-aggressive,False,0.6107874,0.012868747,0.013881246,0.016461262,0.3460014,0.7804438,0.74184436,0.7426017,0.7443064,0.7747607,0.6107874,0.0056830645
688,in 71.jpg,আর্জেন্টিনার এবার কোপা জিতলে আমার দুইটা বিচি কেটে কুত্তা দিয়ে খাওয়াবো আর্জেন্টিনা জিতার পর কুত্তা: বিচি দুইটা দিলেন না স্যার?,4,others,0,non-aggressive,False,0.66087294,0.010309303,0.014781823,0.014664888,0.2993711,0.7827884,0.7411832,0.74478674,0.74470735,0.7748696,0.66087294,0.007918775
689,Bangla Thug Life (201).jpg,নারীবাদ পিরিয়ডের পেইন এইসব নিয়া স্ট্যাটাস দেয়ার পর মেয়েদের মন জয় করা ফাকবয় বি লাইক: এ শহরে আমার মতো ক্রিমিনাল একটা ও নাই,1,gendered aggression,0,non-aggressive,False,0.69395226,0.007477175,0.013081467,0.012140728,0.27334845,0.7920329,0.74672747,0.7523208,0.7515745,0.78271633,0.69395226,0.009316564
690,chosha (44).jpg,"ভাই আমি বিয়ের আগে কোনোদিনও বউয়ের সাথে সেক্স করিনি, তুই করছিলি ? মনে পড়ছেনা , তোর বউয়ের নাম বল হয়তো মনে পড়তে পারে",0,non-aggressive,0,non-aggressive,True,0.65303516,0.008101578,0.011822943,0.011515718,0.31552467,0.7754249,0.7315292,0.735309,0.7350457,0.7681509,0.65303516,0.007273972
691,fb 679.jpg,উচ্চ মাধ্যমিক মাধ্যমিক,0,non-aggressive,0,non-aggressive,True,0.74737775,0.016944867,0.01726853,0.0449675,0.1734413,0.8179291,0.78006303,0.7802522,0.78982276,0.8033218,0.74737775,0.01460731
692,fb 56.jpg,মেয়েরা যেভাবে ছবি তুলে,1,gendered aggression,0,non-aggressive,False,0.631452,0.020052789,0.02975482,0.04151648,0.2772239,0.8166702,0.78217363,0.7861199,0.7894508,0.8084382,0.631452,0.0082319975
693,tangaila (164).jpg,হাসানিয়ানদের বউ সৃষ্টিয়ানদের বউ,4,others,0,non-aggressive,False,0.6796833,0.016890466,0.019984758,0.034640595,0.24880081,0.81692564,0.7799769,0.7816591,0.7871597,0.8068759,0.6796833,0.01004976
694,fb 470.jpg,খুবই ভাগ্যবান রুগী,1,gendered aggression,0,non-aggressive,False,0.6659457,0.017389795,0.028731797,0.054286778,0.23364592,0.8284984,0.79204524,0.7970664,0.8034292,0.81802446,0.6659457,0.010473967
695,ovodro_img (201).jpg,বল পাগলু পাদলু উচ্চারন তো মহানায়ক দেবের মত,4,others,0,non-aggressive,False,0.64844364,0.020488955,0.023436464,0.036006734,0.27162427,0.82944685,0.7949,0.7962441,0.8005382,0.82074535,0.64844364,0.008701503
696,in 642.jpg,আজ লন্ডভন্ড দিবসের বর্ষপূর্তি,2,political aggression,0,non-aggressive,False,0.71148455,0.015116335,0.028190877,0.03999279,0.20521536,0.82488686,0.78637105,0.7926033,0.7961003,0.8124539,0.71148455,0.012432933
697,blog 326.jpg,ঈশ্বর সত্য। আপনি আমার কথা বিশ্বাস করছেন না? এই ইউটিউব লিংকটা দেখুন । এর অর্থ - সেই অতিলৌকিক সত্তার অস্তিত্বের প্রমাণ আছে ইউটিউবে?,3,religious aggression,0,non-aggressive,False,0.6815684,0.009715008,0.01408326,0.017651297,0.276982,0.78987336,0.74736613,0.75107926,0.7533375,0.7808689,0.6815684,0.009004474
698,fb 829.jpg,"বন্ধু আমার পদধূলি নিচ্ছে কারণ সে ও আমার মতো এলিয়েন; জাদুকর..."" এর ট্যাগ পেতে চায়",4,others,0,non-aggressive,False,0.75104946,0.0063430206,0.0084955115,0.009205762,0.22490628,0.7705727,0.72283155,0.72575337,0.7265563,0.7585149,0.75104946,0.012057841
699,ovodro_img (692).jpg,ভালোবাসা খুজে পেয়েছি !,0,non-aggressive,0,non-aggressive,True,0.5932302,0.026637264,0.04609042,0.031587914,0.3024542,0.84745085,0.8164182,0.8219011,0.8181228,0.84071434,0.5932302,0.006736517
700,KAM (256).jpg,তামিমের রান্না করা নুডলস শ্রীলঙ্কা ০ রান স্কটল্যান্ড ৯৫ রান ইংল্যান্ড ২ রান,4,others,0,non-aggressive,False,0.7117855,0.007009046,0.011786493,0.0096668685,0.2597521,0.78484076,0.738635,0.7438325,0.74185,0.7747603,0.7117855,0.010080457
701,in 101.jpg,"দামে কম নরম বেশি... টেপে কম, ঠাপে বেশি.... জনি ফার্নিচার...",4,others,0,non-aggressive,False,0.58715624,0.012191711,0.014587672,0.011647266,0.37441707,0.7884255,0.74968016,0.7514744,0.7492233,0.7839263,0.58715624,0.004499197
702,Bangla Thug Life (17).jpg,যখন দেখি ক্লাস নাইন এর ছেলে আর ক্লাস ৭ এর মেয়ে একসাথে হাত ধরে হাটতেসে আমি: এই জীবনে কি করলাম ?,0,non-aggressive,0,non-aggressive,True,0.65026397,0.008639469,0.015212797,0.012387652,0.31349614,0.78823125,0.7450209,0.7506789,0.7486245,0.78093535,0.65026397,0.0072959065
703,KAM (46).jpg,"পোলাপাইনের রি-অ্যাকশন যখন ক্লাসের সবচেয়ে সুন্দরী মেয়েটি, ""ইন এ রিলেশনশীপ"" হয়ে যায়",0,non-aggressive,0,non-aggressive,True,0.6403414,0.0090235025,0.016067857,0.01027588,0.32429144,0.7701087,0.727487,0.7332569,0.7287867,0.7633051,0.6403414,0.006803572
704,Bangla Thug Life (162).jpg,তরকারিতে লবণ বেশি হওয়ায় এগুলা গরু খায় নাকি বলে চিল্লাতে থাকা শাশুড়ী এ দিকে দুই প্লেট ভাত খেয়ে ফেলা তার ছেলে,0,non-aggressive,0,non-aggressive,True,0.7471221,0.006786392,0.00999267,0.012529028,0.22356984,0.790355,0.7433419,0.7472112,0.74947315,0.7782899,0.7471221,0.012065113
705,direct-offense (4).jpg,ও মাঠে খেলুক বা যেখানেই খেলুক না কেনো খেলুক তাহলে আজ না-হয় বাসাতেই হয়ে যাক?,4,others,0,non-aggressive,False,0.58717024,0.012894919,0.014403442,0.010061285,0.3754701,0.7554629,0.71727806,0.7183844,0.71479666,0.7509915,0.58717024,0.0044713616
706,tangaila (96).jpg,ফজিলাতুন্নেছা কুমুদিনী,1,gendered aggression,0,non-aggressive,False,0.6847915,0.016719611,0.022874627,0.03330576,0.24230859,0.8395904,0.802465,0.8055995,0.8093565,0.82920134,0.6847915,0.01038903
707,fb 1327.jpg,অসংখ্য হিন্দুত্ববাদী ফাসিস্ত-কে সহ্য করার চেয়ে পুঁজিবাদী রাষ্ট্রকে একেবারে উচ্ছেদ করে দেওয়া ভালো,2,political aggression,0,non-aggressive,False,0.6693048,0.008417016,0.014685684,0.016012466,0.29158005,0.7857522,0.74199235,0.74755853,0.74842346,0.77744293,0.6693048,0.008309245
708,blog 49.jpg,মূর্তিপূজার অভিযোগে অভিযুক্ত মুসা নবীর অনুসারীদের আল্লাহ ক্ষমা করেছে (সুরা আল বাকারাহ; ২:৫২) মূর্তিপূজার অভিযোগে অভিযুক্ত মুসা নবীর অনুসারীদের আল্লাহ শাস্তি দিয়েছে (সুরা আল আরাফ; ৭:১৫২),3,religious aggression,0,non-aggressive,False,0.6611393,0.0067778337,0.011839875,0.016501117,0.3037419,0.7731936,0.7273905,0.7329687,0.7362882,0.7654157,0.6611393,0.0077778697
709,fb 2069.jpg,চাঞ্চল্যকর তথ্য ডলার বিনিময়ে জয়ী অবশেষে রিয়াল মাদ্রিদে ।,4,others,0,non-aggressive,False,0.71658856,0.0056912536,0.012201387,0.010143822,0.255375,0.794586,0.7462303,0.75385654,0.75200963,0.7842683,0.71658856,0.010317683
710,ovodro_img (121).jpg,*পাগলাচোদা গালফ্রেন্ড বাড়ার মাথা বাড়া,1,gendered aggression,0,non-aggressive,False,0.71049756,0.012847486,0.02269318,0.02136011,0.23260163,0.86454725,0.8244191,0.8301082,0.8295029,0.85338086,0.71049756,0.011166394
711,KAM (178).png,আমাদের টিমে আছে ১১টা খেলোয়াড় !! আর ইন্ডিয়ান টিমে ১৪ টা খেলোয়াড়!! ১১ জন মাঠে খেলে আর ৩ জন সিদ্ধান্ত নিয়ে খেলে!,4,others,0,non-aggressive,False,0.67122203,0.009041716,0.015102684,0.00928563,0.29534796,0.78608555,0.743013,0.74814326,0.7432792,0.7778761,0.67122203,0.008209467
712,in 339.jpg,আরে ও সাম্বা ঐ তিনু বিধায়কের ঘরে কতো টাকা পাওয়া গেছে? সর্দার... পুরো ১১ কোটি নগদ,2,political aggression,0,non-aggressive,False,0.6662368,0.009700041,0.0097882105,0.01067261,0.30360225,0.7755008,0.7332057,0.7332961,0.73416114,0.76764154,0.6662368,0.00785923
713,blog 312.jpg,বিশ্ব উষ্ণায়ণ হ্রাসে হিন্দুধর্মের উদ্যোগ,3,religious aggression,0,non-aggressive,False,0.668127,0.018614387,0.024331326,0.033550568,0.2553767,0.83384967,0.7980442,0.80072254,0.8039354,0.8242323,0.668127,0.009617388
714,fb 1717.jpg,এইডা ইহুদি নাসারাগো কাজ দুষ্টু কোথাকার,3,religious aggression,0,non-aggressive,False,0.6892947,0.02018619,0.023707058,0.037526496,0.22928563,0.83865327,0.8033466,0.8049543,0.80954707,0.82764626,0.6892947,0.011007011
715,fb 1281.jpg,১০০ টাকা ডোনেশন পেয়ে ২০ টাকা সাহায্য করার পর বিদ্যানন্দঃ বাকিডা আমারে দিয়া দিতে কইছে,4,others,0,non-aggressive,False,0.6377952,0.010678279,0.015281814,0.010952711,0.325292,0.77849257,0.73759454,0.74117905,0.7378483,0.7717596,0.6377952,0.0067329407
716,fb 438.jpg,আমি বিমান পোকাসোদা,2,political aggression,0,non-aggressive,False,0.74172986,0.0139849875,0.02173188,0.045219928,0.17733333,0.8326941,0.79298407,0.797392,0.8047196,0.8183846,0.74172986,0.0143095255
717,tangaila (134).jpg,জাস্টফ্রেন্ড গালফ্রেন্ড,0,non-aggressive,0,non-aggressive,True,0.67714006,0.018120082,0.02457185,0.034202725,0.2459653,0.8304028,0.7941942,0.79724,0.800547,0.8202759,0.67714006,0.010126889
718,fb 807.jpg,বন্ধুর ১৪ই ফেব্রুয়ারীর পরিকল্পনা ওমিক্রন,0,non-aggressive,0,non-aggressive,True,0.7075218,0.016880859,0.017538056,0.027960595,0.23009862,0.8272556,0.78989977,0.79028165,0.7949459,0.81602305,0.7075218,0.011232555
719,fb 1258.jpg,"পহেলা বৈশাখ বাঙালির সংস্কৃতি; যারা পহেলা বৈশাখ পালন করেনা, তারা খাঁটি বাঙালি নাহ পহেলা বৈশাখ মুসলমানদের জন্য নয় জ্ঞান বুদ্ধি হওয়ার পর থেকে কখনো পহেলা বৈশাখ নিয়ে লাফালাফি করি নাই",3,religious aggression,0,non-aggressive,False,0.68592685,0.0075030816,0.008640805,0.012079688,0.2858496,0.80199736,0.7568428,0.75825465,0.7616049,0.79324436,0.68592685,0.008753002
720,bamboo-vaiya (17).jpg,"আর চুপ থাকা যায় না দেশে নারী নির্যাতন বন্ধ করতেই হবে দেখুন, যৌতুকের টাকা দেওয়ার পর ও বার বার বলে বাপের বাড়ি থেকে টাকা আনতে আর না দেওয়াতে প্রতিদিন ঠিক এইভাবে মারধর করে, চরম প্রতিবাদ যানাই , মানবতা আজ কোথায় ??",1,gendered aggression,0,non-aggressive,False,0.6582002,0.011677413,0.017954208,0.017213913,0.29495433,0.7816728,0.7413542,0.7456559,0.74523485,0.7736459,0.6582002,0.008026898
721,tangaila (196).jpg,আমার সেরা দল হতে পারতাম যা এর আগে পৃথিবী দেখে নি,0,non-aggressive,0,non-aggressive,True,0.70160556,0.016681185,0.017767733,0.031868085,0.23207742,0.81698114,0.7795902,0.7802213,0.78606343,0.80591816,0.70160556,0.01106298
722,chosha (107).jpg,"আপনার মেয়েকে আমার ছেলে পছন্দ করেছে, তা আপনার মেয়ে কি পর্দাশীল ? অবশ্যই , মেয়ের ফেসবুক প্রোফাইল লক করা",1,gendered aggression,0,non-aggressive,False,0.6220493,0.010296067,0.013841455,0.012291981,0.34152126,0.76899886,0.72798634,0.73094535,0.72975814,0.7630028,0.6220493,0.0059960485
723,fb 487.jpg,কিরে খনিকের পুতেরা? এখন বল আমি বেশি হট নাকি নোরা ফাতেহি বেশি হট?,4,others,0,non-aggressive,False,0.5350631,0.0163783,0.022220915,0.031677365,0.39466026,0.7791764,0.7443121,0.7473629,0.75090855,0.7761328,0.5350631,0.003043592
724,Bangla Thug Life (4).jpg,যখন ভল্লুক এসে পড়ে এবং আপনি এবং আপনার বেস্টফ্রেন্ড দুজনের কেউই জানেন না কিভাবে গাছে চড়তে হয়,0,non-aggressive,0,non-aggressive,True,0.65254176,0.007794477,0.019808456,0.02174886,0.2981065,0.77791023,0.73363566,0.7429626,0.7438971,0.770076,0.65254176,0.007834256
725,fb 367.jpg,"গুজরাটে শিল্প আছে, নতুন শিল্প হচ্ছে, এগিয়ে বাংলায় নেই | বরঞ্চ গুজরাটি ভাষাটা জানা থাকলে বাঙালীদেরও গুজরাটে চাকরি পেতে সুবিধা হবে | বাংলা ভাষাটা আপাতত সাহিত্য চর্চার জন্যই ঠিক আছে দেশী গরুর মূত্র ঘটিত ব্যাপার বলে মনে হচ্ছে",4,others,0,non-aggressive,False,0.6957834,0.0072944663,0.016275728,0.014648023,0.26599845,0.79250634,0.74692714,0.75495267,0.75389904,0.78289086,0.6957834,0.009615481
726,fb 1361.jpg,এদিকে আয় তোর চিকিৎসা করবো,4,others,0,non-aggressive,False,0.6468674,0.024147047,0.027106002,0.04108523,0.26079437,0.8226382,0.78975844,0.79091436,0.79507333,0.81355417,0.6468674,0.009084046
727,ovodro_img (289).jpg,"মিথ্যা বললি ক্যানো আমায়? বাথরুমে ওটা স্যাম্পু ছিল না ।। আপনি কী করে বুঝলেন যে , ওটা স্যাম্পু ছিল না ? ? মাথায় মেখেছিলাম কোন ফ্যানা হয়নি রে ঢ্যামনা ।",0,non-aggressive,0,non-aggressive,True,0.71237916,0.008101736,0.011097865,0.011449799,0.25697136,0.7775096,0.7327443,0.73589104,0.73620325,0.7673132,0.71237916,0.010196447
