index,image_name,caption,true_label_id,true_label,pred_label_id,pred_label,correct,prob_NoAg,prob_GAg,prob_PAg,prob_RAg,prob_Oth,cos_NoAg,cos_GAg,cos_PAg,cos_RAg,cos_Oth,confidence,margin
0,fb 554.jpg,ভালোই তো এতদিন ভুলে ছিলি,0,non-aggressive,0,non-aggressive,True,0.4093117,0.025374332,0.25360608,0.21683803,0.09486984,0.36641526,0.33860785,0.3616283,0.360062,0.35179552,0.4093117,0.004786968
1,in 375.jpg,দুই বাসের রেষারেষিতে কুণাল ঘোষের গাড়িতে ধাক্কা! আমি খোজ নিয়েছি বাস ড্রাইভার দুটো সিপেম করে...,2,political aggression,2,political aggression,True,0.04876111,0.02142848,0.74828464,0.09697306,0.08455269,0.32257605,0.31435394,0.34988457,0.32945108,0.32808048,0.74828464,0.020433486
2,in 137.jpg,চিন্তা করো না বাবা; আমি আসছি,2,political aggression,2,political aggression,True,0.15972868,0.08396361,0.2992503,0.25438058,0.20267685,0.3705961,0.3641652,0.37687415,0.37524965,0.3729775,0.2992503,0.0016244948
3,in 351.jpg,ক্ষুদ্র শিল্পে দেশে এক নম্বরে পশ্চিমবঙ্গ' সবই ওনার অনুপ্রেরণায়....,2,political aggression,2,political aggression,True,0.044172447,0.027287142,0.73872316,0.09626423,0.09355303,0.33711165,0.33229482,0.36527988,0.34490162,0.34461594,0.73872316,0.020378262
4,Bangla Thug Life (350).jpg,সকালের মিষ্টি রোদে ছবি অন্যদের আমার,0,non-aggressive,3,religious aggression,False,0.073254555,0.056978498,0.14345172,0.64246225,0.083852954,0.35581324,0.35330054,0.3625338,0.37752688,0.35716444,0.64246225,0.014993072
5,KAM (19).jpg,অনেকদিন ঘুরতে যাওয়া হইনি চলো কথাও যায় নারায়াঙ্গঞ্জ খুব সুন্দর ... চলো যাই থাক তাহলে যাবো না,4,others,2,political aggression,False,0.10478911,0.12431442,0.42674786,0.14648432,0.19766438,0.3315037,0.33321232,0.3455461,0.33485335,0.3378499,0.42674786,0.0076962113
6,nurani-memes (131).jpg,"আম্মুঃ তোর বয়সের সবাই টিউশনি করায়া টাকা কামায় আর তুই এখনো বাপের উপরে চলস , লজ্জা করেনা ? আমিঃ লজ্জা ? হেইডাতেও প্রিজারভেটিভ দেওয়া আছে",0,non-aggressive,3,religious aggression,False,0.20819212,0.029436262,0.2305778,0.42030463,0.111489095,0.35072824,0.33116588,0.35174948,0.35775343,0.3444829,0.42030463,0.006003946
7,KAM (65).png,"এই ছেলে তোমরা কই ভাই-বোন? আমরা ২ ভাই, আমি আর আমার বড় ভাই কি করে তোমার বড় ভাই? জার্মানি করে! জব এর কথা জিজ্ঞেস করছি, ফুটবল টিম না!",0,non-aggressive,3,religious aggression,False,0.09908707,0.022657292,0.2390205,0.4769656,0.16226946,0.33756492,0.32280976,0.34637043,0.35327938,0.34249753,0.4769656,0.006908953
8,KAM (121).jpg,"শরীরটা ভালো না... কেমন জানি লাগতেছে ! তাই মাথা ঘুরায়... বমি বমি ভাব, তেঁতুল খাইতে মন চায়.... তাইনা!",0,non-aggressive,4,others,False,0.24434617,0.023186343,0.2092676,0.18600509,0.3371948,0.33743995,0.31388974,0.33589023,0.33471182,0.3406607,0.3371948,0.003220737
9,bangla-troll (19).jpg,তুমার নাম কি ? অপূর্ব পইন্নির ঘরে পইন্নি রুপের প্রশংসা করস কেরে ?,4,others,2,political aggression,False,0.18314455,0.013083178,0.359795,0.21020226,0.23377502,0.33014423,0.30375475,0.33689684,0.33152217,0.33258507,0.359795,0.00431177
10,fb 603.jpg,*২০২২ ২০২৩ সালে ভালো কিছু হবে আশায় আমি,0,non-aggressive,2,political aggression,False,0.14106737,0.018146735,0.3640978,0.28364298,0.19304514,0.3651514,0.34464395,0.37463325,0.37213618,0.36828828,0.3640978,0.002497077
11,ovodro_img (46).jpg,আমরা যাদের একসাথে দেখতে চাই কিন্তু যাদের একসাথে দেখতে পাই,4,others,0,non-aggressive,False,0.3417307,0.009182583,0.17784165,0.24998596,0.2212591,0.32698357,0.29081643,0.32045227,0.32385737,0.32263666,0.3417307,0.003126204
12,Halal Memes (346).jpg,চিনছো আমারে ? চিনবা কেমনে! নতুন বন্ধু পাইলে পুরাতন বন্ধুর খোজ কে রাখে-,0,non-aggressive,2,political aggression,False,0.21394792,0.03587711,0.29432124,0.22218567,0.23366809,0.34425792,0.3264016,0.34744734,0.34463573,0.34513962,0.29432124,0.002307713
13,fb 1150.jpg,শাহবাগী পোশাকের স্বাধীনতা চাই। আমরা সবসময় পোশাক বিরোধী আন্দোলন করব। কিন্তু শীতকালে আন্দোলন করব না শীতকালে খুব ঠান্ডা লাগে।,4,others,4,others,True,0.18614142,0.14351448,0.12112408,0.24534656,0.30387348,0.34983373,0.347233,0.3455368,0.35259536,0.35473478,0.30387348,0.0021394193
14,fb 709.jpg,আচ্ছা ভাই মোবাইলে তো এতদিন ক্লাস নিত তাইলে এখন ক্লাসে কেন মোবাইল নিতে দেয় না,0,non-aggressive,3,religious aggression,False,0.19066474,0.015938712,0.21589738,0.4155915,0.16190767,0.32664466,0.301827,0.32788754,0.33443654,0.32500976,0.4155915,0.0065490007
15,fb 1280.jpg,"বিদ্যানন্দ পড়বো, খেলবো, শিখবো",4,others,1,gendered aggression,False,0.22698736,0.25607523,0.16142917,0.20750977,0.14799848,0.31463915,0.31584492,0.31123087,0.31374198,0.31036222,0.25607523,0.0012057722
16,blog 190.jpg,"নিজেরে যখনই আবাল মনে হবে তখন মনে কইরেন, এই দুনিয়া গিজগিজ করতেসে আপনের চাইতে বহুত গুণ বেশি আবালে, যারা এই যুগেও বিচিত্র সব ভগবানেশ্বরাল্যায় বিশ্বাস করে",3,religious aggression,3,religious aggression,True,0.0022268393,0.0014176213,0.0015896966,0.9926438,0.002122062,0.32271677,0.31820077,0.3193464,0.38371468,0.32223484,0.9926438,0.060997903
17,in 21.jpg,আম্মুর থিওরি দুধ খেলে মানুষ ফর্সা হয়,0,non-aggressive,0,non-aggressive,True,0.38613003,0.044972643,0.06259406,0.17993124,0.32637194,0.37021378,0.34871256,0.35201874,0.3625778,0.36853242,0.38613003,0.0016813576
18,fb 1556.jpg,"যখন একজন নাস্তিক বলে, আমি প্রমাণ ছাড়া কিছুই বিশ্বাস করি না! কিন্তু সে বিবর্তনবাদে বিশ্বাস...",3,religious aggression,2,political aggression,False,0.19270292,0.04285978,0.46806204,0.1128262,0.18354903,0.3314101,0.31637794,0.34028462,0.32605708,0.33092344,0.46806204,0.008874506
19,fb 1871.jpg,জগ জাগি মগ মাগি,1,gendered aggression,3,religious aggression,False,0.33505923,0.026706817,0.057642013,0.4803238,0.10026816,0.37793103,0.35263714,0.36033046,0.38153255,0.36586642,0.4803238,0.0036015213
20,in 336.jpg,আমি দিদির দূত... গ্রামে ঢোকার পর *গ্রামবাসী,2,political aggression,2,political aggression,True,0.05183121,0.017562108,0.6977475,0.11800907,0.114850074,0.34137207,0.3305496,0.36737072,0.34959975,0.34932843,0.6977475,0.017770976
21,bamboo-vaiya (195).jpg,"যখন আপনি ঈদে দুই সেট জামা গিফট পান, এবং একটি পছন্দ হয় অপরটি হয় না",4,others,0,non-aggressive,False,0.28024837,0.047345616,0.1994188,0.21601747,0.2569698,0.32046488,0.30268288,0.3170622,0.31786174,0.31959772,0.28024837,0.0008671582
22,fb 442.jpg,কি ব্যাপার অঞ্জন দা এত উদাস কেন? কতদিন দার্জিলিং যাই না। এই গরমে কলকাতায় থাকা যায়! চলো তোমায় দার্জিলিং ঘুরিয়ে আনি সত্যি নিয়ে যাবি আমাকে? আলবৎ কিন্তু গাড়িটা আমি চালাবো | বানসোদ দার্জিলিং যাওয়ার কথা বলছি কেওড়াতলা নয়!,4,others,3,religious aggression,False,0.17790067,0.063994355,0.21048036,0.29668227,0.25094235,0.34110758,0.33088326,0.34278923,0.34622192,0.34454754,0.29668227,0.0016743839
23,blog 173.jpg,"আমরা, নাস্তিকেরা, আপনের বিশ্বাস নিয়া রঙ্গ করি বইলা আপনের মন খারাপ হয়? কিন্তু কন তো, আপনের বিশ্বাস এমুন বিনুদুনী টাইপ হইলে সেইটা আমগো দোষ?",3,religious aggression,3,religious aggression,True,0.107187405,0.033622034,0.2461954,0.4690253,0.1439698,0.33872557,0.32713163,0.34704107,0.35348636,0.34167582,0.4690253,0.0064452887
24,chosha (126).jpg,এতো ভাব দেখায় কি লাভ ? দিনশেষে তো চোদা-ই খাওয়া লাগবে,1,gendered aggression,3,religious aggression,False,0.10601428,0.046047498,0.18094553,0.5522257,0.11476703,0.32894403,0.320605,0.33429024,0.34544784,0.32973734,0.5522257,0.011157602
25,fb 1411.jpg,তোর বয়ফ্রেন্ডের বাবা-মা তো আজ বিয়ের কথা বলতে আসবেন? হ্যাঁ। উনি তো আবার তৃণমূল করেন। আগেই বলে রাখছি; বিয়ের খরচ থেকে কাটমানি চাইলে কিন্তু আমি এই বিয়েতে মত দেবো না। এইরকম বোলো না মা। সব তৃণমূল নেতারা মোটেই কাটমানি চায় না। তুমি বরং বাড়ির চালের পাত্রটা লুকিয়ে রাখো।,2,political aggression,3,religious aggression,False,0.2112455,0.12644349,0.16686943,0.30468014,0.19076145,0.339343,0.33421075,0.3369849,0.34300542,0.33832303,0.30468014,0.0036624074
26,pin 25.jpg,"বলতো, পশ্চিমবঙ্গের কোন সেতুটা সবচেয় সুরক্ষিত? কি রে বল! বল! পারলি না তো! দ্বিতীয় হুগলী সেতু; পিসি ওটা দিয়েই নবান্নযায়!",2,political aggression,4,others,False,0.11620966,0.013709561,0.35002467,0.14481518,0.375241,0.35218334,0.3308103,0.36320943,0.35438398,0.36390507,0.375241,0.0006956458
27,fb 290.jpg,লিকা তোমার দুই পায়ের মাঝখানে আমাকে একটু ঘুমাতে দিবা সকালে উঠে গোসল করে চলে যাব,1,gendered aggression,1,gendered aggression,True,0.15097499,0.5967488,0.041922323,0.09060569,0.11974812,0.33765763,0.35140145,0.32484466,0.33255166,0.33534038,0.5967488,0.013743818
28,fb 1897.jpg,মধু যখন তার বফ কে কাঁচকলা দেখিয়ে কোনো সরকারি চাকরিজীবীকে বিয়ে করে ফেলে! মধুর বফ মধুর বিয়েতে : আমার মধু বেশ্যা!,1,gendered aggression,2,political aggression,False,0.13132702,0.04633301,0.4299006,0.24860813,0.14383121,0.34184724,0.3314289,0.35370585,0.3482291,0.34275672,0.4299006,0.005476743
29,direct-offense (81).jpg,যেরকম আমরা চোখে দেখি সেটা দেখার পর যেটা ভাবি,1,gendered aggression,3,religious aggression,False,0.12822561,0.032403205,0.08422308,0.67577666,0.07937147,0.36044034,0.346685,0.3562371,0.37706104,0.3556438,0.67577666,0.016620696
30,fb 1275.jpg,উনি কওমি মাদ্রাসার হুজুর তাড়াতাড়ি সালাম দিন নাহলে,3,religious aggression,2,political aggression,False,0.2526095,0.026185183,0.37328565,0.14934224,0.1985775,0.35275954,0.33009303,0.35666454,0.3475035,0.35035288,0.37328565,0.0039049983
31,Bangla Thug Life (35).jpg,পড়ালেখা ভালো রেজাল্ট আমি আমি পড়ালেখা ভালো রেজাল্ট,0,non-aggressive,2,political aggression,False,0.25314555,0.028734967,0.43616334,0.15055932,0.13139683,0.33937347,0.31761497,0.344814,0.3341774,0.33281606,0.43616334,0.005440533
32,blog 283.jpg,কী যে রহমতের মাস রমজান! সারাটা মাস আমি দরিদ্র আর ক্ষধার্তদের প্রতি প্রকৃত সহমর্মিতা অনুভব করি।,3,religious aggression,2,political aggression,False,0.11529279,0.013239118,0.53444827,0.25949934,0.07752049,0.319659,0.298016,0.3349966,0.32777178,0.31568968,0.53444827,0.007224828
33,KAM (791).jpg,আমি ফ্যান নিয়া আসছিলাম আমি টিউবলাইট লইয়া আইছি আমি কি তাহলে কারেন্টবিলের কাগজ লইয়া আমু?,4,others,4,others,True,0.1306114,0.013923646,0.32253343,0.19608814,0.33684334,0.3263535,0.30396712,0.3353933,0.33041686,0.3358274,0.33684334,0.00043410063
34,in 554.jpg,"খড়ার পুরসভায় বিজেপির সমর্থনে তৃণমূলের চেয়ারম্যান! অস্বস্তিতে শাসক দল আমি তো কবেই বলেছি, ভারতীয় জনতা পার্টি মানেই তৃণমূল",2,political aggression,2,political aggression,True,0.16306436,0.022644157,0.62466764,0.09544863,0.09417517,0.33213374,0.3123913,0.34556448,0.32677817,0.32664385,0.62466764,0.013430744
35,fb 1044.jpg,পিতা পুত্রের অঙ্কের ভুলের ফসল,4,others,0,non-aggressive,False,0.38648126,0.0067175967,0.35123268,0.15238756,0.103181,0.3623046,0.3217811,0.36134827,0.35299805,0.34909862,0.38648126,0.0009563267
36,fb 106.jpg,যখন তুমি ভিপিএন এর ব্যবসা করো আর সরকার ফেসবুক ও অন্য মেসেঞ্জারগুলা বন্ধ করে দেয়,0,non-aggressive,2,political aggression,False,0.101242125,0.021675337,0.3948611,0.337458,0.14476342,0.3455652,0.3301518,0.35917538,0.35760444,0.34914106,0.3948611,0.00157094
37,bamboo-vaiya (406).jpg,কিসে পড়েন ? ফার্মেসীতে কেন বাসায় পড়ার জায়গা নাই,0,non-aggressive,2,political aggression,False,0.046234213,0.016045488,0.6025,0.1590145,0.17620581,0.33633345,0.32575053,0.36200714,0.34868622,0.3497128,0.6025,0.012294352
38,KAM (245).png,"বলোতো, বায়ুমণ্ডল কাকে বলে? মণ্ডল বাড়ির উপর দিয়ে যে বায়ু প্রবাহিত হয় তাকেই বায়ুমণ্ডল বলে।",0,non-aggressive,3,religious aggression,False,0.13363214,0.11719177,0.15450886,0.29970753,0.29495972,0.34007698,0.3387642,0.3415286,0.34815416,0.34799448,0.29970753,0.00015968084
39,KAM (101).png,"এইযে তুই বল, এবারের ফুটবল ওয়ার্ল্ডকাপ কোথায় অনুষ্ঠিত হবে? স্যার ওয়ার্ল্ডকাপ তো ওয়ার্ল্ডেই হবে, আর কই হবে?",0,non-aggressive,2,political aggression,False,0.05439527,0.014062305,0.65198827,0.1821764,0.09737781,0.35055256,0.33702475,0.37539005,0.36263955,0.35637575,0.65198827,0.012750506
40,in 509.jpg,"চাপে পড়ে এসেছি, দাদা, কিছু একটা করুন... সবই বুঝি... তবে বারবার এভাবে এসো না লোকে বুঝে যাবে!",2,political aggression,2,political aggression,True,0.06484929,0.005632589,0.7475024,0.13080092,0.051214755,0.33979583,0.31536087,0.36424255,0.34681195,0.33743545,0.7475024,0.017430604
41,fb 1992.jpg,প্রেম জেগেছে আমার মনে বলছি আমি তাই তোমায় আমি ভালবাসি তোমায় আমি চাই উঁরি উঁরি বাবা কি দারুণ,1,gendered aggression,4,others,False,0.1746006,0.24478033,0.16956474,0.11740927,0.29364508,0.358318,0.3616966,0.3580253,0.35434964,0.3635167,0.29364508,0.0018200874
42,Halal Memes (252).jpg,সিরিয়ালে নায়িকা যখন শ্বাশুড়ির সাথে বিদ্রোহ করে * বাঙালি শ্বাশুড়ি কিন্তু যখন নিজের ছেলের বউ কোনো একটা ভুল করে,4,others,2,political aggression,False,0.11660604,0.045374643,0.43150228,0.113580756,0.2929363,0.34518233,0.33574387,0.35826707,0.34491947,0.3543939,0.43150228,0.0038731694
43,fb 299.jpg,বাবু ব্যথা করছে না তো ? না সোনা একদম না... কিন্তু প্রথমবার তো ব্যথা করা উচিত! ও হ্যাঁ তাই তো!! আহ! আহ! আহ!,1,gendered aggression,4,others,False,0.09452779,0.101654805,0.28778926,0.19452378,0.32150435,0.3529977,0.3537246,0.36413103,0.3602143,0.36523888,0.32150435,0.0011078417
44,blog 285.jpg,সব মুছলিম টেররিষ্ট নয়... প্রায় সব টেররিষ্টই মুছলিম ।,3,religious aggression,3,religious aggression,True,0.042994034,0.019068008,0.2466371,0.6512142,0.04008662,0.32011527,0.31198478,0.33758384,0.34729305,0.3194151,0.6512142,0.009709209
45,KAM (35).jpg,"হাতের লেখাটা একটু ভালো করো নইলে ভবিষ্যত জীবনে কষ্ট পাবে না, স্যার! আমি ঠিক করেছি ডাক্তার হব",0,non-aggressive,2,political aggression,False,0.07226802,0.02013159,0.5236102,0.23866045,0.14532976,0.33240414,0.31962323,0.35220778,0.34435076,0.33939037,0.5236102,0.007857025
46,blog 179.jpg,"এ কথা খুবই সত্য যে, আমি এখন অহংবোধ থেকে মুক্ত। তাহলে লোক-দেখানো এই আলাদা ধরনের পোশাকের কি প্রয়োজন? যাতে অন্যেরা বুঝতে পারে, আমি অহংবোধ থেকে মুক্ত ।",3,religious aggression,3,religious aggression,True,0.14943512,0.022547645,0.13080932,0.6220813,0.07512665,0.33354473,0.31463242,0.33221352,0.3478068,0.32666785,0.6220813,0.01426208
47,in 505.jpg,লক্ষ লক্ষ টাকা আত্মসাতের অভিযোগ 'সরকারি চাকরি দেওয়ার টোপ দিয়ে লক্ষ লক্ষ টাকা গ্রাস' ! মারের মুখে তৃণমূলের নেত্রী দুয়ারে ক্যা লা নি চলছে...,2,political aggression,2,political aggression,True,0.041713092,0.018477833,0.660043,0.15904126,0.1207248,0.34071556,0.33257312,0.36833048,0.35409904,0.35134256,0.660043,0.014231443
48,chosha (24).jpg,আজকে নাকি হাগ ডে আমার কি আমি তো প্রতিদিন হাগি,0,non-aggressive,2,political aggression,False,0.11519598,0.016316839,0.46181557,0.1593984,0.24727316,0.34312725,0.3235829,0.35701254,0.346375,0.35076582,0.46181557,0.006246716
49,fb 1470.jpg,যখন আপনি শয়তানের প্ররোচনায় ফেজবুক চালান কিন্তু আয়াতুল কুর্সি শেয়ার দিয়ে টাইমলাইনে রেখে দেন শয়তান:-,3,religious aggression,2,political aggression,False,0.05124645,0.0041190465,0.8529427,0.04041344,0.051278323,0.32904264,0.30383238,0.35716307,0.3266678,0.32904884,0.8529427,0.02811423
50,in 560.jpg,উপনির্বাচনে খেলা হবে... বাবুলের প্রচারে বেআব্রু গোষ্ঠীদ্বন্দ্ব! তৃণমূলের কর্মিসভায় রক্তারক্তি,2,political aggression,2,political aggression,True,0.108374014,0.018960096,0.47207344,0.1971351,0.20345727,0.3417814,0.32434893,0.3564969,0.34776443,0.3480801,0.47207344,0.008416802
51,blog 341.jpg,বিজ্ঞানের মতে এর বয়স ১৮ মিলিয়ন বছর ধর্মগুলোর মতে এর বয়স ৬-১০ হাজার বছর দুটোই সত্য হতে পারে না,3,religious aggression,3,religious aggression,True,0.08017477,0.021557024,0.1938285,0.6143406,0.090099074,0.31682593,0.30369085,0.32565358,0.33718932,0.31799293,0.6143406,0.011535734
52,fb 1859.jpg,"""আরেহ ভাইভাতে মুখ খুললেই পাশ""",1,gendered aggression,2,political aggression,False,0.1407035,0.15949148,0.44811103,0.16948014,0.082213886,0.35422492,0.3554783,0.36580878,0.35608575,0.34885162,0.44811103,0.0097230375
53,fb 1665.jpg,"আজকের এই দিনে আঙ্গুলের ঈশারায় মতান্তরে তরবারি দিয়ে চাঁদকে দুই টুকরা করা হয়েছিল। বিশ্বাস না করলে তুই নাস্তিক। কিয়ামত আসন্ন এবং চন্দ্র দিখন্ডিত হয়েছে, তারা কোন নিদর্শন প্রত্যক্ষ করলেও বিমুখ হয়ে থাকে এবং বলে এতো চিরাচরিত জাদু! আজ ১৪ই যিলহজ্জ শরীফ চন্দ্র দ্বিখন্ডিত হওয়ার দিবস",3,religious aggression,3,religious aggression,True,0.11244769,0.019452307,0.28315753,0.53249943,0.052443054,0.30674762,0.2892024,0.31598276,0.32229856,0.29912,0.53249943,0.0063157976
54,blog 446.jpg,"আল্লা যা করে, সব ভালোর জন্যই করে... অসুখও আল্লা ভালোর জন্যই দেয়, তাই ডাক্তার-বদ্যি দেখিয়ে সুস্থ হওয়া স্পষ্ট কুফুরি! - থাবা বাবা",3,religious aggression,0,non-aggressive,False,0.33900034,0.028585143,0.1531659,0.3164523,0.16279629,0.32806185,0.30333072,0.32011706,0.32737356,0.32072687,0.33900034,0.00068828464
55,KAM (132).jpg,অনেকদিন পর বৃষ্টি হলো এতগুলো ভালো লাগছে কবে যে এই স্টেটাস দিবো?,0,non-aggressive,3,religious aggression,False,0.06968582,0.17929813,0.20966075,0.3968839,0.1444713,0.34639585,0.35584638,0.3574108,0.3637923,0.3536867,0.3968839,0.0063815117
56,fb 1408.jpg,চীনা অ্যাপ ভারতে ব্যবহার করা নিষিদ্ধ হলো; চীনের অর্থনীতি:-,2,political aggression,2,political aggression,True,0.26599726,0.010652357,0.312885,0.20932673,0.20113868,0.35830593,0.32612887,0.35992944,0.35591003,0.355511,0.312885,0.0016235113
57,fb 1152.jpg,শাহবাগ গার্লস স্কুল এন্ড কলেজ ছেলে হয়ে মেয়েদের স্কুলে কি? স্যার আমি দেখতে ছেলে হলেও মনে মনে মেয়ে,1,gendered aggression,2,political aggression,False,0.11139262,0.023199558,0.44479647,0.20557679,0.21503456,0.33913732,0.32344803,0.35298285,0.3452649,0.3457147,0.44479647,0.0072681606
58,ovodro_img (470).jpg,যখন বৌদিরা দাদাদের কাছে কথায় হেরে যায় তখন বৌদিরা দাদাদেরকে যেভাবে আউট করে ! এটা বৌদিদের নৈতিক জয়,1,gendered aggression,1,gendered aggression,True,0.09385669,0.30817187,0.12134612,0.30635157,0.17027374,0.34441328,0.3563022,0.34698206,0.35624295,0.3503697,0.30817187,5.9247017e-05
59,fb 1525.jpg,এটা আবার কি? এক বছর থেকে পড়ে থাকতে থাকতে জং পড়ে গেছে। গত কুরবানীর পর আর বাজানো হয় নি... পশু ! জবাই অমানবিক,3,religious aggression,3,religious aggression,True,0.17337397,0.02761459,0.28772044,0.30860713,0.20268387,0.32444224,0.3060712,0.32950765,0.33020842,0.3260042,0.30860713,0.0007007718
60,KAM (449).jpg,আজকে বাংলাদেশের সাথে ক্রিকেট খেলা সবাই ব্যাটিং পাবো!,4,others,0,non-aggressive,False,0.3910498,0.0061987373,0.24322551,0.28275314,0.076772764,0.3253814,0.2839365,0.32063293,0.3221388,0.30910155,0.3910498,0.003242612
61,fb 1649.jpg,বিজ্ঞান কোনও তত্ত্ব ভুল প্রমাণ হলে স্বীকার করে ধর্ম নিজেকে সত্য প্রমাণ করতে হত্যা করে,3,religious aggression,3,religious aggression,True,0.22513181,0.030527147,0.16145274,0.40723208,0.1756562,0.32460883,0.30462813,0.32128412,0.33053583,0.32212728,0.40723208,0.0059269965
62,fb 1295.jpg,"ঘর সামলাই, রোকেয়ারেও সামলাই",4,others,0,non-aggressive,False,0.29569542,0.024254851,0.21935944,0.19958663,0.26110363,0.34489155,0.31988442,0.34190536,0.34096074,0.34364742,0.29569542,0.0012441278
63,ovodro_img (713).jpg,আপনি কী মহানায়ক হওয়ার যোগ্য ? এটা নির্ভর করে দর্ষকদের উপর... সবার মতামতের ভিত্তিতে ! আমার ফ্যানদের কাছে আমি ভগবান বুদ্ধিমান লোকেদের কাছে - আমি ঘাটালের ছাগল,4,others,2,political aggression,False,0.14278668,0.21772785,0.27502704,0.13165423,0.23280416,0.3452348,0.34945372,0.35178998,0.34442306,0.35012326,0.27502704,0.0016667247
64,KAM (115).jpg,"তোমার বেস্ট ফ্রেন্ড এর ওপর ইংরেজীতে একটি প্যারাগ্রাফ লিখো ম্যাডাম একটা প্রশ্ন, হারামি ইংলিশ কি??",0,non-aggressive,2,political aggression,False,0.156072,0.028411226,0.45550913,0.234527,0.12548059,0.34081322,0.32377788,0.3515242,0.34488574,0.33863157,0.45550913,0.0066384673
65,tangaila (314).jpg,১৪-ই ফ্রেব্রুয়ারী প্ল্যান নিয়ে ভাবতেছি কি ভাবতাছোস হাওয়ার ভাবনা নিয়া গাড়িতে উঠছে,0,non-aggressive,2,political aggression,False,0.12390147,0.029941924,0.4160009,0.115042575,0.3151131,0.35045934,0.33625707,0.36257133,0.3497175,0.35979378,0.4160009,0.0027775466
66,fb 1114.jpg,আমি জুড়ে সব ক্রিঞ্জ কন্টেন্ট,4,others,0,non-aggressive,False,0.28570217,0.051792398,0.25033814,0.23258719,0.17958006,0.34628737,0.3292103,0.34496602,0.34423053,0.3416441,0.28570217,0.0013213456
67,fb 511.jpg,"*আব্বুর বানানো স্পেশাল, বাঙির শরবত; *রুহ আফজা, ট্যাং ও অন্যান্য শরবত...",0,non-aggressive,3,religious aggression,False,0.27545157,0.026564077,0.17614815,0.37243652,0.14939979,0.33238736,0.30899882,0.3279165,0.33540392,0.3262695,0.37243652,0.0030165613
68,tangaila (124).jpg,আমি পুলিশ লাইনের মেয়ে আমি* পুলিশ লাইনের মেয়ে*,1,gendered aggression,2,political aggression,False,0.16713578,0.028520029,0.39474905,0.09572753,0.31386772,0.35707214,0.33939016,0.36566657,0.35149914,0.3633738,0.39474905,0.002292782
69,in 306.jpg,তিনু নেতাদের 'ঘর ঘর কী কাহানি' মনে হয় আমার কথা ভাবছে! কুন্তলের টাকার গানমারা গেছে। যদি এবার আমার টাকার যায়!,2,political aggression,2,political aggression,True,0.07306155,0.17507178,0.30076522,0.1916921,0.25940937,0.34502402,0.35376298,0.3591743,0.35466993,0.3576951,0.30076522,0.0014792085
70,in 92.jpg,চাইনা বেস্টু তুমি অন্য কারো হও আমি চাই সারা জীবন তুমি অবিবাহিত রও,0,non-aggressive,0,non-aggressive,True,0.26322514,0.04391707,0.19286782,0.24565436,0.25433558,0.3424702,0.32456315,0.33936018,0.34177938,0.34212667,0.26322514,0.00034353137
71,KAM (164).jpg,ঘুমাতে যাওয়ার সময় যা বলে গুডনাইট সুইট ড্রিমস ডার্লিং দরজা জানালা ঠিকমত লাগিয়েছ তো ?,0,non-aggressive,2,political aggression,False,0.046665672,0.0050774254,0.7073477,0.18878251,0.052126687,0.33311155,0.31092954,0.36029673,0.34708744,0.33421826,0.7073477,0.013209283
72,in 352.jpg,কোথায় টাকা রাখবেন কী ভাবে টাকা রাখলে ধনী হওয়া যায়? কী বলে জ্যোতিষশাস্ত্র? পিএম কেয়ার আছে তো!,2,political aggression,2,political aggression,True,0.054401405,0.06565818,0.54560626,0.1542303,0.18010384,0.3617161,0.3635968,0.38477117,0.37213665,0.3736875,0.54560626,0.0110836625
73,fb 832.jpg,গার্জিয়ান বেতন দেয় নাই বলে স্যারকে ভুল-বাল বুঝানো আমি আর আমার বন্ধু এদিকে আমাদের গার্জিয়ানদের ফোন দিয়ে আগে থেকেই বেতন এর খবর জেনে রাখা স্যার,0,non-aggressive,4,others,False,0.37785125,0.054423213,0.076774515,0.08741641,0.40353456,0.35861185,0.33923477,0.3426756,0.3439737,0.3592695,0.40353456,0.00065764785
74,fb 676.jpg,ঈদের অনেক শপিং করেছেন দেখি হ্যা ভাই চাকরির প্রথম বেতন পাইছি তো তাই বাবা; মা; ভাই বোন সবার জন্য কাপড় কিনছি মাশআল্লাই...,0,non-aggressive,3,religious aggression,False,0.10774734,0.006683179,0.20465814,0.56321555,0.11769576,0.33248654,0.30468458,0.33890206,0.34902525,0.33336967,0.56321555,0.010123193
75,fb 1974.jpg,ওয়াশ রুম শিক্ষক ও ছাত্রীদের ব্যাবহারের জন্য সাধারন মানুষ হর্ণি মানুষ,1,gendered aggression,3,religious aggression,False,0.2353578,0.011653363,0.26511905,0.35280484,0.13506494,0.36128652,0.3312314,0.3624772,0.3653346,0.35573298,0.35280484,0.002857387
76,bangla-gag (10).jpg,কি মনে করসিলা দুই একটা ম্যাচ ভাল খেললে সব ম্যাচে ভাল খেলবো ?!,4,others,2,political aggression,False,0.083217554,0.027149543,0.38920072,0.24461986,0.25581235,0.33834282,0.32714182,0.35376918,0.3491253,0.3495727,0.38920072,0.004196495
77,bangla-troll (5).jpg,গরম কালে আমরা শীত কালে আমরা,0,non-aggressive,0,non-aggressive,True,0.4757503,0.01458361,0.10698274,0.29941964,0.10326373,0.3511135,0.31626356,0.33619127,0.34648305,0.33583742,0.4757503,0.0046304464
78,KAM (145).png,সবাই এখন যা করতেসে আর আমি এখন যা করতেসি,0,non-aggressive,3,religious aggression,False,0.16825378,0.038272582,0.24860509,0.3697767,0.17509177,0.35221857,0.33741117,0.35612246,0.36009282,0.3526169,0.3697767,0.003970355
79,blog 73.jpg,"সুন্দর শাহ হুজুরের দোয়া শকুনের দোয়ায় গরু মরে না, কিন্তু হুজুরের দোয়ায়...",3,religious aggression,2,political aggression,False,0.28608948,0.01748142,0.4176877,0.18893716,0.08980425,0.31813473,0.29018307,0.32191902,0.31398582,0.306548,0.4176877,0.003784299
80,in 446.jpg,মানিক ভট্টাচার্যর সাথে তৃণমূলের কোনো সম্পর্ক নেই !,2,political aggression,2,political aggression,True,0.07976137,0.008704705,0.66769874,0.15271239,0.09112284,0.3168885,0.29473674,0.33813646,0.3233837,0.3182202,0.66769874,0.014752775
81,blog 96.jpg,"আমি একজন মডারেট মুছলিম । আমি ঘৃণা, সহিংসতা বৈষম্যের বিরুদ্ধে । তবে আমার জীবনে আছে পথনির্দেশক এক কিতাব, যাতে ঘৃণা, সহিংসতা ও বৈষম্যের কথা আছে পদে পদে ।",3,religious aggression,3,religious aggression,True,0.008045719,0.0010170059,0.008082974,0.97735083,0.0055035157,0.31133294,0.29065016,0.31137913,0.35933,0.3075354,0.97735083,0.047950864
82,fb 1141.jpg,সমকামীতা সেক্যুলারিজম ইসলাম বিদ্বেষ নারীবাদ নাস্তিক্যবাদ ইতিহাস বিকৃতি ট্রান্সজেন্ডার হিন্দুত্ববাদ প্রথম আলো তোমারা জেনে অবাক হবে যে সপ্তম শ্রেণীর বিজ্ঞান বই কপি করা হয়েছে প্রথম আলো একটু চালাক না হলে দুনিয়াতে টেকা মুশকিল।,4,others,2,political aggression,False,0.015014282,0.010370932,0.8089987,0.09365269,0.07196341,0.31445426,0.3107543,0.3543222,0.33276016,0.3301258,0.8089987,0.02156204
83,ovodro_img (197).jpg,ঘরে বাবা ঢুকিয়ে দেব ! চন্দন নগরের মাল :- ওই যে মেয়েটা দেখতে পাচ্ছ ওরা আমার থেকেও বেশি ভয়ানক । ।,1,gendered aggression,4,others,False,0.25531384,0.1920429,0.111298226,0.1702555,0.27108952,0.33707225,0.33422452,0.32876945,0.33302033,0.33767182,0.27108952,0.0005995631
84,tangaila (323).jpg,যাই একটু এসপি পার্ক দিয়ে ঘুরে আসি দূর বাল যাইয়া কি হবে আমার তো কেউ নাই,0,non-aggressive,2,political aggression,False,0.18879369,0.04322056,0.32460245,0.14463282,0.2987505,0.36009943,0.34535608,0.36551893,0.35743487,0.364689,0.32460245,0.0008299351
85,fb 685.jpg,রমজানের পর দায়িত্বে আসা শয়তান! রমজান মাসে শয়তান কে নিয়ে মিমস বানিয়ে মজা নেওয়া আমি!,0,non-aggressive,4,others,False,0.1603246,0.12630431,0.10585698,0.1894592,0.41805488,0.35697865,0.35459358,0.35282752,0.35864836,0.36656278,0.41805488,0.007914424
86,fb 1252.jpg,রমদ্বানে অর্জিত তাক্কওয়া ঈদ উপলক্ষে 'অমুক' টিভির ৭দিনের বিশেষ আয়োজন রমদ্বানে অর্জিত তাক্কওয়া,3,religious aggression,2,political aggression,False,0.28123447,0.015313443,0.30390257,0.106042415,0.29350713,0.35774887,0.3286443,0.35852405,0.34799537,0.358176,0.30390257,0.00034806132
87,blog 279.jpg,আহমেদের আছে তিনটি আপেল। দুটো সে দিলো মুহাম্মদ কে । এখন বিস্ফোরণের ব্যাসার্ধ নির্ণয় করো।,3,religious aggression,3,religious aggression,True,0.16480526,0.016464999,0.28946194,0.3434208,0.18584701,0.34939086,0.32635558,0.35502344,0.3567328,0.35059246,0.3434208,0.001709342
88,fb 1149.jpg,বাইরে বাইরে ছেলে ভিতরে ভিতরে মেয়ে,1,gendered aggression,0,non-aggressive,False,0.26766282,0.044109926,0.23200367,0.2481537,0.20806992,0.3643179,0.34628746,0.36288813,0.3635611,0.36179936,0.26766282,0.0007568002
89,pin 30.jpg,"ভাঙলি তো ভাঙলি আর ১ টা বছর পর ভাঙতে পারলিনা?? ভোট টা হয়ে যেত, এখন লোকে ছিঃ ছিঃ করছে",2,political aggression,2,political aggression,True,0.16763708,0.11672814,0.33867756,0.18935214,0.18760502,0.32194686,0.31832734,0.32897934,0.32316494,0.32307222,0.33867756,0.0058144033
90,blog 37.jpg,সন্ত্রাস ইছলামী দ্বীনের একটি অংশ ।,3,religious aggression,3,religious aggression,True,0.027517688,0.0033046852,0.034612745,0.9093889,0.025175951,0.34318265,0.32198778,0.34547657,0.3781621,0.34229323,0.9093889,0.03268552
91,fb 1093.jpg,আমারে স্যার ডাকবা,4,others,2,political aggression,False,0.25746793,0.014409231,0.41545904,0.19052763,0.12213623,0.36248446,0.33365417,0.3672693,0.35947347,0.35502684,0.41545904,0.0047848523
92,fb 1488.jpg,*ভারতীয় মুসলমানরা গরু কুরবানি দিয়ে কুরবানি পালন করবে* উগ্রু হিন্দু:,3,religious aggression,3,religious aggression,True,0.11919716,0.043387946,0.1556416,0.49212483,0.18964854,0.33976662,0.32966065,0.3424344,0.35394615,0.34441054,0.49212483,0.009535611
93,fb 2064.jpg,রেফারি ও রেফারি তুই অপরাধী রে,4,others,0,non-aggressive,False,0.41224128,0.050938003,0.07531308,0.24695244,0.2145552,0.34562647,0.3247165,0.32862693,0.34050235,0.33909607,0.41224128,0.005124122
94,ovodro_img (240).jpg,"তার শরীরে চারটে টাট্টু আছে , হাতে গোল্ডেন ড্রাগন ও সামুরাই ওয়ারিওর, যেটা তাকে ভালো ভাগ্য এনে দিয়েছে ।",0,non-aggressive,0,non-aggressive,True,0.45397174,0.02601222,0.12558869,0.18572634,0.20870106,0.32624167,0.297647,0.31339145,0.31730407,0.31847036,0.45397174,0.007771313
95,KAM (220).png,আমি এখন বিরাট কুলী,4,others,2,political aggression,False,0.109701805,0.029847682,0.5478075,0.17424758,0.13839546,0.3281271,0.3151105,0.3442087,0.3327542,0.3304506,0.5478075,0.011454493
96,KAM (98).png,কলোম্বিয়া কলাম বিয়া,0,non-aggressive,3,religious aggression,False,0.24624118,0.009287596,0.06845335,0.61629814,0.059719738,0.33682123,0.3040449,0.3240196,0.34599543,0.32265472,0.61629814,0.009174198
97,fb 1824.jpg,-মেয়ে : ছেলেরা কি চায় ? -আমি : সুন্দর চরিত্র পরীর মতো চেহারা বড় দুধ আধুনিক মেয়ে,1,gendered aggression,1,gendered aggression,True,0.054539356,0.3899189,0.09184424,0.33422533,0.12947223,0.27080753,0.2904777,0.27601925,0.28893647,0.27945298,0.3899189,0.0015412271
98,fb 203.jpg,সাইজ কত ? ৭ অমি রাজি,1,gendered aggression,0,non-aggressive,False,0.33047587,0.15190028,0.14984336,0.17660914,0.19117141,0.34718078,0.33940768,0.33927137,0.34091485,0.34170714,0.33047587,0.0054736435
99,bamboo-vaiya (514).jpg,রোজ নিয়মিত পানি পান করে শরীর সুস্থ রাখায় আমাকে ধন্যবাদ দেয়া আমার কিডনি* আইফোন ১২ কেনার উদ্দেশ্যে নিয়মিতভাবে কিডনির পরিচর্যা করা আমি*,0,non-aggressive,3,religious aggression,False,0.34884205,0.011694104,0.08789042,0.40493104,0.14664233,0.36400223,0.3300469,0.35021693,0.3654932,0.355336,0.40493104,0.0014909804
100,KAM (232).jpg,"কোনোদিন কোনো বন্ধুর সাথে ঝগড়া মারামারি করবি না, কেন বলতো ? কারণ বলা তো যায় না... পরীক্ষার হলে কার পেছনে সিট পড়বে !",0,non-aggressive,2,political aggression,False,0.0524021,0.027992707,0.49349833,0.3098748,0.116232105,0.33388504,0.32761502,0.35631078,0.35165727,0.34185147,0.49349833,0.0046535134
101,KAM (123).jpg,বৃষ্টি হয়না কেন? কি করা যায়... ম্যাডাম মেঘকে নাড়া দিয়ে দেখেন,2,political aggression,2,political aggression,True,0.111339964,0.039749723,0.497059,0.25137025,0.10048105,0.32437646,0.3140766,0.33933765,0.33251983,0.32335025,0.497059,0.0068178177
102,fb 688.jpg,মেয়েটা নিশ্চই অনেক সুন্দর হবে !! এটা তো রাফসান,4,others,0,non-aggressive,False,0.43812153,0.16174687,0.10057967,0.032126598,0.2674253,0.3719878,0.36202314,0.35727233,0.34585968,0.36705124,0.43812153,0.004936546
103,in 537.jpg,"রাজ্যপাল নন, এ বার মুখ্যমন্ত্রীই বিশ্ববিদ্যালয়ের আচার্য, প্রস্তাবে সিলমোহর মমতা মন্ত্রিসভার সাম্মানিক ডিলিট এবার পেয়েই যাবো",2,political aggression,2,political aggression,True,0.13740768,0.019906921,0.58867705,0.14704904,0.10695933,0.33359352,0.31427467,0.34814277,0.33427167,0.33108848,0.58867705,0.0138711035
104,fb 846.jpg,আরে সাবধানে মুকুট পড়া ফেসবুকে ওর নাম 'এঞ্জেল' সাদিয়া ছিলো,0,non-aggressive,3,religious aggression,False,0.19582042,0.08447067,0.14353934,0.5049444,0.07122511,0.33698,0.32857203,0.3338741,0.34645247,0.32686645,0.5049444,0.009472489
105,fb 1952.jpg,মেয়েটার কোমরে ব্যাথা তাই ব্যাম করাচ্ছে ডাক্তারে।,1,gendered aggression,1,gendered aggression,True,0.3049602,0.5101768,0.012040298,0.061893586,0.110929154,0.32994914,0.33509493,0.29762992,0.3140015,0.31983626,0.5101768,0.005145788
106,KAM (363).jpg,পড়া মুখস্ত করতে ৩০মিনিট লাগলেও সেটা ভুলতে ৩ সেকেণ্ড ই যথেষ্ট!,0,non-aggressive,4,others,False,0.121547766,0.013742927,0.28402063,0.26024157,0.32044712,0.33863938,0.31684154,0.34712678,0.3462524,0.34833348,0.32044712,0.001206696
107,fb 410.jpg,"অনুপম রায়---- ""এই স্টেশনের চত্বরে হারিয়ে গেছি শেষ ট্রেনে ঘরে ফিরবো না-না-না"" শেষ ট্রেন এর চালক--- চুদে চাটনি, বেকার খাটনি |",0,non-aggressive,2,political aggression,False,0.08146416,0.022835849,0.4939602,0.25199682,0.14974293,0.34674025,0.33402196,0.3647632,0.3580328,0.35282785,0.4939602,0.0067304075
108,chosha (117).jpg,গায়ে হলুদের সময় বিয়ের সময় শাশুড়ির সামনে শশুরের সামনে দেওরের সামনে ফুলশয্যার পর,1,gendered aggression,1,gendered aggression,True,0.05475735,0.66269827,0.05870192,0.11202268,0.111819886,0.33392087,0.35885495,0.33461645,0.34107876,0.34106064,0.66269827,0.017776191
109,in 253.jpg,তৃণমূলের সততা তৃণমূলের দুর্নীতি,2,political aggression,2,political aggression,True,0.06569873,0.1146474,0.50632876,0.25104228,0.062282793,0.34476718,0.350335,0.36518824,0.3581726,0.34423324,0.50632876,0.0070156455
110,blog 442.jpg,হারামির বাচ্চা আমাকে কোরবানি না দিয়ে তোর বাচ্চাকে কোরবানি করে দেখা তো তোর আল্লাহ প্রেম... তুই আর তোর খোদা জাহান্নামে যা... পরের ধনে পুদ্দারি... !!,3,religious aggression,3,religious aggression,True,0.16645972,0.016400274,0.33828422,0.38101408,0.09784168,0.33718953,0.31401497,0.34428084,0.34547037,0.3318755,0.38101408,0.0011895299
111,blog 112.jpg,"আল্যার কসম, আমি নিজে সাক্ষী ক্যান্সার-আক্রান্ত হওয়ার কয়েকটি ঘটনার, যেগুলোর পেছনে প্রত্যক্ষ কারণ ছিলো - সোশ্যাল মিডিয়াতে ছবি পোষ্ট করা । আল্যার কসম, আমি এসব নিজের চোখে দেখেছি, অনলাইনে ছবি প্রচার হবার কারণে শিশুরা ক্যান্সারে আক্রান্ত হয়েছে । - শেখ সা'দ আল-আতিক (চৌদি ইছলামবাজ)",3,religious aggression,3,religious aggression,True,0.027656352,0.0047083166,0.048948225,0.8911933,0.027493887,0.314973,0.29726774,0.32068205,0.34970003,0.31491408,0.8911933,0.029017985
112,fb 1100.jpg,"নিজের গফ কে বন্ধুকে দিয়ে দিলাম কারন ""ভোগে নয় ত্যাগেই প্রকৃত সুখ""",1,gendered aggression,3,religious aggression,False,0.09653651,0.01378376,0.36118513,0.37989882,0.14859581,0.3523243,0.33286,0.365519,0.36602414,0.3566374,0.37989882,0.00050514936
113,fb 1243.jpg,আমাকে কিছু বল্লে সমস্যা নেয় মাফ করে দিবো কিন্তু আমার ধর্ম আমার নবীকে নিয়ে কিছু বল্লে তোর অস্তিত্ব খতম করে ফেলবো,3,religious aggression,3,religious aggression,True,0.09496249,0.025051266,0.14487179,0.6199281,0.11518638,0.34996605,0.33664048,0.35418972,0.36872727,0.35189676,0.6199281,0.014537543
114,in 30.jpg,নামাজ-রোজা নাই খালি ইফতার পার্টি অ্যারেঞ্জ করা,0,non-aggressive,2,political aggression,False,0.16075164,0.014576196,0.3946911,0.24210146,0.18787964,0.3549522,0.3309475,0.36393464,0.35904717,0.3565116,0.3946911,0.0048874617
115,ovodro_img (38).jpg,"আমার বয়স আরো বেশি হলেও কী আমাকে বিয়ে করতি ? হ্যাঁ, কিন্তু বিয়ের পর কোনরকম দ্বিধাবোধ না করে মা বলে ডাকতাম ।",4,others,1,gendered aggression,False,0.2853538,0.37513915,0.054361932,0.07835886,0.20678622,0.34223992,0.3449756,0.32565928,0.3293156,0.33901948,0.37513915,0.0027356744
116,bamboo-vaiya (219).jpg,আজকে চান রাইত কালকে থকে গালি দিমু,4,others,3,religious aggression,False,0.15130256,0.014057503,0.2711631,0.30425993,0.25921687,0.37000027,0.34623903,0.37583467,0.37698627,0.3753841,0.30425993,0.0011515915
117,fb 525.jpg,বর্তমানে বাংলাদেশ বিশ্বে ধান উৎপাদনে তৃতীয়: প্রধানমন্ত্রী কৃষিবিদ দিবস উপলক্ষে দেওয়া এক বাণীতে প্রধানমন্ত্রী শেখ হাসিনা বলেছেন বর্তমানে... ৭৫ টাকা কেজি চাল কিনে খাওয়া সাধারণ জনগণ :-,2,political aggression,3,religious aggression,False,0.05380861,0.029586313,0.27823484,0.5315903,0.106779985,0.3394565,0.33347526,0.35588682,0.3623609,0.34630984,0.5315903,0.0064740777
118,in 22.jpg,যখন আম্মু প্রথমবারের মতো স্কুলে রেখে চলে আসে *আম্মু আমারে বাসায় নিয়া চলো* *আমি এই বালের স্কুলে কোনোদিনও ক্লাস করবোনা*,0,non-aggressive,3,religious aggression,False,0.19000411,0.06858066,0.10851125,0.33583957,0.29706442,0.36099076,0.3508004,0.35538882,0.3666866,0.36545977,0.33583957,0.0012268424
119,bamboo-vaiya (167).jpg,যখন আপনার বন্ধুরা আপনার ক্রাশের সামনে আপনার নাম ধরে ডাকতে থাকে ভাই এগুলা বন্ধ করেন আল্লাহর ওয়াস্তে,0,non-aggressive,2,political aggression,False,0.29912728,0.016759042,0.3442737,0.11263325,0.22720668,0.298769,0.26994967,0.30017468,0.28900167,0.2960189,0.3442737,0.0014056861
120,KAM (230).png,মানুষ প্রেম করতেসে... আর আমি... তারা বিয়ে করতেসে... আর আমি... তাদের বাচ্চা হচ্ছে... আর আমি...,0,non-aggressive,4,others,False,0.18139265,0.08392307,0.23188883,0.19749339,0.30530202,0.34000513,0.33229747,0.34246105,0.34085554,0.34521148,0.30530202,0.0027504265
121,bamboo-vaiya (166).jpg,আরে এই ছেলে তো অসম্ভব জ্ঞানী !,4,others,3,religious aggression,False,0.17358111,0.040033262,0.26821256,0.3836988,0.13447429,0.34953988,0.33487052,0.35389122,0.357472,0.34698716,0.3836988,0.0035807788
122,pin 12.jpg,হঠাৎ করে আমার ঠান্ডা হাতটা বন্ধুর গায়ে দেয়ার পর বন্ধু - বাবাগো!!,1,gendered aggression,3,religious aggression,False,0.09841604,0.11721081,0.2076295,0.35853136,0.21821229,0.35050845,0.35225618,0.357974,0.36343658,0.35847113,0.35853136,0.0049654543
123,fb 1471.jpg,বিরিয়ানির প্যাকেট* সাপ্তাহিক মুসল্লী*,3,religious aggression,3,religious aggression,True,0.2557513,0.0073732664,0.31223622,0.31599265,0.10864652,0.35558045,0.320117,0.35757598,0.35769558,0.34701937,0.31599265,0.00011959672
124,fb 1864.jpg,সে : শুভ জন্মদিন!! আমি : ধন্যবাদ। আমার গিপ্ট কোথায়? সে :,1,gendered aggression,1,gendered aggression,True,0.14498389,0.5124932,0.029913181,0.10535728,0.20725249,0.3064141,0.31904075,0.29063085,0.30322143,0.30998725,0.5124932,0.0090534985
125,in 481.jpg,"বাড়িতে নগদ ৮০ লক্ষ টাকা! সিবিআইয়ের জালে হালিশহর পুরসভা তৃণমূল চেয়ারম্যান স্যার, এবার কী বলবেন? অসম্ভব ধারাবাহিকতা বজায় রেখে খেলছে দলটা",2,political aggression,2,political aggression,True,0.11264713,0.025944566,0.49995655,0.13035978,0.23109193,0.32773876,0.31305578,0.34264138,0.32919914,0.3349243,0.49995655,0.007717073
126,fb 1050.jpg,হ্যাঁ ভাই আমিই সেই ডিম যাকে পরীমনির রিমান্ডে ব্যবহার করা হয়েছিলো,4,others,3,religious aggression,False,0.255517,0.014278025,0.20308898,0.3306497,0.19646627,0.3587147,0.32986903,0.35641825,0.36129242,0.35608673,0.3306497,0.002577722
127,fb 621.jpg,তোর জন্য একটা মেয়ে দেখছি না না ভাই আমার ছেলে পছন্দ,1,gendered aggression,0,non-aggressive,False,0.6787184,0.027861124,0.02324392,0.024642613,0.24553391,0.3291859,0.29725617,0.29544428,0.2960286,0.3190182,0.6787184,0.010167718
128,KAM (52).jpg,"মামা ভাল্লাগসে এফবি থেকে পাওয়া ছবি মাননীয় রেল মন্ত্রী জনাব মুজিবুল হক ও তার স্ত্রী এইটা কি আমাগো ভাবি,নাকি চাচী,নাকি নানী হইবো",2,political aggression,3,religious aggression,False,0.15404147,0.03749446,0.16226386,0.42496368,0.2212366,0.32600862,0.31187832,0.3265286,0.33615643,0.3296287,0.42496368,0.006527722
129,in 611.jpg,"একটা ওয়ার্ডে নির্দল প্রার্থী এগিয়ে ছিলেন... ফলে সেখানে দেড় ঘণ্টা ধরে বন্ধ গণনা, খোঁজ পাওয়া যাচ্ছে না ইভিএমের!!! মন্ত্রী ঘনিষ্ঠ এক মহিলা প্রার্থী একটি ওয়ার্ডে ৩৮ হাজার ভোটে জিতছেন!!! এসব কী চলছে মশাই!? গণতন্ত্রের অন্নপ্রাশন চলছে!",2,political aggression,2,political aggression,True,0.16181014,0.04106837,0.43514758,0.08591377,0.2760601,0.34625268,0.3325408,0.3561453,0.3399219,0.35159463,0.43514758,0.0045506656
130,fb 2027.jpg,পৌনে এক ঘণ্টা ধরে শুধুমাত্র ক্যাচই প্র্যাক্টিস করলেন লিটন একটু চালাক না হইলে দুনিয়াতে টেকা খুব কঠিন,4,others,2,political aggression,False,0.12809436,0.06427367,0.31835514,0.23498318,0.25429362,0.3522353,0.34533912,0.3613393,0.35830277,0.35909253,0.31835514,0.0022467673
131,blog 468.jpg,"প্রমাণ তো নেই, তবু 'গড আছে' চিল্লাও গড যদি থেকে থাকে, আছে গডজিল্লাও",3,religious aggression,0,non-aggressive,False,0.40372917,0.01633286,0.20643844,0.17610998,0.19738962,0.33678344,0.3047078,0.33007604,0.3284871,0.3296278,0.40372917,0.0067074
132,in 123.jpg,"শিক্ষক স্যার আপনি এটা ভুল বলেছেন হয়তো আসোলেই, থ্যাংকস ভুল ধরিয়ে দেওয়ার জন্য হুজুর হুজুর আপনার এই ফতুয়া ভুল ভন্ড, আমার চেয়ে বেশি ফতুয়া জানো?",3,religious aggression,3,religious aggression,True,0.19598141,0.041862205,0.16743685,0.46356535,0.13115425,0.34385055,0.3284142,0.34227642,0.35245985,0.3398341,0.46356535,0.008609295
133,fb 1557.jpg,কিয়ামতের দিন নাস্তিকরা যেভাবে স্টিফেন হকিংয়ের দিকে তাকাবে...,3,religious aggression,2,political aggression,False,0.06096613,0.0147293145,0.7659482,0.06345087,0.0949054,0.3399878,0.32578304,0.3652958,0.3403873,0.34441346,0.7659482,0.020882338
134,bamboo-vaiya (385).jpg,লক ডাউনের পরে বন্ধুদের সাথে ট্যুরে যাবার জন্য আবদার করা আমি আমার কলিজাটা কত্ত বড় সেটা ভাবতে থাকা আমার মা,0,non-aggressive,3,religious aggression,False,0.077377334,0.106197685,0.14477015,0.504993,0.16666184,0.34699744,0.35016355,0.35326198,0.36575598,0.35467017,0.504993,0.011085808
135,fb 278.jpg,তেমন কিছু না সৎ ভাবে অনলাইনে হাফ ইয়ার্লি পরিক্ষা দাওয়ার পর আমার ও আমার বন্ধুদের খাতা-,0,non-aggressive,2,political aggression,False,0.22428037,0.08684066,0.32466713,0.30237034,0.061841488,0.34766775,0.33817956,0.3513668,0.35065532,0.33478454,0.32466713,0.00071147084
136,fb 1799.jpg,আপা ইফতারে নতুন কি রেসিপি খাওয়াবেন ? ইফতারে তোদের আমি খাওয়াবো কাঠালের আমসত্ত্বা ।তাড়াতাড়ি মটিদে আমারে ।,4,others,2,political aggression,False,0.071598694,0.033081952,0.5777951,0.093942896,0.22358137,0.32082695,0.31310606,0.3417084,0.32354304,0.33221394,0.5777951,0.009494454
137,in 586.jpg,"করোনা তাড়াতে হরিনাম সংকীর্তনে মাতলেন তৃণমূল প্রার্থী, দুর্গার দল ভালোই কাজ করছে ...",2,political aggression,2,political aggression,True,0.027852725,0.010672636,0.8738418,0.05615941,0.031473383,0.3192387,0.30964622,0.35369837,0.32625133,0.3204608,0.8738418,0.027447045
138,fb 206.jpg,অর্থ থাকলে গর্তের অভাব হয় না গর্ত থাকলে অর্থের অভাব হয় না... হেডা থাকলে বেডার অভাব হয় না :3,1,gendered aggression,4,others,False,0.11555,0.21708892,0.2479517,0.1004885,0.31892085,0.33952305,0.34582907,0.34715837,0.33812645,0.34967545,0.31892085,0.0025170743
139,fb 1303.jpg,বন্ধুটা ভালোই ছিল কিন্তু ১৪ই ফেব্রুয়ারি গফ নিয়ে ঘুরতে যাওয়ার প্ল্যান করছিল,4,others,2,political aggression,False,0.1721256,0.011577579,0.36827192,0.26480237,0.18322253,0.34733826,0.3203467,0.35494423,0.35164586,0.34796304,0.36827192,0.003298372
140,fb 1235.jpg,নিরীহ প্রাণীদের অবৈধভাবে হত্যা করার সময় পশুপ্রেমী কুরবানির সময় পশুপ্রেমী,4,others,2,political aggression,False,0.18840778,0.022307578,0.33714277,0.2681597,0.18398227,0.35971376,0.33837694,0.36553273,0.3632435,0.35947606,0.33714277,0.0022892356
141,fb 1208.jpg,বিয়ে করলেন 'লোকে কেন বিয়ে করে' জিজ্ঞাসা করা মালালা। তার আদর্শ মেনে বিয়ে না করে বুড়ি হয়ে যাওয়া নারীবাদী এটা দেখার পর,1,gendered aggression,3,religious aggression,False,0.097756475,0.026135892,0.19855975,0.47078514,0.20676269,0.33262634,0.31943464,0.33971244,0.34834558,0.34011725,0.47078514,0.008228332
142,blog 298.jpg,এইখানে পষ্ট কইরা লেখা আছে: আল্যার ছাড়পত্র ছাড়া মহাশূন্যে ভ্রমণ করা অসম্ভব। (সুরা ৫৫:৩৩),3,religious aggression,3,religious aggression,True,0.020692898,0.004967782,0.10271944,0.828115,0.043504935,0.32069427,0.3064261,0.33671638,0.35758787,0.32812512,0.828115,0.02087149
143,bamboo-vaiya (7).jpg,একজন ভালো বয়ফ্রেন্ড সবসময় গালফ্রেন্ডের মুখে হাসি ফুটিয়ে রাখার চেষ্টা করে,1,gendered aggression,4,others,False,0.12405852,0.12381977,0.1904722,0.2439692,0.31768036,0.33996806,0.3399488,0.3442556,0.34673095,0.349371,0.31768036,0.0026400387
144,in 48.jpg,ছোট ভাই নাচতাছে কারন দুপুরের খাবার পর তার দুই রোজা হয়ে গেছে,0,non-aggressive,4,others,False,0.23157075,0.030408626,0.21744433,0.23528923,0.28528705,0.3549667,0.33466512,0.35433728,0.355126,0.3570528,0.28528705,0.0019268095
145,blog 93.jpg,ঈশ্বর না থাকলে আমরা তার নামে এমন মেগা-ব্যবসা এতো সফলতার সঙ্গে যুগ যুগ ধরে চালিয়ে যাচ্ছি কীভাবে?,3,religious aggression,3,religious aggression,True,0.008484296,0.00044600392,0.005276295,0.9835397,0.0022536784,0.31164116,0.28218472,0.30689123,0.3591706,0.29838464,0.9835397,0.04752943
146,blog 439.jpg,কোরানের মতে মানবজাতির বংশবৃদ্ধি প্রথমে শুরু হয়েছিল একটি পরিবারে ইনসেষ্ট চর্চার মাধ্যমে দ্বিতীয়বারেও ভরসা ছিলো ইনসেষ্টই,3,religious aggression,3,religious aggression,True,0.035249982,0.053354517,0.015043592,0.8760544,0.020297574,0.32683,0.33097494,0.31831485,0.35895962,0.32131034,0.8760544,0.027984679
147,direct-offense (48).jpg,উপরে সৌদি আর নিচে জার্মানি,1,gendered aggression,3,religious aggression,False,0.20901081,0.17434819,0.17933515,0.26736763,0.16993819,0.34785303,0.34603974,0.34632176,0.35031542,0.34578353,0.26736763,0.002462387
148,fb 1078.jpg,চেয়ারে কলম রাখার পর যখন বন্ধু সেখানে বসে পড়ে তখন বন্ধুর অবস্থা*,4,others,4,others,True,0.30082574,0.025340075,0.114327885,0.17582455,0.38368177,0.36111403,0.3363726,0.35143945,0.35574362,0.36354688,0.38368177,0.002432853
149,fb 1113.jpg,নির্বাচনী প্রচারণা* নির্বাচনে অংশগ্রহন করা প্রার্থী এলাকাবাসী,2,political aggression,4,others,False,0.26004535,0.19378078,0.08816768,0.07689301,0.38111314,0.34031668,0.3373754,0.32950056,0.32813227,0.3441391,0.38111314,0.003822416
150,in 487.jpg,জেলে বসে খাসির মাংস খেলেন অনুব্রত!,2,political aggression,2,political aggression,True,0.035259213,0.0034995887,0.84063965,0.08097867,0.039622888,0.36618263,0.3430818,0.397897,0.37449723,0.36734945,0.84063965,0.02339977
151,fb 728.jpg,"হ্যলো বাবু, একটু তারাতাড়ি ইফতারি করে নিও নাইলে তোমার কষ্ট হবে",0,non-aggressive,2,political aggression,False,0.117010914,0.007020179,0.5673475,0.2358039,0.07281744,0.34180176,0.31366697,0.3575888,0.3488091,0.33705863,0.5673475,0.008779705
152,fb 955.jpg,সকাল বিকাল রাত্রি বেলা জেসমিন আপার দরজা খোলা,1,gendered aggression,2,political aggression,False,0.2665142,0.020147566,0.28230268,0.22701839,0.20401718,0.3498751,0.32405165,0.35045063,0.34827113,0.34720287,0.28230268,0.00057554245
153,fb 868.jpg,দোস্ত আজকের কনসার্ট কিন্তু অনেক জমজমাট হইছে হ্যা বন্ধু আতশবাজিগুলা অনেক সুন্দর সারাবছরের গ্লানি ভুলে গেলাম এখানে এসে,0,non-aggressive,0,non-aggressive,True,0.5023076,0.010504102,0.12563764,0.08329267,0.278258,0.36200768,0.3233332,0.34814957,0.34403917,0.35610104,0.5023076,0.0059066415
154,pin 13.jpg,বাবা খায় ধার করে বিড়ি মেয়ে বলে আমি ডানা কাটা পরি এ কেমন মেয়ে,1,gendered aggression,3,religious aggression,False,0.07115897,0.030878682,0.17371006,0.62761194,0.096640326,0.33707404,0.32872555,0.34599876,0.3588441,0.34013486,0.62761194,0.012845337
155,in 640.jpg,"""ত্রিপুরায় গণতন্ত্রের হত্যা হয়েছে। বিপ্লব দেব সরকার মানুষের অধিকার সুরক্ষা দিতে ব্যর্থ।"" তোপ ফিরহাদ হাকিমের... পশ্চিমবঙ্গে পঞ্চায়েত ভোটে তো গণতন্ত্র পাগলু ডান্স করছিল!",2,political aggression,2,political aggression,True,0.03480684,0.0080006495,0.6217551,0.23243308,0.10300433,0.31803146,0.30332854,0.3468588,0.33701935,0.32888103,0.6217551,0.009839445
156,fb 1170.jpg,ছিঃ! আমি তো পা*খানায় পা দিয়ে ফেললাম,4,others,0,non-aggressive,False,0.44659907,0.06388381,0.103436865,0.1392867,0.24679354,0.37484443,0.35539848,0.36021742,0.36319315,0.36891335,0.44659907,0.0059310794
157,fb 1253.jpg,বেশি করে ঘাস খেয়ে নিচ্ছি কারণ; তারাবীর নামাজ ৮ রাকাত নাকি ২০ রাকাত সেটা নিয়ে তর্ক করতে হবে !,3,religious aggression,2,political aggression,False,0.17874198,0.018761666,0.37387133,0.26998064,0.15864442,0.35379204,0.33125076,0.36117172,0.35791612,0.35259926,0.37387133,0.0032556057
158,bangla-troll (10).jpg,"কিরে মামুর বেটা, তুই নাকি প্রেমে পড়লি ? ওরে ফইন্নি, প্রেমে পড়মু ক্যারে ? আমি তো মাত্র কলেজে পড়ি !",0,non-aggressive,2,political aggression,False,0.1466571,0.037479196,0.37127024,0.1546162,0.28997728,0.34612513,0.33248198,0.35541344,0.3466536,0.35294217,0.37127024,0.0024712682
159,fb 266.jpg,এখন না লকডাউন তুই বাইরে কি? স্যার বইমেলায় যাই,2,political aggression,4,others,False,0.2694715,0.04862383,0.16308773,0.15905418,0.35976285,0.37190294,0.35477942,0.3668812,0.36663073,0.37479275,0.35976285,0.002889812
160,nurani-memes (203).jpg,রিক্সা চালক *ব্যাটারি ওয়ালা রিক্সাচালক আমারে স্যার ডাকবা,0,non-aggressive,2,political aggression,False,0.19550468,0.017024916,0.3537797,0.23414743,0.19954327,0.34754756,0.3231385,0.35347846,0.34935123,0.34775203,0.3537797,0.004127234
161,fb 648.jpg,২০ টাকায় এক হাজার ফলোয়ার বিক্রি করার পর! ফলোয়ার ব্যবসায়ী:,4,others,2,political aggression,False,0.19935468,0.026707647,0.30499244,0.18307985,0.28586537,0.3681335,0.34803212,0.37238547,0.36728182,0.37173784,0.30499244,0.00064763427
162,fb 1505.jpg,"গরুপাচার কাণ্ডে এবার দেবকে নোটিস সিবিআইয়ের, মঙ্গলবার হাজিরার নির্দেশ",4,others,2,political aggression,False,0.13295604,0.0061103753,0.7016646,0.09664801,0.06262098,0.32866567,0.29786536,0.34530002,0.32547623,0.32113647,0.7016646,0.016634345
163,in 346.jpg,পিসি- সবাই মিলেমিশে ভাগ করে খাও একা খাবো সেটা হবে না আমি খেতে তো মানা করছি না। *তিনু নেতা,2,political aggression,3,religious aggression,False,0.120126925,0.028831556,0.31213275,0.3369351,0.20197366,0.36545998,0.3511892,0.3750088,0.3757734,0.37065586,0.3369351,0.0007646084
164,tangaila (280).jpg,"সার্কাজম করে বিটিএসের পক্ষ নিয়ে পোষ্ট করে পচানোর পর যখন কোন বিটিএস ফ্যান ইমপ্রেস হয়ে প্রপোজ করে বসে তুই একটা বোদাই , আমি নিজেও একটা বোদাই",4,others,4,others,True,0.10592961,0.05833454,0.32231265,0.13230209,0.38112104,0.33687276,0.33090693,0.34800023,0.3390959,0.34967616,0.38112104,0.0016759336
165,KAM (306).jpg,সাকিব বলদ দেখবি? কই? দেখা! আয়নার সামনে দাঁড়া দেখতে পাবি,4,others,4,others,True,0.26218745,0.03869146,0.26145437,0.1503871,0.2872796,0.33626556,0.31713116,0.33623758,0.33070707,0.33717954,0.2872796,0.0009139776
166,fb 726.jpg,"৭ বছর বয়সী আমি : ছারো আমাকে, আমিও তোমাদের সাথে রোজা রাখবো",0,non-aggressive,0,non-aggressive,True,0.28415418,0.0260838,0.27269462,0.13531484,0.28175256,0.35661644,0.3327344,0.3562048,0.3491973,0.35653156,0.28415418,8.4877014e-05
167,in 335.jpg,যখন দিদি বলে গ্রামে গ্রামে দূত হিসাবে যেতে হবে... গ্রামে ঢুকে তাড়া খাওয়ার পর,2,political aggression,4,others,False,0.16610575,0.0126232095,0.31214526,0.13408464,0.37504113,0.3634267,0.33765578,0.36973512,0.36128515,0.3715708,0.37504113,0.001835674
168,fb 1975.jpg,যখন আপনার ঐটা তার ভুল গর্তে ডুকে যায় বাবা গো,1,gendered aggression,3,religious aggression,False,0.13572085,0.064487465,0.20944095,0.4529515,0.13739927,0.34486532,0.33742404,0.34920377,0.35691717,0.34498826,0.4529515,0.0077134073
169,in 433.jpg,বিশ্বের সেরা অভিনেতা অমিতাভ বচ্চনকে জন্মদিনের শুভেচ্ছা জানাচ্ছেন,2,political aggression,2,political aggression,True,0.07037613,0.008470701,0.6991405,0.08161501,0.1403976,0.32793486,0.30676246,0.35089484,0.32941645,0.3348411,0.6991405,0.016053736
170,in 45.jpg,আম পাতা জোড়া জোড়া মারবো চাবুক চড়বো ঘোড়া,1,gendered aggression,1,gendered aggression,True,0.17736591,0.50846463,0.07407418,0.15503155,0.08506376,0.3274855,0.3380173,0.31875402,0.32613966,0.32013738,0.50846463,0.010531813
171,fb 219.jpg,ছেরা টাকা দিয়ে বিস্কুট কিনে আনা আমি মেয়াদ উত্তীর্ণ বিস্কুট দেয়া দোকানদার,0,non-aggressive,4,others,False,0.23820545,0.036387295,0.21438952,0.16922449,0.3417933,0.3571346,0.3383455,0.35608125,0.35371554,0.36074537,0.3417933,0.00361076
172,in 540.jpg,"নরেন্দ্র মোদী আর ললিত মোদী এদের মধ্যে মিল কোথায় বলুন তো? এদের মধ্যে আবার কিসের মিল! ও মিত্তির মশাই, আছে নাকি মিল! দুজনেই বাংলার মেয়েকেই চায়...",2,political aggression,2,political aggression,True,0.25183466,0.033887003,0.31796166,0.099061765,0.2972549,0.34765553,0.3275981,0.3499871,0.33832523,0.3493137,0.31796166,0.0006733835
173,fb 332.jpg,বার্গার খাবে কেউ?,1,gendered aggression,3,religious aggression,False,0.060989898,0.10571285,0.18439656,0.6037142,0.045186426,0.34185058,0.34735078,0.3529144,0.3647745,0.33885145,0.6037142,0.011860102
174,KAM (149).png,"এক ছাত্র ৪টা সাবজেক্টে ফেল করার পর... শিক্ষক: কিরে ৪টা তেই কিভাবে ফেল করলি? ১ম টাতে অন্তত পাশ করতে পারতি, এতোদিন বন্ধ ছিল! স্যার ১মটার জন্য পরীক্ষার আগের দিন পড়তে বসছি বন্ধে ২য় টায় কিভাবে ফেল করলি? ২য় টার জন্য পড়সিলাম স্যার ২য়টার জন্য এতো পড়সি যে ভাবসি আর পড়াই লাগবে না তাই পরীক্ষার আগের দিন উলালা করে হলে সব ভুলে গেসি ৩য় টায় কেন ফেল করেছো বাবা? ২য়টা খারাপ হইসে এই দুঃখে স্যার 8র্থ টাও কি ৩য়টা খারাপ হওয়ার দুঃখে খারাপ হয়েছে? না স্যার শেষ পরীক্ষার খুশিতে, পড়তেই মন চায় না!",0,non-aggressive,3,religious aggression,False,0.098355345,0.06402937,0.28037435,0.30396408,0.25327682,0.3348028,0.33051038,0.3452782,0.34608603,0.34426177,0.30396408,0.00080782175
175,Halal Memes (202).jpg,"আমার পোস্টগুলি দেখার পরে, রিলেটিভ:-",0,non-aggressive,4,others,False,0.13112476,0.17500508,0.1969986,0.19813359,0.298738,0.34405318,0.34693986,0.34812367,0.3481811,0.35228738,0.298738,0.004106283
176,Halal Memes (21).jpg,আমি - আওয়ামীলীগ করি করোনাভাইরাস যখন জানতে পারে,2,political aggression,3,religious aggression,False,0.093251765,0.027270745,0.3058191,0.38629082,0.18736754,0.35987562,0.34758073,0.3717525,0.37408847,0.3668533,0.38629082,0.0023359656
177,in 485.jpg,"কখনও যদি দেখেন ববির অত সম্পত্তি পাওয়া গিয়েছে, বিশ্বাস করবেন না', আগেই বঙ্গবাসীকে সতর্ক করে রাখলেন নেত্রী বলছিলাম, কার কার সম্পত্তির হদিশ পাওয়া গেলে বিশ্বাস করবো না, যদি বলে দেন... একটা নামের লিস্ট পেতাম তাহলে নিশ্চিন্তে থাকা যেত|",2,political aggression,3,religious aggression,False,0.105913945,0.039137106,0.25003606,0.44592455,0.15898839,0.33308488,0.3231293,0.34167466,0.3474601,0.3371469,0.44592455,0.0057854354
178,fb 272.jpg,একটিভ স্যাস্টাস বন্ধ করার পর আমার বন্ধু : ভাই দেখ তো আমারে এক্টিভ দেখায় নাকি,0,non-aggressive,2,political aggression,False,0.15971833,0.03313902,0.31439388,0.24430628,0.24844244,0.3580978,0.3423708,0.36487016,0.3623479,0.3625158,0.31439388,0.0023543537
179,in 573.jpg,"নেতাজির স্বপ্নের স্বাধীন ভারত এখনও গড়ে ওঠেনি, আমরাই গড়ব', মূর্তি উন্মোচনে শপথ মোদির রেল তেল বিমান খনি সবই তো বেচা হয়ে গেছে এবার কি বেচে স্বপ্নের ভারত গড়া হবে!?",2,political aggression,2,political aggression,True,0.06458426,0.008201389,0.58790874,0.2920736,0.047231935,0.318195,0.2975583,0.34028098,0.33328533,0.31506598,0.58790874,0.006995648
180,fb 1368.jpg,দেশের জিডিপি কমে যাওয়া কোরোণা আবহে পরীক্ষা নেওয়ার কথা বলার পর ছাত্রছাত্রীদের সুস্থভাবে বেঁচে থাকার সম্ভাবনা,2,political aggression,2,political aggression,True,0.085682474,0.0032257717,0.702202,0.16750428,0.04138547,0.33497274,0.30217797,0.35600844,0.34167632,0.32769555,0.702202,0.014332116
181,tangaila (307).jpg,কানিজ ফাতেমা তুই আর আমি তো একই,0,non-aggressive,4,others,False,0.24013802,0.046999864,0.24560966,0.105466284,0.36178625,0.34966564,0.33335495,0.34989095,0.3414374,0.35376403,0.36178625,0.00387308
182,fb 1159.jpg,আমেরিকা যাচ্ছে রোহিঙ্গারা #শাহবাগী ১৫ দিনে রোয়াঈঙ্গা ভাষা শিক্ষা,4,others,2,political aggression,False,0.06386751,0.048689704,0.55508775,0.21737547,0.11497962,0.339773,0.33705956,0.36139613,0.35202116,0.34565243,0.55508775,0.009374976
183,chosha (90).jpg,আয় বৃষ্টি ঝেপে ধোন দিবো মেপে,1,gendered aggression,2,political aggression,False,0.1469761,0.077798,0.3786847,0.2471001,0.14944105,0.34123087,0.33486933,0.3506952,0.34642607,0.34139717,0.3786847,0.004269123
184,ovodro_img (162).jpg,জানিস বোন কাল সারারাত চোষার পরেও দাঁড় করাতে পারিনি কাঁদিস না দিদি আমার টারও একই অবস্থা,1,gendered aggression,4,others,False,0.2583451,0.11384656,0.12342357,0.2026413,0.3017435,0.32120216,0.3130077,0.31381541,0.31877357,0.32275498,0.3017435,0.0015528202
185,blog 479.jpg,একটি দারুণ মিল ভগবান ও ভক্তে এক্সিবিশনিজম উভয়েরই রক্তে,3,religious aggression,3,religious aggression,True,0.03791263,0.006274013,0.095976375,0.8283412,0.031495787,0.31307846,0.29508978,0.32236665,0.34391987,0.31122416,0.8283412,0.021553218
186,blog 342.jpg,"যে-আসনেই প্রার্থনা করা হােক না কেন, ফলাফল - লবডঙ্কা",3,religious aggression,3,religious aggression,True,0.0023705384,0.00024984818,0.0024837346,0.9933669,0.0015289737,0.3107119,0.2882117,0.31117836,0.37109172,0.3063267,0.9933669,0.059913367
187,tangaila (152).jpg,বিন্দুবাসিনীর কোনো সুন্দরী মেয়ে যখন বলে আমি সিঙ্গেল লে আমি :- প্রমাণ দাও !,1,gendered aggression,4,others,False,0.15321504,0.06783487,0.23046057,0.22972678,0.3187628,0.34203398,0.33388633,0.34611636,0.34608448,0.34936005,0.3187628,0.0032436848
188,fb 1788.jpg,স্বামি বিদেশ,1,gendered aggression,3,religious aggression,False,0.33237422,0.123037234,0.064577624,0.3502024,0.12980855,0.34803024,0.3380925,0.3316463,0.34855273,0.33862823,0.3502024,0.0005224943
189,tangaila (335).jpg,উদ্যানের চা আড্ডাবাজ পোলাপান,1,gendered aggression,1,gendered aggression,True,0.28887334,0.35003716,0.061137892,0.054125927,0.24582572,0.34465885,0.34657937,0.3291303,0.3279121,0.3430452,0.35003716,0.0019205213
190,Halal Memes (73).jpg,হঠাত ছোট বোনের আদর্শ লিপি বই নিয়ে ঘাটাঘাটি করার কারন জানতে চাওয়া আমার আম্মু ২মাস পড়াশুনা না করে বাংলা অক্ষর ভুলে যাওয়ায় আদর্শ লিপি বই পড়া আমি,0,non-aggressive,3,religious aggression,False,0.080968596,0.056910317,0.12262502,0.55459845,0.18489762,0.37313855,0.3696127,0.37728924,0.39238036,0.38139594,0.55459845,0.010984421
191,ovodro_img (548).jpg,অনেক মেয়ে মিলে একজন পুরুষের উপর নির্যাতন করাকে বলে পুরুষ নির্জাতন,1,gendered aggression,1,gendered aggression,True,0.14153256,0.32628185,0.20456085,0.1675536,0.16007116,0.3548582,0.36321053,0.35854155,0.35654595,0.35608912,0.32628185,0.004668981
192,Bangla Thug Life (401).jpg,আম্মা আমি প্রেগনেন্ট চুদসে এইটা একটা দুর্ঘটনা ছিলো মানে তুই বলতে চাস ! তুই রাস্তা দিয়া হাঁটতে গিয়া উষ্টা খাইয়া সোনার উপর পইড়া গেসিলি ???,1,gendered aggression,4,others,False,0.08194462,0.11957033,0.16945948,0.26829687,0.36072865,0.33608097,0.33985958,0.3433467,0.34794146,0.35090178,0.36072865,0.0029603243
193,fb 1210.jpg,ন্যূড আর্ট বাবা সিম্পানন্দ* পিরিয়ড কবিতা*,2,political aggression,2,political aggression,True,0.027721437,0.004293185,0.8687182,0.057586327,0.0416809,0.35712448,0.33847272,0.39157262,0.36443526,0.36120284,0.8687182,0.027137369
194,blog 101.jpg,"আস্তিকীয় যুক্তিবাহার কোনও প্রাকৃতিক বিপর্যয় বা দুর্ঘটনার পরে তারা দোয়া করে সাহায্য চায় তার কাছে, যে কিনা সেই ঘটনাটি ঘটিয়েছে বলে তারাই মনে করে ! কেউ কেউ আবার তাকে শুকরিয়াও জানায় !",3,religious aggression,3,religious aggression,True,0.13001443,0.024568142,0.047494642,0.7226989,0.075223766,0.32432753,0.3076656,0.31425726,0.341481,0.31885576,0.7226989,0.017153472
195,Bangla Thug Life (397).jpg,ছেলে: আই লাভ ইউ মেয়ে: কি করতে পারবে আমার জন্য ? লুইচ্চা ছেলে মনে মনে ২১ দিনে দুদু ডবল,1,gendered aggression,2,political aggression,False,0.069701806,0.023264764,0.6179942,0.15499397,0.1340453,0.26808912,0.25711626,0.28991166,0.27608073,0.27462864,0.6179942,0.01383093
196,KAM (270).jpg,সম্প্রতি এক গবেষণায় প্রমাণিত হয়েছে যে... ঘুমের ট্যাবলেট এর চেয়ে পড়ার টেবিল বেশি কার্যকরী!,0,non-aggressive,2,political aggression,False,0.056294467,0.009162725,0.53500426,0.29600117,0.10353742,0.3350108,0.31685627,0.35752758,0.35160848,0.34110415,0.53500426,0.005919099
197,blog 488.jpg,"আমি কবে বড়ো হবো? মাদ্রাসায় বলেছে, বড়ো হলে আমি এইসব প্রতিমা ভাঙতে পারবো, মালাউন তাড়াতে পারবো দেশ থেকে।",3,religious aggression,3,religious aggression,True,0.009453131,0.0028339303,0.0014136442,0.9825005,0.0037988417,0.31725904,0.30521223,0.2982573,0.36369658,0.30814254,0.9825005,0.04643753
198,Halal Memes (32).jpg,"আমি যখন ক্লাসে কথা বলি, কিন্তু স্যার এসে সাথে বসা আমার বন্ধুকে মারে । লেঃ আমি",0,non-aggressive,2,political aggression,False,0.29139966,0.01504641,0.29479522,0.22060452,0.17815419,0.33445996,0.30482438,0.3345758,0.33167672,0.32953948,0.29479522,0.00011584163
199,fb 704.jpg,রমজান মাসে যখন কেউ বাংলা বা ইংরেজি তারিখ জিজ্ঞেস করেঃ কত রমজান চলে সেটা মনে রাইখাই কূল পাই না ইংরেজি বাংলা তারিখ মনে রাখবো কোন সময়,0,non-aggressive,2,political aggression,False,0.094033115,0.0089597,0.38650945,0.3835499,0.12694779,0.30337718,0.2798681,0.31751227,0.3174354,0.30637848,0.38650945,7.686019e-05
200,bangla-troll (49).jpg,ডিপ ফ্রিজে আইস্ক্রিমের বক্স দেকসিলাম কিন্তু খুলে দেখি বক্সটা আদা-রশুন এ ভরা,0,non-aggressive,2,political aggression,False,0.09960181,0.022163633,0.395274,0.33324414,0.14971638,0.34201467,0.3269874,0.35579863,0.3540916,0.3460903,0.395274,0.0017070174
201,fb 1083.jpg,এই বালের গানে এতো ভিউস কেমনে? বাংলাদেশে কামলাদের সংখ্যা দিন দিন বাড়তেসে,4,others,4,others,True,0.20218264,0.037118036,0.24640553,0.20008112,0.31421274,0.3548066,0.3378559,0.35678467,0.35470212,0.3592156,0.31421274,0.0024309158
202,in 645.jpg,"এগিয়ে আসছে জাওয়াদ দুয়ারে ঝড়, পকেট ভর",2,political aggression,2,political aggression,True,0.07822664,0.018977301,0.8006405,0.06693096,0.035224557,0.35159278,0.33742914,0.3748508,0.3500333,0.3436141,0.8006405,0.02325803
203,fb 1215.jpg,ধর্ম যার যার উৎসব সবার| ধর্ম যার যার উৎসব ও তার,3,religious aggression,2,political aggression,False,0.07011689,0.0148287425,0.52455896,0.25759375,0.13290174,0.35655692,0.34102097,0.37668088,0.36956912,0.3629514,0.52455896,0.007111758
204,ovodro_img (257).jpg,সেই মুুহুর্ত যখন তোমার বর চা বানিয়ে আনে কিন্তু চায়ে দুধ নয় নিজের ঘী দিয়ে চা বানিয়ে খাওয়ায় আর সেটা তুমি বুঝতে পেরে যাও,1,gendered aggression,2,political aggression,False,0.07201693,0.29110253,0.3833776,0.12449583,0.12900706,0.3458811,0.35984886,0.3626023,0.35135484,0.35171077,0.3833776,0.0027534366
205,bangla-gag (11).jpg,সেহেরি ৩:৩০ ! কিন্তু ১২ টায় পুরা ইন্ডিয়া টিমরে খাইয়া শেষ করে দিসি !,4,others,2,political aggression,False,0.108585805,0.01183253,0.42555204,0.24148364,0.21254595,0.31882933,0.29666245,0.3324878,0.32682195,0.3255455,0.42555204,0.0056658387
206,in 606.jpg,বর্ষসেরা অভিনয় পিসি,2,political aggression,3,religious aggression,False,0.050473448,0.013216554,0.39036664,0.49357134,0.05237208,0.3549394,0.34153962,0.37539577,0.37774158,0.35530865,0.49357134,0.0023458004
207,ovodro_img (45).jpg,"পাগলউউউ... থোড়াসা কারলে রোমান্স ধুর বাল, পাগল হলেও সম্মান আছে । তোদের মত পাগলু ড্যান্স করি না ।",4,others,3,religious aggression,False,0.09195944,0.06883137,0.1300864,0.60306436,0.10605848,0.33339274,0.33049586,0.33686125,0.35219952,0.3348192,0.60306436,0.015338272
208,fb 895.jpg,জমিতে ক্রিকেট খেলার সময় বল যখন কোন ঝোপ-ঝাড়ে গিয়ে পড়ে বল:-,0,non-aggressive,0,non-aggressive,True,0.36589068,0.014159223,0.20014767,0.21170877,0.20809366,0.36339933,0.33087963,0.35736653,0.3579281,0.35775587,0.36589068,0.0054712296
209,fb 126.jpg,"১০০০ এর ৭.৫% ৭৫০ টাকা বস, হিসাবে একটু গোলমাল আছে তাই নাকি? আচ্ছা তাইলে... ১০০০ এর ৭.৫% ৭৫ টাকা হ, এখন ঠিক আছে পরের দিন... ১০০০ এর ৭৫% ৭৫০০০ টাকা হালা মরতে চাস?",2,political aggression,2,political aggression,True,0.055960275,0.0068814694,0.65947163,0.11410432,0.16358224,0.3460847,0.32512662,0.3707527,0.35320944,0.35681146,0.65947163,0.013941228
210,fb 87.jpg,এন্ড্রয়েড ডেভেলপার রেসিপি এন্ড্রয়েড স্টুডিও ইন্সটল করা অন্যর আইডিয়া চুরি করা অন্য এপের কোড ও ইন্টারফেস কপি করা নিজের আইডিয়া দিয়ে নতুন কিছু বানানো উপস!,4,others,3,religious aggression,False,0.10049604,0.026249684,0.12107256,0.6929474,0.059234288,0.34264332,0.32921866,0.34450603,0.36195168,0.33735713,0.6929474,0.017445654
211,KAM (367).jpg,আগে আমার কিছুই ভালো লাগতো না! ঘুরতে যাওয়া/খেলাধুলা/টিভি দেখা! তারপর আমার জীবনে এলো পড়ালেখা! এখন আমার সব কিছু করতে ভালো লাগে!,0,non-aggressive,2,political aggression,False,0.054348968,0.007822964,0.6952695,0.17044488,0.07211366,0.34731007,0.32792646,0.3727988,0.3587399,0.35013825,0.6952695,0.014058888
212,fb 1167.jpg,নারীবাদীরা সারাবছর শীতকালে,1,gendered aggression,3,religious aggression,False,0.22913441,0.05172976,0.21066698,0.4199374,0.08853148,0.324785,0.30990225,0.32394472,0.33084297,0.3152755,0.4199374,0.0060579777
213,blog 317.jpg,"-ইয়া মাবূদ, তোমার গলা না শোনা পর্যন্ত আমি এই জায়গা ছেড়ে উঠবো না ।",3,religious aggression,0,non-aggressive,False,0.62246174,0.055945847,0.045779575,0.111391984,0.16442081,0.34923756,0.32514456,0.32313913,0.33203128,0.33592504,0.62246174,0.013312519
214,bangla-gag (43).jpg,আগে শুধু আমরা মানুষের হৃদয় জয় করতাম ! আর এখন হৃদয় এর সাথে সাথে সিরিজও জয় করি !,0,non-aggressive,4,others,False,0.2963829,0.03422332,0.14410867,0.16774772,0.3575374,0.3359667,0.31437927,0.32875586,0.33027482,0.33784258,0.3575374,0.0018758774
215,blog 77.jpg,"আপনার সঙ্গে যুদ্ধ করছে যে-কাফের, তাকে হত্যা করা যায়েজ । আপনার কাছে যদি অন্য কোনও কারণ থাকে, তখনও তাকে হত্যা করা যায়েজ । এমনকি কোনও কারণ না থাকলেও তাকে হত্যা করা যায়েজ ।",3,religious aggression,3,religious aggression,True,0.05803563,0.005266111,0.06869211,0.82331425,0.04469182,0.30902117,0.2850235,0.31070694,0.335544,0.3064085,0.82331425,0.024837047
216,blog 34.jpg,"বর্তমান পৃথিবীতে সর্বমোট ধর্মের সংখ্যা ৪২০০ । তন্মধ্যে শুধুমাত্র একটি ধর্মই সঠিক । আপনার ধর্মই সত্য ধর্ম এমন হবার সম্ভাবনা: ১/৪২০০ = ০.০০০২৩ = ০.০২৩ % অপরপক্ষে, ভুল ধর্মে বিশ্বাসের কারণে দোযখে যাবার সম্ভাবনা: ১০০ - ০.০২ = ৯৯.৯৭ % ঘাবড়ে গেলেন? ঘাবড়ানোর কিছু নেই, সকল ধর্মের মধ্যে শুধুমাত্র আপনার ধর্মটিই সঠিক । এবার ঘুমান ।",3,religious aggression,3,religious aggression,True,0.0024711506,0.0004452427,0.0023029174,0.99357516,0.0012055077,0.31452692,0.29738873,0.31382185,0.37449318,0.3073491,0.99357516,0.059966266
217,fb 1084.jpg,আমারে স্যার ডাকবা,4,others,0,non-aggressive,False,0.40734464,0.040697325,0.21230693,0.047524843,0.2921262,0.35771734,0.33468235,0.35120106,0.33623326,0.3543926,0.40734464,0.003324747
218,blog 306.jpg,"যখনই আপনার মনে হবে, আপনি নিরর্থক কোনও কাজ করছেন, তখন এই ছবিটায় চোখ বুলিয়ে নেবেন",3,religious aggression,3,religious aggression,True,0.031273138,0.025539,0.07099385,0.85266304,0.019530926,0.31209096,0.31006545,0.3202893,0.345147,0.30738336,0.85266304,0.0248577
219,fb 1189.jpg,আরে থাম ভাই! আর কতদিন এভাবে প্যান্ট ভালো না বলে নামজ বাদ দিবি!,3,religious aggression,4,others,False,0.16410808,0.03349623,0.11314869,0.34164593,0.3476011,0.34000754,0.32411662,0.33628932,0.34734005,0.34751284,0.3476011,0.00017279387
220,direct-offense (47).jpg,"কি করছো জানু ? তোমাকে খুব মিস করছি আমি বান্ধবীর বাড়িতে আসছি বাবু, নোট লিখছি পরে কথা বলবো",1,gendered aggression,4,others,False,0.15189163,0.11264228,0.1258856,0.20639755,0.4031829,0.34842977,0.34544024,0.34655184,0.35149613,0.358192,0.4031829,0.0066958666
221,Halal Memes (270).jpg,ছাত্রলীগ নিয়ে কোন মিম বানানো বিদ্যমান* ছাত্রলীগ নেতা: তুই কারে লইয়া ছিনিমিনি খেলতাসস বুঝোস নাই !,2,political aggression,2,political aggression,True,0.10318765,0.008416707,0.40555277,0.37564778,0.10719508,0.3328231,0.3077598,0.3465101,0.34574413,0.33320412,0.40555277,0.0007659793
222,in 284.jpg,মোরাল অফ দ্য স্টোরি 'দিদি' দিয়ে 'মোদি'-কে কাটা যায়না।,2,political aggression,3,religious aggression,False,0.17187789,0.020307854,0.27162176,0.3164093,0.21978317,0.34190908,0.3205513,0.34648532,0.34801158,0.34436765,0.3164093,0.0015262663
223,blog 111.jpg,"আম্মু, আম্মু, নিনজা ! অথচ তুমি বলসিলা, নিনজা নাকি কল্পকাহিনী !",3,religious aggression,3,religious aggression,True,0.044605125,0.027618617,0.05290528,0.844612,0.030258924,0.33642185,0.33162826,0.3381284,0.36583215,0.3325413,0.844612,0.027703762
224,fb 1755.jpg,বিচি ঠান্ডা না করে মাথা ঠান্ডা করে ক্রিকেট খেলুন,4,others,3,religious aggression,False,0.14892434,0.21894196,0.08485938,0.34163582,0.2056385,0.35688454,0.36073822,0.35126013,0.36518762,0.36011136,0.34163582,0.0044493973
225,direct-offense (32).jpg,"ও হ্যান্ডেল মারে তা নিয়ে প্রবলেম নেই । প্রবলেমটা হচ্ছে, ও হ্যান্ডেল মারার পর বাথরুমে জল না দিয়ে চলে এসেছিলো",0,non-aggressive,4,others,False,0.12525326,0.10884142,0.18280987,0.27376515,0.30933025,0.33019966,0.3287952,0.33398077,0.33801898,0.33924037,0.30933025,0.0012213886
226,ovodro_img (173).jpg,মধু তোমার এই সজ্জিত রূপ বজায় থাকার রহস্য কী ? কাউকেই ভিতরে ফেলতে দিই না ।।,1,gendered aggression,4,others,False,0.14416003,0.1572364,0.13819963,0.20092669,0.35947725,0.33317488,0.33404317,0.33275265,0.33649504,0.34231216,0.35947725,0.0058171153
227,in 288.jpg,ত্রিপুরার মানুষ পরিবর্তন চায় ২৫ বছরের বাম আমলের থেকেও বড় ক্ষতি করেছে সরকার ত্রিপুরা যাওয়ার আগে চাঁচাছোলা অভিষেক হাফ সিটে কান্ডিডেট খুঁজে পায়না আবার সরকার গড়ার প্রতিশ্রুতি দিচ্ছে!,2,political aggression,2,political aggression,True,0.013926893,0.0056440425,0.85543007,0.04922054,0.07577848,0.31022766,0.30119544,0.3514055,0.32285255,0.32716757,0.85543007,0.02423793
228,fb 782.jpg,প্রমিজ করলাম* প্রমিজ করলাম* নিজের সর্বোচ্চ দিয়ে হলেও বাবা মায়ের মুখে হাসি ফুটানোর চেষ্টা করবো,0,non-aggressive,3,religious aggression,False,0.11243211,0.030482791,0.037619118,0.7271638,0.092302255,0.35552838,0.3424765,0.34458,0.3741964,0.35355556,0.7271638,0.018668026
229,fb 444.jpg,টাচ করুন তুই মাওবাদী!,2,political aggression,2,political aggression,True,0.23737368,0.024130762,0.45386264,0.190196,0.09443693,0.34360528,0.3207438,0.35008687,0.34138948,0.33438823,0.45386264,0.006481588
230,in 414.jpg,এরা এদের মৃত্যুর জন্য নিজেরাই দায়ী অলিম্পিকের মেডেল থেকে মঙ্গলযান সব কৃতিত্বই এনার,2,political aggression,2,political aggression,True,0.046843223,0.009837881,0.74456584,0.12955306,0.06919995,0.35053194,0.33492625,0.3781919,0.36070478,0.35443386,0.74456584,0.017487109
231,fb 2022.jpg,আজকে থেকে আয়নাতে খেলা দেখা,4,others,0,non-aggressive,False,0.40111014,0.019493803,0.22320543,0.09272343,0.2634672,0.36229062,0.33204922,0.3564292,0.34764445,0.35808754,0.40111014,0.004203081
232,fb 1535.jpg,ইশশ ! অসহায় পাখি ! পাখিটাকে ছেড়ে দে! নির্দয় বিড়াল ! কিছুক্ষণ পর... আহ ! কী সুগন্ধ !,4,others,2,political aggression,False,0.11733225,0.030077374,0.7144391,0.051769793,0.086381495,0.34352297,0.32991058,0.36158782,0.33534092,0.34046057,0.7144391,0.018064857
233,bamboo-vaiya (335).jpg,যখন আপনি বাসা থেকে টাকা নিয়ে বাজার করে আনেন কিন্তু আপনাকে টিভি চ্যানেলে করোনা ত্রান সহায়তার লাইনে দাঁড়ানো দেখায়,0,non-aggressive,4,others,False,0.17315993,0.078057334,0.21698996,0.26554036,0.2662524,0.3602025,0.35223475,0.36245883,0.364478,0.36450478,0.2662524,2.6792288e-05
234,fb 418.jpg,আমি বেশি মেয়ে পটিয়েছি না আমি বেশি মেয়ে পটিয়েছি,4,others,2,political aggression,False,0.10345115,0.015211998,0.59142923,0.12825194,0.1616557,0.34164965,0.32247952,0.3590841,0.34379864,0.34611335,0.59142923,0.012970746
235,blog 133.jpg,ভাবসিলাম সাথে ভায়াগ্রা নিয়া আসছো !,3,religious aggression,3,religious aggression,True,0.03461702,0.0053431294,0.07765141,0.86331534,0.019073047,0.33901027,0.32032493,0.3470891,0.37117463,0.33304957,0.86331534,0.024085522
236,in 334.jpg,গ্রামবাসীরা ক্ষেপে আগুন হয়ে আছে তাই গ্রামে গ্রামে দিদির দূত হিসাবে যাওয়া থেকে এটা অনেক কম রিস্কের কাজ,2,political aggression,4,others,False,0.092196636,0.05775111,0.32661742,0.19549026,0.32794455,0.3524028,0.347725,0.36505145,0.35991865,0.365092,0.32794455,4.056096e-05
237,bangla-gag (87).jpg,লাক্স কোটি টাকা খরচ করে দীপিকাকে বাংলাদেশে আনসে আর বিসিবি ইন্ডিয়ান টিমকে খেলতে ডাকসে সেখানে ইন্ডিয়ান টিম সাথে আনুসকা ফ্রি আসতেসে,4,others,1,gendered aggression,False,0.048311204,0.37675664,0.3720464,0.10312297,0.099762805,0.33205432,0.3525937,0.3524679,0.33963692,0.33930564,0.37675664,0.0001257956
238,bangla-troll (29).jpg,একটা সুন্দরি মেয়ে পেছবুকে রিকুয়েস্ট পাঠাইছিল... মাগার ... ওইটা ফেক আইডি ছিল,0,non-aggressive,2,political aggression,False,0.07361386,0.03938823,0.4376228,0.21841726,0.23095788,0.34386802,0.33761436,0.36169326,0.35474375,0.35530204,0.4376228,0.0063912272
239,fb 1469.jpg,আজকে জুম্মার পরে বিরিয়ানি দিবে,3,religious aggression,2,political aggression,False,0.14521983,0.015177561,0.46919218,0.16074674,0.2096637,0.37226945,0.34968513,0.38399708,0.37328526,0.375942,0.46919218,0.008055091
240,ovodro_img (73).jpg,যখন কোন বাচ্চার মা বাবা দুজনেই ট্রেনে উঠে যায় কিন্তু বাচ্চা টা উঠতে পারে না,0,non-aggressive,2,political aggression,False,0.09358704,0.09794751,0.37839007,0.20064814,0.22942725,0.3377368,0.33819216,0.3517071,0.34536338,0.3467037,0.37839007,0.0050033927
241,tangaila (57).jpg,বের হলেই চাকরি বেতন ১২ হাজার টাকা,0,non-aggressive,2,political aggression,False,0.20277297,0.038067807,0.30503526,0.29390627,0.16021766,0.36638045,0.34965327,0.37046385,0.37009218,0.36402494,0.30503526,0.00037166476
242,blog 162.jpg,"দোয়া হচ্ছে হস্তমৈথুনের মতো: যে করে, সে তৃপ্তি পায়, কিন্তু যার কথা ভেবে করা হয়, তার কোনও কাজেই লাগে না",3,religious aggression,3,religious aggression,True,0.013133453,0.000380318,0.0038303724,0.97780937,0.0048465077,0.31816214,0.28274304,0.30584013,0.36126366,0.3081931,0.97780937,0.04310152
243,Halal Memes (206).jpg,নির্দিষ্ট জায়গায় থুথু ফেলবো ।,0,non-aggressive,3,religious aggression,False,0.23659691,0.026645064,0.22452816,0.37981695,0.1324129,0.3747288,0.35289127,0.37420526,0.37946212,0.3689245,0.37981695,0.004733324
244,fb 760.jpg,স্কুলের ১২০০ টাকা বেতন যে কিভাবে দিবো আব্বু তো বেতন পায় না তিন মাস থেকে আল্লাহ তুমি ১২০০ টাকার ব্যবস্থা করাই দাও প্লিজ না ছেলেটা আর্থিক সমস্যায় আছে কাল ওরে কিছু টাকা দিয়ে সাহায্য করবো বাবা এই ১০০০ টাকা রাখো তোমার বেতন দিতে কাজে লাগবে কিন্তু আমি তো আল্লাহর থেকে ১২০০ টাকা চাইছি তার মানে আপনি বাকি ২০০ টাকা মেরে দিয়েছেন,4,others,3,religious aggression,False,0.15072173,0.007746331,0.24054962,0.31088492,0.2900974,0.36186182,0.33217967,0.36653677,0.3691017,0.36840966,0.31088492,0.0006920397
245,fb 1976.jpg,ডিসেম্বর ৩১ ১১ : ৫৯ ২ : ৩০,1,gendered aggression,3,religious aggression,False,0.17160945,0.06252093,0.23652376,0.46603993,0.06330595,0.35739708,0.34729987,0.36060536,0.3673876,0.34742466,0.46603993,0.0067822337
246,fb 1385.jpg,এদিকে আয় মোদী। তোকে আমাদের অনুমতি ছাড়া জঙ্গল কাটার অধিকার দিচ্ছি।,2,political aggression,3,religious aggression,False,0.13855313,0.00805314,0.21054903,0.54829985,0.09454487,0.33417076,0.30571884,0.3383554,0.34792644,0.33034897,0.54829985,0.009571046
247,fb 1858.jpg,ছ্যাদা খুজে পাইতেছি না,1,gendered aggression,0,non-aggressive,False,0.27255183,0.16020173,0.11530845,0.23528713,0.21665086,0.34032997,0.335016,0.3317278,0.33885974,0.33803457,0.27255183,0.001470238
248,fb 295.jpg,"ছেলেটির নাম জনি সিন্স| গরিব, তাই পড়াশোনার পাশাপাশি পিজ্জা ডেলিভারি বয় হিসেবে কাজ করে।একদিন মিরপুরের রাস্তায় মেট্রোরেল এর জ্যাম থাকায় ২০ মিনিট এর জায়গায় ৩০ মিনিট লেট হয়ে যাওয়ায় এই মেয়ে টি জনি সিপ্স কে কলার ধরে মারল| মানবতা আজ কোথায় ???",1,gendered aggression,3,religious aggression,False,0.038198467,0.29807174,0.1830359,0.34030992,0.14038402,0.331682,0.3522274,0.34735087,0.3535526,0.3446979,0.34030992,0.0013252199
249,blog 447.jpg,ওরা বেশরিয়তী কাম করে! ইছলামে এইসব হারাম! যৌনদাসী,3,religious aggression,3,religious aggression,True,0.044819124,0.017840333,0.019599006,0.8961628,0.021578737,0.32814276,0.31893104,0.31987122,0.35809764,0.3208335,0.8961628,0.02995488
250,fb 303.jpg,~কিছু কিছু মাগি আছে সাংগা হওয়ার পরেও বারো জনের দোচা না খাইলে নাভীর নিচে শান্তি হয় না,1,gendered aggression,4,others,False,0.21545668,0.14949603,0.21561371,0.12546113,0.29397243,0.3417421,0.3380872,0.34174937,0.33633447,0.34484935,0.29397243,0.003099978
251,fb 1380.jpg,যখন মাছ খাওয়ার জন্য বাঙালিদের ঘৃণা করা গুজ্জু মহিলা জানতে পারে তার লিপস্টিকে মাছের আঁশ আছে,4,others,2,political aggression,False,0.108814254,0.14592208,0.42088547,0.19657922,0.12779899,0.3277691,0.33070338,0.34129626,0.3336833,0.32937723,0.42088547,0.0076129436
252,in 436.jpg,"হাসপাতালে নিয়ে যাওয়া হল মানিককে ওসব করে কোনো লাভ হবেনা মানকে, আমি নিজের অভিজ্ঞতা থেকে বলছি |",2,political aggression,2,political aggression,True,0.09204559,0.0044392124,0.6976014,0.15637843,0.049535394,0.3173343,0.2870162,0.33758792,0.32263425,0.31113833,0.6976014,0.014953673
253,fb 1622.jpg,নাস্তিক্যধর্ম,3,religious aggression,2,political aggression,False,0.05543931,0.008827024,0.6919754,0.12891501,0.114843234,0.32924986,0.31087518,0.3544925,0.33768854,0.33653265,0.6919754,0.01680395
254,Halal Memes (240).jpg,আমার মা: এরকম একটা মেয়ে যদি আমার বেটার বউ হতো আমার মা: নাউযুবিল্লাহ,1,gendered aggression,3,religious aggression,False,0.05367414,0.2991032,0.09360891,0.49072453,0.06288922,0.3295246,0.3467032,0.33508655,0.3516541,0.33110905,0.49072453,0.004950911
255,fb 1244.jpg,আমার শরীর আমার অধিকার। আমি যেটা ইচ্ছে সেটা পরবো যদি নগ্নতাকে সভ্য ধরা হয় | তবে বন্য পশুরা সবচেয়ে বেশী সভ্য,1,gendered aggression,3,religious aggression,False,0.03010904,0.023052491,0.37736416,0.4894608,0.0800136,0.33530688,0.3326364,0.36059076,0.3631917,0.3450806,0.4894608,0.002600938
256,KAM (326).jpg,এটা ফটোগ্রাফি নাকি বগল-গ্রাফি! ফহিন্নির ঘরে ফহিন্নি!,4,others,0,non-aggressive,False,0.30326286,0.10368978,0.13253528,0.19210348,0.26840863,0.34307164,0.33233967,0.3347941,0.33850598,0.34185076,0.30326286,0.0012208819
257,in 169.jpg,"পঞ্চায়েত ভোট আসছে... মাসিমরা আমাকে চিনতে পারছেন তো? কেন চিনতে পারবোনা! কতবার টিভিতে হাত পেতে টাকা নিয়ে ""থ্যাংক ইউ"" বলতে দেখেছি",2,political aggression,2,political aggression,True,0.1028429,0.07161565,0.48074263,0.20232137,0.14247745,0.35288274,0.34926385,0.368304,0.35964927,0.35614255,0.48074263,0.008654743
258,ovodro_img (10).jpg,একদিন আমিও অস্কার পাব এক্সপ্রেশন পাল্টাবে কী তোর দাদু ? কপি করা ছাড়বে কি তোর বাবা ?,4,others,0,non-aggressive,False,0.30631533,0.036142692,0.20112035,0.15238804,0.3040336,0.33838075,0.31700933,0.33417362,0.3313989,0.33830595,0.30631533,7.480383e-05
259,nurani-memes (222).jpg,গাাছ কোপানোর অন্যায়ের শাস্তি চাওয়া মানুষজন মানুষ কুপিয়ে পার পেয়ে যাওয়া হেলমেট বাহিনি,2,political aggression,0,non-aggressive,False,0.4101447,0.02925429,0.19019008,0.16099344,0.20941749,0.35094637,0.3245415,0.34326148,0.3415949,0.34422454,0.4101447,0.0067218244
260,bamboo-vaiya (486).jpg,কোরবানির ঈদ আসলে তোমার যা মনে পড়ে: কোরবানির ঈদ আসলে আমার যা মনে পড়ে:,4,others,2,political aggression,False,0.104901664,0.015033199,0.38150972,0.3753801,0.12317533,0.3170799,0.29765227,0.32999104,0.32982907,0.31868577,0.38150972,0.00016197562
261,blog 458.jpg,হুরের ইষ্টক শ্যাষ। তয় ৭২টা মুমিনার লগে ওয়েবক্যামে চ্যাটের ব্যবস্থা কইরা দিতারি।,3,religious aggression,3,religious aggression,True,0.053118654,0.015490286,0.41460025,0.45774224,0.059048515,0.32623446,0.31391132,0.34678233,0.34777224,0.32729277,0.45774224,0.0009899139
262,blog 164.jpg,"ভালো মানুষেরা করে ভালো কাজ, খারাপেরা খারাপ কাজ। কিন্তু ভালো মানুষকে দিয়ে খারাপ কাজ করিয়ে নিতে প্রয়োজন ধর্মের ।",3,religious aggression,2,political aggression,False,0.2728051,0.0153359,0.32095894,0.2804285,0.11047157,0.32764935,0.29886374,0.3292749,0.32792497,0.31860936,0.32095894,0.001349926
263,blog 38.jpg,এবং তার উম্মতেরা শান্তি প্রতিষ্ঠায় নিরলস,3,religious aggression,3,religious aggression,True,0.11811644,0.007939645,0.18292907,0.65408534,0.036929417,0.32975942,0.30276138,0.33413368,0.34687507,0.3181328,0.65408534,0.012741387
264,fb 1584.jpg,"চিন্তার মুক্তির আন্দোলন কানিজ আমার যৌনসাথী| সে যখন চাবে, যার সাথে চাবে তার সাথেই সম্মতিতে যৌনকর্ম করতে পারবে | এমনকি মুক্তচিন্তায় নিজের ছেলের সাথেও কারণ আমাদের নাস্তিক্যধর্মে এসব বৈধ |",3,religious aggression,2,political aggression,False,0.15284233,0.21036135,0.29715765,0.19864182,0.14099684,0.31860077,0.321795,0.3252493,0.32122174,0.31779408,0.29715765,0.0034543276
265,in 308.jpg,চাড্ডি পরিবারে যখন কোনো নতুন সদস্য আসে.... মেরা বেটা 'ব্যয়কট গ্যাং' কা মেম্বার বোনেগা....,2,political aggression,2,political aggression,True,0.08922278,0.03119649,0.5480904,0.15680726,0.17468306,0.33142182,0.3209135,0.34957486,0.33706063,0.3381402,0.5480904,0.011434674
266,ovodro_img (388).jpg,"বাবা ফেব্রুয়ারি মাস স্পেশাল ক্যানো ?? জানি না, তোর মাকে বিয়ে করার আগে আমিও সিঙ্গেল ছিলাম ।। কাঁদিস না বাবু । বুকে আয় ; একদিন তোকেও বিয়ে দিয়ে মিঙ্গেল করে দেব ।",0,non-aggressive,3,religious aggression,False,0.15284398,0.019659413,0.22156109,0.4251537,0.18078184,0.36218023,0.34167165,0.36589307,0.3724106,0.36385897,0.4251537,0.0065175295
267,fb 993.jpg,*ইন্ডিয়া সাপোর্ট করলে দালাল *পাকিস্তান সাপোর্ট করলে রাজাকার *বাংলাদেশের জনগন,4,others,2,political aggression,False,0.074500374,0.020933546,0.57252336,0.1409848,0.1910579,0.3525204,0.3398259,0.37291288,0.35889888,0.36193812,0.57252336,0.010974765
268,bangla-memes (154).jpg,তো আমরা কী করবো ?,0,non-aggressive,3,religious aggression,False,0.14817762,0.034163866,0.21696095,0.3188873,0.28181022,0.33852774,0.32385534,0.34234083,0.346192,0.34495598,0.3188873,0.0012360215
269,fb 727.jpg,ব্যবসায় উদ্যোগ ব.উ.,0,non-aggressive,2,political aggression,False,0.24467574,0.013825003,0.33576277,0.25910625,0.1466302,0.3485506,0.31981605,0.35171533,0.34912366,0.3434304,0.33576277,0.0025916696
270,KAM (307).jpg,ও বলেছিল জাতীয় বিশ্ববিদ্যালয় হতে পড়াশুনা করে চলে আসবে ! কিন্তু ও পড়াশুনা শেষ করতে পারেনি আমি এখনও অপেক্ষায় আছি!!!,0,non-aggressive,3,religious aggression,False,0.1899752,0.16147852,0.1540639,0.31338584,0.18109657,0.34235725,0.34073204,0.340262,0.34736267,0.34187862,0.31338584,0.0050054193
271,blog 240.jpg,"বোকা জঙ্গি চালাক জঙ্গি বুদ্ধিমান হোন, সঠিক কাজটি করুন",3,religious aggression,3,religious aggression,True,0.028120663,0.010165998,0.10107651,0.8347446,0.025892233,0.34507164,0.33489707,0.35786536,0.37897784,0.34424603,0.8347446,0.021112472
272,blog 485.jpg,মেয়েদের কাছে সবচেয়ে প্রধান হচ্ছে তাদের স্বকীয়তা।,3,religious aggression,3,religious aggression,True,0.031154165,0.0049300385,0.029265624,0.9188249,0.015825186,0.32553175,0.30709577,0.3249064,0.35937324,0.3187583,0.9188249,0.03384149
273,ovodro_img (270).jpg,তোমার মা কী তোমাকে খুব বকাবকি করছে ? আর সহ্য হচ্ছে না ? ঝগড়া করতেই হবে ? মা এর সাথে ঝগড়া কর না । বাড়ি থেকে বেড়িয়ে যাও দেখবে মা নিজেই তোমাকে ফোন করে করে বাড়ি ফেরানোর জন্য পিছনে লেগে পড়বে ।।,0,non-aggressive,4,others,False,0.15240268,0.03165463,0.26102498,0.25929222,0.2956255,0.33394796,0.31823152,0.33932886,0.33926225,0.3405736,0.2956255,0.0012447536
274,in 267.jpg,"গোমাংস খাই বিজেপিও করি অসুবিধা কিসের!' , ভোটের মুখে স্পষ্টবক্তা মেঘালয়ের পদ্মসভাপতি ইনি বিজেপি নন ইনি দেশদ্রোহী",2,political aggression,2,political aggression,True,0.08483094,0.009251227,0.69587606,0.097826965,0.11221482,0.35094666,0.32878762,0.37199175,0.35237205,0.3537442,0.69587606,0.018247545
275,fb 1881.jpg,বিড়ালটা শুধু বাসররাতে বিড়াল মারার ইতিকথা জানতে চেয়েছিল। বাকিটা ইতিহাস!,1,gendered aggression,0,non-aggressive,False,0.29280117,0.17814519,0.11753498,0.16998151,0.24153715,0.34564915,0.34068018,0.33652157,0.3402111,0.34372443,0.29280117,0.0019247234
276,bamboo-vaiya (169).jpg,জান চলো পালিয়ে বিয়ে করি তিন বেলা বিড়ি খেয়ে থাকতে পারবি ?,0,non-aggressive,0,non-aggressive,True,0.3544119,0.118081704,0.18338384,0.09047805,0.25364453,0.33895832,0.3279675,0.33236954,0.3253048,0.33561304,0.3544119,0.003345281
277,pin 11.jpg,এটা কি রুচি না কি ইঁদুর দ্বারা ধর্ষিত বুঝাই যাচ্ছে না,1,gendered aggression,1,gendered aggression,True,0.09236685,0.60765934,0.04589616,0.14871521,0.10536239,0.34447756,0.36331603,0.3374837,0.34924024,0.34579396,0.60765934,0.014075786
278,chosha (114).jpg,ওরা কারা ? যারা রাতে আমাকে স্বপ্নে দেখে ।,1,gendered aggression,1,gendered aggression,True,0.09793556,0.4574313,0.08503337,0.14597422,0.21362552,0.34498864,0.3604018,0.34357598,0.34897983,0.3527878,0.4574313,0.0076140165
279,bamboo-vaiya (364).jpg,তর কি ঘরে বসে ৫-৬ মিনিটে ৫০০ টাকা লাগবো ?,0,non-aggressive,2,political aggression,False,0.10695577,0.044676207,0.29472128,0.26255685,0.29108992,0.33487153,0.32614177,0.34500766,0.34385204,0.34488368,0.29472128,0.00012397766
280,blog 106.jpg,"তোমার থেকে একটু টুকতে দিবা? আচ্ছা, টোকো । তবে একেবারে হুবহু কপি কইরো না ।",3,religious aggression,3,religious aggression,True,0.014600813,0.0010904568,0.011620331,0.96405137,0.008637045,0.32500952,0.29906473,0.32272634,0.36691022,0.31975937,0.96405137,0.041900694
281,fb 1866.jpg,পাবলিক বিশ্ববিদ্যালয়* ১ম বর্ষ 8র্থ বর্ষ,1,gendered aggression,1,gendered aggression,True,0.117284074,0.3497464,0.15978754,0.28803506,0.0851469,0.35410506,0.36503115,0.35719752,0.36308992,0.35090286,0.3497464,0.0019412339
282,fb 1068.jpg,"""একটা ভালো যুবকের জীবন শেষ করে দিবো """,4,others,3,religious aggression,False,0.18495096,0.022021769,0.20993458,0.41958675,0.16350594,0.3656966,0.34441602,0.36696365,0.3738884,0.3644642,0.41958675,0.0069247484
283,fb 937.jpg,রাস্তায় বাইকার দেখার পর সার্জেন্ট নাস্তার টাকা দিলেন না স্যার?,2,political aggression,3,religious aggression,False,0.14453262,0.025615575,0.31718388,0.3795832,0.1330847,0.34792227,0.3306192,0.35578203,0.35757795,0.34709704,0.3795832,0.0017959177
284,fb 549.jpg,"নেন ভাই এক গ্লাস পানি খেয়ে নিন, প্রত্যয় হিরনের রোস্ট ভিডিও বানিয়ে পোস্ট করতে করতে হাপিয়ে গেছেন",4,others,4,others,True,0.19524276,0.043434456,0.26638716,0.1383845,0.3565511,0.3407129,0.32568297,0.34381998,0.3372708,0.34673524,0.3565511,0.0029152632
285,fb 1112.jpg,প্যান্ট পড়ে শুয়ার রাতে; রুমে থাকা জ্বিন লুঙ্গি পড়ে শুয়ার রাতে; রুমে থাকা জ্বিন,4,others,3,religious aggression,False,0.045793045,0.0074322037,0.10199473,0.798998,0.04578204,0.32540736,0.30722427,0.33341527,0.3539996,0.32540497,0.798998,0.020584345
286,in 85.jpg,সেই মুহূর্ত যখন আপনি জানতে পারেন দুর্গাপুজোয় আপনার অফিসে মাত্র দুইদিন ছুটি,0,non-aggressive,4,others,False,0.24688636,0.054628454,0.2850569,0.071880914,0.34154737,0.34487742,0.3297937,0.34631503,0.33253828,0.348123,0.34154737,0.0018079877
287,in 248.jpg,দাদা একটা ফুটেজপ্রেমী দেখান.... সস্তার কিছু নেই?,2,political aggression,1,gendered aggression,False,0.14518625,0.3845543,0.10583385,0.17416999,0.19025564,0.35128248,0.36102313,0.348121,0.35310262,0.35398597,0.3845543,0.007037163
288,Halal Memes (60).jpg,লকডাউন লকডাউন শেষে,0,non-aggressive,2,political aggression,False,0.24953668,0.06205893,0.33125648,0.25127518,0.105872706,0.35880762,0.3448924,0.3616405,0.35887706,0.35023397,0.33125648,0.0027634501
289,blog 157.jpg,ইহুদি ও খ্রিষ্টানেরা নোংরা । জিহাদের সময় তাদের জীবন ও ধনসম্পদ মুছলিমরা কেড়ে নেয়ার অধিকার রাখে। (আমেরিকাবাসী ইছলামবাজ),3,religious aggression,3,religious aggression,True,0.023521606,0.0021824192,0.070424676,0.88043404,0.023437232,0.31571627,0.2919414,0.3266825,0.35194123,0.31568033,0.88043404,0.02525872
290,Halal Memes (43).jpg,শান্তিপূর্ণভাবে পড়াশোনায় মনোযোগ বসানো বিদ্যমান মাই বৃক্ক টু মি: তোর কি বাথরুমে যাওন লাগবো ?,0,non-aggressive,2,political aggression,False,0.14697894,0.037891295,0.3123472,0.24526891,0.25751364,0.33637148,0.3228158,0.34390974,0.34149218,0.34197932,0.3123472,0.0019304156
291,fb 1197.jpg,এই হচ্ছে আমার ছেলে মানকি যে কিনা নাস্তিক কিন্তু তার কোনো গুরু মারা গেলে আবার বলে ওপারে ভালো থাকবেন স্যার,3,religious aggression,0,non-aggressive,False,0.34127334,0.011199263,0.15771405,0.2693235,0.22048979,0.34805176,0.3138834,0.34033275,0.34568405,0.34368342,0.34127334,0.002367705
292,chosha (42).jpg,তুমি এখানে ইন্টার্ভিউ দিতে এসেছো নার্ভাস হবার কিছু নেই রিলেক্স করো স্যার একটা বিড়ি হবে নাকি?,0,non-aggressive,2,political aggression,False,0.06327622,0.025705403,0.5865439,0.14699428,0.17748015,0.32752708,0.318519,0.34979445,0.33595592,0.33784056,0.5865439,0.01195389
293,fb 1305.jpg,গোল্ডেল গ্লাভস ফেরত দিতে যাচ্ছি কারন ময়মনসিংহের জবলেস মিন্টু বলেছে আমি অসভ্য আনকাচার্ড,4,others,0,non-aggressive,False,0.3296723,0.044148173,0.14967588,0.16555037,0.3109533,0.3475334,0.32742795,0.33963716,0.3406452,0.34694886,0.3296723,0.00058454275
294,KAM (2).jpg,"একজন বিশ্ববিদ্যালয় পড়ুয়ার জীবনের লক্ষ্যের ক্রমপরিবর্তন ভার্সিটি ভর্তির আগে ধুর এগুলা আর কি এমন কঠিন পড়া? এই লাইনে আমি বিশ্বসেরা হমু! ১ম বর্ষ একটু কষ্ট করা লাগবো দেখতেসি তয় ব্যাপার না, এই লাইনে আমি বাংলাদেশের সেরা হমুই হমু ২য় বর্ষ পড়া তো দেখি মোটামুটি কঠিন আছে, যে লাইনে পড়তেসি ঐ লাইনে বাংলাদেশের ১ নম্বর কোম্পানিতে জব পাইতেই হইবো ৩য় বর্ষ পড়া গুলা এত্তো কঠিন ক্যারে? যে লাইনে পড়তেসি ঐ লাইনের মোটামোটি ভাল জব পাইলেই চলবো ৪র্থ বর্ষ খোদা, ভালো রেজাল্টের খ্যাতা পুড়ি, শুধু পাস করাই দিও। আর লাইন বেলাইন বুঝি না, কোনরকম একটা জব পাইলেই চলবো পাশ করার পর ভাই ভাল লেভেলের জব লাগবো না, পিয়ন নাইলে ঝাড়ুদারের চাকরি হইলেও দেন!",0,non-aggressive,3,religious aggression,False,0.061032657,0.011790089,0.21113022,0.645266,0.07078104,0.3287423,0.3123008,0.34115294,0.35232484,0.3302241,0.645266,0.011171907
295,in 84.jpg,শেষ কবে বন্ধুরা মিলে মাঠে ক্রিকেট / ফুটবল খেলতে গিয়েছিলে ? *আমি অনেক অনেক দিন আগের কথা,0,non-aggressive,3,religious aggression,False,0.032131385,0.04752952,0.36221108,0.4818125,0.07631557,0.3513633,0.35527846,0.37558722,0.37844053,0.36001372,0.4818125,0.0028533041
296,bangla-troll (38).jpg,"আমাদের প্রত্যেকের জীবনে এমন কিছু কিছু বন্ধু আছে, যারা আমাদের থেকে আমাদের ফেইসবুক পাসওয়ার্ড এর উপর বেশী নজর রাখে",0,non-aggressive,2,political aggression,False,0.14012197,0.03425777,0.35548615,0.284635,0.18549907,0.34640473,0.33231872,0.35571447,0.35349166,0.34921008,0.35548615,0.0022228062
297,nurani-memes (88).jpg,কই ? তর নানির পুটকির সই,4,others,0,non-aggressive,False,0.44655335,0.014417322,0.10344995,0.1320805,0.3034989,0.37282836,0.33849707,0.35820365,0.3606469,0.36896655,0.44655335,0.0038618147
298,fb 805.jpg,ভয়ানক কিছু অনুভব করার সময়* *আয়াতুল কুরসি পড়ার পর আমার সাহস *আয়াতুল কুরসি পড়ার আগে আমার সাহস,0,non-aggressive,0,non-aggressive,True,0.5098697,0.058137473,0.08061096,0.1356722,0.21570966,0.3442638,0.32255036,0.3258186,0.33102468,0.3356616,0.5098697,0.008602202
299,Halal Memes (207).jpg,নিব্বি: ভাবছি বিয়ের পর চিনি খাওয়া ছেড়ে দিব ! নিব্বি: ক্যান? নিব্বা: ঘরে মিষ্টি বউ আর চায়ে চিনি যদি ডায়বেটিস হয়ে যায় ! লে : নিব্বা লে : নিব্বি ইশ আপনিও নাহ,0,non-aggressive,1,gendered aggression,False,0.058262337,0.5415279,0.083400294,0.063975476,0.252834,0.3449338,0.3672282,0.3485208,0.34586927,0.3596116,0.5415279,0.0076166093
300,blog 413.jpg,হাঁউমাঁউখাঁউ কাফিরের গন্ধ পাঁউ।,3,religious aggression,3,religious aggression,True,0.148087,0.013640063,0.06247476,0.6847133,0.091084905,0.3506998,0.32685193,0.34206945,0.3660118,0.34583974,0.6847133,0.015311986
301,bangla-troll (52).jpg,"আব্রাহাম লিঙ্কন বেচে থাকলে গণতন্ত্রের বর্তমান সংজ্ঞা হতো- ডেমোক্রেসি ইজ এ গভর্নমেন্ট অফ দ্যা বালুর ট্রাক, বাই দ্যা বালুর ট্রাক, ফর দ্যা বালুর ট্রাক !",2,political aggression,2,political aggression,True,0.070376925,0.012686883,0.5634857,0.24938701,0.104063526,0.33035102,0.31321806,0.3511538,0.34300244,0.33426237,0.5634857,0.008151352
302,fb 1793.jpg,"বাবা-মা: আমার মেয়ে ডাক্তার হবে, আমার মেয়ে ইঞ্জিনিয়ার হবে মেয়ে: আমি বাঁড়া হবো",1,gendered aggression,3,religious aggression,False,0.15070671,0.06264215,0.23966148,0.4168032,0.13018644,0.29849833,0.28971934,0.30313724,0.30867112,0.29703465,0.4168032,0.005533874
303,bamboo-vaiya (20).jpg,গিটার বাজানোর পরে: এ আমি কি করলাম কাজটা ভালো হয় নাই সব ভিডিও ডিলেট দিয়া দিমু আজ থেকে ভালো হয়ে যামু,0,non-aggressive,3,religious aggression,False,0.0989393,0.045080338,0.13793701,0.53835297,0.17969048,0.35100585,0.34314525,0.35432875,0.36794594,0.35697314,0.53835297,0.010972798
304,fb 1160.jpg,দোস্ত কোথায় আছিস জানিনা কিন্তু এইখানে হিন্দি গান বাজিয়ে 'বিজয় দিবস' পালন করা হয়,4,others,0,non-aggressive,False,0.3617783,0.015916785,0.11791821,0.26672095,0.2376658,0.35505915,0.32382256,0.3438487,0.35201085,0.35085747,0.3617783,0.0030483007
305,in 205.jpg,তৃণমূলের আশিস বেরোতেই জল দিয়ে উঠোন ধুয়ে দিল বগটুইয়ে নিহতের পরিবার জানাল অপবিত্র হয়েছিল,2,political aggression,2,political aggression,True,0.047549717,0.01195301,0.74751186,0.12279237,0.070193015,0.32974178,0.31593385,0.35729152,0.33922896,0.33363652,0.74751186,0.018062562
306,fb 1635.jpg,হযরত মোহাম্মদ সঃ এর ব্যবহার করা তলোয়ার। আপনার ইচ্ছা হলে করে সবাই কে দেখানোর সুযোগ করে উপহার দিতে পাড়েন। প্রশ্ন : ইসলাম ধর্ম প্রতিস্টায় কি তলোয়ার লাগে ??????? যিশু অথবা বুদ্ধ তলোয়ার ছাড়াই ধর্ম প্রচার করেনি ?,3,religious aggression,3,religious aggression,True,0.024757106,0.004124839,0.035239734,0.9203018,0.015576572,0.31767535,0.2997545,0.32120597,0.35383126,0.31304193,0.9203018,0.032625288
307,KAM (118).png,"জান, তুমি রোদে দাঁড়িয়ে আছো কেন? আরে দেখছ না, ঘাম শুকাচ্ছি যে...",4,others,4,others,True,0.1708211,0.10721974,0.24396852,0.1561592,0.32183152,0.334902,0.33024463,0.33846623,0.3340046,0.3412361,0.32183152,0.0027698874
308,KAM (357).jpg,আপনি যতই বড় হয়ে যান না কেন মায়ের চোখে সবসময় ছোটই থাকবেন!,0,non-aggressive,3,religious aggression,False,0.19756345,0.019564826,0.2470403,0.3339683,0.20186315,0.33560985,0.3124866,0.3378448,0.3408597,0.33582515,0.3339683,0.0030149221
309,direct-offense (72).jpg,"ব্যাকরন না বুঝলে মুড়ি খা , শ্লা মাতা মুটারে কে বুঝাইতো",4,others,3,religious aggression,False,0.12142185,0.036265757,0.25328216,0.47409138,0.11493885,0.33183262,0.31974864,0.33918494,0.34545392,0.33128393,0.47409138,0.006268978
310,blog 43.jpg,"আল্লাহর একদিন মানুষের এক হাজার বছরের সমান । (সূরা হাজ্জ্ব, ২২:৪৭) আল্লাহর একদিন মানুষের পঞ্চাশ হাজার বছরের সমান । (সূরা আল মা'আরিজ, ৭০:8)",3,religious aggression,0,non-aggressive,False,0.30185091,0.045161996,0.20902061,0.26584953,0.178117,0.34768018,0.32868338,0.34400517,0.34641016,0.34240526,0.30185091,0.001270026
311,Halal Memes (228).jpg,"গ্রাম থেকে শহরে ঘুরতে আসা চাচা ধানমন্ডি, বসুন্ধরা এলাকায় ওড়না ছাড়া মেয়েদের ঘুরাঘুরি করতে দেখার পর কেয়ামতের আলামত শুরু হয়ে গেসে",1,gendered aggression,3,religious aggression,False,0.102219835,0.015570313,0.35346872,0.41566098,0.11308016,0.32254213,0.30372453,0.3349488,0.33656955,0.32355183,0.41566098,0.0016207397
312,ovodro_img (260).jpg,দেবের মত অভিনয় করতে হলে ৫০০ আমির খান কে আরও বার জন্ম নিতে হবে,4,others,2,political aggression,False,0.20641154,0.027831804,0.34384885,0.15487903,0.26702878,0.34277603,0.3227391,0.34787935,0.33990377,0.34535086,0.34384885,0.0025284886
313,fb 269.jpg,নানা: নাতি আমার ডাক্তার হবে। মা: না! ছেলে আমার ইঞ্জিনিয়ার হবে | বাবা: আরে না! ছেলে আমার... এদিকে ছেলে... আায় কে আবি: খামকির পোলারা!,4,others,3,religious aggression,False,0.09729648,0.013491585,0.3394245,0.43433926,0.11544814,0.35267335,0.33291638,0.3651682,0.36763397,0.35438395,0.43433926,0.0024657547
314,in 633.jpg,মোদীজি ইস্মাইল...,2,political aggression,2,political aggression,True,0.1574643,0.01277253,0.43987092,0.121513836,0.2683784,0.3587127,0.33359367,0.36898553,0.356121,0.3640447,0.43987092,0.0049408376
315,in 187.jpg,তৃণমূলের নেতার বাড়ির সামনে ছাগল বিক্রি করে দেওয়ার অভিযোগ আমরা ছাগলকেও ছাড়িনা,2,political aggression,2,political aggression,True,0.070397235,0.022998638,0.61976963,0.21875964,0.06807484,0.3251344,0.3139472,0.34688634,0.3364726,0.3247989,0.61976963,0.010413736
316,bangla-memes (26).jpg,যখন তোমার ছেলেরা আর্জেন্টিনা সাপোর্ট করা ছেড়ে দেয় মাদককে 'না' বলো 'আমার ছেলেরা এখন মাদকমুক্ত' তিনি একজন যুদ্ধজয়ী বাবা । মাদকাসক্ত দুই ছেলেকে সুস্থ জীবনে ফিরিয়ে,4,others,2,political aggression,False,0.032346807,0.0049476353,0.79266465,0.10876508,0.061275944,0.29741538,0.27863932,0.32940423,0.30954212,0.3038041,0.79266465,0.019862115
317,chosha (129).jpg,এসেছিলাম একা যেতে হবে একা মাঝখানে ভাইয়ের সাথে দেখা,1,gendered aggression,3,religious aggression,False,0.23192863,0.08452517,0.17523329,0.2682815,0.24003139,0.3392274,0.3291336,0.3364243,0.3406835,0.33957082,0.2682815,0.0011126697
318,in 60.jpg,পঙ্গপাল বাংলাদেশে আসার পর যখন জানতে পারে পঙ্গপাল খাওয়া হালাল পঙ্গপাল- এ কি বিপদে পড়লাম!,0,non-aggressive,2,political aggression,False,0.10272198,0.028561993,0.4729133,0.21958812,0.17621464,0.33680236,0.32400286,0.35207123,0.34439963,0.34219915,0.4729133,0.0076715946
319,fb 1549.jpg,"স্যার, বিবর্তনবাদ তো যাস্ট একটা থিওরি! চুপচাপ গিলে যা! কোনো কথা বলবি না!",4,others,2,political aggression,False,0.09054843,0.04641711,0.51938146,0.1198049,0.22384809,0.3379349,0.33125275,0.35540247,0.34073472,0.34698576,0.51938146,0.008416712
320,Bangla Thug Life (190).jpg,বউমা একটু সকালে ঘুম থেকে উঠতে পারোনা কথাটা আমাকে না বলে আপনার ছেলেকে বলুন কেন ? গোটাবছর আমি জোর করতাম এজন্যই লকডাউন পেয়ে আপনার ছেলে আমার কোমরটা শেষ করে দিচ্ছে,1,gendered aggression,2,political aggression,False,0.19684213,0.053792097,0.32800406,0.28192353,0.13943827,0.33590677,0.32293403,0.341013,0.33949915,0.332459,0.32800406,0.0015138686
321,fb 286.jpg,মাইার ওজন হয় না ৩২ দু* বানাইছে ৩৬,1,gendered aggression,1,gendered aggression,True,0.12038851,0.5015346,0.08861565,0.16050752,0.1289537,0.3197866,0.33405608,0.31672245,0.32266277,0.3204739,0.5015346,0.011393309
322,fb 81.jpg,প্রোগ্রামার হওয়ার রেসিপি রাতে না ঘুমানো বন্ধুমহলে পার্ট নেওয়া কোড কপি পেস্ট করা প্রোগ্রামিং চর্চা করা উপস!,4,others,3,religious aggression,False,0.110545844,0.0070411265,0.025274085,0.81906664,0.03807225,0.3463595,0.31882286,0.331603,0.36638683,0.33570004,0.81906664,0.02002734
323,tangaila (95).jpg,যখন হাসানের ছেলে রাস্তায় বের হয়... তখন কুমুদিনীর মেয়েদের অবস্থা !,1,gendered aggression,4,others,False,0.11439145,0.24544694,0.08643289,0.07584877,0.47788,0.34634286,0.35397738,0.34354028,0.34223402,0.36064017,0.47788,0.006662786
324,blog 410.jpg,"নিজেরে যখনই আবাল মনে হবে তখন মনে কইরেন, আপনের চাইতে বহুত গুণ বেশি আবাল এই দুনিয়ায় অগুন্তি, যারা বিশ্বাস করে, ইউনুস নবী মাছের পেটের ভিত্রে জীবন্ত আছিলো চল্লিশ দিন",3,religious aggression,3,religious aggression,True,0.14427191,0.016015954,0.18950301,0.53583074,0.11437843,0.32058293,0.29860178,0.32330996,0.3337041,0.31826106,0.53583074,0.010394156
325,fb 159.jpg,আমি বিএনপি (২) আর আমি আওয়ামিলীগ (৩) যে বিরিয়ানি আর কোক দিবে আমি তার |,2,political aggression,4,others,False,0.32260722,0.019274037,0.06955239,0.12271302,0.4658534,0.3660145,0.33783776,0.35067096,0.35634863,0.36968887,0.4658534,0.0036743581
326,in 340.jpg,*ভাইপো কয়লা কয়লা কয়লা *ভাইপো আমি একদম পছন্দ করিনা কয়লা *ভাইপো কিন্তু কয়লা আমাকে ছাড়া থাকতে পরেনা,2,political aggression,2,political aggression,True,0.10978124,0.03974133,0.31801417,0.24293678,0.2895265,0.34211025,0.33194926,0.3527463,0.35005337,0.35180783,0.31801417,0.00093847513
327,KAM (364).jpg,একটা মেয়েকে শিক্ষিত করলে ৪টা মানুষ শিক্ষিত হয় আর একটা মেয়ে স্কুল কলেজ আর ভার্সিটিতে গেলে ৪০টা ছেলের জীবন যে নষ্ট হয় তা কে কইবো?,1,gendered aggression,3,religious aggression,False,0.059067573,0.019568907,0.31301236,0.50566196,0.10268915,0.3264593,0.31541187,0.34313488,0.34793115,0.33198953,0.50566196,0.0047962666
328,fb 1057.jpg,৫ম ম্যাচে সুযোগ পাওয়ার আশা করার পরও যখন মিথুনকে না নিয়ে বাজে ফর্মে থাকা সেই সৌম্যকেই আবার নেওয়া হয়* মিথুন: ফাইট্টা যায় বুকটা ফাইট্টা যায়,4,others,3,religious aggression,False,0.15076579,0.04216394,0.22513622,0.40321323,0.17872082,0.33746833,0.32472673,0.3414781,0.34730572,0.33916932,0.40321323,0.0058276057
329,fb 1890.jpg,১ : আজকাল দুধ অনেক পাতলা হয় ২ : আমকে কেন বলতেছেন ভালো কোনো ডক্টর দেখান ৩ : ওই তুই কি বললি ৪ : ভাগোওওও,1,gendered aggression,4,others,False,0.25112268,0.062431093,0.06561893,0.04144585,0.57938147,0.29907888,0.2851601,0.28565812,0.28106335,0.3074391,0.57938147,0.008360207
330,fb 557.jpg,সুন্নতে খৎনা শুনে সারাদিন চিল করার পর পিচ্চি যখন বুঝতে পারে একটু পর তার সম্পদ কেটে দেয়া হবে ..,4,others,0,non-aggressive,False,0.3479851,0.22671393,0.09247176,0.06394663,0.26888254,0.33996668,0.335682,0.32671413,0.32302558,0.33738786,0.3479851,0.0025788248
331,ovodro_img (385).jpg,সরস্বতী পূজোর সময় মেয়েরা মেকাপ এর আগে মেকাপ এর পরে,1,gendered aggression,1,gendered aggression,True,0.25659987,0.36110124,0.091805704,0.10313059,0.1873626,0.351158,0.3545744,0.34087956,0.34204277,0.34801328,0.36110124,0.003416419
332,KAM (175).png,আনুশকা এখন বিরাট কুলি কে ছেরে রুবেল এর সঙ্গে,4,others,0,non-aggressive,False,0.30899942,0.07748692,0.21119247,0.26371205,0.13860911,0.32853645,0.31470415,0.32473075,0.32695162,0.32051966,0.30899942,0.0015848279
333,pin 56.jpg,"মুম্বইয়ে চাকরির দাবিতে পড়ুয়াদের রেল অবরোধ এরা দেশদ্রোহী, মোদী বিরোধী, এদের পাকিস্থানে পাঠানো হোক...",2,political aggression,2,political aggression,True,0.037953958,0.0075630588,0.8376822,0.043253113,0.073547676,0.3403201,0.32418916,0.3712628,0.3416271,0.34693575,0.8376822,0.02432704
334,fb 1328.jpg,"সরকারি অনুষ্ঠানে আমাকে ডেকে এনে ""জয় শ্রী রাম"" স্লোগান তুলে আমাকে অপমান করা হয়েছে। আমি এর প্রতিবাদে কোনো বক্তৃতা দেবো না। ""আমরা সবাই অযোধ্যায় রাম মন্দির গড়তে টাকা দেবো""",2,political aggression,2,political aggression,True,0.06538065,0.0068103443,0.7586201,0.113175966,0.056012914,0.35380626,0.33118844,0.37831903,0.35929346,0.35225984,0.7586201,0.019025564
335,fb 1834.jpg,সূর্যের নজর টাও আমার মতো দুষ্টু,1,gendered aggression,1,gendered aggression,True,0.08651962,0.40686843,0.13930778,0.25183463,0.1154695,0.35832247,0.37380368,0.36308563,0.3690065,0.36120886,0.40686843,0.0047971606
336,in 636.jpg,"টাকা চাইছেন কর্মীরা, হতাশ প্রার্থী, পুরভোটের প্রচারে বিজেপি যেন ঢাল-তলোয়ারহীন 'নিধিরাম'",2,political aggression,2,political aggression,True,0.05424139,0.00462181,0.8252329,0.032445773,0.08345812,0.3508705,0.32624388,0.3780927,0.34573174,0.3551795,0.8252329,0.022913218
337,KAM (251).png,আজ শুক্রবার কাঁপলদের জন্য রোমান্সের দিন । আর ব্যাচেলরদের জন্য কাপড় ধোয়ার দিন।,0,non-aggressive,2,political aggression,False,0.14470333,0.012652119,0.4321585,0.2117596,0.19872648,0.3023901,0.27802148,0.31333116,0.30619776,0.30556253,0.4321585,0.0071333945
338,fb 1573.jpg,"সব পদার্থেরই ধর্ম আছে । কিন্তু, নাস্তিকদের কোন ধর্ম নেই । সুতরাং, তারা অপদার্থ !",3,religious aggression,2,political aggression,False,0.044550367,0.016106417,0.4542647,0.35723445,0.12784415,0.33994114,0.3297671,0.36316174,0.36075887,0.35048306,0.4542647,0.0024028718
339,fb 812.jpg,ভাত খাওয়ার সময় কোন তরকারি পছন্দ না হওয়ায় যখন ডিম ভেজে খাই | ডিমঃ এইটা বলতে গেলে -আমাদের জমিদারি,4,others,2,political aggression,False,0.08736895,0.017062923,0.5321338,0.2496774,0.11375689,0.34554648,0.3292142,0.36361405,0.3560468,0.34818572,0.5321338,0.0075672567
340,fb 1467.jpg,"নিজেদের টাইমলিনে কুরআন ও কাবা শরিফের ছবি, মিজানুর রহমান আল-আজহারী এর ওয়াজের ভিডিও শেয়ার দেওয়ার পর: সাওয়াব",3,religious aggression,3,religious aggression,True,0.005063753,0.001180458,0.020387512,0.96746475,0.0059035732,0.3237512,0.30918917,0.3376794,0.37627694,0.3252857,0.96746475,0.038597554
341,in 279.jpg,৩% বাড়িয়েছি এটাই অনেক; বেশি ঘেউ ঘেউ করবেন না!,2,political aggression,2,political aggression,True,0.035853125,0.053715877,0.74093944,0.058997598,0.110493965,0.32826313,0.3323059,0.35854802,0.3332438,0.33951843,0.74093944,0.019029588
342,fb 1299.jpg,পাবলিক বিশ্ববিদ্যালয়* ১ম বর্ষ ৪র্থ বর্ষ,1,gendered aggression,3,religious aggression,False,0.110249765,0.32736817,0.15315135,0.33232817,0.07690248,0.35307375,0.3639571,0.3563605,0.3641075,0.34947163,0.33232817,0.00015038252
343,KAM (14).png,আমারও সিক্স প্যাক অ্যাবস আছে যাতে কেউ নজর দিতে না পারে সেই জন্য ভুঁড়ি দিয়া ঢাইকা রাখি,0,non-aggressive,2,political aggression,False,0.074322596,0.026530273,0.558725,0.17405625,0.1663659,0.33876136,0.3284601,0.35893378,0.347271,0.3468191,0.558725,0.011662781
344,fb 1874.jpg,এটা আমরা হতে পারতাম কিন্তু তোমারগুলা তো আমারগুলার থেকেও ছোট,1,gendered aggression,4,others,False,0.2732597,0.09814101,0.08532006,0.05435576,0.48892343,0.36109978,0.3508596,0.34945965,0.34495106,0.3669176,0.48892343,0.0058178306
345,fb 865.jpg,পোলাপান ভাত পায়না খাইতে আর জামাই নববর্ষের রচনা ফরোয়ার্ড করে রাইতে,4,others,3,religious aggression,False,0.19418381,0.047709297,0.16253285,0.35067979,0.24489425,0.34588748,0.3318507,0.34410822,0.35179818,0.3482077,0.35067979,0.0035904646
346,tangaila (143).jpg,যখন হঠাত করে হাসানিয়ান বড় ভাই কল দেয় মি : আপনার কি সাদিয়ার নম্বর লাগবো ?,0,non-aggressive,2,political aggression,False,0.12545125,0.044623815,0.34041524,0.20825844,0.28125122,0.3406012,0.3302647,0.35058367,0.3456698,0.3486745,0.34041524,0.0019091666
347,fb 196.jpg,আমেরিকার ড্রাইভিং লাইসেন্স বাংলাদেশের ড্রাইভিং লাইসেন্স,2,political aggression,2,political aggression,True,0.15993829,0.010758942,0.5831895,0.1744931,0.07162016,0.3072985,0.280308,0.32023576,0.30816948,0.2992644,0.5831895,0.012066275
348,in 116.jpg,বেগম রোকেয়া বেশি পণ্ডিতগিরি না করলে প্রতিটা মেয়ের আজ একটা করে সুখের সংসার থাকতো,1,gendered aggression,0,non-aggressive,False,0.41801822,0.028953878,0.063937634,0.1101999,0.3788904,0.34168437,0.31498617,0.32290822,0.3283521,0.34070158,0.41801822,0.0009827912
349,ovodro_img (432).jpg,আরে ও দাদু বলছি সাপ ফনা তোলে তো ??,1,gendered aggression,3,religious aggression,False,0.1654702,0.05501911,0.23091084,0.45156366,0.09703623,0.32935476,0.31834367,0.33268717,0.33939403,0.3240177,0.45156366,0.0067068636
350,fb 448.jpg,"কিছুদিন পরপর একেকজন মা হয়, আর বাবা খুঁজে দিতে হয় সাংবাদিকদের",1,gendered aggression,2,political aggression,False,0.14699385,0.030378016,0.4476875,0.1906506,0.18429004,0.34531122,0.32954454,0.3564483,0.34791178,0.34757245,0.4476875,0.008536518
351,ovodro_img (109).jpg,"ডিয়ার বাংলাদেশ , কাপ জেতার আশা ছেড়ে দাও এটা ভেবে খুশি হও যে, তোমরা ভারতের সাথে ফাইনাল খেলছো",4,others,0,non-aggressive,False,0.26979792,0.02213517,0.23471676,0.22445582,0.24889436,0.31023115,0.2852261,0.30883822,0.3083912,0.3094247,0.26979792,0.00080645084
352,fb 667.jpg,১ম-৫ম শ্রেণী পর্যন্ত পরীক্ষার প্রস্তুতি ৬ষ্ঠ-১০ম শ্রেণী পর্যন্ত পরীক্ষার প্রস্তুতি কলেজ ও ভাসিটি পরীক্ষার প্রস্তুতি,0,non-aggressive,2,political aggression,False,0.093648165,0.012198791,0.5814839,0.19035736,0.12231182,0.3356211,0.31523898,0.35388145,0.34271467,0.33829138,0.5814839,0.011166781
353,fb 1012.jpg,কি ভাই সুরা ফাতিহার অর্থ ঠিক মতো পারেন না আবার প্রতি শুক্রবারে জুম্মা মোবারক মারান,3,religious aggression,2,political aggression,False,0.09645378,0.0058057285,0.5482581,0.2896113,0.05987101,0.3497085,0.3216063,0.3670853,0.36070323,0.34493977,0.5482581,0.006382078
354,fb 1279.jpg,হ্যালো জানু এখন রাখি; পরে কথা হবে ভোক্তা অধিকার সংরক্ষণ ভ্লগ দেখতেছি,2,political aggression,2,political aggression,True,0.1308523,0.19531922,0.25261918,0.21335489,0.20785438,0.34109646,0.34510213,0.3476746,0.34598535,0.34572414,0.25261918,0.0016892552
355,blog 411.jpg,এইখানে পষ্ট কইরা লেখা আছে: পাহাড়গুলা শক্ত কইরা বসানো আছে বইলা পৃথিবী হেইলা-দুইলা পড়ে না। (সুরা ১৬:১৫),3,religious aggression,3,religious aggression,True,0.020461747,0.0043655746,0.0827686,0.8508967,0.041507356,0.32000047,0.30455238,0.33397537,0.3572778,0.3270736,0.8508967,0.023302436
356,fb 494.jpg,"*আমার ছেলেকে আমি বেশি ভালো জানি ! মা; *না তার থেকে ভালো তো আমিই জানি ! গার্লফ্রেন্ড; *সারাবছর হোস্টেলে একসাথে থাকা রুমমেট বন্ধু; কিছুই বলার নহে, কিন্তু চালিয়ে যাও...",0,non-aggressive,4,others,False,0.27501297,0.021659,0.13483523,0.09589083,0.47260195,0.37221986,0.34680587,0.3650922,0.3616838,0.3776342,0.47260195,0.005414337
357,ovodro_img (785).jpg,"কীরে এত কাঁদছিস কেন ? পূজোর শপিং করতে গিয়েছিলাম এটা তো সুখের বিষয় ! কান্না কেন করছিস... ১০,০০০ টাকার জিনিষ কিনেছি তাহলে তোর প্রবলেম কী ? তুই কান্না কেন করছিস ? জামা প্যান্ট কেনা হয়নি শুধু মেকাপের সব কিছু কিনতেই ১০,০০০ লেগেছে",0,non-aggressive,4,others,False,0.20417416,0.15274271,0.08339112,0.09005592,0.46963614,0.33728302,0.33438084,0.3283287,0.3290976,0.34561288,0.46963614,0.008329868
358,blog 166.jpg,প্রার্থনাবদ্ধ দুটো হাতের চেয়ে কর্মরত দুটো হাত সব সময়ই সহস্রগুণ শ্রেয়।,3,religious aggression,2,political aggression,False,0.13391778,0.06812314,0.34347188,0.31216022,0.14232706,0.32176197,0.3150029,0.33118075,0.33022487,0.322371,0.34347188,0.0009558797
359,in 423.jpg,বেঞ্জিমা পিসিমা,2,political aggression,4,others,False,0.25702846,0.0330463,0.2603193,0.16935615,0.28024977,0.36113518,0.34062243,0.36126238,0.35696334,0.3620001,0.28024977,0.0007377267
360,ovodro_img (665).jpg,রঞ্জনা আমি আর আসবো না । রঞ্জনা আমি আর আসবো না ।,0,non-aggressive,0,non-aggressive,True,0.42291847,0.03261197,0.075020656,0.09884215,0.3706067,0.36453572,0.33891073,0.34724155,0.34999916,0.36321533,0.42291847,0.0013203919
361,blog 509.jpg,"পায়ের গোড়ালি ঢাকো, নাইলে আমার ঈমানদণ্ড খাড়ায়া যাইতেসে। মমিন মুসলিম",3,religious aggression,3,religious aggression,True,0.1109053,0.016037816,0.11647052,0.66878074,0.08780562,0.33969045,0.32035315,0.34018004,0.35765824,0.33735493,0.66878074,0.017478198
362,fb 780.jpg,"গোসলে গিয়ে পানি ঢালার পর টেংকিতে যখন পানি শেষ হয়ে যায় আমার লাভ-লস নাই, আমার লাইফটাই লস",0,non-aggressive,2,political aggression,False,0.13397865,0.046674546,0.38850173,0.25138256,0.17946252,0.3354485,0.32490367,0.34609467,0.34174144,0.33837134,0.38850173,0.004353225
363,in 20.jpg,ঠিকই ধরেছেন আব্বু আম্মুর বিয়ের একটি ছবি খুজে পেলাম (ভাবছি নিলামে তুলবো ছবিটি কিনতে হলে যোগাযোগ করুন আমার সাথে ),4,others,3,religious aggression,False,0.3626828,0.04308244,0.070917495,0.49291137,0.030405916,0.32621276,0.30490863,0.30989265,0.3292808,0.30142385,0.49291137,0.0030680299
364,fb 890.jpg,শীতের ভয়ে সাতদিন পর একদিন গোসল করিস আবার কে গোসল করলো কি করলো না এসব নিয়ে এলাকায় মারামারি করোস কেন!,0,non-aggressive,0,non-aggressive,True,0.40167654,0.034009296,0.1622369,0.13750128,0.264576,0.36720473,0.3425146,0.35813883,0.35648462,0.36302954,0.40167654,0.004175186
365,bamboo-vaiya (234).jpg,যখন তুমি টাইম মেশিন দিয়ে ভবিষ্যতে যাও আর গিয়ে দ্যাখো তোমার ছেলে সব মিম এ লাইক দেয় আর নাইচ অল কমেন্ট করে তুমি-,4,others,2,political aggression,False,0.23526298,0.013587588,0.36186415,0.20692621,0.18235907,0.35875735,0.3302419,0.363063,0.35747394,0.35621008,0.36186415,0.0043056607
366,in 618.jpg,"তৃণমূল করে খাওয়ার জায়গা নয়, পুরভোটের প্রচারে হুঁশিয়ারি অভিষেকের অভিষেক এটা একদম ঠিক বলেছে ...",2,political aggression,2,political aggression,True,0.020311689,0.0065323734,0.8891114,0.029652935,0.054391537,0.3347492,0.32340494,0.37253946,0.33853284,0.3445993,0.8891114,0.027940154
367,Halal Memes (99).jpg,যে দিন স্কুলে না গিয়ে স্কুলের সামনে দিয়ে কথাও বেরাতে যাই,0,non-aggressive,2,political aggression,False,0.18009506,0.044820823,0.40858135,0.20895058,0.1575522,0.34257013,0.32866198,0.3507622,0.34405625,0.34123284,0.40858135,0.00670594
368,chosha (73).jpg,"মুলো না গাজর ? চাইনা গাজর , চাইনা মুলো যদি থাকে বাড়াতে জোর",1,gendered aggression,4,others,False,0.24491534,0.08317533,0.070769824,0.10447956,0.49666,0.31204423,0.30124462,0.29962945,0.30352503,0.31911418,0.49666,0.0070699453
369,bamboo-vaiya (23).jpg,"আমি তোমাকে ছাড়া বাঁচবো নাহ হ্যাঁ, চুদে দেওয়ার আগে সবাই এই কথাই বলে",1,gendered aggression,0,non-aggressive,False,0.2899913,0.19467014,0.18162012,0.11157707,0.2221414,0.3405647,0.33657923,0.33588535,0.33101332,0.33789933,0.2899913,0.0026653707
370,blog 74.jpg,"আমি তোমার জন্য দোয়া করবো । ইয়া মাবুদ, বিতর্কের সময় আমার দেখানো সব পয়েন্টই যে সঠিক, তুমি বোকচোদ নাস্তিকটারে সেইটা বোঝার তওফিক দান করো । আমিন ।",3,religious aggression,3,religious aggression,True,0.12622386,0.04168364,0.14595212,0.5661343,0.120006114,0.33817238,0.3270929,0.3396246,0.3531801,0.33766723,0.5661343,0.013555497
371,ovodro_img (626).jpg,বাকী জায়গায় লোক দেব কে ৫ বছর যেভাবে দেখেছে ! ঘাটালের লোক দেবকে ৫ বছর যেভাবে দেখেছে !,4,others,3,religious aggression,False,0.14385724,0.018798692,0.18319921,0.47198674,0.18215808,0.34710816,0.32675782,0.3495257,0.35898945,0.3494687,0.47198674,0.009463757
372,fb 1508.jpg,"মহাদেশের সর্বোচ্চ কালীমন্দির ভেঙে যারা করে দিলো সাফ ঢাকার রমনা কালীমন্দির সাফ করে মুজিব নির্মিত সুরাবর্দি উদ্যান বাঙালি তোমার শত্রু চেনে, কোন দিনও তাদের করো নাকো মাফ",3,religious aggression,3,religious aggression,True,0.039471444,0.008362063,0.42568836,0.48584357,0.04063463,0.30142218,0.28590345,0.32520348,0.32652527,0.3017126,0.48584357,0.0013217926
373,fb 1607.jpg,নাস্তিকরা যখন ফ্যামিলিতে নাস্তিক যখন মার্কেটিং এ নাস্তিক যখন ফেসবুকে ও পার্টতে,3,religious aggression,3,religious aggression,True,0.12613574,0.2648341,0.03265277,0.46334493,0.11303242,0.33360153,0.34101897,0.32008725,0.34661266,0.3325047,0.46334493,0.0055936873
374,blog 29.jpg,কোরান না পড়ে ইছলামের সমালোচনা করার অধিকার কারুর নেই | বিষ্ঠা না খেয়ে বিষ্ঠার সমালোচনা করার অধিকার কারুর নেই ।,3,religious aggression,3,religious aggression,True,0.044657074,0.056806974,0.056577522,0.80937314,0.03258531,0.34451076,0.3469172,0.34687677,0.37348324,0.34135926,0.80937314,0.026566029
375,ovodro_img (64).jpg,ও নিশ্চয় অন্য মেয়েদের কথা ভাবছে ! কিছুদিন বাদেই দুর্গা পূজো সবার জন্য সোপিং করতে হবে,0,non-aggressive,4,others,False,0.1526326,0.21134347,0.22269927,0.1811907,0.23213398,0.34679493,0.35004944,0.35057282,0.3485101,0.35098773,0.23213398,0.00041490793
376,in 13.jpg,মানুষ কোলবালিশ নিয়ে ঘুমায় আমি বই নিয়ে ঘুমাই,0,non-aggressive,3,religious aggression,False,0.43117237,0.008056244,0.05312579,0.46029386,0.04735174,0.35414296,0.31434235,0.3332045,0.35479653,0.3320539,0.46029386,0.00065356493
377,fb 874.jpg,শীতকালে দিন ছোট হয় শীতকালে আরো অনেক কিছু ছোট হয়,0,non-aggressive,3,religious aggression,False,0.24415974,0.028086308,0.18815956,0.28156373,0.2580307,0.35036802,0.32874262,0.3477627,0.3517934,0.3509206,0.28156373,0.0008728206
378,in 247.jpg,দেখতে পাচ্চো বিনোদ... ভোটের আগে দলীয় ক্যাডারদের কিভাবে কনস্টেবল করার ছক করা হচ্ছে,2,political aggression,2,political aggression,True,0.15024443,0.019310681,0.35077095,0.14408247,0.33559144,0.36323494,0.3427189,0.37171364,0.36281615,0.37127125,0.35077095,0.00044238567
379,fb 1266.jpg,ভাই! ওরা পুরুষকে গালি দিছে। ভাই! ওরা নারীকে গালি দিছে।,1,gendered aggression,2,political aggression,False,0.122088075,0.031069532,0.4771948,0.2605025,0.10914512,0.33364737,0.31996223,0.34727922,0.34122607,0.33252674,0.4771948,0.0060531497
380,in 387.jpg,"অতিরিক্ত শূন্যপদ তৈরি হয় ব্রাত্য বসুর নির্দেশে', দাবি শিক্ষাসচিবের বিধানসভায় বিজেপি বিধায়কদের নিয়ে মুখ্যমন্ত্রীর ঘরে শুভেন্দু ..... ক্রিয়ার সাথে সাথেই প্রতিক্রিয়া ঘটে",2,political aggression,3,religious aggression,False,0.033171814,0.006158564,0.32860744,0.59701616,0.03504605,0.34073594,0.32389736,0.36366755,0.36963838,0.34128556,0.59701616,0.0059708357
381,fb 342.jpg,দুধ বড় করলেই মাগি হওয়া যায় না মাগি হতে হলে ছিদ্র বড় করতে হয়,1,gendered aggression,1,gendered aggression,True,0.24973789,0.4281389,0.026323684,0.14716491,0.14863461,0.34289238,0.34828275,0.32039294,0.3376038,0.33770317,0.4281389,0.005390376
382,ovodro_img (511).jpg,জেঠ্যু একবার হবে নাকি ? বেল্ট দিয়ে ছাল ছাড়াতে ডাকছে না কী চা টা খেতে ডাকছে ?,1,gendered aggression,1,gendered aggression,True,0.037954126,0.58047163,0.18365331,0.11187127,0.08604965,0.33750042,0.36477506,0.35326713,0.3483101,0.3456859,0.58047163,0.011507928
383,fb 656.jpg,"নিজের পায়ে দাঁড়ানোটাই জরুরি, বিয়ে করা জরুরি না!' শারমিন আক্তার পুরুষ জাতি:",1,gendered aggression,2,political aggression,False,0.2123073,0.09716503,0.38496426,0.1531168,0.15244657,0.32088366,0.31306744,0.32683483,0.31761533,0.31757146,0.38496426,0.005951166
384,fb 1792.jpg,"অন্য কিছু নাহ পিল্টার থেকে কি ভাবে পিওর পানি বের করতে হয় এটাই দেখানো হচ্ছে এখানে, তাও কিছু লিজেন্ড ঐ টাই বলবে",1,gendered aggression,4,others,False,0.095038295,0.3738902,0.040015187,0.09995896,0.39109737,0.3305717,0.34426853,0.3219215,0.3310765,0.3447185,0.39109737,0.00044995546
385,fb 776.jpg,ছোটবেলায় মেলা থেকে আমার জন্য আব্বু কোনো খেলনা কিনে আনার পর *খেলনা *আমি *ছোটভাই,4,others,4,others,True,0.30795377,0.040889926,0.15410578,0.1405517,0.35649884,0.34001678,0.31982613,0.33309367,0.33217305,0.3414806,0.35649884,0.0014638305
386,bangla-troll (59).jpg,"১০% মেয়ে ফুটবল, ক্রিকেট এই খেলাগুলা পছন্দ করে আর বাকি ৯০% মেয়ে ছেলেদের জীবন নিয়ে খেলতে পছন্দ করে !",1,gendered aggression,3,religious aggression,False,0.24911909,0.009578086,0.29894692,0.3186136,0.12374231,0.35777813,0.32519358,0.35960147,0.3602386,0.35078084,0.3186136,0.00063714385
387,fb 1680.jpg,হুজুর ! ইসলাম অর্থ শান্তি আর মুসলমান মানেই শান্তিকামি .. নয় কী ? চুবানাল্লাহ ! অবশ্যই ঠিক কইসেন .. তো হুজুর ! 'সমকামি' ও 'পায়ুকামি'র মতো 'শান্তিকামি' মানে 'শান্তি'রে ধরি বলাৎকার করা বুঝাবেনা কেনু ? হালার নাস্টেক ! আজকেই ধড় থিকা তুর কল্লা নামাইয়া দিমু..,3,religious aggression,3,religious aggression,True,0.037937663,0.010672763,0.11278497,0.8059552,0.032649465,0.32966968,0.3169872,0.3405651,0.3602305,0.3281685,0.8059552,0.01966542
388,fb 1846.jpg,১৪ই ফেব্রুয়ারি ১৫ই ফেব্রুয়ারি,1,gendered aggression,1,gendered aggression,True,0.10253901,0.46089977,0.05939984,0.19832355,0.17883785,0.34143984,0.3564692,0.33598036,0.34803644,0.3470022,0.46089977,0.008432776
389,fb 921.jpg,পাবনা পাগলা গারদ,4,others,0,non-aggressive,False,0.39384466,0.01679472,0.19895755,0.19110146,0.19930165,0.3674578,0.3359089,0.36062914,0.36022627,0.36064646,0.39384466,0.0068113506
390,fb 100.jpg,ভূমিকম্প হইলেই বাঙালী ধার্মিক হয়ে যায়,3,religious aggression,2,political aggression,False,0.21010797,0.040287323,0.3125397,0.23066692,0.20639811,0.36139226,0.3448764,0.36536336,0.3623258,0.3612141,0.3125397,0.003037572
391,Halal Memes (24).jpg,যখন আপনার বাসার বাথরুমে টাইলস না থাকার ফলে বাথরুমে কয়টা টাইলস আছে সেটা গুনে এফবিতে স্ট্যাটাস দিতে পারেন না-,0,non-aggressive,2,political aggression,False,0.076147184,0.045717582,0.67431056,0.11958631,0.084238395,0.32610047,0.3209986,0.3479107,0.33061415,0.3271103,0.67431056,0.017296553
392,Bangla Thug Life (48).jpg,*ছোট ভাই *আব্বু *আমি *আম্মু *কনডমের অ্যাড,0,non-aggressive,2,political aggression,False,0.24685386,0.070262276,0.34316215,0.19350074,0.14622091,0.36869845,0.35613284,0.37199253,0.36626333,0.36346167,0.34316215,0.0032940805
393,tangaila (235).jpg,যখন ঘাটাইলের মেয়ে জানতে পারে তার এক্স এখন অনেক টাকার মালিক :- তার এক্স ঘাটাইলের মেয়ে*,1,gendered aggression,2,political aggression,False,0.05040145,0.04976117,0.6966908,0.071902245,0.13124433,0.3148502,0.31472236,0.34111345,0.3184031,0.32442063,0.6966908,0.016692817
394,Bangla Thug Life (274).jpg,কাজে দেরি করে আসায় শিশুটিতে কি নির্যাতন করা হচ্ছে,1,gendered aggression,4,others,False,0.1336194,0.19710186,0.16155373,0.24139848,0.26632655,0.35215795,0.3560452,0.35405636,0.3580725,0.35905522,0.26632655,0.0009827316
395,fb 158.jpg,নারীকে শাড়ি দিবেন জ্ঞান নয়।,1,gendered aggression,0,non-aggressive,False,0.3039508,0.027260827,0.18741874,0.2838347,0.19753496,0.36843497,0.34432083,0.36359978,0.36775026,0.3641255,0.3039508,0.00068470836
396,Bangla Thug Life (99).jpg,ম্যাথ ক্লাস শেষ হওয়ার পর আমার মাথায় আসমান ভাইঙ্গা পরসে,0,non-aggressive,2,political aggression,False,0.23229975,0.019939266,0.31397736,0.18132146,0.25246215,0.33242315,0.30786976,0.33543605,0.32994556,0.33325547,0.31397736,0.0021805763
397,blog 2.jpg,জাপানি পর্ন মুভিগুলোয় পুরুষ ও নারীর যৌনাঙ্গ যেভাবে অস্পষ্ট করে দেয়া হয়ে থাকে; জার্মানির চ্যান্সেলর মেরকেলের চুলের ওপরে সেই একই পদ্ধতি প্রয়োগ করেছে চৌদি সরকারী টিভি-চ্যানেল একমাত্র ইছলামই নারীর চুলকে দিয়েছে যৌনাঙ্গের মর্যাদা,3,religious aggression,3,religious aggression,True,0.06688762,0.016550636,0.35209882,0.5185473,0.04591558,0.31158835,0.29762244,0.32819733,0.3320685,0.30782625,0.5185473,0.0038711727
398,fb 1250.jpg,বাংলাদেশ-ভারত ভাই ভাই,2,political aggression,2,political aggression,True,0.04237214,0.010503455,0.8079873,0.097748145,0.04138901,0.36186218,0.3479143,0.39134273,0.3702212,0.36162743,0.8079873,0.021121532
399,blog 237.jpg,"তোমরা পাথর নিক্ষেপ করে নারীহত্যা করো আল্লাহ, নবী ও ইছলামের নামে",3,religious aggression,3,religious aggression,True,0.02234594,0.0007736802,0.019979868,0.9392577,0.017642802,0.33081698,0.2971846,0.3296978,0.36820143,0.32845384,0.9392577,0.03738445
400,in 178.jpg,এমন ফ্রেম সম্ভব হলেও হতে পারে কিন্তু দূর্নীতিমুক্ত তৃণমূল কোনোদিনই সম্ভব নয়,2,political aggression,3,religious aggression,False,0.15885252,0.049824968,0.060783204,0.59264535,0.13789402,0.31813937,0.30654478,0.30853274,0.33130556,0.31672448,0.59264535,0.013166189
401,fb 382.jpg,বিয়েবাড়িতে মেয়েরা বেশি খাওয়া যাবে না ডায়েটে আসি; যাদের বিয়ে তাদের সাথে ছবি তুলতে হবে হ্যা এত সেজেগুজে আর মেকাপ করে এসেছি ছবি তুলতে হবে খাওয়া দওয়া বাদ ছেলেরা ভাই প্রথমেই বসে যেতে হবে খেতে কোনো কথা নাই হ্যা ভাই তারপর দাঁড়়িয়ে মেয়ে দেখা যাবে,0,non-aggressive,3,religious aggression,False,0.029831752,0.24775597,0.04437447,0.61283004,0.06520777,0.3456159,0.36678457,0.34958678,0.37584102,0.35343593,0.61283004,0.009056449
402,fb 1850.jpg,যত্ন নিলে মরা গাছেও ফুল ফুটে,1,gendered aggression,1,gendered aggression,True,0.18848753,0.47119346,0.029002031,0.15668306,0.15463391,0.34896913,0.3581315,0.33025244,0.34712106,0.3469894,0.47119346,0.009162366
403,direct-offense (10).jpg,তিতলি কী পারবে ? আমাকে একটা গালফ্রেন্ড এনে দিতে ,4,others,2,political aggression,False,0.12141779,0.08301084,0.47498605,0.16324906,0.15733622,0.3176189,0.31381625,0.3312594,0.3205793,0.3202104,0.47498605,0.010680109
404,in 213.jpg,পিসি সততার প্রতীক দূর্নীতি,2,political aggression,4,others,False,0.17109564,0.03171344,0.24154413,0.25016308,0.3054837,0.37568778,0.358833,0.3791361,0.37948668,0.3814845,0.3054837,0.0019978285
405,fb 1712.jpg,মঙ্গল শোঙাযাত্রা করছেো? মঙ্গল তুমি রাখো ! শোভা'রে পাঠায় দাও আমার কাছে..,3,religious aggression,3,religious aggression,True,0.026015522,0.0020742281,0.050870284,0.90463275,0.01640722,0.32485262,0.29956156,0.33155847,0.36034095,0.32024288,0.90463275,0.028782487
406,fb 2078.jpg,যে যেটা পছন্দ করে হেটারসরা বলবে আমি নাকি রোনাল্ডোকে ট্রোল করছি,4,others,3,religious aggression,False,0.16356674,0.038326617,0.30273098,0.30811357,0.18726213,0.34326985,0.32875907,0.3494261,0.3496023,0.34462273,0.30811357,0.00017622113
407,bamboo-vaiya (11).jpg,আরে ভাই একটা দল ছিল যারা কিনা এবারের লিগ জেতার স্বপ্ন এখনও দেখে নাম বললে মান সম্মান থাকবে না তুমি আবার রিয়াল মাদ্রিদ সুদাও কেন ?,4,others,2,political aggression,False,0.018565502,0.011379253,0.8197052,0.061527625,0.08882245,0.31500164,0.31010652,0.35287803,0.32698345,0.33065498,0.8197052,0.022223055
408,Halal Memes (14).jpg,*রিটেক *আমি *পাশ,4,others,4,others,True,0.101134986,0.2660073,0.1798502,0.08146164,0.3715458,0.3614915,0.37116218,0.36724818,0.35932827,0.37450367,0.3715458,0.003341496
409,fb 1609.jpg,মানব ধর্মের মানুষ গুলো দেখতে এমন,3,religious aggression,2,political aggression,False,0.19906066,0.02424692,0.31228358,0.2669748,0.19743396,0.3412338,0.3201806,0.3457368,0.34416923,0.3411517,0.31228358,0.0015675724
410,Halal Memes (227).jpg,প্রিন্সিপাল ম্যাডাম যখন আমাকে উনার অফিসে ডাকেন লে আমার বন্ধুরা:,0,non-aggressive,2,political aggression,False,0.06903105,0.026016878,0.53736556,0.2933567,0.07422992,0.31696558,0.30720747,0.3374868,0.33143392,0.31769168,0.53736556,0.0060528815
411,tangaila (182).jpg,ট্যুরে যাওয়ার প্লান করার সময় বন্ধুরা সহ ট্যুরের দিন আমি একা,0,non-aggressive,2,political aggression,False,0.110399194,0.013486249,0.5627683,0.19515711,0.1181892,0.35124698,0.33022267,0.36753464,0.35694402,0.35192883,0.5627683,0.010590613
412,in 595.jpg,বলছি বিধিনিষেধ বড়দিনের আগেই চালু করতে হতো... তবে মদ বেচে এতো কোটি টাকা কোথা থেকে আসতো ? টাকা না এলে লক্ষীভাণ্ডার ভরবে কিসে?,2,political aggression,2,political aggression,True,0.108224265,0.022739796,0.4379101,0.20910728,0.22201857,0.34081316,0.32521224,0.35479122,0.34739956,0.34799868,0.4379101,0.0067925453
413,fb 1377.jpg,বামপন্থী আন্দোলনের ভিতরে থাকা দক্ষিণপন্থী মনোভাবাপন্ন লোকদের সমালোচনা করা বামপন্থীরা। কোনোরকম রাজনৈতিক জ্ঞান না থাকা মাথামোটা দক্ষিণপন্থী আইটি সেল কর্মী।,2,political aggression,2,political aggression,True,0.15880318,0.0061543095,0.43710855,0.30902487,0.088909075,0.32730815,0.29480302,0.33743334,0.33396572,0.32150763,0.43710855,0.0034676194
414,fb 1446.jpg,"সুইডেনে কোরআন পুড়িয়ে কট্ররপন্থিদের বিক্ষভ অনলাইন ডেস্ক । ২২ জানুয়ারি, ২০২৩ ১২:৩৯",3,religious aggression,3,religious aggression,True,0.0115470495,0.0016110751,0.010870149,0.971046,0.004925665,0.309722,0.29002672,0.3091179,0.35404143,0.3012023,0.971046,0.04431942
415,fb 1262.jpg,ইসলামিক দেশের বই-মেলাতে ইসলামিক বই নিষিদ্ধ করে কি শান্তির ঘুম ঘুমাচ্ছে কু#ত্তার বাচ্চা গুলো,3,religious aggression,0,non-aggressive,False,0.3228882,0.017738352,0.28057507,0.24181269,0.1369857,0.32668942,0.29767364,0.32528475,0.323798,0.31811512,0.3228882,0.0014046729
416,in 605.jpg,বর্ষসেরা ব্যবসায়ী (কয়লা /বালি) ভাইপো,2,political aggression,2,political aggression,True,0.11889517,0.010226551,0.46075034,0.2616488,0.14847912,0.341587,0.31705445,0.35513312,0.3494746,0.343809,0.46075034,0.0056585073
417,bamboo-vaiya (16).jpg,-মনে করো আমি তোমার বন্ধু এখন বলো আমি কি খারাপ ? - না দোস্ত তুই একটা মাদারচোদ,4,others,3,religious aggression,False,0.2855859,0.0072748596,0.122254916,0.4308646,0.15401971,0.33418784,0.29748666,0.3257035,0.33830035,0.32801324,0.4308646,0.004112512
418,Halal Memes (317).jpg,সরকার যদি আপনার বাসার নিচে তেলের খনি পায় তাহলে সেটা সরকারের কিন্তু যদি গাঁজা পায় সেটা আপনার,0,non-aggressive,4,others,False,0.103537336,0.06412418,0.19212936,0.2770581,0.36315107,0.34391034,0.33911923,0.3500927,0.35375327,0.3564592,0.36315107,0.0027059317
419,in 152.jpg,সামনে পঞ্চায়েত ভোট আসছে মাসিমা আমাকে চিনতে পারছেন তো? কেন চিনতে পারবো না! টিভিতে কতবার দেখেছি টাকার বান্ডিল নিতে,2,political aggression,2,political aggression,True,0.0765668,0.08748073,0.5325403,0.18463027,0.11878184,0.3295124,0.33084494,0.34890735,0.33831432,0.33390364,0.5325403,0.010593027
420,fb 1771.jpg,আর্জেন্টিনাদের খেলার জন্য মাঠ প্রস্তুত,1,gendered aggression,1,gendered aggression,True,0.31544444,0.4343243,0.044481713,0.062256668,0.1434929,0.33488658,0.33808467,0.31529754,0.31865942,0.32700962,0.4343243,0.0031980872
421,Bangla Thug Life (378).jpg,গার্লফ্রেন্ড পেয়ে ফ্রেন্ডদের ভুলে যাওয়া ফ্রেন্ডের যখন ব্রেকাপ হয় ফ্রেন্ডরা: এটাও আল্লাহ তায়ালার একটা নিয়ামত,0,non-aggressive,3,religious aggression,False,0.13570838,0.014374063,0.32376036,0.4439347,0.08222247,0.35080734,0.3283565,0.3595023,0.36265904,0.34579656,0.4439347,0.0031567514
422,bangla-troll (33).jpg,মেয়েটা আমাকে দেখে চোখ টিপ দিয়েছে ... নিশ্চয়ই তার চোখে সমস্যা আছে !,0,non-aggressive,3,religious aggression,False,0.17669612,0.028954318,0.2775137,0.36784232,0.14899355,0.3516769,0.3335898,0.35619128,0.35900912,0.34997162,0.36784232,0.0028178394
423,fb 1961.jpg,কৃষি শিক্ষা ক্লাস করাচ্ছে স্যারে,1,gendered aggression,0,non-aggressive,False,0.47042698,0.12704335,0.062307514,0.10667394,0.23354813,0.3354339,0.32234275,0.3152183,0.32059523,0.32843137,0.47042698,0.0070025325
424,bamboo-vaiya (180).jpg,দুর্বল হওয়ার থেকে মাদারচোদ হওয়া উত্তম । -নুনুকাটা গ্রেজয়,4,others,4,others,True,0.25974408,0.040685207,0.23655742,0.16823521,0.29477805,0.34761965,0.32908136,0.3466846,0.34327632,0.34888494,0.29477805,0.0012652874
425,in 488.jpg,একটা যুবরাজ দেখান তো! সস্তার কিছু দেখান...,2,political aggression,2,political aggression,True,0.14216448,0.09453918,0.329637,0.15371647,0.2799429,0.33638507,0.33230537,0.34479514,0.33716634,0.3431611,0.329637,0.0016340315
426,blog 161.jpg,-বেহেশতে গিয়ে পুণ্যবতী মুছলিম জেনানার প্রধান কাজ কী হবে? -তার স্বামীর ৭২ হুরের কাপড়চোপড় ধোওয়া ও ইস্ত্রি করার জন্য বুয়া লাগবে না!,3,religious aggression,3,religious aggression,True,0.15648451,0.109649606,0.059820253,0.6080057,0.06603991,0.33394033,0.33038366,0.3243242,0.3475126,0.32531333,0.6080057,0.013572276
427,KAM (72).jpg,বাবা আমি সত্যি বলছি বাথরুমে ঐটা শ্যাম্পু পড়ে আছে হইছে আর মিথ্যা বলা লাগবে না তোমার ওই বয়সে থাকতে আমিও এইরকম অনেক শ্যাম্পু ফেলেছি,0,non-aggressive,3,religious aggression,False,0.19385983,0.03561154,0.21655522,0.29146138,0.2625121,0.34861487,0.33167022,0.34972197,0.3526926,0.35164648,0.29146138,0.0010461211
428,bamboo-vaiya (110).jpg,বিশ্বাসের ভাইরাস অভিজিৎ রায়,4,others,0,non-aggressive,False,0.33501136,0.097627655,0.11738088,0.16298059,0.28699946,0.30163828,0.28930825,0.29115087,0.29443294,0.30009145,0.33501136,0.0015468299
429,tangaila (288).jpg,হ্যাপি নিউ ইয়ার জুমা মোবারক,3,religious aggression,3,religious aggression,True,0.1847554,0.03364363,0.14938793,0.46220374,0.17000933,0.36915424,0.35212216,0.36702937,0.37832397,0.36832243,0.46220374,0.009169728
430,fb 460.jpg,যাকে ভালোবাসা যায় তাকে ময়লা কাপড় আর ছেড়া জামাতেও ভালোবাসা যায়!,0,non-aggressive,4,others,False,0.1979253,0.04956232,0.1220937,0.21356624,0.4168524,0.3297637,0.31591713,0.32493272,0.3305243,0.33721215,0.4168524,0.0066878498
431,ovodro_img (436).jpg,আমি বাললায় গান গাই আমি বাললায় গান গাই আগে বাংলা টা ঠিক করে বল তারপর না হয় বাংলায় গান করিস,4,others,2,political aggression,False,0.19080564,0.019006418,0.3021854,0.23523003,0.25277254,0.33976132,0.31669652,0.34435916,0.3418544,0.34257367,0.3021854,0.0017854869
432,fb 1330.jpg,বাবা বলেছেন আপনি নাকি আমাদের পার্সোনাল ডাটা চুরি করেন? উনি তোমার আসল বাবা নন,4,others,0,non-aggressive,False,0.3280964,0.01443514,0.24902909,0.12840354,0.28003576,0.35032377,0.31908733,0.34756637,0.34094247,0.34873986,0.3280964,0.001583904
433,in 145.jpg,লোকটা কালীঘাটে শুধু জানতে গিয়েছিলো তৃণমূলের দলীয় প্রার্থীর নাম ঠিক করার ভোটও অবাধ; শান্তিপূর্ণ করার জন্য কেন্দ্রীয় বাহিনী মোতায়েন করতে হবে!?,2,political aggression,2,political aggression,True,0.059024487,0.026689602,0.38599366,0.2315572,0.29673502,0.354645,0.34670824,0.3734237,0.36831376,0.37079388,0.38599366,0.0026298165
434,blog 102.jpg,"অমুছলিম যুদ্ধবন্দী নারীদের লজ্জা দিতে ও অবমানিত করতে তাদেরকে ধর্ষণ করার অধিকার আল্যা মুছলিম পুরুষদের দিয়েছেন - সুয়াদ সালেহ (ইছলামী অধ্যাপক, আল-আজহার বিশ্ববিদ্যালয়)",3,religious aggression,3,religious aggression,True,0.07011412,0.051105764,0.28000402,0.4969203,0.10185583,0.30082297,0.2976607,0.3146698,0.32040602,0.30455732,0.4969203,0.005736232
435,fb 66.jpg,সেই খুশির মুহূর্ত যখন দুই বন্ধু একসাথে ফেইল করি,0,non-aggressive,0,non-aggressive,True,0.27834705,0.0175426,0.2136132,0.2358537,0.25464344,0.34221578,0.3145734,0.33956876,0.34055918,0.34132573,0.27834705,0.00089004636
436,in 596.jpg,"আবার বিধিনিষেধ চালু হলো! খেটে খাওয়া মানুষ গুলো কোথায় যাবে!? বিধিনিষেধ আরোপ মানেই বাবুদের সাইড ইনকাম পথেঘাটে পেটিকেস, কালীঘাটে স্যুটকেস!",2,political aggression,2,political aggression,True,0.15699139,0.034863543,0.46045804,0.16712475,0.18056232,0.34949288,0.3344454,0.36025319,0.35011837,0.3508917,0.46045804,0.009361476
437,pin 24.jpg,শিক্ষা মন্ত্রী টুকে পাশ শিল্প টাইম পাস অর্থ মন্ত্রী দিচ্ছে বাঁশ ক্রীড়ামন্ত্রী কারাবাস নগর মন্ত্রী ঘুষ খাস কৃষি মন্ত্রী ফোর পাস বাকি গুলো দলদাস মুখ্য মন্ত্রী সর্বনাশ বঙ্গবাসীর লন্ডন বাস,2,political aggression,2,political aggression,True,0.044616938,0.0041268785,0.7999598,0.10825412,0.043042284,0.32058024,0.29677433,0.34944475,0.32944393,0.32022095,0.7999598,0.020000815
438,fb 1766.jpg,বন্ধুর শালীর পমপম আমি,1,gendered aggression,3,religious aggression,False,0.18790175,0.033081718,0.18906224,0.3141485,0.27580577,0.3457005,0.3283311,0.34576207,0.35083997,0.34953827,0.3141485,0.0013017058
439,KAM (105).jpg,এক চুটকি সিন্দুর কি কিমাত তুম ক্যায়া জানো রামেশ বাবু আমি জনব কেমনে? আমি লাগাই নাকি?,0,non-aggressive,2,political aggression,False,0.106489435,0.043944072,0.3750488,0.3022121,0.17230563,0.3358453,0.32699403,0.3484354,0.34627613,0.34065753,0.3750488,0.0021592677
440,blog 390.jpg,"নিজেরে যখনই আবাল মনে হবে তখন মনে কইরেন, আল্যার দুনিয়ায় আপনের চেয়ে বহুত গুণ বেশি আবাল আছে কোটি কোটি, যারা বিশ্বাস করে, একদিন সূর্য উঠবে পচ্চিম দিকে",3,religious aggression,0,non-aggressive,False,0.37218145,0.015181144,0.22518471,0.2540663,0.1333865,0.33463138,0.3026381,0.32960677,0.33081353,0.3243701,0.37218145,0.0038178563
441,fb 1677.jpg,মানলাম আমি হারাম । কিন্তু সৃষ্টিকর্তা কতবড় হারামি হলে আমার মত হারাম প্রাণীর সৃষ্টি করতে পারে?,3,religious aggression,3,religious aggression,True,0.09158337,0.033109885,0.35377988,0.35578695,0.16573994,0.33708102,0.32690686,0.35059527,0.35065186,0.34301275,0.35578695,5.659461e-05
442,Bangla Thug Life (66).jpg,ডাটা প্যাক না কিনেই যখন আপনি ব্রাউজিং শুরু করেন সিম কোম্পানি: আপনি:,0,non-aggressive,2,political aggression,False,0.2519396,0.018149564,0.2986144,0.23632349,0.19497293,0.36281192,0.33650652,0.36451155,0.36217207,0.36024863,0.2986144,0.0016996264
443,in 182.jpg,হু হু করে নাকি কমে যেত বয়স! বাদরের অন্ডুকোষ মানবদেহে প্রতিস্থাপন করে চমকে দেন চিকিৎসক এইটে আগে জানানো উচিং ছিল....,2,political aggression,2,political aggression,True,0.10103187,0.024052346,0.5578555,0.20769577,0.109364495,0.31043667,0.29608464,0.3275233,0.31764305,0.31122917,0.5578555,0.009880245
444,fb 539.jpg,শাহীন কী ন'টির পোলাকে ধরতে পারছিলো?,4,others,2,political aggression,False,0.19633843,0.030672424,0.41044256,0.17397739,0.18856919,0.3656485,0.34708375,0.37302247,0.36443937,0.36524475,0.41044256,0.007373959
445,fb 1838.jpg,আরেকটু খাও বাবু । না খেয়ে দিনদিন শুকিয়ে যাচ্ছো যে ।,4,others,2,political aggression,False,0.14242372,0.09434952,0.28622273,0.22097927,0.2560248,0.33827126,0.33415323,0.34525087,0.34266388,0.34413594,0.28622273,0.0011149347
446,in 377.jpg,"আডবাণীর নেতৃত্বে বিজেপি এসে উদ্ধার করে! দাবি শুভেন্দুর| সিঙ্গুর আন্দোলন কোনও আন্দোলনই ছিল না, দাবি শুভেন্দুর এইভাবে সব বলে দিলে দুজনের কারোরই লাভ হবেনা",2,political aggression,2,political aggression,True,0.037553236,0.028120926,0.7656554,0.061621346,0.10704902,0.30251503,0.29962257,0.33266476,0.30746752,0.3129903,0.7656554,0.01967445
447,fb 142.jpg,সেই প্যারাময় মুহূর্ত : যখন পিজ্জা খেতে গিয়ে কামড় পিজ্জাতে না লেগে নিজের হাতেই লাগে!,0,non-aggressive,3,religious aggression,False,0.20909226,0.019487934,0.17232561,0.43535537,0.16373882,0.3360958,0.312366,0.3341619,0.34342968,0.33365077,0.43535537,0.0073338747
448,fb 1088.jpg,স্যার কোনভাবে দুই দলকেই হারিয়ে দেওয়া যায় না!,4,others,2,political aggression,False,0.20386524,0.018824331,0.4981548,0.05742085,0.22173473,0.36328107,0.33945796,0.37221557,0.35061055,0.3641213,0.4981548,0.008094281
449,in 28.jpg,ঘরের সব কাজ করার পর যখন বুঝতে পারি যে ঘরের সব কাজ আমি একাই করে ফেলেছি আম্মু আমাকে কি তোমার বুয়া মনে হয়? থাকমোনা আমি তোমার ঘরে আমি কোরিয়া আমার ইয়ের কাছে যামোগা,0,non-aggressive,4,others,False,0.2765398,0.038297772,0.09733528,0.22179271,0.36603442,0.36491668,0.34514707,0.35447475,0.36271057,0.36772043,0.36603442,0.002803743
450,tangaila (108).jpg,তার হাজবেন্ড বিন্দুবাসিনীর মেয়ে,1,gendered aggression,2,political aggression,False,0.14326048,0.17714891,0.28605533,0.1347724,0.25876287,0.34958914,0.35171244,0.35650435,0.3489784,0.35550165,0.28605533,0.0010026991
451,bamboo-vaiya (334).jpg,*৯ বছরের আমি *বিস্কুটের ক্রিম,1,gendered aggression,2,political aggression,False,0.1739258,0.047815315,0.39583644,0.24301895,0.13940348,0.35268182,0.33976898,0.36090553,0.35602692,0.35046926,0.39583644,0.0048786104
452,fb 1128.jpg,"মাদখালী, সরকারপন্থী দেওবন্দী, তাদের জিহাদোফোব সমর্থকবৃন্দ। জিহাদিস্ট, ইসলামিস্ট মিলিটারি অর্গানাইজেশন, তাদের সমর্থকবৃন্দ।",3,religious aggression,0,non-aggressive,False,0.36171472,0.028318776,0.116249785,0.13268447,0.36103234,0.3193741,0.29390082,0.30802298,0.3093453,0.31935525,0.36171472,1.886487e-05
453,in 471.jpg,"জামিন দিন, আমাকে বাঁচতে দিন! শুনানিতে কেঁদে ফেললেন পার্থ, ফের জেল হেফাজত চাইল ইডি আপনি একদম চাপ নেবেন না... পিসি ঠিক ভিতরে ভিতরে আপনার জামিন করে দেবেন",2,political aggression,2,political aggression,True,0.065907255,0.03090732,0.55569625,0.13404699,0.2134422,0.35008207,0.3425095,0.3714018,0.3571815,0.36183324,0.55569625,0.009568542
454,fb 1434.jpg,"কেবল হোঃ হোঃ হোঃ, কেষ্টদাসের পিসি- বেচত খালি কুমডো কচু হাঁসের ডিম আর তিসি।",2,political aggression,2,political aggression,True,0.028674362,0.0113251675,0.85426784,0.038887758,0.06684484,0.32813528,0.31884554,0.3620777,0.33118206,0.336599,0.85426784,0.02547872
455,fb 1482.jpg,কি দিন আইলো রে ভাই! হুজুররাও নাকি ইত্যাদি তেলেসমাতি জিনিসের নাম জানে!,3,religious aggression,3,religious aggression,True,0.08147375,0.039577458,0.17897554,0.531679,0.16829428,0.32513222,0.317912,0.3330019,0.3438898,0.33238655,0.531679,0.010887891
456,pin 19.jpg,"ভদ্রমহিলা ছাতা সারাতে গেছেন আপনার উপরের কাপড় খুলতে হবে; আর নিচে ডান্ডাও লাগাতে হবে| যা করার করো, শুধু মনে রেখো ভিতরে জল না পড়ে!",1,gendered aggression,2,political aggression,False,0.08085845,0.074505635,0.30280608,0.2917506,0.25007924,0.3363781,0.33555984,0.34958202,0.34921008,0.3476689,0.30280608,0.00037193298
457,bangla-memes (50).jpg,বাজারের সবচেয়ে* কমদামী গরু *আমার আব্বু,0,non-aggressive,2,political aggression,False,0.10542791,0.049195275,0.5567226,0.10936037,0.1792938,0.3355165,0.3278942,0.3521569,0.33588272,0.3408265,0.5567226,0.011330396
458,Halal Memes (245).jpg,নতুন শার্ট নিয়ে আসা বিদ্যমান । আম্মু: কত নিছে ? আমি: ফ্রী'তে পাইছি আম্মু । আম্মু: তাও ঠকছোস । আমি হইলে ফ্রী'তে দুইটা নিতাম লে আমি:,0,non-aggressive,2,political aggression,False,0.08045598,0.015710443,0.66008866,0.10858177,0.13516314,0.33500385,0.31867,0.3560505,0.3380018,0.34019157,0.66008866,0.015858918
459,blog 494.jpg,রিজিকের মালিক আল্লাহ,3,religious aggression,3,religious aggression,True,0.19132407,0.023675697,0.06430299,0.6471743,0.07352293,0.3518442,0.33094898,0.34094054,0.36403066,0.34228048,0.6471743,0.012186468
460,KAM (415).jpg,বাথরুমে এতক্ষণ কি করছ? বিয়ে-শাদি দাও না বাথরুমে তো সময় লাগবেই,0,non-aggressive,2,political aggression,False,0.065790705,0.060155015,0.46057767,0.20828636,0.2051902,0.33951902,0.3386235,0.35897908,0.3510434,0.35089362,0.46057767,0.007935673
461,blog 297.jpg,সজাগ হোন আল্লাহু আকবর ! ঘুমিয়ে থাকুন ইছলামের সমালোচনা করা হীনতা ।,3,religious aggression,3,religious aggression,True,0.058139514,0.12304145,0.08713072,0.62734956,0.10433871,0.33773813,0.34523487,0.34178376,0.3615247,0.3435861,0.62734956,0.01628983
462,blog 32.jpg,কুরান ৬:১১৫/১৮:২৭ কেউ আল্লার কথা বিকৃত করতে পারে না । তাইলে... মডারেটরা যে বলে জংগিরা কুরানের অর্থ বিকৃত করে জংগী হয়ে উঠে এইটা কার কুরান ?!,3,religious aggression,2,political aggression,False,0.066379674,0.036914926,0.38808253,0.38471007,0.12391283,0.32530364,0.3194359,0.3429619,0.34287465,0.33154553,0.38808253,8.72612e-05
463,fb 1973.jpg,*একটা হট ছবি পাঠাও* বয়ফ্রেন্ডের জন্য বেস্টফ্রেন্ডের জন্য জাস্টফ্রেন্ডের জন্য,1,gendered aggression,3,religious aggression,False,0.11939093,0.14251934,0.14945474,0.46361506,0.12501995,0.35000506,0.35177583,0.352251,0.36357158,0.35046577,0.46361506,0.011320591
464,KAM (795).jpg,বিউটি পার্লারে যাওয়ার আগে: বিউটি পার্লার থেকে বের হওয়ার পর,4,others,2,political aggression,False,0.06389124,0.016688593,0.44514397,0.31491828,0.159358,0.32080334,0.30737877,0.3402155,0.33675465,0.32994306,0.44514397,0.0034608543
465,KAM (92).png,আড়াই টাকার পারফর্মেন্স হাজার টাকার ফায়দা!,4,others,2,political aggression,False,0.19517909,0.03686283,0.3813339,0.13948874,0.24713548,0.35710943,0.34044227,0.363807,0.35375008,0.35946962,0.3813339,0.0043373704
466,fb 601.jpg,"""আন্টি আপনার মেয়ের নাম ছোট করে রাখা উচিত ছিল। আমার বন্ধুর হাত কেটে লিখতে কষ্ট হয়""",4,others,4,others,True,0.22159347,0.070561774,0.23684798,0.2137467,0.25725007,0.34236592,0.33092237,0.34303164,0.3420054,0.34385794,0.25725007,0.0008262992
467,in 314.jpg,তৃণমূল ভবনের দরজা সৎ লোকেদের জন্য দুর্নীতিগ্রস্তদের জন্য,2,political aggression,2,political aggression,True,0.08566432,0.026901951,0.40006208,0.33905068,0.148321,0.36096323,0.34938082,0.37637505,0.37472034,0.36645263,0.40006208,0.0016547143
468,in 82.jpg,উচ্চতা সষ্পন্ন পঞ্জাবি পরিহিত চাপ দাড়ি রাখা ছেলে অস্তিত্ব রাখে *বাঙালি মেয়ে উফফ আমি এরকম ঘেমে যাচ্ছি কেন ? আমার মনটা এরকম দুর্বল হয়ে পড়ছে কেন,1,gendered aggression,2,political aggression,False,0.07775424,0.2169371,0.343909,0.16245607,0.19894361,0.34402516,0.3542857,0.3588934,0.3513937,0.35341984,0.343909,0.0046077073
469,KAM (117).png,ক্লাসের সব চেয়ে ব্রিলিয়ান্ট স্টুডেন্টের পাশে পরীক্ষার হলে সিট পরছিল! কিন্তু শালা তার হাতের লেখা এত সুন্দর যে বুঝতেই পারি না!,0,non-aggressive,2,political aggression,False,0.15962955,0.01640017,0.40820408,0.19645861,0.21930757,0.336753,0.31399736,0.3461421,0.33882895,0.3399292,0.40820408,0.00621292
470,bamboo-vaiya (240).jpg,"জীবনে প্রথম প্রেমটা রিয়েল হয়, আর সেটা ও হয় এক বারোভাতারি মালের সাথে",1,gendered aggression,1,gendered aggression,True,0.115460314,0.66940314,0.026565824,0.14237635,0.04619436,0.3127901,0.3303647,0.29809707,0.31488556,0.3036294,0.66940314,0.015479147
471,bangla-gag (80).jpg,"আসলামুল হক আসলাম সংসদ সদস্য, ঢাকা-১৪ আসন মজা পাইলাম !",2,political aggression,2,political aggression,True,0.02904755,0.0067211646,0.7852392,0.1517513,0.027240742,0.34976512,0.3351284,0.38273567,0.3662982,0.34912294,0.7852392,0.01643747
472,ovodro_img (272).jpg,"সেদিন ঝাল লাগলো কেনরে আমার ওখানে ? হুহু , জানেও না আমার বাড়ী শ্রীলঙ্কা ঝাল তো লাগবেই",1,gendered aggression,0,non-aggressive,False,0.30474317,0.106286265,0.21136217,0.16203724,0.21557122,0.32069468,0.31016135,0.31703573,0.31437826,0.3172329,0.30474317,0.0034617782
473,in 552.jpg,গত ৭০ বছরে কংগ্রেস দেশের জন্য কি করেছে? বলবো না। কেন? বললেই আপনি সেগুলো বিক্রি করে দেবেন!,2,political aggression,2,political aggression,True,0.04107103,0.010952123,0.79117614,0.06502624,0.09177449,0.33496624,0.32174855,0.36454841,0.3395611,0.34300655,0.79117614,0.021541864
474,fb 334.jpg,দোস্ত ভিতরে পরে গেছে! ! সমস্যা নাই! তুই চালিয়ে যা বয়ফ্রেন্ডের উপর দোষ চাপিয়ে দিবো!,1,gendered aggression,0,non-aggressive,False,0.24043876,0.22058769,0.16406009,0.14139976,0.23351376,0.31219965,0.31133795,0.30837733,0.3068909,0.3119074,0.24043876,0.00029224157
475,Bangla Thug Life (246).jpg,কচি দেবর দেখা বিদ্যমান সাবিতা ভাবি বি লাইক:,1,gendered aggression,3,religious aggression,False,0.16067043,0.17768252,0.2213658,0.325626,0.11465527,0.34785163,0.34885806,0.35105625,0.3549156,0.3444774,0.325626,0.0038593411
476,in 102.jpg,করোনায় আক্রান্ত 'টুম্পাসোনা',4,others,0,non-aggressive,False,0.26551655,0.25091466,0.10496012,0.20197587,0.1766328,0.32679987,0.3262342,0.3175189,0.32406455,0.3227238,0.26551655,0.0005656779
477,fb 1721.jpg,তুমি কামের ফাঁদে পড়েছ তুমি রামের ফাঁদে পড়েছ,3,religious aggression,3,religious aggression,True,0.03813905,0.020973425,0.012996345,0.9049398,0.022951433,0.3257794,0.3197996,0.3150137,0.35744572,0.32070085,0.9049398,0.03166631
478,blog 299.jpg,"পলিনেশিয়ান ঈশ্বর লোনোর কথা শুনলে আপনার হাসি পায়, ঠিক না? জানেন, আপনার ঈশ্বরের কথা শুনলে আমারও ঠিক একই অবস্থা হয় ।",3,religious aggression,3,religious aggression,True,0.1575825,0.016605461,0.18795156,0.5477828,0.09007769,0.34171253,0.31921035,0.34347486,0.3541718,0.33611977,0.5477828,0.010696948
479,ovodro_img (541).jpg,"কোম্পানিতে জয়েন করলে ১০,০০০ আর ছয়মাস এর পরের থেকেই ২০,০০০ হবে মাইনে ! তাহলে কবে থেকে জয়েন করবে ? ছয়মাস পরে থেকেই করব জয়েন",0,non-aggressive,3,religious aggression,False,0.14092316,0.028014358,0.19325945,0.39403647,0.24376664,0.36020488,0.34404993,0.3633631,0.37048718,0.36568484,0.39403647,0.004802346
480,Halal Memes (56).jpg,*দোকানের বেগুনি *বাসার বেগুনি,0,non-aggressive,2,political aggression,False,0.13689865,0.023799311,0.40225855,0.23285645,0.20418702,0.37239358,0.35489774,0.38317212,0.3777054,0.37639153,0.40225855,0.0054667294
481,fb 1661.jpg,"কৃষ্ণ এখন সখীদের নিয়ে ফষ্টিনষ্টিতে ব্যস্ত, আবাল ভক্তদের দিকে তাকানোর সময় নেই জন্মাষ্টমীর উৎসবে দুর্ঘটনা, কচুয়ায় পদপিষ্ট হয়ে মৃত ৬, খবর ফটাফট বৃষ্টিতে হুড়োহুড়ি, মৃত্যু",3,religious aggression,2,political aggression,False,0.0918873,0.0074971877,0.6284162,0.15656216,0.11563717,0.2858311,0.26077074,0.3050575,0.29116,0.28813004,0.6284162,0.013897508
482,fb 108.jpg,তুমি যদি এই কাজটি করে থাকো তাহলে তোমার শৈশব অনেক জোশ ছিলো,0,non-aggressive,0,non-aggressive,True,0.33164787,0.04290899,0.23505607,0.157443,0.2329441,0.33778754,0.31733763,0.33434507,0.33033744,0.3342548,0.33164787,0.0034424663
483,fb 1124.jpg,ইংরেজি ভাষায় বাংলা ভাষা শহীদদের স্মরণ ব্র্যাক ইউনিভার্সিটির *ব্র্যাক ইউনিভার্সিটি এই শহরে আমার মত দেশ প্রেমিক আর একটাও নাই,4,others,2,political aggression,False,0.063574694,0.017349022,0.5543373,0.27349827,0.091240756,0.30395547,0.29096866,0.32561105,0.31854627,0.3075683,0.5543373,0.0070647895
484,fb 740.jpg,গাঁজার আগুনে পোড়ানো হলো প্রেমিকার লাশ গাঁজাখোর দের গার্লফ্রেন্ডঃ,4,others,2,political aggression,False,0.19787145,0.015707042,0.35158998,0.26408118,0.1707503,0.36524567,0.33991057,0.37099415,0.36813205,0.3637715,0.35158998,0.0028620958
485,bangla-gag (6).png,"পড়াশুনা না করলে আমও যাবে, ছালাও যাবে ছালা দিয়ে কি করবো?",0,non-aggressive,2,political aggression,False,0.0443799,0.054605912,0.64484775,0.14306948,0.11309698,0.32658705,0.3286606,0.35334933,0.3382925,0.33594164,0.64484775,0.015056819
486,in 105.jpg,ফেসবুকঃ আমি সব কিছু জানি গুগলঃআমার কাছে সব কিছু আছে ইন্টারনেটঃ আমি ছাড়া তোরা কিছুই না চার্জারঃ আওয়াজ নিচে *লে কারেন্টঃ,0,non-aggressive,4,others,False,0.11553456,0.041306365,0.17613691,0.3305176,0.33650464,0.33852157,0.32823604,0.3427385,0.34903246,0.349212,0.33650464,0.00017952919
487,ovodro_img (662).jpg,পারবো না হতে আমি রোমিও,0,non-aggressive,4,others,False,0.15311503,0.03584695,0.16226302,0.25789088,0.39088407,0.36091766,0.34639835,0.36149794,0.36613113,0.3702899,0.39088407,0.004158765
488,chosha (118).jpg,যখন আমরা গালফ্রেন্ডের মুখে ললিপপ চুষতে দেই,1,gendered aggression,2,political aggression,False,0.20377983,0.05303457,0.38566902,0.16000721,0.19750941,0.3415691,0.32810813,0.3479485,0.33915088,0.34125656,0.38566902,0.0063793957
489,in 460.jpg,বড়ো হয়ে তোমরা কি করবে? চায়ের স্টল ঘুগনির দোকান তেলেভাজা দোকান,2,political aggression,2,political aggression,True,0.056255877,0.029623512,0.7149548,0.13873307,0.060432766,0.33668715,0.33027375,0.36211026,0.3457136,0.33740336,0.7149548,0.016396672
490,in 519.jpg,এই যে মন্ত্রীসভায় রদবদল মনেহয় পরিবর্তন কিছু হবে? প্রথম ব্যাচের খাওয়া শেষ এবার দ্বিতীয় ব্যাচ খাবে,2,political aggression,2,political aggression,True,0.20125085,0.044558402,0.33492342,0.14639425,0.2728731,0.3551796,0.34010208,0.3602731,0.3519971,0.35822415,0.33492342,0.0020489395
491,fb 404.jpg,তুমি তো আমারে টেনশন এ ফেলায় দিলে মিয়া,2,political aggression,2,political aggression,True,0.12881938,0.016955601,0.54788315,0.13383092,0.1725109,0.36192197,0.34164384,0.37639847,0.3623036,0.36484244,0.54788315,0.011556029
492,direct-offense (49).jpg,বারোবাতারী সীমিত আকারে বারোবাতারী,1,gendered aggression,4,others,False,0.2307349,0.10297122,0.16960514,0.17187954,0.32480922,0.36122063,0.35315242,0.35814267,0.35827586,0.36464033,0.32480922,0.0034196973
493,in 161.jpg,আমি সোম বুধ শুক্র তৃণমূলে থাকি আর মঙ্গল বৃহ শনি বিজেপিতে থাকি রবিবার ছুটিতে থাকি,2,political aggression,2,political aggression,True,0.10026498,0.039684907,0.44272068,0.22669742,0.19063202,0.36413267,0.35486424,0.3789839,0.37229067,0.370558,0.44272068,0.006693244
494,blog 236.jpg,এইখানে পষ্ট কইরা লেখা আছে: এই দুনিয়ায় চতুষ্পদ জন্তু আছে সর্বমোট ৮ প্রকার। (সুরা ৩৯:৬),3,religious aggression,3,religious aggression,True,0.022392,0.0046265917,0.10696082,0.8236465,0.04237406,0.32316947,0.30740064,0.33880708,0.35921985,0.3295478,0.8236465,0.020412773
495,ovodro_img (794).jpg,একজন ডাক্তার তার রোগীর সেবা করতে কোন ত্রুটি রাখে না,1,gendered aggression,1,gendered aggression,True,0.17084788,0.3976122,0.09259757,0.19961421,0.13932818,0.36099392,0.36944097,0.35486883,0.36255005,0.3589545,0.3976122,0.006890923
496,ovodro_img (656).jpg,গরমে সিদ্ধ হচ্ছিল বলে জামা খুলে ফেললেন একজন বং ক্রাশ,1,gendered aggression,1,gendered aggression,True,0.11518612,0.48665848,0.048091326,0.26245245,0.0876116,0.34051672,0.35492682,0.33178222,0.3487519,0.33778036,0.48665848,0.006174922
497,fb 191.jpg,বন্ধুর সাইজ বন্ধুর বউয়ের সাইজ,1,gendered aggression,2,political aggression,False,0.17170712,0.02184702,0.5109126,0.14706455,0.14846867,0.3523523,0.33173504,0.3632564,0.3508031,0.35089815,0.5109126,0.0109041035
498,in 216.jpg,বিদ্যুৎ দফতরের চাকরি থেকে সাসপেন্ড শান্তনু বন্দ্যোপাধ্যায় দুর্নীতি দূর করলেন মমতা ব্যানার্জী এবার বিদ্যুৎ-এর দাম কমবে...,2,political aggression,2,political aggression,True,0.03324144,0.014733873,0.73180777,0.092321925,0.12789497,0.33174518,0.3236087,0.3626624,0.34196004,0.3452193,0.73180777,0.01744309
499,fb 595.jpg,"বাতাস যাতে নষ্ট না হয়ে যায়, তাই ফ্রিতে কিছু চিপস ও দিয়ে দিছে দেখছি",4,others,4,others,True,0.2769955,0.012271355,0.19738741,0.14129369,0.37205204,0.3541333,0.32296595,0.35074496,0.3474017,0.35708362,0.37205204,0.0029503107
500,in 257.jpg,"তুমি আমাকে 'কয়লা ভাইপো' বলে ডাকলে আমার খুব কষ্ট হয় পিসি আমাকে 'গদ্দার' বললে আমারও কষ্ট হয় সামনে পঞ্চায়েত ভোট চাপ নিস না, হিন্দু মুসলিম খেলা খেলে এটাও পার করে দেবো",2,political aggression,3,religious aggression,False,0.16365065,0.03323091,0.22978473,0.31434336,0.25899038,0.33697528,0.32103276,0.34036937,0.34350282,0.34156585,0.31434336,0.0019369721
501,Bangla Thug Life (220).jpg,বাপের বাড়ি থেকে বউ ফিরে এসে স্বামীর সাথে প্রথম রাত্রিযাপনের পর *বউ,1,gendered aggression,3,religious aggression,False,0.0975307,0.13208166,0.09701566,0.48220113,0.19117086,0.33687755,0.3399101,0.3368246,0.3528595,0.34360754,0.48220113,0.009251952
502,fb 1435.jpg,অষ্ট প্রহর গাইত পিসি আওয়াজ করে মিহি; *এসব সিপিয়েমের চক্রান্ত* ম্যাও ম্যাও ম্যও বাকুম বাকুম ভৌ ভৌ চীহি,2,political aggression,2,political aggression,True,0.04489549,0.021584108,0.81198263,0.0567883,0.064749464,0.33580306,0.32847926,0.3647545,0.338153,0.33946496,0.81198263,0.025289536
503,ovodro_img (373).jpg,বই মেলায় আমার লেখা বই পাওয়া যাচ্ছে !! কিনবেন সবাই । মরন হবে কত দিনে ??,2,political aggression,2,political aggression,True,0.041118737,0.016721305,0.6193932,0.26304212,0.059724566,0.33387876,0.32488096,0.3610015,0.35243726,0.33761156,0.6193932,0.008564234
504,pin 39.jpg,দূর্বল সেতুর ওপর ভারী যানবাহন চলাচল নিষেধ করা হোক !,4,others,3,religious aggression,False,0.10690373,0.13057213,0.07534397,0.59048015,0.09670003,0.3305714,0.3325714,0.32707274,0.34766147,0.32956827,0.59048015,0.015090078
505,ovodro_img (707).jpg,তোদের বাবা কোথায় গিয়ে লুকিয়ে পড়ল ! আসছেই না তাড়াতাড়ি কর । তোমার বৌ আর ছেলে মেয়ে তোমার কথাই বলছে,1,gendered aggression,1,gendered aggression,True,0.07610457,0.26200208,0.2082633,0.250818,0.20281202,0.35702315,0.3693856,0.3670901,0.36894935,0.36682487,0.26200208,0.0004362464
506,fb 1406.jpg,"তারপর সে বললো; ""চীনা অ্যাপ ব্যান করে দিলে ভবিষ্যতে ভারতবর্ষ সস্তা এবং সহজলভ্য দেশীয় পণ্য তৈরি করতে পারবে""",2,political aggression,0,non-aggressive,False,0.39252284,0.029341558,0.09974479,0.24668151,0.2317093,0.3473754,0.3214395,0.33367562,0.34273046,0.3421043,0.39252284,0.0046449304
507,Halal Memes (93).jpg,নাসির খান সীমিত আকারের নাসির খান,4,others,2,political aggression,False,0.12541531,0.01640491,0.3998116,0.29724628,0.16112186,0.34302998,0.32268947,0.35462362,0.35165927,0.34553528,0.3998116,0.0029643476
508,tangaila (112).jpg,যখন ঈদে কেউ সেলামী না দেয় তখন আমি :,0,non-aggressive,3,religious aggression,False,0.16972585,0.035698142,0.25551185,0.27100188,0.26806232,0.351421,0.33583015,0.35551187,0.3561004,0.35599136,0.27100188,0.0001090467
509,Halal Memes (197).jpg,বার্ষিক পরীক্ষায় কম নাম্বার পেয়েও মা-বাবাকে বুঝিয়ে শুনিয়ে বেঁচে যাওয়া আমি পাশের বাসার আন্টি,0,non-aggressive,2,political aggression,False,0.10346345,0.031797323,0.41640535,0.07295298,0.37538093,0.3553352,0.34353685,0.3692596,0.35184118,0.36822242,0.41640535,0.0010371804
510,blog 328.jpg,"ইছলামের নবী সবাইরে সতর্ক কইরা দিয়া বলসে, পিচ্চি ইন্দুরও কিন্তু বাড়িতে আগুন ধরায়ে দিতে পারে। জেরির এমন ক্ষমতার কথা পইড়া টম... (সহি মুসলিম, বই ২৩, হাদিস ৪৯৯৪)",3,religious aggression,2,political aggression,False,0.18922372,0.024547774,0.36164454,0.21768552,0.20689847,0.35255364,0.33213055,0.35903096,0.35395485,0.3534466,0.36164454,0.0050761104
511,fb 1916.jpg,লু পোস্ত এভাবে কি দেখেন ভাই? ক্রাশ বলেছে 'তাকে পেতে হলে রান্না শিখতে হবে' তাই রান্না শিখছি,1,gendered aggression,2,political aggression,False,0.08300839,0.03416288,0.45873624,0.29973426,0.12435821,0.34425485,0.33537683,0.36135018,0.35709438,0.3482971,0.45873624,0.0042558014
512,blog 331.jpg,"প্রার্থনার চূড়ান্ত মুহূর্তে আপনের চেহারা দেখলে মনে হয়, কোষ্ঠকাঠিন্য আক্রান্ত অবস্থায় আপনে টয়লেটে বইসা রইসেন।",3,religious aggression,3,religious aggression,True,0.23854597,0.050574765,0.097363144,0.51642376,0.09709238,0.33458138,0.31907028,0.32562023,0.34230503,0.3255924,0.51642376,0.0077236593
513,ovodro_img (749).jpg,মোদিজি কাশ্মীরে আমাকে বাড়ি বানানোর জন্য ১০ কাঠা জায়গা দিয়ে দিন প্লিজ তুই ভারতে পার রাখলেই তোকে জুতোর মালা পরিয়ে পোঁদে মিসাইল বেধে পাকিস্তানে পাঠিয়ে দেব শালা,2,political aggression,2,political aggression,True,0.037790935,0.008061668,0.7606106,0.10105819,0.09247867,0.32773843,0.31228894,0.35775894,0.3375747,0.3366875,0.7606106,0.020184249
514,Bangla Thug Life (124).jpg,"যখন তুমি কিউট ইন্সটা কুইন হইতে যাইয়া ভাত পাও না, কিন্তু দুধ শো-অফ কইরা অনেক গুলা লাইক কামাই ফেলো",1,gendered aggression,1,gendered aggression,True,0.043239046,0.7143155,0.01706123,0.085908495,0.1394757,0.3489138,0.37695962,0.33961445,0.35577917,0.36062527,0.7143155,0.016334355
515,fb 1291.jpg,রেস্টুরেন্ট সামলাই ছাগলের চাহিদাও সামলাই,4,others,0,non-aggressive,False,0.3404209,0.019312862,0.17145473,0.28171545,0.18709612,0.35988614,0.33119202,0.3530275,0.35799327,0.35390052,0.3404209,0.0018928647
516,fb 1621.jpg,নাস্তিকদের যুক্তি কোরআন মিথ্যা কারন কোরআন অসম্পূর্ণ কেনোনা কোরআনে আমার নাম নেই এবং আমার বাপ ১৪ গোষ্ঠীর নাম নেই তাই কোরআন মিথ্যা অসম্পূর্ণ,3,religious aggression,2,political aggression,False,0.098810814,0.02457106,0.38426584,0.29829207,0.19406016,0.31817192,0.30425555,0.3317532,0.32922056,0.32492152,0.38426584,0.0025326312
517,fb 1008.jpg,অর্থের পাহাড় করেছি কারণ অর্থ থাকলে গর্তের অভাব পরেনা!,1,gendered aggression,3,religious aggression,False,0.04858684,0.00690442,0.37593034,0.49047765,0.07810079,0.33847836,0.31896645,0.35893887,0.3615986,0.34322482,0.49047765,0.002659738
518,in 333.jpg,দেখতে পাচ্চো বিনোদ দিদির ভুতেরা কেমন পাড়ায় পাড়ায় বাটাম খাচ্ছে...,2,political aggression,2,political aggression,True,0.1590096,0.04977208,0.38209662,0.11738818,0.29173356,0.35225403,0.3406389,0.36102113,0.34921926,0.3583228,0.38209662,0.002698332
519,ovodro_img (539).jpg,আমার এবার তিনজন ছেলেকে বিয়ে করা হবে এরম বারে বারে বিয়ে না করে আমাকে বলতে পারিস তো একসাথে কয়েকটা ছেলে পাঠিয়ে দিতাম,4,others,2,political aggression,False,0.087901376,0.0812152,0.5478323,0.1170637,0.16598739,0.32967317,0.328882,0.3479707,0.3325382,0.33603013,0.5478323,0.011940569
520,bamboo-vaiya (275).jpg,*১০০০ টাকা দাম বলা দোকানদার *৩০০ টাকা দাম বলা আমি* *৩০০ টাকায় রাজি হয়ে যাওয়া দোকানদার* *মজা করতে গিয়ে মাইনকা চিপায় পরা আমি*,0,non-aggressive,2,political aggression,False,0.06495031,0.0077131833,0.6959043,0.07740157,0.15403067,0.35426468,0.33295774,0.37798056,0.35601854,0.36289996,0.6959043,0.015080601
521,blog 156.jpg,"অদৃশ্য ও কাল্পনিক কিছু সত্তার উপাসনা করতে গির্জা, মসজিদ, মন্দির, প্যাগোডা, সিনাগগ ও অন্যান্য উপাসনালয় নির্মাণের পেছনে ব্যয় করা হয়েছে ট্রিলিয়ন ট্রিলিয়ন ডলার... কল্পনা করে দেখুন, এই পরিমাণ অর্থ যদি ব্যয় করা হতো স্কুল, হাসপাতাল ও আশ্রয়স্থল নির্মাণের পেছনে...",3,religious aggression,3,religious aggression,True,0.053668704,0.0018809317,0.08230021,0.8268653,0.035284918,0.30671725,0.27320662,0.3109927,0.33406535,0.3025235,0.8268653,0.02307266
522,KAM (194).png,সবাই জান্নাতে যেতে চায় কিন্তু কেউ মরতে চায় না !! তেমনি সবাই ভাল রেজাল্ট করতে চায় কিন্তু কেউ পড়তে চায় না !!,0,non-aggressive,2,political aggression,False,0.17032278,0.026253901,0.40810487,0.2019888,0.19332963,0.3446682,0.3259694,0.3534065,0.34637338,0.3459352,0.40810487,0.0070331097
523,tangaila (171).jpg,পোলা গেছিলো সখিপুর বিয়া করতে অতঃপর তার অবস্তা :-,0,non-aggressive,2,political aggression,False,0.19235665,0.032462664,0.3270275,0.2305609,0.21759231,0.32481465,0.30702204,0.33012158,0.3266263,0.32604736,0.3270275,0.003495276
524,Halal Memes (293).jpg,ক্লাসে প্রেজেন্ট দিয়ে বেঞ্চে বসতে যাওয়া বন্ধু* *পিছন থেকে কলম খাঁড়া করে রাখা আমি,4,others,4,others,True,0.13137719,0.1000869,0.14496547,0.2196221,0.40394843,0.33660358,0.33388326,0.33758783,0.34174195,0.34783575,0.40394843,0.0060938
525,in 220.jpg,এবার নিয়োগ দুর্নীতিতে ধৃত কুন্তল ঘোষের স্ত্রীকে তলব ইডির কুন্তলেরও কি আমার মতো ফ্যামিলি প্যাকেজ??,2,political aggression,2,political aggression,True,0.037206594,0.1173396,0.37246802,0.33281893,0.14016683,0.33935407,0.3508399,0.3623907,0.36126518,0.35261753,0.37246802,0.0011255145
526,blog 47.jpg,"কুকুর গাধা নারী ইছলামে এরা এক কাতারে নবীজি বলেছে, নামাজরত মানুষের সামনে দিয়ে কুকুর, গাধা বা নারী হেঁটে গেলে সেই নামাজ আল্যা গ্রহণ করে না । ( বুখারি খণ্ড ১, বই ৯, হাদিস ৪৯০)",3,religious aggression,3,religious aggression,True,0.19028597,0.028520433,0.16460592,0.5089112,0.10767646,0.32265556,0.3036765,0.32120582,0.332493,0.3169616,0.5089112,0.009837449
527,ovodro_img (284).jpg,শুনলাম তুই নাকি প্রেম করছিস ? অত চিন্তা করিস না । ব্রেকআপ হলে পাড়ার ছেলেদের দিয়েই কাজ চালাব ।,1,gendered aggression,4,others,False,0.25135264,0.13560027,0.13118133,0.12884837,0.35301745,0.345597,0.33942553,0.33909422,0.3389148,0.3489936,0.35301745,0.0033966005
528,blog 136.jpg,"আল্যা যদি মানুষকে স্বাধীন ইচ্ছাশক্তি দিয়েই থাকে, তাহলে সবকিছুই আল্যার পরিকল্পনার অংশ হয় কীভাবে? আর সবকিছু যদি আল্যার পরিকল্পনার অংশই হয়ে থাকে, তাহলে মানুষের স্বাধীন ইচ্ছাশক্তি থাকে কীভাবে?",3,religious aggression,3,religious aggression,True,0.13711938,0.039110113,0.22661471,0.47687873,0.12027706,0.3346745,0.3221298,0.3396985,0.34713858,0.33336395,0.47687873,0.00744009
529,Halal Memes (45).jpg,ক্রাশকে চার পাচটা ম্যাসেজ দেওয়ার পর ক্রাশ যখন বিরক্ত হয়ে যায় এতো কম সহ্য শক্তি নিয়ে বেঁচে আছো কি করে,0,non-aggressive,2,political aggression,False,0.12699729,0.020652568,0.47952238,0.19475678,0.17807099,0.33749866,0.3193354,0.3507849,0.34177452,0.34087884,0.47952238,0.009010375
530,pin 53.jpg,কেবলমাত্র আর একটা 'সেস' কেবলমাত্র আর একটা 'কড়ি নিন্দা' কেবলমাত্র আর একটা বিদেশ ভ্রমণ কেবলমাত্র আর একটা 'ডিচক্যাও',2,political aggression,2,political aggression,True,0.05259125,0.0072577614,0.77645147,0.081129305,0.082570225,0.32009536,0.30029058,0.34701723,0.32443032,0.32460636,0.77645147,0.02241087
531,fb 1660.jpg,জীব্রিল ! উপ্রের দুইদল তো পরিচিত ! নীচের গুলান কারা ..? হুজুর এরা হলু নিরপেক্ষতার আড়ালে থাকা সুবিধাবাদিরা... এজিদ বাহিনী হোসেন বাহিনী বিশ্বের ছুন্নি এক হও শোহদায়ে কারবালার স্মরনে উজ্জীবিত হয়ে আমরাও শহীদ হইতে চাই !,3,religious aggression,2,political aggression,False,0.017817762,0.009134663,0.47483703,0.45365304,0.04455747,0.32057118,0.31388998,0.35339895,0.35294253,0.329737,0.47483703,0.00045642257
532,fb 1401.jpg,মৌলানা: হোমোসেক্সুয়ালিটি হারাম হোমোসেক্সুয়ালরা জাহান্নামের আগুনে পুড়বে। মৌলানা যখন সে মাদ্রাসার কোনো ছাত্রের সাথে কিছুক্ষণ একা থাকার সুযোগ পায়:-,3,religious aggression,3,religious aggression,True,0.032632805,0.0026127824,0.025420466,0.92436075,0.014973195,0.34351698,0.31826794,0.34101933,0.3769548,0.33572638,0.92436075,0.03343782
533,fb 25.jpg,যখন তুমি পাশের বাসার আন্টির হারমোনিয়াম সংগীতের জ্বালায় ঘুমাতে পারো না,0,non-aggressive,0,non-aggressive,True,0.5506735,0.038785663,0.074578166,0.25721678,0.07874591,0.34508705,0.31855613,0.3250941,0.33747482,0.3256379,0.5506735,0.0076122284
534,fb 2012.jpg,ইনি ৫-০ গোলে ম্যাচ জিতে ৫ আঙ্গুল দেখান আর ইনি ম্যাচ হেরে গিয়ে দম্ভ নিয়ে ইতিহাস টেনে আনে যা কিনা সে সাবেক ক্লাব গুলোর হয়ে জিতেছে,4,others,4,others,True,0.32575038,0.056966953,0.039813366,0.20174825,0.37572098,0.34973532,0.33229876,0.32871604,0.34494424,0.3511625,0.37572098,0.0014271736
535,Halal Memes (10).jpg,যৌতুক নেয়া নিষেধ' বলতে থাকা হেডস্যার: যৌতুকে পাওয়া মোটরসাইকেল নিয়ে স্কুলে আসা ক্লাসটিচার:,0,non-aggressive,3,religious aggression,False,0.103530765,0.10359278,0.24879266,0.34825367,0.19583012,0.33424425,0.3342502,0.34301174,0.34637487,0.340618,0.34825367,0.0033631325
536,in 393.jpg,"চপ ভেজে ও ঝালমুড়ি বিক্রি করে বিক্ষোভ প্রদর্শন গ্রুপ ডি চাকরিপ্রার্থীদের.... এরা চাকরিপ্রার্থী নয়, এরা সিপিমের এজেন্ট!",2,political aggression,2,political aggression,True,0.015339249,0.022621349,0.86842,0.027196718,0.066422686,0.30958033,0.31346512,0.34994292,0.31530714,0.32423657,0.86842,0.02570635
537,fb 2003.jpg,মহাবিশ্বের কিছু অপ্রয়োজনীয় জিনিস-,4,others,2,political aggression,False,0.20777085,0.085177965,0.38846183,0.15637247,0.16221692,0.37073386,0.36181694,0.37699148,0.3678919,0.36825886,0.38846183,0.0062576234
538,Halal Memes (276).jpg,*আমি ব্যবহারিক খাতা ওকে নিয়ে আমি এখন কোথায় যাবো ?,0,non-aggressive,3,religious aggression,False,0.11327259,0.060046043,0.2582047,0.3428495,0.2256272,0.34116268,0.33481583,0.34940225,0.3522376,0.34805354,0.3428495,0.0028353631
539,fb 1135.jpg,সাধারণ মানুষের আদি পিতা মাতা শাহবাগীদের আদি পিতা মাতা,4,others,2,political aggression,False,0.1270147,0.029439442,0.40155703,0.38401708,0.057971716,0.34733734,0.33271766,0.3588478,0.35840118,0.33949387,0.40155703,0.0004466176
540,fb 1087.jpg,"শুনলাম প্রতিভার নামে নাকি এক পোলা নিজের পুরুষত্ব বিসর্জনে দিছে, হু কাকা এই পোলায়",4,others,2,political aggression,False,0.16999401,0.053160224,0.38683206,0.20447545,0.18553822,0.35147047,0.33984596,0.35969278,0.35331732,0.35234547,0.38683206,0.006375462
541,fb 641.jpg,তার মন ছিলো একদম লোকাল বাস এর মতো যখন যার ইচ্ছা উঠে পড়ত,0,non-aggressive,4,others,False,0.27792454,0.0428031,0.16447966,0.23089322,0.28389952,0.34713584,0.32842848,0.34189022,0.3452819,0.34734857,0.28389952,0.00021272898
542,Bangla Thug Life (199).jpg,বিদেশ ফেরত স্বামী যখন পাঁচ বছর পর দেশে এসে স্ত্রীর সাথে প্রথম রাত্রিযাপনের পর স্ত্রী: পাছাডা ধ্বংস কইরা লাইছিরে ভাই,1,gendered aggression,4,others,False,0.1651208,0.13835412,0.1514829,0.2040269,0.34101534,0.3186652,0.3168966,0.31780314,0.32078096,0.3259177,0.34101534,0.0051367283
543,fb 1795.jpg,কাচ্চি ভাই জর্দা রঙের নাম করে 'কৃত্রিম রং' খাওয়ায় দিবো* খাশির মাংসের নাম করে কুত্তা-বিলাই খাওয়ায় দিবো,4,others,4,others,True,0.18733689,0.026822887,0.06693068,0.1246206,0.594289,0.36266163,0.3432251,0.35236913,0.35858527,0.3742062,0.594289,0.011544555
544,fb 718.jpg,প্রাইভেট না পড়ায় পিটিয়ে ছাত্রীর হাত ভাঙলেন শিক্ষক! প্রাইভেট না পড়া ছাত্রীগণঃ একি বিপদে পড়লাম!,0,non-aggressive,2,political aggression,False,0.13754483,0.01838156,0.5423489,0.16560595,0.1361188,0.33763984,0.31751382,0.35135943,0.33949646,0.33753562,0.5423489,0.011862963
545,fb 110.jpg,দুনিয়ায় দুই টাইপের পাবলিক আছে রেগুলার সকালে উঠা পাবলিক পার্ট-টাইম সকালে উঠা পাবলিক,0,non-aggressive,3,religious aggression,False,0.23189032,0.015777567,0.19436827,0.36724773,0.19071612,0.31002855,0.2831518,0.30826345,0.31462628,0.30807376,0.36724773,0.0045977235
546,fb 1230.jpg,সেকু নেতাদের মিলন কেন্দ্র ওস্তাদ! !! বায়ে চাপায়া যান সামনে কিছু অব্যবহৃত মগজ পইড়া আছে! চাক্কা লাগলে ক্ষতি হইতে পারে!,3,religious aggression,2,political aggression,False,0.04391994,0.019569963,0.59369665,0.29308948,0.04972398,0.3214017,0.31331795,0.34744167,0.34038275,0.32264286,0.59369665,0.0070589185
547,blog 384.jpg,"জগদীস বসু নাকি আবিষ্কার করসে গাছের প্রাণ আছে! অথচ তার ১০০০ বছর আগে ইছলামের নবী বইলা গেছে, গাছ কথা কইতে পারে গাছ প্রাণহীন হইলে সেইটা সম্ভব হইতো? (বুখারি, খণ্ড ৫, বই ৫৮, হাদিস ১৯৯)",3,religious aggression,2,political aggression,False,0.17758052,0.017504483,0.4055194,0.21719222,0.18220341,0.35697052,0.33380085,0.36522797,0.3589841,0.3572275,0.4055194,0.0062438548
548,in 632.jpg,ভালো করে জুম করে দেখুন নিন্দুকেরা বলবে উনি ক্যামেরার দিকে তাকিয়ে আছেন আসলে উনি লক্ষীট্যারা,2,political aggression,3,religious aggression,False,0.017295105,0.0025627427,0.1071795,0.8450509,0.027911702,0.3304018,0.31130835,0.34864262,0.36929154,0.33518803,0.8450509,0.020648926
549,fb 1520.jpg,"ইসলাম শান্তির ধর্ম। সব ধর্মই শান্তির ধর্ম ভাই | চুপ ল্যাওড়া, বলছি ইসলাম শান্তির ধর্ম মানে শুধুমাত্র ইসলামই হলো শান্তির ধর্ম |",3,religious aggression,3,religious aggression,True,0.055328768,0.061480716,0.05425365,0.6743973,0.15453951,0.35463032,0.35568464,0.35443407,0.37963557,0.3649019,0.6743973,0.014733672
550,fb 927.jpg,ভার্সিটিতে শুধু চিল আর চিল !,0,non-aggressive,3,religious aggression,False,0.1606371,0.0014063291,0.26513997,0.47259998,0.10021667,0.3602086,0.31282693,0.36521968,0.3709996,0.35549045,0.47259998,0.005779922
551,blog 169.jpg,"""কোরান থেকে তথ্য উদ্ধৃত করে আপনি আমার যুক্তিকে কুপোকাত করেছেন"" গোঁড়া নাস্তিকেরা এ কথাটা স্বীকারই করতে চায় না!",3,religious aggression,4,others,False,0.2521928,0.07909788,0.13608985,0.23655106,0.29606837,0.34128356,0.3296885,0.33511478,0.34064326,0.34288752,0.29606837,0.001603961
552,fb 146.jpg,কলেজের এডমিশন এর রেসাল্ট দিবে বলছিল,0,non-aggressive,2,political aggression,False,0.11681471,0.008492752,0.55657375,0.18139678,0.13672192,0.3521042,0.32589042,0.3677163,0.35650516,0.35367778,0.55657375,0.011211157
553,ovodro_img (398).jpg,দয়া পাতা লাগাও দিদির ধর্নায় বসার মূল উদ্দেশ্য কী ?? পিছনে ল্যাংটো মাগা লেলিয়ে দেব বোকাসোডা,2,political aggression,2,political aggression,True,0.038396414,0.026111463,0.71021146,0.115239516,0.11004119,0.33742195,0.33356607,0.36659795,0.34841245,0.34795088,0.71021146,0.018185496
554,fb 2070.jpg,"রিয়েল মাদ্রিদে জয়েন করবো ভাবছি ভাই, তাই একটু ওই আর কি হে হে ... হ্যাঁরে, আজ ওভাবে নাটক করলি কেন ?",4,others,0,non-aggressive,False,0.4368437,0.047562666,0.11020643,0.116752505,0.28863475,0.33680063,0.31462538,0.32302845,0.32360545,0.3326565,0.4368437,0.004144132
555,blog 292.jpg,"এটা গঙ্গার জল, তা বুঝলাম কিন্তু এতে তো পয়ঃনিষ্কাশন আর নর্দমার ময়লাই দেখছি শুধু! পাপ কই?",3,religious aggression,0,non-aggressive,False,0.45025736,0.031933192,0.19767022,0.2070697,0.113069475,0.34476435,0.31830263,0.33653218,0.33699673,0.3309462,0.45025736,0.0077676177
556,fb 2013.jpg,এইবার বুঝলাম চেলসির এই অবস্থা কেন??,4,others,0,non-aggressive,False,0.29689357,0.03418474,0.2574413,0.14201324,0.26946706,0.3376723,0.31605637,0.3362465,0.33029777,0.33670303,0.29689357,0.00096926093
557,fb 1719.jpg,"মা আমি বড় হয়ে জ্ঞ্যানী এবং ধার্মিক হব না বাবা, দুটো একসাথে হওযা যায় না",3,religious aggression,4,others,False,0.16374238,0.11994784,0.1377992,0.26536173,0.3131488,0.34087145,0.33775908,0.3391465,0.34569946,0.3473553,0.3131488,0.0016558468
558,in 432.jpg,সৌরভ গাঙ্গূলির বিরুদ্ধে অন্যায় হয়েছে আর আমাদের সাথে ন্যায় হয়েছে!?,2,political aggression,2,political aggression,True,0.028168125,0.075791545,0.7575285,0.06189536,0.076616526,0.33302587,0.34292382,0.36594456,0.3408984,0.34303206,0.7575285,0.022912502
559,bangla-troll (8).jpg,"এর মালিক আম্মু, আমার ঘুম হারাম হওয়ার কারণ একমাত্র ওই হালা জুকার !",0,non-aggressive,2,political aggression,False,0.07282718,0.02311301,0.37187,0.31234184,0.21984798,0.33665898,0.32518202,0.35296354,0.35121906,0.34770745,0.37187,0.0017444789
560,fb 1938.jpg,ছেলে কি করে? ছেলে সারাদিন পমপম পমপম করে বাবা আমি রাজি,1,gendered aggression,3,religious aggression,False,0.1656766,0.052996263,0.24891981,0.39287615,0.13953125,0.3442322,0.33283406,0.34830314,0.35286677,0.34251472,0.39287615,0.0045636296
561,in 327.jpg,আপনারা কারা? আমরা দিদির দূত দিদির ভূত? ভূত নয় দূত,2,political aggression,2,political aggression,True,0.092485934,0.020963617,0.5526025,0.12777662,0.20617135,0.34467334,0.32983068,0.3625492,0.3479056,0.35268986,0.5526025,0.0098593235
562,Halal Memes (29).jpg,"শিক্ষক:- সবাই সবার হোমওয়ার্ক বের করো, আমি উত্তর বলতেছি সবাই মিলাইয়া নেও । ব্যাকবেঞ্চার:-",0,non-aggressive,4,others,False,0.15408301,0.02733503,0.23776157,0.23843458,0.3423858,0.33149135,0.31419814,0.33582914,0.3358574,0.3394758,0.3423858,0.0036184192
563,direct-offense (17).jpg,তুই একটা বাইঞ্চোদের ছেলে তুই একটা খানকির ছেলে তুই একটা বারোভাতারির ছেলে তুই শ্রাবন্তির ছেলে ছিঃ ছিঃ এত বড় অপমান ,4,others,2,political aggression,False,0.07869075,0.019837026,0.49925694,0.20883225,0.19338301,0.3491094,0.33532965,0.36758536,0.3588695,0.3581009,0.49925694,0.008715868
564,fb 745.jpg,বাথরুমে ঢুকে লাইট বন্ধ করে দিয়েছি কারণ আগেরবার আফ্রিকার জঙ্গল পরিষ্কার করার সময় বন্ধু ভিডিও করে আমাকে ব্লাকমেইল করছিলো,0,non-aggressive,0,non-aggressive,True,0.31203404,0.029704712,0.21900553,0.2859085,0.15334727,0.3572942,0.33377612,0.35375404,0.3564198,0.35019013,0.31203404,0.00087440014
565,ovodro_img (108).jpg,"চল মধু , আমরা ঠাকুর দেখতে যাব তোমরা যাও তাহলে এটাই ছিল তোমার প্লান ? হ্যাঁ, সুযোগ পেলে ওভারটাইমে ইনকাম করি লা এ হতে পালে লা",4,others,3,religious aggression,False,0.14101847,0.025754508,0.30097973,0.34688306,0.18536422,0.31439042,0.2973876,0.32197192,0.32339138,0.31712472,0.34688306,0.0014194548
566,in 97.jpg,কাকলি ফার্নিচারের মালিকের ছেলে : এমন কোনো মিমার বাদ নেই যে আমার বাবার কোম্পানিকে প্রমোট করেনি,4,others,2,political aggression,False,0.122625306,0.014461191,0.39976045,0.37978145,0.08337156,0.34334594,0.3219693,0.35516328,0.3546506,0.33948767,0.39976045,0.00051268935
567,fb 202.jpg,ট্রেন টু বুসান ট্রেন টু মোহাম্মদপুর,4,others,2,political aggression,False,0.16505148,0.015799921,0.39015055,0.15563403,0.27336407,0.34956372,0.32610118,0.35816646,0.3489762,0.3546092,0.39015055,0.0035572648
568,tangaila (91).jpg,যখন আপনি মেহেদী লাগাতে চান কিন্তু মেহেদী আপনাকে উল্টো লাগিয়ে দেয়,1,gendered aggression,1,gendered aggression,True,0.11595545,0.4017815,0.1064002,0.23828934,0.13757344,0.31971145,0.33213848,0.31885147,0.32691425,0.32142097,0.4017815,0.005224228
569,blog 376.jpg,মুছলিম জঙ্গি আমার দোষ নাই। সে প্রথমে লিখসে।,3,religious aggression,3,religious aggression,True,0.10532657,0.014121854,0.218172,0.5913068,0.071072854,0.33339107,0.31329766,0.34067324,0.35064375,0.3294575,0.5913068,0.009970516
570,ovodro_img (79).jpg,এশিয়া কাপে অংশগ্রহন করব । আসছি আমি ......,4,others,2,political aggression,False,0.24734688,0.027670365,0.35827807,0.14542381,0.22128092,0.35133234,0.32942802,0.3550375,0.34602094,0.35021874,0.35827807,0.0037051737
571,tangaila (325).jpg,বিন্দুবাসিনী গার্লস ছুটি দেওয়া বিদ্যমান লে ফাকবয় :-,1,gendered aggression,2,political aggression,False,0.27194744,0.0402281,0.2811114,0.21829097,0.18842208,0.3253433,0.3062329,0.32567474,0.32314554,0.32167408,0.2811114,0.00033143163
572,fb 1706.jpg,ধুপ দুই প্রকার.... এক মশা মারার জন্য দুই ভগবান ডাকার জন্য পার্থক্য একটাই মশা যায়না আর ভগবান আসেনা,3,religious aggression,4,others,False,0.14132902,0.048984554,0.2655586,0.24963011,0.29449767,0.34785962,0.33726376,0.35416704,0.35354853,0.35520142,0.29449767,0.001034379
573,in 621.jpg,"অচেনা 'ঐক্য' বড়তলায়, থানার সামনে একসঙ্গে অবরোধে বিজেপি, সিপিএম, কংগ্রেস অবাধ ও শান্তিপূর্ণ ভোট হচ্ছে আর সিপেম, কংগ্রেস, বিজেপি জোট করে কুৎসা করছে... ওরে বোকাদাদা, ওটা অবাধ সন্ত্রাসপূর্ণ হবে...",2,political aggression,2,political aggression,True,0.055249657,0.009177346,0.7018588,0.1033275,0.13038671,0.33339906,0.3154478,0.35881776,0.33965945,0.34198546,0.7018588,0.016832292
574,KAM (152).png,জমিদার সাহেব.... শুধু টাকা দিয়ে ফেসবুক চালানো যায় তা ঠিক না গ্রামিন ফোনে ফেসবুক ফ্রি !!!,0,non-aggressive,2,political aggression,False,0.080149904,0.008085942,0.5380397,0.2744005,0.09932404,0.32716587,0.30422816,0.3462062,0.33947277,0.32931077,0.5380397,0.0067334175
575,Bangla Thug Life (234).jpg,যে রাধে সেই পা কাধে তুলে দেয়,1,gendered aggression,1,gendered aggression,True,0.15091816,0.44673502,0.098546945,0.12523875,0.17856123,0.3488406,0.35969287,0.34457853,0.34697545,0.35052255,0.44673502,0.009170324
576,ovodro_img (461).jpg,"দিপিকাকে কিস করেছিস ? হ্যাঁ, আজকেও লিপ কিস করে এসেছি ! অতঃপর রনবীর কাপুর",4,others,2,political aggression,False,0.2083085,0.028653583,0.29421854,0.23536472,0.2334547,0.32083458,0.30099717,0.3242876,0.32205573,0.32197428,0.29421854,0.0022318661
577,fb 1583.jpg,আমি মিলিয়ন বছর ধরে বিবর্তন হয়ে আজকে মুক্তচিন্তা করে নাস্তিক্যধর্মের অনুসারী হয়েছি।,3,religious aggression,2,political aggression,False,0.053387318,0.008366862,0.61100185,0.2517044,0.07553962,0.33809257,0.31955963,0.36246783,0.3535994,0.3415634,0.61100185,0.008868426
578,fb 347.jpg,"তুমি কি আমার জন্য এখনও কবিতা লিখো? নাহ, চটি লিখি শুনবা?",1,gendered aggression,4,others,False,0.22626032,0.11211385,0.15612862,0.077739306,0.42775795,0.32513136,0.31810963,0.32142127,0.3144481,0.33150005,0.42775795,0.0063686967
579,tangaila (274).jpg,পেনাল্টি রোনালদো তুই আর আমি তো একই,4,others,4,others,True,0.18687513,0.069009215,0.17382766,0.21164258,0.3586454,0.34046432,0.33050233,0.33974057,0.3417089,0.34698325,0.3586454,0.0052743554
580,ovodro_img (139).jpg,"পাওলি আজ দিবি চাটতে ? হ্যাঁ, যেকোন সময় আয় খা*কি মা* বলিস নি কেন ? আজ তোর টেস্ট ম্যাচ চলছে !",1,gendered aggression,3,religious aggression,False,0.051353917,0.10499182,0.29433447,0.3414691,0.20785071,0.33863044,0.34578186,0.3560902,0.3575756,0.35261124,0.3414691,0.0014854074
581,fb 1021.jpg,মামা সামনে আমার এক্স উপর দিয়া তুইলা দেন আচ্ছা দশ টাকা বেশি দিয়েন ওস্তাদ উপর দিয়া দেন তুইলা,4,others,2,political aggression,False,0.15115078,0.020068875,0.5570231,0.098173514,0.17358369,0.33390516,0.31371406,0.34694844,0.32958972,0.33528897,0.5570231,0.011659473
582,chosha (67).jpg,জান বিয়ে করবা তো ... ? হ্যাঁ জান করবো তাহলে ভিতরে ফেলো,1,gendered aggression,2,political aggression,False,0.12267586,0.18068038,0.31093502,0.16897121,0.2167375,0.3431054,0.34697723,0.3524058,0.34630722,0.3487968,0.31093502,0.0036089718
583,fb 1015.jpg,ভাই তুই একা না আমাদেরও বিটিএস হেটার মেয়ে ভাল লাগে,4,others,0,non-aggressive,False,0.2942717,0.009379328,0.25835794,0.2558394,0.18215166,0.3507564,0.31629646,0.34945485,0.3493569,0.34595978,0.2942717,0.0013015568
584,KAM (389).jpg,"ছোটবেলায় আম্মু কপালে কালো টিপ দিয়ে দিত, যাতে কারো নজর না লাগে শালার টিপে এত কার্যকারিতা যে, বয়স এত হয়ে গেল তাও কোন মেয়ের নজরে পড়লাম না",0,non-aggressive,3,religious aggression,False,0.14656478,0.03939234,0.27511737,0.30374518,0.23518035,0.34391105,0.3307721,0.35020837,0.35119826,0.3486399,0.30374518,0.0009898841
585,fb 1628.jpg,???? ???? যখন নাস্তিকদের কাছে ভালো আর খারাপের মানদন্ড কি জানতে চাওয়া হয়,3,religious aggression,2,political aggression,False,0.13991751,0.025691254,0.29216987,0.29113516,0.25108626,0.3232536,0.30630457,0.3306164,0.33058095,0.32910103,0.29216987,3.5464764e-05
586,ovodro_img (362).jpg,"যখন কাছে ব্লাউজ থাকে না আর ক্রাশ পাস দিয়ে যায়, তাই রোমাল দিয়ে ব্লাউজ বানিয়ে নেয় !!",1,gendered aggression,1,gendered aggression,True,0.08782269,0.450886,0.1055709,0.24365546,0.11206499,0.33831808,0.354677,0.3401587,0.34852242,0.34075564,0.450886,0.006154567
587,fb 1018.jpg,সাইকোপ্যাথ সিরিয়াল কিলার যারা স্কুল / কলেজ গিয়ে টিকটক করে,4,others,4,others,True,0.24239941,0.018987637,0.23189637,0.22156508,0.28515145,0.35322636,0.32775837,0.35278338,0.35232764,0.35485068,0.28515145,0.001624316
588,fb 1360.jpg,বিজেপি মুখপাত্র তাজিন্দর পাল বাগা:- যারা হিটলারের মতো আচরণ করবে; তাদের মৃত্যুও হিটলারের মতো হবে হিটলারকে আদর্শ হিসেবে মেনে চলা আরএসএস:-,2,political aggression,2,political aggression,True,0.018458012,0.0020966344,0.69661707,0.24266315,0.04016511,0.3219548,0.30020314,0.35826218,0.34771657,0.3297298,0.69661707,0.010545611
589,fb 373.jpg,কে আবার রটাচ্ছে যে এবার মহালয়া মোদির জন্মদিনের দিন পড়েছে বলে মা দুর্গা মহালয়ার এক মাস পরে আসবে বলেছে,2,political aggression,3,religious aggression,False,0.04576614,0.004363994,0.3670106,0.5368629,0.045996383,0.31890386,0.2954023,0.33972234,0.34352586,0.31895405,0.5368629,0.0038035214
590,blog 269.jpg,"নবীজি বলসে, পৃথিবী আর বেহেশতের দূরত্ব ৭১, ৭২ অথবা ৭৩ বছর (সময় দিয়া দূরত্ব মাপা!)। আর সাত আসমানের উপ্রে আছে সমুদ্র, যেইটার গভীরতা দুই বেহেশতের ভিত্রের দূরত্বের সমান তারও উপ্রে আছে ৮ খান পাহাড়ি ছাগল, তাগো খুর আর পাছার দূরত্বও দুই বেহেশতের ভিত্রের দূরত্বের সমান। এবং তার উপ্রে আল্যা। (আবু দাউদ ৪০:৪৭০৫)",3,religious aggression,2,political aggression,False,0.15617342,0.021250494,0.38974884,0.26133183,0.17149547,0.36213088,0.34218502,0.37127626,0.3672791,0.3630668,0.38974884,0.003997147
591,fb 1239.jpg,বন্যেরা বনে সুন্দর; শিশুরা মতৃক্রোড়ে আর মোদি তার চায়ের দোকানে,2,political aggression,3,religious aggression,False,0.102738336,0.030028062,0.15394284,0.6462571,0.06703365,0.34354615,0.3312456,0.34759012,0.36193627,0.33927622,0.6462571,0.014346153
592,fb 1821.jpg,কি করছো সৎ ভাইয়া,1,gendered aggression,4,others,False,0.1570602,0.2174045,0.2033332,0.1515067,0.27069536,0.34273922,0.34599054,0.3453214,0.3423792,0.34818286,0.27069536,0.0021923184
593,in 473.jpg,"চালানি' মাছ খেলেই উঠছে লম্বা ঢেকুর, খাওয়ার পাতে দেশি মুরগি, টাটকা পোনার আবদার কেষ্টর জেলের খাবার খাচ্ছে না জামাইষষ্ঠী খাচ্ছে ধরতে পারবেন না",2,political aggression,2,political aggression,True,0.093464084,0.028847324,0.5402999,0.12046664,0.21692207,0.34128356,0.32952797,0.35882902,0.34382153,0.3497032,0.5402999,0.009125829
594,fb 1743.jpg,মিথিলার ব্লাউজের হুক লাগিয় দিচ্ছেন স্বপন তারপরই চলে গেলেন বাথরুমে...,1,gendered aggression,2,political aggression,False,0.12759204,0.19221318,0.29197195,0.1629905,0.22523233,0.34942505,0.35352272,0.35770324,0.35187358,0.355108,0.29197195,0.0025952458
595,bamboo-vaiya (330).jpg,উচ্চবিত্ত মধ্যবিত্ত নিম্মবিত্ত সমকামি-বিত্ত,4,others,3,religious aggression,False,0.30343196,0.014382067,0.07017798,0.50733936,0.10466865,0.33663023,0.30613846,0.321989,0.34177044,0.32598662,0.50733936,0.005140215
596,ovodro_img (759).jpg,হুমায়ন এর বাবার নাম বাবর হলে দাদুর নাম দাদার নয় কেন ? জটিল মাগি,1,gendered aggression,3,religious aggression,False,0.15296575,0.04043221,0.052400164,0.64588463,0.108317226,0.3327265,0.31942064,0.32201347,0.3471306,0.329275,0.64588463,0.014404088
597,fb 1632.jpg,নারীবাদে নারীর অধিকার ইসলামে নারীর অধিকার,1,gendered aggression,3,religious aggression,False,0.049512725,0.034090243,0.15617901,0.7115056,0.048712388,0.32799634,0.32426414,0.33948407,0.35464787,0.32783335,0.7115056,0.015163809
598,blog 355.jpg,"নাতনি? না, আমার নয়া বিবি।",3,religious aggression,3,religious aggression,True,0.02305761,0.0074572093,0.13996255,0.8022276,0.027295033,0.34008336,0.3287952,0.35811713,0.37557733,0.34177044,0.8022276,0.017460197
599,bamboo-vaiya (421).jpg,আমাদের সমাজকে এই শিক্ষা দিতে হবে যে আমি তোমার সাথে একমত নই তারমানে এই নয় আমি তোমাকে ঘৃণা করি,0,non-aggressive,0,non-aggressive,True,0.34581617,0.06523622,0.12581617,0.22377793,0.23935352,0.35213143,0.3354525,0.34202057,0.3477789,0.34845176,0.34581617,0.003679663
600,blog 321.jpg,ওইটা কী? গুনাহ।,3,religious aggression,3,religious aggression,True,0.013344453,0.013981826,0.015450278,0.94830954,0.008913905,0.34158868,0.34205526,0.34305394,0.38422447,0.3375538,0.94830954,0.041170537
601,blog 113.jpg,"একদিন গাছতলায় বিশ্রাম নেয়ার সময় ইছলামের নবীকে কামড়ে দিলো এক পিঁপড়ে । বাধা সৃষ্টিকারী ও অবাধ্য সমস্ত গোত্র-সম্প্রদায় নিশ্চিহ্ন করে দেয়ায় অভ্যস্ত ন্যায়বাদী, করুণার সাগর ও দয়াময় নবী তখন সেই পিঁপড়ের 'অপরাধের' শাস্তি হিসেবে সেই গাছতলার সমস্ত পিঁপড়ের বাসস্থানে আগুন জ্বালিয়ে দেয়ার আদেশ দিলো । (বুখারি, খণ্ড ৪, বই ৫৪, হাদিস ৫৩৬)",3,religious aggression,0,non-aggressive,False,0.43380457,0.031507403,0.14724085,0.24580815,0.14163904,0.32283318,0.29660946,0.31202793,0.31715274,0.31164005,0.43380457,0.005680442
602,ovodro_img (635).jpg,যখন কোন মেয়েকে জিজ্ঞেস করা হয় পানু দ্যাখার পরে জল খসাস কীভাবে ?? মেয়টির উত্তর :- এইভাবে,1,gendered aggression,3,religious aggression,False,0.08878737,0.17139891,0.2650701,0.3047298,0.17001382,0.33580905,0.34238654,0.34674656,0.34814087,0.34230542,0.3047298,0.0013943017
603,chosha (18).jpg,আমি তোমাকে ভালবাসি ভালোবাসা বলতে কিছুই নাই সবই পুক্কি মারার ধান্দা,1,gendered aggression,4,others,False,0.16346401,0.12461282,0.16726387,0.20839843,0.33626089,0.32015947,0.31744564,0.32038927,0.32258803,0.3273724,0.33626089,0.0047843754
604,blog 147.jpg,"ডাক্তার সাহেব, আমার শরীরটা ঠিক করে দিন, আমি আপনার সুস্বাস্থ্য কামনা জন্যে প্রার্থনা করবো ।",3,religious aggression,3,religious aggression,True,0.010614051,0.0012844637,0.0185982,0.96396536,0.0055378946,0.32514328,0.3040249,0.33075213,0.37023205,0.31863764,0.96396536,0.03947991
605,tangaila (241).jpg,বালুপাস দাড়িয়ে বালু খাচ্ছি বালুর সাথে বালুকন্যা ভেসে আসবে এই আশায়...,0,non-aggressive,3,religious aggression,False,0.2218973,0.014826294,0.27318102,0.3333666,0.15672873,0.32962322,0.3025651,0.3317024,0.3336935,0.32614625,0.3333666,0.0019910932
606,tangaila (216).jpg,বিসিএস ক্যাডার জামাই হাসানের বফ কুমুদিনী ফজিলাতুন্নেছার মেয়ে,1,gendered aggression,0,non-aggressive,False,0.31304693,0.027992802,0.29727575,0.061477747,0.3002068,0.34551072,0.32136667,0.34499377,0.32923394,0.34509188,0.31304693,0.00041884184
607,pin 23.jpg,"শুধু পিসি কবিতা লিখতে পারে আমি কি লিখতে পারি না ? #যদিও_লেখাটি_আমার_অনেক_দিনের_পুরোনো | পিসি গেছে মাছ ধরতে উথাল পাথাল নদী! ছিপ নিয়ে যায় আমফানে, মছ নিয়ে যায় মোদী",2,political aggression,2,political aggression,True,0.026261017,0.0459447,0.6003281,0.22655442,0.10091177,0.31487042,0.32046396,0.34616432,0.3364194,0.328332,0.6003281,0.009744912
608,tangaila (278).jpg,কালিহাতি,0,non-aggressive,0,non-aggressive,True,0.31608197,0.021933217,0.24427718,0.23007494,0.18763277,0.37355974,0.34687978,0.37098277,0.3703838,0.3683446,0.31608197,0.002576977
609,fb 1379.jpg,ওহ; তুই মার্ক্স-লেনিনের নাম করে মেয়েদের শ্লীলতাহানি করিস? ঠিকাছে; এবার তাহলে দেওয়ালের দিকে মুখ করে দাঁড়া,2,political aggression,2,political aggression,True,0.24157938,0.018023804,0.45906186,0.17444508,0.10688986,0.3344203,0.30846524,0.34084016,0.3311644,0.3262663,0.45906186,0.0064198673
610,nurani-memes (190).jpg,ঘূর্ণিঝড়* ফনি *ছাত্রলীগ,2,political aggression,2,political aggression,True,0.23350628,0.03001368,0.3716631,0.1254,0.23941697,0.3692153,0.34869978,0.3738631,0.3629983,0.3694653,0.3716631,0.0043978095
611,ovodro_img (137).jpg,যখন কোন মেয়ে দিনভোরে খাই খাই করে কিন্তু রোগা হওয়ার জন্য ডায়েটকন্ট্রোল করবে বলে ঠিক করে একবারে যতটা খায়,0,non-aggressive,3,religious aggression,False,0.13559501,0.18537955,0.19972257,0.2935113,0.18579157,0.3367278,0.33985513,0.34060037,0.34445024,0.33987734,0.2935113,0.003849864
612,fb 1775.jpg,প্রতিটি ছেলের স্বপ্ন,1,gendered aggression,2,political aggression,False,0.22483197,0.101588584,0.270922,0.2378044,0.16485304,0.34854755,0.34060335,0.35041234,0.34910852,0.34544456,0.270922,0.0013038218
613,fb 1693.jpg,যদি আমি একটা ছেলেকে কিস করি?? নরকে যাবি যদি আপনাকে কিস করি?? তাহলে .... হে হে হে... চালাক মেয়ে স্বর্গে যেতে চাস!,3,religious aggression,1,gendered aggression,False,0.07600031,0.34858733,0.147019,0.18610269,0.24229072,0.33435702,0.34958854,0.34095526,0.34331265,0.34595105,0.34858733,0.0036374927
614,Bangla Thug Life (37).jpg,"যখন আমি কারো কল রিসিভ করে অন্য রুমের দিকে যাই, আম্মু:",0,non-aggressive,0,non-aggressive,True,0.2815238,0.05204211,0.2478683,0.16995414,0.24861167,0.36559308,0.34871143,0.36431986,0.36054617,0.3643498,0.2815238,0.0012432635
615,in 25.jpg,আমার পরীক্ষার খাতা,0,non-aggressive,4,others,False,0.2921308,0.05642814,0.074108616,0.23266101,0.34467143,0.35413378,0.33769146,0.3404171,0.3518576,0.3557877,0.34467143,0.0016539097
616,Halal Memes (75).jpg,"আমরা পুরোনো হয়ে গেছি, না ?",0,non-aggressive,4,others,False,0.05795732,0.1340432,0.32185605,0.09946284,0.38668057,0.34027958,0.34866413,0.35742354,0.34568036,0.3592585,0.38668057,0.0018349588
617,tangaila (342).jpg,ভাসানী ভাসানী ভাসানী ভাসানী ভাসানী মাওলানা ভাসানী বিজ্ঞান ও প্রযুক্তি বিশ্ববিদ্যালয়,0,non-aggressive,2,political aggression,False,0.11303994,0.0267465,0.5816093,0.13756219,0.14104211,0.34933466,0.33492127,0.3657152,0.35129797,0.3515478,0.5816093,0.014167398
618,fb 285.jpg,"উফ লাগছে বললেই জদি ছেড়ে দিত, তাহলে দেশের জনসংখা এত বড়তো না",1,gendered aggression,4,others,False,0.20886698,0.21814136,0.14046492,0.20534584,0.22718096,0.3331474,0.33358186,0.32918,0.33297735,0.3339879,0.22718096,0.00040602684
619,Halal Memes (122).jpg,গেমের মধ্যে মাইক অন করে উরাধুরা গালি দেওয়া আমি পাশের ঘরে থেকে আব্বু,0,non-aggressive,2,political aggression,False,0.120420486,0.02165958,0.48920435,0.18193272,0.18678288,0.32142794,0.30427253,0.33544588,0.32555443,0.32581753,0.48920435,0.0096283555
620,fb 1601.jpg,"কুকুর রে তোর মতামত নিয়ে তোর সাথে সেক্স করতে চাই, ওরে নাস্তিকের বাচ্চা, তোর মায়ের মতামত নিয়ে তার সাথে সেক্স করিস আমাকে ছেড়ে দে?",3,religious aggression,3,religious aggression,True,0.075626105,0.03198487,0.25184265,0.43976915,0.20077726,0.34680527,0.33819988,0.3588353,0.36440974,0.35656923,0.43976915,0.005574435
621,fb 1489.jpg,"- আসসালাম ওয়ালাইকুম, একটু দ্বীনের কথা... -নমস্কার!",3,religious aggression,4,others,False,0.37238804,0.017140519,0.07863928,0.11403862,0.41779366,0.36923596,0.33845103,0.3536853,0.35740197,0.37038645,0.41779366,0.0011504889
622,bangla-gag (14).jpg,রমজান মাসে ঈদ এর দিন,1,gendered aggression,3,religious aggression,False,0.031473905,0.20042019,0.043621246,0.661095,0.06338966,0.34820157,0.36671415,0.3514654,0.37864894,0.35520297,0.661095,0.011934787
623,blog 83.jpg,"আল্যা সব পয়গম্বরকে সমান চোখে দেখে । (সুরা আন নিসা, ৪:১৫২) আল্যা সব পয়গম্বরকে সমান চোখে দেখে না । (সুরা বনী ইসরাঈল, ১৭:৫৫)",3,religious aggression,3,religious aggression,True,0.27387607,0.038992792,0.1416375,0.38461426,0.16087942,0.34728813,0.32779515,0.3406941,0.35068378,0.34196794,0.38461426,0.0033956468
624,Halal Memes (315).jpg,নানু বেঁচে থাকা অবস্থায় নানু বাড়িতে কাটানো দিনগুলোর কথা মনে পড়ার পর আমি: কি মজাই না হইতো !,0,non-aggressive,2,political aggression,False,0.15085346,0.02831891,0.36247826,0.2559407,0.20240863,0.36300424,0.34627643,0.37177077,0.3682906,0.36594403,0.36247826,0.0034801662
625,in 585.jpg,নেতাজি সম্পর্কিত সমস্ত ফাইল প্রকাশ্যে আনা হবে' আশ্বাস প্রধানমন্ত্রীর । কবে ফাইল প্রকাশ করবে কিছু বললো? না! ২০১৪-এর আগে থেকেই এই ঢপ দিয়ে যাচ্ছে !,2,political aggression,2,political aggression,True,0.057076376,0.015223901,0.44360352,0.39449346,0.089602806,0.32597715,0.3127619,0.34648255,0.34530926,0.3304871,0.44360352,0.0011732876
626,fb 212.jpg,কাশিমপুর কারাগারে নেয়া হচ্ছে পরীমণিকে পাশা ভাই : আনন্দ,1,gendered aggression,2,political aggression,False,0.08145836,0.029374804,0.62156135,0.15558058,0.112025015,0.34202918,0.33182964,0.3623506,0.3484999,0.3452155,0.62156135,0.013850719
627,tangaila (250).jpg,টাংগাইলে আমার একটা প্রিয় জায়গা আছে টাংগাইলের কই কান্দাপাড়া চিনস ? সালা তুই আমারে চিনস ?,0,non-aggressive,2,political aggression,False,0.10495505,0.013694197,0.5986758,0.1307408,0.15193415,0.35653347,0.33616787,0.37394536,0.35873032,0.36023262,0.5986758,0.013712734
628,in 272.jpg,একটা কবিতা বলতো ম্যাম আমি বলছি... কবিতার নাম 'ভাইপো' কয়লা খেলি গরু খেলি খেলি নদীর বালি ! নিজে খেলি বউকে দিলি বাদ গেল না শালী। দুষ্টু,2,political aggression,4,others,False,0.122732006,0.09705197,0.24098238,0.230292,0.30894157,0.34749222,0.34514466,0.35423943,0.35378566,0.35672373,0.30894157,0.0024842918
629,fb 1115.jpg,যারা স্টোরিতে টিকটক ভিডিও দেয়,4,others,0,non-aggressive,False,0.33983263,0.32180598,0.044058688,0.17604007,0.11826258,0.3418479,0.34130287,0.3214186,0.3352705,0.33129245,0.33983263,0.0005450249
630,fb 986.jpg,"ভেবেছিলাম সব শেষ কিন্তু আজ জানলাম ব্যাটিং, বোলিং, ফিল্ডিং কিছু না পারলেও বিডি জাতীয় দলে এ চান্স পাওয়া সম্ভব !",4,others,0,non-aggressive,False,0.4345099,0.032906413,0.08376255,0.13968797,0.3091332,0.3651535,0.339348,0.34869117,0.35380542,0.36174905,0.4345099,0.0034044385
631,fb 2007.jpg,রিয়াল মাদ্রিদ সমর্থকদের বর্তমান অবস্থা -,4,others,3,religious aggression,False,0.20159885,0.016643522,0.2214257,0.40291578,0.15741616,0.3558096,0.330867,0.35674766,0.36273408,0.3533357,0.40291578,0.0059864223
632,Bangla Thug Life (299).jpg,আমি: আম্মু ঈদের সালামি দিবা না ? আম্মু: ভাত খা ! চাইলাম কী ? কইলো কী :),0,non-aggressive,4,others,False,0.1464956,0.038166564,0.24228619,0.2274367,0.3456149,0.3428678,0.32941744,0.34789902,0.34726655,0.35145107,0.3456149,0.0035520494
633,fb 139.jpg,ভাই বইন থামেন ! ঈদে রেস্টুরেন্টে না খাইয়া বাসায় আম্মার রান্না খাবার খান সব রেস্টুরেন্টেই এখন বাসি খাবার দিবে,0,non-aggressive,3,religious aggression,False,0.10056196,0.01915302,0.34431455,0.3877159,0.14825459,0.34646398,0.32988083,0.35877177,0.35995895,0.35034555,0.3877159,0.0011871755
634,in 184.jpg,আপনি এতদিন কলকাতায় থেকে বাংলা কিছু শিখেছেন? বাংলাতে আমি শুধু দুটো ওয়ার্ডই বলতে পারি... চোর ট্রিনোমূল,2,political aggression,2,political aggression,True,0.24702285,0.045241248,0.266964,0.22799301,0.21277891,0.35148522,0.3345105,0.35226154,0.35068357,0.34999293,0.266964,0.0007763207
635,bamboo-vaiya (3).jpg,বরিশাইল্যা গো উৎপত্তির ইতিহাস মেনশন হপে,4,others,3,religious aggression,False,0.09120614,0.027654843,0.38517022,0.40799266,0.08797615,0.3446925,0.3327593,0.35909814,0.35967377,0.34433192,0.40799266,0.00057563186
636,fb 1642.jpg,"দুইজনের সম্মতিভে ভালবাসার মধুর সম্পর্ক হারাম ! হালাল হারাম ৯ টা বউ, ২ টা দাসি, পালিত পুত্রের স্ত্রী, পালিত কন্যা, শিশু বিবাহ আরাম!",3,religious aggression,3,religious aggression,True,0.01398856,0.07538584,0.033375658,0.8607826,0.01646734,0.3325099,0.34935373,0.3412058,0.37370592,0.3341413,0.8607826,0.024352193
637,fb 978.jpg,আমার ছেলে লিটন বাসায় খাবার খায় না; কিন্তু মাঠে বল খায়,4,others,0,non-aggressive,False,0.33082047,0.008229258,0.18030293,0.2067921,0.2738552,0.32378432,0.28684554,0.31771496,0.31908572,0.32189456,0.33082047,0.0018897653
638,ovodro_img (731).jpg,কী হলো ? থেমে গেলে কেনো ? জল পড়ে গেছে গো !,1,gendered aggression,1,gendered aggression,True,0.06897718,0.7279111,0.052947797,0.06993443,0.08022948,0.34331632,0.36688036,0.3406716,0.34345412,0.34482747,0.7279111,0.022052884
639,fb 1735.jpg,"একটা আঙ্গুল, দুইটা আঙ্গুল, তিনটা আঙ্গুল, যে কোন একটা বেছে নাও!",1,gendered aggression,1,gendered aggression,True,0.0689035,0.54672104,0.059928138,0.15834925,0.16609804,0.3462183,0.36693063,0.3448227,0.35453928,0.355017,0.54672104,0.011913627
640,chosha (51).jpg,"মামা ডায়েট কনডম থাকলে দেও ডায়েট কনডম কেন ? গালফ্রেন্ড ডায়েট করে তো, তাই বলছে কনডমে জেনো মিষ্টি না থাকে",1,gendered aggression,2,political aggression,False,0.112891965,0.036618933,0.3516281,0.14859308,0.35026792,0.3322343,0.32097566,0.34359574,0.3349821,0.34355697,0.3516281,3.877282e-05
641,fb 1034.jpg,হ্যা হ্যা আমিই সেই মেহেদি!! যে পরিমনিকে রিমান্ডেও লাগিয়েছে,4,others,2,political aggression,False,0.11737352,0.007844257,0.58702105,0.14928241,0.13847879,0.3404255,0.3133697,0.3565225,0.34283027,0.34207904,0.58702105,0.01369223
642,fb 561.jpg,ক্লাসে বাংলা রিডিং পরতে না পারা বন্ধুকে যখন দেখি বই মেলায় গিয়ে বই কিনতে! আমি : তুই তাইলে শিক্ষিত!,0,non-aggressive,3,religious aggression,False,0.11616639,0.057682514,0.28886896,0.31695566,0.22032651,0.33667052,0.32966983,0.34578001,0.3467079,0.3430714,0.31695566,0.0009278953
643,Halal Memes (302).jpg,স্কুলের টিচারকে যখন মা বাসায় টিউশনের জন্য রাখে আর স্যার বাসায় এসে দেখে নানা টেবিলে ভাত খায় লে স্যার* তোর নানা তাহলে মরে নাই?,0,non-aggressive,3,religious aggression,False,0.067582704,0.033360347,0.3433888,0.36497396,0.19069424,0.3239647,0.31690484,0.3402198,0.34082943,0.3343379,0.36497396,0.0006096363
644,ovodro_img (182).jpg,বিরাট অনুষ্কাকে বিয়ে করল রনবীর ও দীপিকা কে বিয়ে করবে আর আমি শালা বিয়ে করা তো দুরের কথা এখনো একটা প্রেম করতেও পারলাম না,0,non-aggressive,4,others,False,0.1491424,0.21103655,0.1937711,0.17533094,0.27071902,0.35034645,0.35381776,0.35296422,0.3519642,0.35630825,0.27071902,0.0024904907
645,fb 1117.jpg,প্রধানমন্ত্রীর কুমড়ার বেগুনি নিয়ে পোষ্ট করার ০.০০১ সেকেন্ড পর-,2,political aggression,2,political aggression,True,0.28216875,0.038690183,0.3623602,0.13126421,0.18551657,0.35588288,0.33601367,0.3583842,0.34822994,0.35168928,0.3623602,0.002501309
646,KAM (337).jpg,ছেলেরা আমার জন্য পাগল সবাই আমার পিছনে পিছনে ঘুরে! কারণ বাজারে সস্তা পণ্যের চাহিদা বেশি!,1,gendered aggression,2,political aggression,False,0.12196611,0.1043096,0.3810527,0.21547368,0.17719786,0.3292529,0.3276891,0.34064484,0.33494383,0.33298814,0.3810527,0.0057010055
647,fb 1312.jpg,*নিরলস সাহিত্যচর্চার জন্য বাংলা অ্যাকাডেমির পুরস্কার পেলেন মমতা বন্দ্যোপাধ্যায়*,2,political aggression,2,political aggression,True,0.118991025,0.030229213,0.59047943,0.1177367,0.14256363,0.32155418,0.3078518,0.33757305,0.3214482,0.32336158,0.59047943,0.014211476
648,fb 161.jpg,এসএসসি ফেইল করা নিব্বি রিকশাওয়ালা,1,gendered aggression,0,non-aggressive,False,0.37734634,0.07124179,0.08689359,0.15688248,0.30763587,0.37147254,0.3548017,0.35678774,0.36269587,0.36943007,0.37734634,0.0020424724
649,fb 1414.jpg,শুনলাম আপনাদের দেশের লোকেরা আমার দেশের জিনিসপত্র বয়কট করার কথা বলছে? ওরা তো আর জানেনা যে নিও লি বেড়াল পলিসির কারণে আমি আগেই আপনাদের দেশের কোম্পানিগুলোকে আমাদের দেশে ব্যবসা করার অনুমতি দিয়ে রেখেছি,2,political aggression,2,political aggression,True,0.041853048,0.010834295,0.53235006,0.3112891,0.10367348,0.32890338,0.31538892,0.35433477,0.34896898,0.3379742,0.53235006,0.005365789
650,chosha (47).jpg,প্রথম ছ্যাকা খাওয়া পর...! আমি: কেনো তুমি আই আই আই !,0,non-aggressive,2,political aggression,False,0.09584462,0.024809316,0.35622144,0.2848258,0.23829882,0.34308386,0.3295688,0.3562121,0.35397536,0.35219187,0.35622144,0.0022367537
651,fb 305.jpg,আজকাল ট্রিট মানে ছেলেরা চুদা দেয় -মেয়েরা চুদা নেয়়,1,gendered aggression,4,others,False,0.1846275,0.2296684,0.07337114,0.1869229,0.32541007,0.32563245,0.3278154,0.31640434,0.325756,0.3312999,0.32541007,0.0034844875
652,fb 1104.jpg,"চিন্তা নেই, আমি খুব ধীরে ধীরে করি",1,gendered aggression,2,political aggression,False,0.15300758,0.09893356,0.41138434,0.064733885,0.2719406,0.34959885,0.34523845,0.35948926,0.34099683,0.3553498,0.41138434,0.004139453
653,fb 4.jpg,আমি : দোস্ত আমিতো আলিশার উপর চরম ক্রাশ খাইছি কাউকে বলিস না কিন্তু! দোস্ত : সুপ্রিয় ভাই ও বোনেরা আমার! সবাই শুনেন!! রিফাত আলিশার উপর ক্রাশ খাইছে!!,0,non-aggressive,2,political aggression,False,0.07988747,0.009761538,0.4420323,0.38794628,0.080372415,0.26832506,0.24730337,0.2854327,0.28412753,0.2683856,0.4420323,0.0013051629
654,in 328.jpg,মনে হয় আমার কথা ভাবছে.... কালকে গ্রামে ঢুকে যদি বলি আমি দিদির দূত তাহাল আবার তাড়া করবে,2,political aggression,2,political aggression,True,0.16525525,0.16444716,0.23455898,0.21497098,0.22076762,0.3463862,0.34633717,0.34988835,0.3490163,0.34928238,0.23455898,0.0006059706
655,tangaila (84).jpg,যারা একদিনে অনেক টাকা আয় করে যারা এই গরমে রাস্তার পাশে লেবুর শরবতের দোকান দিয়েছে,0,non-aggressive,2,political aggression,False,0.10612596,0.016013213,0.68507034,0.11528435,0.077506095,0.34841222,0.32950008,0.36706117,0.34923998,0.3452695,0.68507034,0.017821193
656,bangla-memes (167).jpg,নির্বাচনী পোস্টার ঢাকা,0,non-aggressive,4,others,False,0.210877,0.06397252,0.24732484,0.20769796,0.27012765,0.35753217,0.34560394,0.35912645,0.35738027,0.36000836,0.27012765,0.0008819103
657,Halal Memes (239).jpg,যখন জনগণকে চা ঢেলে দেওয়ার পর তারা সেই চা না খেয়ে উল্টা ট্রল করে আমি কিতার মধ্যে চা ঢালতাছি,4,others,2,political aggression,False,0.039003007,0.010279525,0.59826344,0.29513672,0.057317317,0.3327726,0.31943774,0.36007652,0.3530106,0.33662224,0.59826344,0.007065922
658,in 307.jpg,"এখনও মনে করি অনুব্রত বীরভূমের বাঘ' , দলের জেলা সভাপতির পাশে দাঁড়িয়ে ফের ফিরহাদ-মন্তব্য 'অনুব্রত প্রভাবশালী নন', দাবি ফিরহাদের; দিলেন কেষ্ট-হীন পোস্টারের ব্যাখ্যাও",2,political aggression,2,political aggression,True,0.070723526,0.009152963,0.63584137,0.16923095,0.1150512,0.31672108,0.29627407,0.33868277,0.32544595,0.3215871,0.63584137,0.013236821
659,direct-offense (69).jpg,স্যার: কিরে পরিক্ষার খাতায় তোর আর তোর বন্ধুর উত্তর এক ক্যান ! আমি: স্যার প্রশ্নওতো এক ! * স্যার * আমি,0,non-aggressive,4,others,False,0.25275904,0.060188364,0.18867911,0.14702447,0.35134912,0.3079335,0.29358393,0.3050096,0.30251512,0.31122693,0.35134912,0.0032934248
660,blog 85.jpg,"দোয়া-মোনাজাত বিশ্বাসসূচক নয়, বরং সংশয়সূচক কারণ সর্বজ্ঞ আল্যাহর বিচক্ষণতা ও তার ঐশী পরিকল্পনার প্রতি আপনার পূর্ণ আস্থা যদি থাকতো, আপনি কি তার সেই পরিকল্পনা পুনর্বিবেচনাপূর্বক পরিবর্তনের অনুরোধ করে দোয়া-মোনাজাত করতেন?",3,religious aggression,3,religious aggression,True,0.03903106,0.0038271146,0.097864635,0.8312166,0.028060624,0.3146486,0.29142612,0.32384086,0.34523392,0.31134868,0.8312166,0.02139306
661,fb 42.jpg,এসএসসি রেজাল্টের ৩ বছর পর... এই পোলায় এসএসসি তে গোল্ডেন পাইছিলো! দেখছোস কেউ এখন আর বেইল দেয়না?,0,non-aggressive,0,non-aggressive,True,0.285751,0.08689286,0.20522444,0.16191974,0.260212,0.3640362,0.35213178,0.36072606,0.35835603,0.36309996,0.285751,0.00093623996
662,fb 1274.jpg,একজন বোকা লোক এক নারির পশ্চাতের গন্ধ এড়িয়ে যাবো কিন্তু একটি সুশীল লোক বলিবে আপনার পুটকিতে অনেক গন্ধ আপনার পুটকি মারতে চাই,1,gendered aggression,3,religious aggression,False,0.20303468,0.027385253,0.18124464,0.4884951,0.099840336,0.32870024,0.30866653,0.32756495,0.3374798,0.32160223,0.4884951,0.008779556
663,in 66.jpg,মেহেদীর মা মেহেদী আজকে রাতে মেহেদী লাগাবো বলা মেয়েরা,1,gendered aggression,4,others,False,0.24428974,0.03175538,0.12131615,0.16911261,0.43352607,0.33918303,0.31878012,0.33218348,0.33550513,0.34491903,0.43352607,0.0057359934
664,fb 1062.jpg,তুমি জানো আমি কে? আপনাকে জানার মায়েরে চু#,4,others,2,political aggression,False,0.16603486,0.007876778,0.36841503,0.23200835,0.22566509,0.35825124,0.32776845,0.36622137,0.361597,0.36131978,0.36841503,0.0046243668
665,in 389.jpg,"এই সোনা জানো, বাবা গত সপ্তাহে লটারি জিতেছিল আবার এই সপ্তাহেও জিতেছে..... তোমার বাবা তৃণমূল করে? ঠিক ধরেছো, আমি তো তোমাকে বলিনি, তুমি কী করে জানলে!",2,political aggression,4,others,False,0.14210662,0.16945958,0.15312143,0.18567528,0.3496371,0.36798966,0.36975002,0.3687362,0.37066388,0.37699282,0.3496371,0.0063289404
666,chosha (91).jpg,বলতো সবাই দুয়ে (২) + দুয়ে (২) = কি হয় ? ম্যাডাম দুয়ে দুয়ে দুধ বেড় হয়,1,gendered aggression,4,others,False,0.10299822,0.2206461,0.19578311,0.15740499,0.32316756,0.3353421,0.3429606,0.34176508,0.33958322,0.3467767,0.32316756,0.003816098
667,fb 1701.jpg,অবিশ্বাসীদের যেখানেই পাবে সেখানেই হত্যা করবে আল কুরান (২ : ১৯১) তোমার ধর্ম তোমার কাছে আমার ধর্ম আমার কাছে আল কুরান (১০৯ : ৬),3,religious aggression,3,religious aggression,True,0.08552674,0.03843539,0.31299183,0.42472932,0.13831668,0.34165233,0.33365384,0.35462582,0.35767856,0.3464595,0.42472932,0.0030527413
668,fb 1553.jpg,"হকিং যখন বলেছিল, ব্ল্যাকহোলের মধ্যে তথ্য চিরতরে হারিয়ে যায় হকিং যখন বলেছিল, স্রষ্টা বলতে কেউ নেই",3,religious aggression,2,political aggression,False,0.18362802,0.024848603,0.3282928,0.27903646,0.1841942,0.36631343,0.34631234,0.3721234,0.37049773,0.3663442,0.3282928,0.0016256571
669,bangla-gag (81).jpg,প্রিয়তমা পরী ছিল ডানা কাটা ছিল না ! তাই উড়ে চলে গেল পাত্তাই দিল না !!,0,non-aggressive,2,political aggression,False,0.087338544,0.036186583,0.446608,0.13777758,0.29208934,0.34260046,0.33378944,0.35891938,0.34715897,0.35467315,0.446608,0.004246235
670,fb 62.jpg,আমার ডিএসএলআর আছে আমি বিরাট ফটোগ্রাফার তাইলে আমার কলম আছে আমি হুমায়ূন আহমেদ,4,others,3,religious aggression,False,0.2505426,0.021804532,0.26874888,0.27156952,0.18733446,0.34433985,0.3199247,0.3450413,0.3451457,0.3414325,0.27156952,0.000104397535
671,blog 377.jpg,আল্যা পরম করুণাময় তিনি শুধু কাফিরহত্যার নির্দেশ দিয়েছেন,3,religious aggression,3,religious aggression,True,0.035176232,0.0025331548,0.05608616,0.88155884,0.02464556,0.32668388,0.30037484,0.33134907,0.3588971,0.32312614,0.88155884,0.027548015
672,tangaila (173).jpg,কুমুদিনীর মেয়েরা বিয়ের আগে কুমুদিনীর মেয়েরা বিয়ের পরে,1,gendered aggression,2,political aggression,False,0.094611555,0.25889856,0.29716513,0.20061155,0.1487132,0.33338296,0.3434495,0.34482804,0.34089887,0.33790535,0.29716513,0.0013785362
673,blog 322.jpg,একখান কামের কাম করসে টাইম ম্যাগাজিন। পোপের মাথায় ডেভিলের শিং বসাইয়া দিসে ।,3,religious aggression,3,religious aggression,True,0.041701943,0.0015960137,0.042148307,0.9029738,0.011579947,0.33200634,0.29937595,0.3321128,0.3627578,0.3191936,0.9029738,0.030645013
674,fb 277.jpg,এইরকম একটা মেয়ে যদি আমার বেটার বউ হতো নাউজুবিল্লাহ,1,gendered aggression,2,political aggression,False,0.10592559,0.06773408,0.3426828,0.2465062,0.23715132,0.34744793,0.34297645,0.35918862,0.35589445,0.35550755,0.3426828,0.00329417
675,in 532.jpg,মশাই ইডির তদন্ত দেখে আপনার কি মনে হচ্ছে?! ইডি নিজেও এখন কনফিউজড আগে বেআইনি সম্পত্তি খুঁজে বের করবে? নাকি বান্ধবী খুঁজে বের করবে!?,2,political aggression,3,religious aggression,False,0.22490236,0.030068045,0.24576908,0.34058192,0.15867862,0.33282024,0.31269822,0.3337075,0.33697012,0.32933238,0.34058192,0.0032626092
676,tangaila (300).jpg,আমার লুচু বন্ধু বেবিস্ট্যান্ডের দিকে রওনা দেওয়ার আগে - আজকে রেট কত কইরা ?,0,non-aggressive,2,political aggression,False,0.11318137,0.030934984,0.45333943,0.11942576,0.28311852,0.33385146,0.32088044,0.34772798,0.3343885,0.3430202,0.45333943,0.0047077835
677,fb 1796.jpg,"সব মন খারাপের একটাই সমাধান, এক প্লেট সুলতানি কাচ্চি । আজকে আমার মন ভালো নেই চলো কাচ্চি খাই",4,others,3,religious aggression,False,0.2168496,0.04801199,0.20317043,0.31264842,0.21931955,0.3288039,0.31372637,0.3281523,0.33246267,0.32891715,0.31264842,0.0035455227
678,blog 432.jpg,হালা নাস্তিক আমগোর ধর্মরে ধ্বংস করার ধান্দা?,3,religious aggression,3,religious aggression,True,0.17971374,0.030164646,0.26760724,0.38174784,0.14076652,0.36005244,0.3422055,0.364034,0.3675864,0.3576098,0.38174784,0.003552407
679,fb 1580.jpg,নাস্তিকীয় লজিক নারী পুরুষ আফ্রিকান ফর্সা কালো ধনী গরীব প্রতিবন্ধি নাস্তিক,3,religious aggression,3,religious aggression,True,0.13827665,0.032611743,0.2856431,0.4153246,0.12814382,0.34377542,0.32932955,0.3510303,0.35477343,0.34301436,0.4153246,0.003743142
680,bangla-memes (150).jpg,যখন পরীক্ষার রেসাল্ট ভালো হওয়ার পর মনে পড়ে যায় যে আসল রেসাল্ট দেওয়া হবে হাশরের ময়দানে:,0,non-aggressive,2,political aggression,False,0.15724705,0.054013483,0.35526583,0.29317388,0.1402998,0.35952446,0.3488386,0.36767495,0.36575395,0.3583841,0.35526583,0.0019209981
681,fb 16.jpg,বাসায় একা থাকলে যা করবো ভাবি আসলে যা করি,0,non-aggressive,3,religious aggression,False,0.13915049,0.029230457,0.36351556,0.3644931,0.10361042,0.34924215,0.33363867,0.3588448,0.35887164,0.34629297,0.3644931,2.6851892e-05
682,blog 397.jpg,তুমিও কি আমার মতোই বসন্তকালের অপেক্ষায় আছো? তা তো জানি না । আমার স্বামীকে জিজ্ঞেস করে নিতে হবে।,3,religious aggression,0,non-aggressive,False,0.5030844,0.18177608,0.035481967,0.17074034,0.108917154,0.3305983,0.32041848,0.30408096,0.31979215,0.3152966,0.5030844,0.010179818
683,KAM (103).jpg,কিরে জলিল কাল নাকি পাবলিক তোকে গন ধোলাই দিছে হুম... কি অপরাধ করলি আবার আর বলিসনা এক মাহিলার পায়ের নিছে আমার একটা ফটো পরছিল মাইর দিল কেন আমি শুধু কইছি আফা শাড়ী টা উপরে তুলেন ফটো তোলব তো...,4,others,2,political aggression,False,0.10503899,0.026439546,0.5302347,0.13199794,0.20628887,0.32201833,0.3082236,0.3382082,0.32430288,0.32876778,0.5302347,0.009440422
684,fb 944.jpg,তোর না বেগুনে এলার্জি? তাইলে প্রতি সপ্তাহে যে এত বেগুন কিনি সেগুলা কে খায়?,1,gendered aggression,4,others,False,0.17544626,0.07158125,0.3225818,0.097116716,0.33327395,0.33192858,0.3229636,0.33801883,0.3260144,0.33834493,0.33327395,0.000326097
685,in 217.jpg,"""সিপেম সব চাকরি খেয়ে নিচ্ছে' বলে কান্নাকাটি করা পিসি বিকাশরঞ্জন ভট্টাচার্য",2,political aggression,3,religious aggression,False,0.09744691,0.14140685,0.119197845,0.38173443,0.26021403,0.34974766,0.353471,0.35176244,0.36340183,0.3595696,0.38173443,0.003832221
686,fb 837.jpg,চোখে ঘুম আসলে লুঙ্গিটাই কন্ট্রোল করতে পারি না আর তুমি বলতেছো তোমাকে আগলে রাখতে,0,non-aggressive,3,religious aggression,False,0.14838102,0.05182857,0.14891233,0.50297856,0.14789952,0.3361172,0.3255988,0.33615294,0.34832484,0.33608472,0.50297856,0.012171894
687,ovodro_img (54).jpg,তোর নাম কী ? যস দেখ কান্ড যার শরীরে নাই কোন রস তার নাম আবার যস,4,others,2,political aggression,False,0.11941178,0.0111645,0.56646156,0.117971964,0.18499021,0.32284898,0.2991506,0.3384173,0.32272768,0.32722622,0.56646156,0.01119107
688,in 71.jpg,আর্জেন্টিনার এবার কোপা জিতলে আমার দুইটা বিচি কেটে কুত্তা দিয়ে খাওয়াবো আর্জেন্টিনা জিতার পর কুত্তা: বিচি দুইটা দিলেন না স্যার?,4,others,2,political aggression,False,0.15848805,0.13247427,0.32969305,0.26434243,0.11500215,0.3348124,0.3330195,0.34213722,0.33992806,0.3316051,0.32969305,0.0022091568
689,Bangla Thug Life (201).jpg,নারীবাদ পিরিয়ডের পেইন এইসব নিয়া স্ট্যাটাস দেয়ার পর মেয়েদের মন জয় করা ফাকবয় বি লাইক: এ শহরে আমার মতো ক্রিমিনাল একটা ও নাই,1,gendered aggression,3,religious aggression,False,0.17997724,0.048691623,0.25560904,0.30559853,0.21012354,0.35583162,0.34275836,0.3593398,0.361126,0.35738027,0.30559853,0.0017862022
690,chosha (44).jpg,"ভাই আমি বিয়ের আগে কোনোদিনও বউয়ের সাথে সেক্স করিনি, তুই করছিলি ? মনে পড়ছেনা , তোর বউয়ের নাম বল হয়তো মনে পড়তে পারে",0,non-aggressive,4,others,False,0.12340271,0.040085997,0.2154274,0.17720371,0.44388026,0.32309255,0.31184828,0.32866424,0.326711,0.33589357,0.44388026,0.007229328
691,fb 679.jpg,উচ্চ মাধ্যমিক মাধ্যমিক,0,non-aggressive,0,non-aggressive,True,0.33578458,0.023327526,0.17818221,0.25654617,0.20615952,0.3581789,0.33151054,0.35184228,0.3554873,0.3533007,0.33578458,0.0026916265
692,fb 56.jpg,মেয়েরা যেভাবে ছবি তুলে,1,gendered aggression,0,non-aggressive,False,0.59899384,0.07715679,0.10995219,0.069070876,0.14482635,0.35669148,0.33619735,0.3397394,0.33509028,0.3424943,0.59899384,0.014197171
693,tangaila (164).jpg,হাসানিয়ানদের বউ সৃষ্টিয়ানদের বউ,4,others,1,gendered aggression,False,0.120487675,0.31033057,0.1850702,0.18907346,0.19503811,0.33146656,0.34092748,0.33575845,0.33597243,0.33628303,0.31033057,0.0046444535
694,fb 470.jpg,খুবই ভাগ্যবান রুগী,1,gendered aggression,0,non-aggressive,False,0.28846538,0.11589838,0.17680551,0.1673265,0.25150418,0.3577605,0.34864187,0.35286525,0.35231423,0.35638934,0.28846538,0.0013711452
695,ovodro_img (201).jpg,বল পাগলু পাদলু উচ্চারন তো মহানায়ক দেবের মত,4,others,3,religious aggression,False,0.28901714,0.016308187,0.19647251,0.3242845,0.17391765,0.34476873,0.31602052,0.34090906,0.34592006,0.33968967,0.3242845,0.0011513233
696,in 642.jpg,আজ লন্ডভন্ড দিবসের বর্ষপূর্তি,2,political aggression,2,political aggression,True,0.07200666,0.04809705,0.7859157,0.030503266,0.06347734,0.35206705,0.3480317,0.37596798,0.34347782,0.3508063,0.7859157,0.023900926
697,blog 326.jpg,ঈশ্বর সত্য। আপনি আমার কথা বিশ্বাস করছেন না? এই ইউটিউব লিংকটা দেখুন । এর অর্থ - সেই অতিলৌকিক সত্তার অস্তিত্বের প্রমাণ আছে ইউটিউবে?,3,religious aggression,4,others,False,0.23115101,0.046906568,0.19200705,0.26201934,0.26791593,0.33775282,0.3218037,0.33589745,0.3390063,0.33922887,0.26791593,0.00022256374
698,fb 829.jpg,"বন্ধু আমার পদধূলি নিচ্ছে কারণ সে ও আমার মতো এলিয়েন; জাদুকর..."" এর ট্যাগ পেতে চায়",4,others,4,others,True,0.2490146,0.036403738,0.1257725,0.23477057,0.3540386,0.3272855,0.3080571,0.32045513,0.32669646,0.33080444,0.3540386,0.003518939
699,ovodro_img (692).jpg,ভালোবাসা খুজে পেয়েছি !,0,non-aggressive,0,non-aggressive,True,0.38693362,0.033214934,0.069955364,0.2000612,0.30983487,0.34457248,0.32001996,0.3274685,0.3379762,0.34235036,0.38693362,0.0022221208
700,KAM (256).jpg,তামিমের রান্না করা নুডলস শ্রীলঙ্কা ০ রান স্কটল্যান্ড ৯৫ রান ইংল্যান্ড ২ রান,4,others,0,non-aggressive,False,0.4085303,0.03505705,0.09909144,0.3367806,0.120540634,0.31100997,0.28645408,0.29684475,0.30907863,0.2988042,0.4085303,0.0019313395
701,in 101.jpg,"দামে কম নরম বেশি... টেপে কম, ঠাপে বেশি.... জনি ফার্নিচার...",4,others,0,non-aggressive,False,0.3072035,0.19736053,0.13002506,0.18101013,0.18440078,0.3413007,0.33687592,0.33270288,0.3360111,0.33619672,0.3072035,0.0044247806
702,Bangla Thug Life (17).jpg,যখন দেখি ক্লাস নাইন এর ছেলে আর ক্লাস ৭ এর মেয়ে একসাথে হাত ধরে হাটতেসে আমি: এই জীবনে কি করলাম ?,0,non-aggressive,3,religious aggression,False,0.12443238,0.025887167,0.23574595,0.46726912,0.14666528,0.34536642,0.32966626,0.35175633,0.35859782,0.3470103,0.46726912,0.0068414807
703,KAM (46).jpg,"পোলাপাইনের রি-অ্যাকশন যখন ক্লাসের সবচেয়ে সুন্দরী মেয়েটি, ""ইন এ রিলেশনশীপ"" হয়ে যায়",0,non-aggressive,4,others,False,0.18363921,0.15919045,0.13088655,0.24978718,0.2764966,0.32358557,0.32215688,0.32019916,0.32666194,0.32767785,0.2764966,0.0010159016
704,Bangla Thug Life (162).jpg,তরকারিতে লবণ বেশি হওয়ায় এগুলা গরু খায় নাকি বলে চিল্লাতে থাকা শাশুড়ী এ দিকে দুই প্লেট ভাত খেয়ে ফেলা তার ছেলে,0,non-aggressive,4,others,False,0.15650547,0.12951863,0.11295652,0.23546654,0.36555287,0.3685914,0.3666987,0.36533052,0.37267616,0.37707457,0.36555287,0.0043984056
705,direct-offense (4).jpg,ও মাঠে খেলুক বা যেখানেই খেলুক না কেনো খেলুক তাহলে আজ না-হয় বাসাতেই হয়ে যাক?,4,others,4,others,True,0.14921917,0.1876081,0.2620857,0.093289606,0.30779743,0.34712425,0.34941363,0.3527568,0.34242716,0.3543645,0.30779743,0.0016077161
706,tangaila (96).jpg,ফজিলাতুন্নেছা কুমুদিনী,1,gendered aggression,0,non-aggressive,False,0.4003171,0.08324595,0.067710504,0.14908911,0.2996373,0.3771606,0.36145604,0.35939044,0.36728346,0.37426376,0.4003171,0.0028968453
707,fb 1327.jpg,অসংখ্য হিন্দুত্ববাদী ফাসিস্ত-কে সহ্য করার চেয়ে পুঁজিবাদী রাষ্ট্রকে একেবারে উচ্ছেদ করে দেওয়া ভালো,2,political aggression,3,religious aggression,False,0.06581795,0.07320736,0.033407506,0.74226195,0.08530515,0.33235994,0.33342394,0.3255788,0.35658804,0.33495334,0.74226195,0.021634698
708,blog 49.jpg,মূর্তিপূজার অভিযোগে অভিযুক্ত মুসা নবীর অনুসারীদের আল্লাহ ক্ষমা করেছে (সুরা আল বাকারাহ; ২:৫২) মূর্তিপূজার অভিযোগে অভিযুক্ত মুসা নবীর অনুসারীদের আল্লাহ শাস্তি দিয়েছে (সুরা আল আরাফ; ৭:১৫২),3,religious aggression,3,religious aggression,True,0.27188754,0.040308703,0.1833203,0.37265968,0.13182375,0.34278214,0.32369393,0.3388406,0.3459349,0.33554292,0.37265968,0.0031527579
709,fb 2069.jpg,চাঞ্চল্যকর তথ্য ডলার বিনিময়ে জয়ী অবশেষে রিয়াল মাদ্রিদে ।,4,others,2,political aggression,False,0.10670844,0.033658795,0.5950107,0.17688468,0.08773746,0.33001226,0.318474,0.34719706,0.33506623,0.32805473,0.5950107,0.012130827
710,ovodro_img (121).jpg,*পাগলাচোদা গালফ্রেন্ড বাড়ার মাথা বাড়া,1,gendered aggression,0,non-aggressive,False,0.3453328,0.17922807,0.18333143,0.17215364,0.11995405,0.34103954,0.33448106,0.3347074,0.33407834,0.33046556,0.3453328,0.0063321292
711,KAM (178).png,আমাদের টিমে আছে ১১টা খেলোয়াড় !! আর ইন্ডিয়ান টিমে ১৪ টা খেলোয়াড়!! ১১ জন মাঠে খেলে আর ৩ জন সিদ্ধান্ত নিয়ে খেলে!,4,others,2,political aggression,False,0.06569129,0.028905947,0.6014691,0.16018777,0.14374593,0.3307193,0.32251012,0.35286337,0.3396331,0.3385501,0.6014691,0.013230264
712,in 339.jpg,আরে ও সাম্বা ঐ তিনু বিধায়কের ঘরে কতো টাকা পাওয়া গেছে? সর্দার... পুরো ১১ কোটি নগদ,2,political aggression,4,others,False,0.24659236,0.055795792,0.22433741,0.1507826,0.3224918,0.34802374,0.33316338,0.3470779,0.34310478,0.35070717,0.3224918,0.002683431
713,blog 312.jpg,বিশ্ব উষ্ণায়ণ হ্রাসে হিন্দুধর্মের উদ্যোগ,3,religious aggression,3,religious aggression,True,0.03996804,0.0022719903,0.15228115,0.7833296,0.022149162,0.31724596,0.28857172,0.33062243,0.3470007,0.31134316,0.7833296,0.016378254
714,fb 1717.jpg,এইডা ইহুদি নাসারাগো কাজ দুষ্টু কোথাকার,3,religious aggression,3,religious aggression,True,0.04806504,0.018394165,0.35449743,0.4889448,0.090098575,0.34263083,0.33302563,0.3626123,0.3658278,0.34891433,0.4889448,0.0032154918
715,fb 1281.jpg,১০০ টাকা ডোনেশন পেয়ে ২০ টাকা সাহায্য করার পর বিদ্যানন্দঃ বাকিডা আমারে দিয়া দিতে কইছে,4,others,2,political aggression,False,0.082959436,0.011580706,0.54318017,0.27791545,0.084364265,0.33005828,0.31036818,0.34884918,0.34214795,0.3302262,0.54318017,0.006701231
716,fb 438.jpg,আমি বিমান পোকাসোদা,2,political aggression,2,political aggression,True,0.11668954,0.011364142,0.67046016,0.119273245,0.08221291,0.33989742,0.31660688,0.35738188,0.3401164,0.33639538,0.67046016,0.017265469
717,tangaila (134).jpg,জাস্টফ্রেন্ড গালফ্রেন্ড,0,non-aggressive,3,religious aggression,False,0.07522267,0.038435955,0.12170318,0.6912863,0.07335187,0.3321567,0.32544208,0.336968,0.3543377,0.33190483,0.6912863,0.017369688
718,fb 807.jpg,বন্ধুর ১৪ই ফেব্রুয়ারীর পরিকল্পনা ওমিক্রন,0,non-aggressive,4,others,False,0.2517086,0.0251528,0.18591644,0.10013498,0.43708724,0.37465405,0.35162103,0.3716243,0.36543652,0.38017267,0.43708724,0.0055186152
719,fb 1258.jpg,"পহেলা বৈশাখ বাঙালির সংস্কৃতি; যারা পহেলা বৈশাখ পালন করেনা, তারা খাঁটি বাঙালি নাহ পহেলা বৈশাখ মুসলমানদের জন্য নয় জ্ঞান বুদ্ধি হওয়ার পর থেকে কখনো পহেলা বৈশাখ নিয়ে লাফালাফি করি নাই",3,religious aggression,2,political aggression,False,0.13738517,0.027714465,0.4382946,0.26502097,0.13158484,0.34355614,0.3275478,0.35515717,0.35012633,0.34312478,0.4382946,0.0050308406
720,bamboo-vaiya (17).jpg,"আর চুপ থাকা যায় না দেশে নারী নির্যাতন বন্ধ করতেই হবে দেখুন, যৌতুকের টাকা দেওয়ার পর ও বার বার বলে বাপের বাড়ি থেকে টাকা আনতে আর না দেওয়াতে প্রতিদিন ঠিক এইভাবে মারধর করে, চরম প্রতিবাদ যানাই , মানবতা আজ কোথায় ??",1,gendered aggression,3,religious aggression,False,0.06893749,0.20361343,0.1028287,0.4059808,0.21863958,0.33904457,0.3498748,0.3430432,0.35677564,0.35058683,0.4059808,0.00618881
721,tangaila (196).jpg,আমার সেরা দল হতে পারতাম যা এর আগে পৃথিবী দেখে নি,0,non-aggressive,0,non-aggressive,True,0.52740246,0.01453046,0.04684339,0.25811625,0.15310743,0.3393029,0.30338573,0.31509137,0.33215737,0.32693467,0.52740246,0.007145524
722,chosha (107).jpg,"আপনার মেয়েকে আমার ছেলে পছন্দ করেছে, তা আপনার মেয়ে কি পর্দাশীল ? অবশ্যই , মেয়ের ফেসবুক প্রোফাইল লক করা",1,gendered aggression,2,political aggression,False,0.06506937,0.06481384,0.53827673,0.1583876,0.17345248,0.31836486,0.31832552,0.33949405,0.32726076,0.32816938,0.53827673,0.011324674
723,fb 487.jpg,কিরে খনিকের পুতেরা? এখন বল আমি বেশি হট নাকি নোরা ফাতেহি বেশি হট?,4,others,4,others,True,0.27376318,0.040579505,0.14403541,0.24602963,0.29559222,0.356951,0.337861,0.35052896,0.35588288,0.35771817,0.29559222,0.0007671714
724,Bangla Thug Life (4).jpg,যখন ভল্লুক এসে পড়ে এবং আপনি এবং আপনার বেস্টফ্রেন্ড দুজনের কেউই জানেন না কিভাবে গাছে চড়তে হয়,0,non-aggressive,3,religious aggression,False,0.19651912,0.010023167,0.33506653,0.34760025,0.11079098,0.3176928,0.28793418,0.3230285,0.32339573,0.31196165,0.34760025,0.00036722422
725,fb 367.jpg,"গুজরাটে শিল্প আছে, নতুন শিল্প হচ্ছে, এগিয়ে বাংলায় নেই | বরঞ্চ গুজরাটি ভাষাটা জানা থাকলে বাঙালীদেরও গুজরাটে চাকরি পেতে সুবিধা হবে | বাংলা ভাষাটা আপাতত সাহিত্য চর্চার জন্যই ঠিক আছে দেশী গরুর মূত্র ঘটিত ব্যাপার বলে মনে হচ্ছে",4,others,2,political aggression,False,0.03847832,0.029632851,0.6953958,0.1492446,0.08724842,0.3324481,0.32983598,0.36139196,0.346003,0.34063473,0.6953958,0.015388966
726,fb 1361.jpg,এদিকে আয় তোর চিকিৎসা করবো,4,others,0,non-aggressive,False,0.33463112,0.0279114,0.15814635,0.25830978,0.2210014,0.37740207,0.35256216,0.369907,0.37481338,0.3732535,0.33463112,0.0025886893
727,ovodro_img (289).jpg,"মিথ্যা বললি ক্যানো আমায়? বাথরুমে ওটা স্যাম্পু ছিল না ।। আপনি কী করে বুঝলেন যে , ওটা স্যাম্পু ছিল না ? ? মাথায় মেখেছিলাম কোন ফ্যানা হয়নি রে ঢ্যামনা ।",0,non-aggressive,4,others,False,0.23315223,0.10404684,0.17500973,0.15168032,0.3361108,0.3464465,0.33837804,0.34357804,0.34214735,0.35010403,0.3361108,0.0036575198
